Grade,Course,Period,Room,Mark1
10,GLFG5H,1,334B,92
10,GLFG5H,1,334B,92
12,GLFGDH,1,334B,96
11,MQFG9HQT,1,207,100
11,MQFG9QQT,1,207,88
11,GLFG9H,1,334B,97
12,GLFGDH,1,334B,97
10,MQFG5HQT,1,207,97
12,GLFGDH,1,334B,97
10,MQFG5QQT,1,207,85
11,MQFG9HQT,1,207,100
11,MQFG9QQT,1,207,85
10,MQFG5QQT,1,207,85
11,GLFG9H,1,334B,95
10,GLFG5H,1,334B,92
11,GLFG9H,1,334B,92
10,MQFG5HQT,1,207,100
11,MQFG9HQT,1,207,100
11,MQFG9HQT,1,207,100
10,MQFG5QQT,1,207,85
10,MQFG5HQT,1,207,99
12,GLFGDH,1,334B,96
10,MQFG5HQT,1,207,100
10,MQFG5HQT,1,207,95
11,MQFG9HQT,1,207,100
10,MQFG5HQT,1,207,100
11,GLFG9H,1,334B,93
10,MQFG5HQT,1,207,96
11,GLFG9H,1,334B,91
10,MQFG5HQT,1,207,100
11,GLFG9H,1,334B,96
10,GLFG5H,1,334B,94
12,MQFGDHQT,1,207,100
10,GLFG5H,1,334B,91
9,GLFG5,1,334B,88
10,GLFG5H,1,334B,96
11,GLFG9H,1,334B,96
10,MQFG5HQT,1,207,93
12,HEF21,1,317,95
12,GLFGDH,1,334B,98
11,GLFG9H,1,334B,97
10,MQFG5HQT,1,207,97
10,GLFG5H,1,334B,91
10,GLFG5H,1,334B,97
10,MQFG5HQT,1,207,93
10,MQFG5QQT,1,207,85
10,MQFG5QQT,1,207,87
10,MQFG5HQT,1,207,97
12,GLFGDH,1,334B,95
10,GLFG5H,1,334B,91
10,GLFG5H,1,334B,91
12,GLFGDH,1,334B,97
10,MQFG5HQT,1,207,91
12,GLFGDH,1,334B,97
10,MQFG5QQT,1,207,87
9,MQFG1HQT,1,207,94
10,MQFG5HQT,1,207,100
10,GLFG5H,1,334B,92
9,MQFG1HQT,1,207,98
9,MQFG1HQT,1,207,97
12,GLFGDH,1,334B,95
10,GLFG5H,1,334B,90
11,GLFG9H,1,334B,93
11,MQFG9HQT,1,207,100
10,GLFG5,1,334B,89
10,MQFG5HQT,1,207,100
9,MQFG1QQT,1,207,89
10,GLFG5,1,334B,89
9,PPF41Q3B,2,GYM3,90
9,MEF41H,2,203,90
9,PPF41Q2B,2,GYM1,98
9,HGF85QF,2,321,65
10,MGF41QGF,2,207,45
11,MPF41UQJ,2,214,91
9,AUFC1TA,2,204,45
12,SHFC7TM,2,248,65
11,FLFC9H,2,121,93
10,MQF41QGF,2,106,75
9,EEFG1QGB,2,250,65
12,EEF21U,2,347,68
10,PPF41Q2B,2,GYM3,45
9,SLF41,2,332,74
10,EEF21C,2,350,70
9,MEF41,2,203,88
10,EEFG5H,2,146,95
9,PPF41Q3B,2,GYM3,90
11,EEFGDQT,2,246,88
10,UAF85Q3,2,227,65
9,EEFG1QGB,2,250,72
9,HGF81QGD,2,313,68
9,EEFG1HB,2,330,99
12,HFF41H,2,323,96
9,FSFC5,2,113,80
11,EEFGDUQJ,2,348,88
12,BCF41T,2,108,96
12,PPF41Q3B,2,GYM3,90
9,PPF41Q3G,2,GYM2,97
10,BCF41T,2,108,75
11,UAF85Q2,2,227,73
11,UAF85Q3,2,227,70
9,FFFC5,2,111,45
10,SWF41QG,2,231,65
11,SWF41QG,2,231,86
11,MPF21U,2,205,80
9,PPF41Q2B,2,GYM1,90
12,SPF41H,2,238,95
12,HBF21U,2,314,90
12,EEF21U,2,349,95
9,MGF41QGF,2,207,55
9,EEFGDQG,2,246,45
9,EEFG1QGB,2,250,65
9,SEF41,2,B30,86
10,SEF41,2,B30,89
9,SEF41,2,B30,83
10,EEFG5,2,146,88
10,MRF41,2,225,70
11,BCF41T,2,108,78
11,UAF41Q2,2,227,78
9,PPF41Q3G,2,GYM2,100
10,PPF41Q3B,2,GYM3,90
10,PPF41Q3G,2,GYM2,95
9,SWF41QG,2,231,72
9,PPF41Q2G,2,GYM2,100
9,PPF41Q3B,2,GYM1,95
9,FSFC5,2,113,88
9,SLF41QB,2,229,55
9,PHF41H2,2,B17,96
9,PPF41Q3G,2,GYM2,100
12,UEFGD,2,B27,80
11,UEFG9H,2,B27,95
12,EEFGDUQF,2,336,90
9,PPF41Q2G,2,GYM2,88
9,PHF41Q3,2,B17,45
9,PPF41Q2G,2,GYM2,45
9,EEFG1HB,2,330,90
12,MPF21U,2,205,81
9,HGF81QF,2,326,70
11,EEFGDUQF,2,336,73
9,FSFC5,2,113,76
10,FFFC5H,2,111,91
9,HQF41HHB,2,333,90
9,FSFC5,2,113,65
11,BCF41T,2,108,85
11,PPF41Q2G,2,GYM2,100
11,MPF41UQJ,2,214,96
11,MRF41,2,211,88
11,HFF41X,2,324,80
9,PHF41Q3,2,B17,88
9,PPF41Q2B,2,GYM1,85
10,HUF41UQX,2,325,75
11,UAF41Q3,2,227,45
11,MQF41HTF,2,106,97
10,EEFGDUGJ,2,B6,93
9,PHF41Q3,2,B17,75
9,PPF41Q2B,2,GYM3,80
9,HGF81QGD,2,311,65
12,HBF21U,2,314,90
9,SLF41,2,332,80
9,PHF41Q3,2,B17,65
9,PPF41Q2G,2,GYM2,45
12,EEFGDUQF,2,336,85
9,PHF41H3,2,B17,100
9,PPF41Q2G,2,GYM2,88
11,SRF21U,2,346,65
9,FMFC1,2,116,72
10,FSFC5,2,113,72
12,EEFGDHG,2,246,90
11,EEFG9,2,334B,67
11,EEFGDUQJ,2,348,85
9,PPF41Q2B,2,GYM1,95
9,PPF41Q3G,2,GYM2,45
10,UAF85Q3,2,227,89
10,HUF41UQX,2,325,93
12,PQF41Q2Y,2,251,100
12,PQF41Q3Y,2,251,100
10,EEFG5HT,2,249,96
9,PPF41Q2B,2,GYM1,80
11,EEFG9UQX,2,125,92
9,HGF81QTD,2,313,65
12,MQF21C,2,208,97
11,PPF41Q2G,2,GYM2,100
11,PPF41Q3G,2,GYM2,95
9,SLF41QB,2,229,55
10,MGF41QGF,2,207,70
11,ULFC1TP,2,B39,80
10,BCF41T,2,108,83
10,PWF41Q2B,2,POOL,95
10,HUF41QT,2,124,82
9,HGF81HGD,2,311,91
10,PPF41Q2B,2,GYM3,45
10,MQF41QGF,2,106,55
9,PPF41Q2B,2,GYM1,90
9,HGF81QF,2,326,82
11,HFF41H,2,323,90
9,PPF41Q3B,2,GYM1,100
9,HGF81HGD,2,311,90
11,PPF41Q3G,2,GYM2,97
11,UAF85Q2,2,227,75
11,MRF41H,2,211,91
9,PPF41Q3G,2,GYM2,80
9,HGF81QQD,2,316,79
11,BCF41T,2,108,92
11,EEFGDUGJ,2,B6,92
11,PPF41Q3G,2,GYM2,96
11,UAF41Q2,2,227,80
9,HGF81QGD,2,311,81
11,FFFC5,2,111,45
10,MRF41,2,225,83
10,PWF41Q3B,2,POOL,90
10,UAF85Q2,2,227,82
10,AUFC1TA,2,204,98
11,SPF41,2,238,85
9,FMFC1,2,116,65
12,EEFGDUGJ,2,B6,45
9,HGF81QGD,2,311,65
10,MRF41H,2,211,94
9,HGF81QGD,2,313,85
9,EEFG1HB,2,330,92
12,MQF21C,2,208,78
11,HFF41X,2,324,88
12,EEF21U,2,347,90
11,MRF41H,2,211,91
9,PHF41Q2,2,B17,78
9,PPF41Q3B,2,GYM3,90
10,FFFC5H,2,111,98
10,AUFC1TA,2,204,74
9,PPF41Q2B,2,GYM3,90
10,MQF21C,2,208,70
11,SWF41QT,2,231,83
9,PPF41Q3B,2,GYM1,45
9,PWF41Q2B,2,POOL,85
9,UAF85Q3,2,227,72
11,EEF21U,2,349,90
11,MRF41,2,211,80
9,PPF41Q2G,2,GYM2,79
9,PPF41Q2G,2,GYM2,45
9,PPF41Q3G,2,GYM2,45
11,MQF41QGF,2,106,80
9,SLF41QB,2,229,55
11,MQF41QGF,2,106,75
11,FSFC5,2,113,45
9,MGF41QWF,2,107,65
11,UAF41H2,2,227,95
11,UAF41Q3,2,227,86
12,SHFC7TM,2,248,75
9,EEFG1QTB,2,250,68
9,PPF41Q3G,2,GYM2,70
9,PPF41Q2B,2,GYM3,90
10,FFFC5,2,111,78
9,PHF41Q3,2,B17,81
9,PPF41Q2B,2,GYM3,90
12,MQF21C,2,208,45
9,SLF41QB,2,229,55
12,EEF21U,2,347,85
10,EEFG5,2,146,88
12,EEFGDUQF,2,336,85
12,MPF21U,2,205,88
9,PPF41Q2B,2,GYM3,90
11,EEF21C,2,350,65
10,SCF41,2,138,73
11,MQF41QTF,2,106,70
9,PPF41Q3B,2,GYM1,65
10,HUF41UQX,2,325,93
10,MRF41,2,225,77
9,HGF81HGD,2,311,96
9,PPF41Q2G,2,GYM2,72
10,BCF41T,2,108,95
10,PPF41Q3B,2,GYM1,90
11,MPF41UQJ,2,214,82
11,FSFC5,2,113,76
12,HBF21U,2,314,100
9,MEF41,2,203,74
10,FSFC9,2,123,65
12,EEF21U,2,347,75
12,EEF21U,2,347,90
9,HGF81QTD,2,311,80
9,HQF41HHB,2,333,90
10,HUF41HG,2,124,94
9,MEF41,2,203,88
10,MGF41QTF,2,207,77
9,MEF41,2,203,87
9,FJFC5,2,126,65
11,EEFGDQG,2,246,80
12,MPF21U,2,205,94
12,EEF21U,2,349,90
9,PPF41Q3B,2,GYM3,45
11,FFFC5,2,111,70
11,EEFGDQG,2,246,66
9,EEFG1QB,2,330,85
9,SLF41QB,2,229,65
9,PPF41Q2G,2,GYM2,100
12,MQF41QGF,2,106,85
9,MQF41QTF,2,106,65
10,HUF41QG,2,124,80
12,SHFC7TM,2,248,80
9,SLF41QB,2,229,71
9,SLF41,2,332,65
9,MEF41,2,219,70
10,FJFC5,2,126,82
9,PPF41Q2G,2,GYM2,55
9,FMFC1H,2,116,92
9,PPF41Q3G,2,GYM2,55
11,FJFC5H,2,126,94
9,PHF41Q2,2,B17,78
9,PPF41Q3B,2,GYM3,90
10,HUF41UQX,2,325,93
12,FSFC9,2,123,78
9,HGF81QQD,2,316,78
9,HGF81QGD,2,313,55
11,UEFG9H,2,B27,100
9,EEFG1QB,2,330,87
12,EEFGDUQJ,2,348,75
9,PPF41Q2G,2,GYM2,70
9,UAF41Q3,2,227,87
10,HUF41,2,338,87
9,SLF41,2,332,55
12,SPF41H,2,238,100
11,BCF41T,2,108,87
11,PPF41Q3G,2,GYM2,45
10,MGF41QGF,2,207,83
12,HQF41QQY,2,317,99
10,PPF41Q2B,2,GYM3,90
10,PPF41Q3B,2,GYM1,80
9,HQF41QHB,2,333,75
12,AUFC5UAT,2,232,98
10,ULFC1TP,2,B39,71
11,EEF21U,2,349,45
9,SLF41QWB,2,328B,55
9,SLF41H,2,332,96
11,HFF41X,2,324,83
10,BCF41T,2,108,90
10,PPF41Q2B,2,GYM1,95
9,SRF21U,2,346,55
9,PPF41Q2B,2,GYM1,80
12,FSFC9,2,123,80
11,SEF41,2,B30,85
9,FJFC5,2,126,72
12,SCF41,2,138,65
11,MQF41QGF,2,106,77
9,UAF41Q3,2,227,65
9,PPF41Q3B,2,GYM1,80
9,UAF41Q2,2,227,55
12,UAF85Q3,2,227,83
10,HUF41H,2,338,92
9,HGF81QQD,2,316,85
9,SLF41QWB,2,328B,80
12,HBF21U,2,314,82
10,HBF21U,2,314,65
10,EEFG5QG,2,249,85
11,PPF41Q3G,2,GYM2,65
11,EEF21C,2,350,45
9,PHF41H2,2,B17,90
9,PPF41Q3B,2,GYM3,90
11,SWF41HG,2,231,92
11,EEFG9,2,334B,80
11,EEFG9,2,334B,75
9,HGF81QF,2,326,77
10,EEFGDUQJ,2,348,70
10,SCF41H,2,141,91
12,SHFC7TM,2,248,95
10,HUF41UQX,2,325,74
9,FSFC5H,2,113,91
11,FLFC9,2,121,78
9,PPF41Q3B,2,GYM3,90
9,PPF41Q2B,2,GYM3,90
12,MQF21C,2,208,75
9,UAF41Q3,2,227,55
11,HQF41QHB,2,333,75
9,PPF41Q3B,2,GYM1,90
12,UAF41H2,2,227,90
12,UAF41Q3,2,227,85
9,EEFG9,2,334B,55
9,EEFG1QTB,2,250,74
9,EEFG1QTB,2,250,77
10,ULFC1TP,2,B39,83
10,PPF41Q2G,2,GYM2,100
10,PPF41Q3G,2,GYM2,100
10,AUFC1TA,2,204,45
9,HUF41QT,2,124,45
11,SHFC7TM,2,248,55
9,MGF41HTF,2,207,97
9,PHF41Q2,2,B17,88
9,PPF41Q3B,2,GYM1,90
9,MGF41QWF,2,107,74
10,EEFG5QT,2,249,55
10,MGF41QWF,2,107,67
10,SHFC7TM,2,248,45
12,MPF41UQJ,2,214,70
9,PPF41Q3B,2,GYM3,65
12,FQF41QQY,2,216B,100
10,MGF41QGF,2,207,79
9,MEF41,2,203,86
9,HGF81HGD,2,313,92
9,PPF41Q2G,2,GYM2,55
11,MPF41UQJ,2,214,70
9,PHF41H2,2,B17,92
9,PPF41Q3B,2,GYM3,90
12,UAF41Q2,2,227,68
12,PPF41Q2B,2,GYM3,90
10,UAF85Q2,2,227,65
10,HUF41HG,2,124,97
11,MPF41UQJ,2,214,85
12,PPF41Q2B,2,GYM3,90
10,MRF41,2,225,89
9,HGF81QQD,2,316,84
11,FLFC9H,2,121,100
9,FMFC1H,2,116,90
11,PPF41Q2G,2,GYM2,100
11,PPF41Q3G,2,GYM2,100
9,SLF41H,2,332,98
9,FMFC1H,2,116,90
9,PHF41H2,2,B17,91
9,PPF41Q3G,2,GYM2,100
12,BCF41T,2,108,92
12,UAF85Q2,2,227,72
10,HGF85QF,2,321,70
11,FLFC9H,2,121,93
11,EEFGDUQJ,2,348,87
10,FJFC5H,2,126,96
9,PPF41Q2G,2,GYM2,100
10,PWF41Q3B,2,POOL,88
10,UAF85Q2,2,227,65
10,PWF41Q3B,2,POOL,75
10,UAF85Q2,2,227,66
11,FLFC9,2,121,81
11,EEFG9UQX,2,125,88
11,MRF41,2,211,88
10,MRF41,2,225,73
12,HFF41H,2,323,91
9,MGF41QWF,2,107,75
12,PPF41Q2B,2,GYM1,90
12,PPF41Q3B,2,GYM3,90
10,EEFG5HG,2,249,96
9,MEF41H,2,219,96
12,PQF41Q2Y,2,251,100
12,PQF41Q3Y,2,251,100
12,EEFGDUTJ,2,B6,96
12,PPF41Q2B,2,GYM3,45
10,SCF41H,2,141,95
11,EEFG9UQX,2,125,96
9,PPF41Q3G,2,GYM2,100
9,EEFG1QB,2,330,85
12,UEFGD,2,B27,89
11,MRF41,2,211,82
11,AUFC5UAT,2,232,96
11,EEFGDUQJ,2,348,83
11,SPF41,2,238,85
12,EEF21U,2,349,95
10,HUF41UQX,2,325,89
9,MGF41QWF,2,107,65
9,EEFG1HGB,2,250,96
11,FLFC9,2,121,74
10,MQF41QGF,2,106,75
12,PPF41Q2B,2,GYM3,65
10,HUF41,2,338,71
9,MEF41,2,203,84
10,PPF41Q2B,2,GYM1,95
10,UAF41Q3,2,227,81
11,FMFC5,2,115,88
11,EEFGDUQJ,2,348,90
9,HQF41QHB,2,333,80
12,EQF41QQY,2,328A,100
11,FMFC5H,2,115,97
11,SPF41H,2,238,90
10,HGF85QF,2,321,80
11,BCF41T,2,108,85
11,PPF41Q2B,2,GYM1,80
9,HGF81QQD,2,316,82
12,SPF41H,2,238,100
10,BCF41T,2,108,97
10,SEF41,2,B30,80
9,HGF81QQD,2,316,82
9,HGF81HF,2,326,95
9,PPF41Q3G,2,GYM2,100
9,PPF41Q3G,2,GYM2,100
11,BCF41T,2,108,94
11,PWF41Q3B,2,POOL,85
9,SLF41QB,2,229,87
10,SCF41H,2,141,92
12,BCF41T,2,108,92
9,HGF81QF,2,326,83
9,SLF41,2,332,74
11,PPF41Q2B,2,GYM1,100
11,PPF41Q3B,2,GYM1,95
9,HQF41QHB,2,333,88
10,HUF41H,2,338,90
11,HFF41X,2,324,85
9,MGF41H,2,103,94
12,EEF21U,2,347,88
12,MQF21C,2,208,90
9,MEF41,2,219,88
11,FLFC9H,2,121,95
11,MPF41UQJ,2,214,90
10,HUF41UQX,2,325,94
11,MRF41H,2,225,90
12,EEF21U,2,347,80
11,EEFG9UQX,2,125,95
12,SPF41H,2,238,95
10,HFF41,2,323,74
12,AUFC5UAT,2,232,83
10,MRF41,2,225,76
9,HGF81QQD,2,316,82
9,PHF41H2,2,B17,95
9,PPF41Q3B,2,GYM3,90
9,PPF41Q3G,2,GYM2,100
9,HGF81QGD,2,313,55
12,FQF41QQY,2,216B,65
9,PPF41Q2G,2,GYM2,100
12,SHFC7TM,2,248,65
11,MPF41UQJ,2,214,96
9,MEF41,2,203,71
11,EEF21U,2,349,55
11,MPF41UQJ,2,214,80
9,HGF81QQD,2,316,85
9,MEF41H,2,219,96
9,MGF41,2,103,80
11,SEF41H,2,B30,94
9,PPF41Q2G,2,GYM2,55
12,EEF21U,2,349,90
12,UEFGDH,2,B27,98
12,EEFGDUTJ,2,B6,90
9,MEF41,2,219,76
10,FSFC9,2,123,80
11,EEFG9UQX,2,125,93
12,EEF21U,2,349,95
12,HBF21U,2,314,72
11,MRF41,2,211,81
9,HQF41HHB,2,333,92
10,EEFG5H,2,146,91
11,UEFG9,2,B27,45
12,SHFC7TM,2,248,80
9,PHF41Q3,2,B17,86
9,PPF41Q2B,2,GYM3,90
11,EEFGDUQF,2,336,55
10,HUF41UQX,2,325,85
12,BCF41T,2,108,97
12,MQF41QGF,2,106,88
10,HUF41QT,2,124,65
10,ULFC1TP,2,B39,75
9,SLF41QWB,2,328B,74
10,HUF41,2,338,75
9,SEF41,2,B30,82
9,SWF41QT,2,231,65
9,FSFC5,2,113,88
9,MEF41,2,219,76
10,PWF41Q3B,2,POOL,80
10,FJFC5,2,126,45
12,AUFC5UAT,2,232,45
12,MQF21C,2,208,65
9,PPF41Q3B,2,GYM3,90
12,FLFC9,2,121,65
12,PPF41Q2G,2,GYM2,97
9,MEF41,2,203,72
11,UEFG9,2,B27,84
11,SRF21U,2,346,75
9,EEFG1HB,2,330,96
9,EEFG1QTB,2,250,45
10,PPF41Q2B,2,GYM3,90
10,PPF41Q3B,2,GYM3,90
10,EEFG5QG,2,249,89
10,SCF41H,2,141,90
9,EEFG1QTB,2,250,79
11,EEFG9,2,334B,45
10,MGF41HGF,2,207,93
10,MGF41HWF,2,107,91
9,FMFC1,2,116,55
9,HGF81QGD,2,311,84
10,HUF41,2,338,65
11,PHF41Q3,2,B17,45
11,PPF41Q2B,2,GYM3,65
9,PHF41Q3,2,B17,75
9,PPF41Q2G,2,GYM2,93
10,SPF41H,2,238,90
11,EEFGDQT,2,246,45
10,BCF41T,2,108,92
9,EEFG1QB,2,330,71
10,SWF41QT,2,231,86
9,HGF85QF,2,321,65
9,PPF41Q3B,2,GYM1,100
12,HBF21U,2,314,80
11,EEFG9UQX,2,125,90
11,UEFG9H,2,B27,93
9,PHF41H2,2,B17,95
9,PPF41Q3G,2,GYM2,95
12,MPF21U,2,205,80
10,HFF41,2,323,85
9,PPF41Q2G,2,GYM2,45
9,PPF41Q3G,2,GYM2,45
9,MGF41QTF,2,207,45
11,MQF21C,2,208,80
11,AUFC5UAT,2,232,95
9,PPF41Q3G,2,GYM2,100
9,MEF41,2,203,65
10,UEFG9,2,B27,65
10,HFF41,2,323,75
10,FJFC5,2,126,75
12,MQF41QQY,2,204A,100
10,SCF41,2,141,82
12,BCF41T,2,108,96
12,PPF41Q3B,2,GYM3,90
12,MPF21U,2,205,83
9,ULFC1TP,2,B39,45
10,PPF41Q3B,2,GYM1,95
10,HUF41UQX,2,325,92
12,EEF21U,2,349,95
10,EEFG5QG,2,249,88
10,HUF41QT,2,124,70
11,EEFG9UQX,2,125,90
9,MQF21C,2,208,80
12,PPF41Q2B,2,GYM3,65
9,PPF41Q2B,2,GYM1,100
12,FQF41QQY,2,216B,100
9,MGF41,2,103,71
10,MGF41QTF,2,207,66
10,HUF41H,2,338,94
ST,PPF41Q2B,2,GYM1,90
9,HGF81QGD,2,313,86
10,FSFC5,2,113,45
9,HGF81QTD,2,311,68
9,EEFG1QB,2,330,65
12,UEFGD,2,B27,67
10,SCF41,2,138,72
10,PPF41Q3B,2,GYM3,90
10,UAF41Q2,2,227,87
11,FLFC9H,2,121,94
12,EEFGDUQJ,2,348,70
10,ULFC1TP,2,B39,76
9,PHF41Q3,2,B17,70
9,PPF41Q2B,2,GYM3,90
9,FMFC1H,2,116,95
10,MGF41HWF,2,107,95
10,UAF85Q3,2,227,85
10,PPF41Q3G,2,GYM2,85
9,MGF41HWF,2,107,93
9,MEF41,2,203,76
12,FJFC9,2,126,72
9,FMFC1,2,116,65
9,HQF41QHB,2,333,85
11,EEFG9UQX,2,125,92
9,EEFG1HB,2,330,91
11,AUFC5UAT,2,232,81
9,PPF41Q2G,2,GYM2,100
9,HGF81HTD,2,311,90
9,HGF81QTD,2,313,65
9,FSFC5,2,113,65
10,FJFC5,2,126,65
11,SPF41H,2,238,90
9,HGF81QQD,2,316,67
10,HUF41QG,2,124,75
11,FSFC5,2,113,65
10,SCF41,2,141,79
11,HFF41X,2,324,85
11,SHFC7TM,2,248,45
12,MPF21U,2,205,83
9,HQF41HHB,2,333,90
10,MGF41HGF,2,207,100
10,HGF85QF,2,321,77
9,SCF41,2,138,82
12,PPF41Q3G,2,GYM2,65
9,SLF41QWB,2,328B,70
11,EEFGDQG,2,246,80
9,PPF41Q2B,2,GYM1,80
9,EEFG5QT,2,249,45
9,PPF41Q2G,2,GYM2,99
9,PPF41Q3G,2,GYM2,90
9,HGF85HF,2,321,90
10,SRF21U,2,346,86
12,HBF21U,2,314,82
9,HGF81QQD,2,316,67
10,HUF41H,2,338,90
9,EEFG1QGB,2,250,73
9,HGF81QF,2,326,85
12,MQF21C,2,208,80
9,PPF41Q2G,2,GYM2,85
12,FSFC9,2,123,78
9,EEFG1QGB,2,250,77
9,SLF41H,2,332,97
10,EEFGDUQF,2,336,65
9,MEF41,2,219,80
9,SLF41QB,2,229,55
10,EEFG5,2,146,86
12,EEFGDUQF,2,336,90
9,HGF81QQD,2,316,88
9,SLF41,2,332,89
11,FLFC9,2,121,65
10,FMFC5H,2,115,94
9,MQF21C,2,208,45
9,PPF41Q3G,2,GYM2,100
9,HGF81QGD,2,313,84
12,HBF21U,2,314,85
9,HGF81QTD,2,311,70
12,UEFGD,2,B27,86
11,EEFG9UQX,2,125,93
11,MQF41QTF,2,106,83
9,PPF41Q2B,2,GYM1,95
9,UAF41Q3,2,227,66
11,AUFC5UAT,2,232,81
10,HUF41,2,338,70
10,HUF41,2,338,70
12,UEFGD,2,B27,65
11,EEFGDUGJ,2,B6,97
9,SLF41QB,2,229,55
11,EEFGDQT,2,246,73
9,HGF81QGD,2,313,77
9,MEF41H,2,219,93
9,FSFC9,2,123,45
10,FMFC5,2,115,45
11,BCF41T,2,108,88
11,SCF41,2,138,77
9,ULFC1TP,2,B39,81
9,HGF81HQD,2,316,91
12,MQF21C,2,208,90
9,MGF41QTF,2,207,68
9,HQF41QHB,2,333,85
11,EEFG9UQX,2,125,92
9,HGF81QF,2,326,55
9,SLF41,2,332,55
12,EEFGDUQJ,2,348,92
9,HUF41,2,338,70
9,EEFG1QGB,2,250,75
10,HUF41,2,338,85
9,HGF81HQD,2,316,93
9,HQF41QHB,2,333,85
9,MEF41,2,219,82
9,SLF41HWB,2,328B,90
10,MRF41,2,225,76
10,HGF81QF,2,326,65
11,FLFC9H,2,121,100
9,HGF81QGD,2,311,78
9,PHF41H2,2,B17,96
9,PPF41Q3G,2,GYM2,100
12,FSFC9,2,123,80
9,MEF41H,2,219,97
11,EEFGDUGJ,2,B6,65
9,SLF41QB,2,229,55
10,PPF41Q2B,2,GYM1,100
10,SEF41,2,B30,77
9,MGF41,2,103,76
9,PPF41Q2G,2,GYM2,96
10,PPF41Q2G,2,GYM2,100
9,HQF41QHB,2,333,86
9,SLF41,2,332,68
9,PPF41Q2G,2,GYM2,96
12,FSFC9,2,123,68
9,SCF41,2,138,85
9,PPF41Q3B,2,GYM1,65
12,PPF41Q2G,2,GYM2,90
9,FSFC5,2,113,76
12,EEF21U,2,349,90
9,PPF41Q3B,2,GYM1,100
9,EEFG1QB,2,330,82
11,UEFG9,2,B27,45
10,HUF41QT,2,124,83
10,HGF85QF,2,321,77
12,EEFGDUTJ,2,B6,72
11,SCF41,2,138,65
9,PPF41Q3G,2,GYM2,95
11,FFFC5H,2,111,90
10,EEFG5QT,2,249,65
10,FJFC5,2,126,85
10,FJFC5,2,126,86
9,MQF41QTF,2,106,86
11,FLFC9,2,121,70
9,HGF81HQD,2,316,90
9,PPF41Q2B,2,GYM3,90
10,BCF41T,2,108,85
10,UAF41Q3,2,227,75
9,ULFC1TP,2,B39,45
9,PHF41H2,2,B17,98
9,PPF41Q3G,2,GYM2,93
9,MQF21C,2,208,65
9,SCF41H,2,141,91
10,EEF21C,2,350,68
9,HGF81QGD,2,313,86
9,HGF81HF,2,326,90
9,SLF41QB,2,229,69
11,SWF41HG,2,231,94
9,SEF41,2,B30,78
11,EEFGDUQF,2,336,88
11,EEFG9UQX,2,125,91
9,PHF41Q2,2,B17,65
9,PPF41Q3B,2,GYM1,90
11,EEFG9,2,334B,65
9,EEFG1QGB,2,250,72
10,SCF41,2,141,55
9,MGF41,2,103,80
12,HFF41,2,323,86
10,HFF41,2,323,65
11,MPF41UQJ,2,214,96
9,PPF41Q2B,2,GYM3,90
9,PPF41Q3B,2,GYM1,90
10,FMFC5H,2,115,92
9,HGF81HF,2,326,90
12,FLFC9H,2,121,100
9,EEFG1QB,2,330,81
12,FSFC9H,2,123,92
9,FSFC5,2,113,80
10,HFF41H,2,323,90
11,MRF41,2,225,68
9,SLF41QWB,2,328B,65
10,EEFGDQG,2,246,80
11,SRF21U,2,346,65
11,EEFGDUQJ,2,348,65
12,EEF21U,2,347,86
10,UAF85Q2,2,227,45
11,UEFG9H,2,B27,90
11,FSFC9,2,123,88
11,BCF41T,2,108,88
11,PPF41Q3B,2,GYM3,90
9,PPF41Q2G,2,GYM2,95
10,HUF41UQX,2,325,93
12,BCF41T,2,108,97
12,PPF41Q2B,2,GYM3,90
11,HFF41X,2,324,86
9,MEF41,2,219,82
12,SPF41H,2,238,95
9,MGF41QWF,2,107,65
9,HFF41,2,323,77
11,HFF41X,2,324,83
11,EEF21U,2,347,95
12,UEFGD,2,B27,85
12,EEF21U,2,347,88
11,EEFG9UQX,2,125,93
10,SCF41,2,138,79
12,MPF21U,2,205,98
9,HGF81QGD,2,311,88
9,PPF41Q3B,2,GYM1,100
11,MPF41UQJ,2,214,82
11,HFF41X,2,324,84
11,MPF41UQJ,2,214,87
ST,MEF41,2,203,85
10,SCF41H,2,141,93
11,MRF41,2,225,70
12,MQF41QGF,2,106,70
11,BCF41T,2,108,90
10,HUF41H,2,338,90
12,HBF21U,2,314,75
11,SRF21U,2,346,88
11,SRF21U,2,346,65
9,HGF81QQD,2,316,65
9,MQF41QGF,2,106,65
10,BCF41T,2,108,92
11,PPF41Q2B,2,GYM3,65
9,SLF41QB,2,229,69
12,MPF21U,2,205,83
9,PPF41Q3B,2,GYM1,80
9,FSFC5,2,113,81
10,PPF41Q3B,2,GYM1,80
10,UAF85Q2,2,227,87
9,HGF81QQD,2,316,75
11,PPF41Q2G,2,GYM2,97
12,MRF41,2,211,65
9,SLF41QWB,2,328B,65
10,EEFG5QT,2,249,77
11,EEFGDUQF,2,336,85
9,HGF85QF,2,321,71
12,HBF21U,2,314,98
10,PPF41Q3G,2,GYM2,100
10,FJFC5H,2,126,100
12,SCF41,2,138,65
9,EEFG1QB,2,330,71
10,BCF41T,2,108,82
10,PWF41Q3B,2,POOL,88
11,HGF81QF,2,326,77
11,EEFGDUQF,2,336,88
10,AUFC1TA,2,204,85
9,PPF41Q3G,2,GYM2,100
10,HUF41H,2,338,92
9,PHF41H2,2,B17,100
9,PPF41Q3G,2,GYM2,95
12,HBF21U,2,314,82
9,PPF41Q2G,2,GYM2,100
9,HGF81QTD,2,313,65
11,EEFG9UQX,2,125,96
9,SLF41,2,332,55
12,MPF21U,2,205,98
12,EEFGDUQJ,2,348,88
11,EEFGDUQJ,2,348,70
9,MEF41,2,219,81
10,ULFC1TP,2,B39,81
9,HGF81QTD,2,313,70
11,EEFGDUGJ,2,B6,96
11,MPF41UQJ,2,214,85
12,MQF21C,2,208,78
10,ULFC1TP,2,B39,80
11,EEFGDUQJ,2,348,70
9,PPF41Q3G,2,GYM2,100
10,BCF41T,2,108,95
10,PPF41Q3B,2,GYM3,90
9,SLF41QB,2,229,72
11,EEFGDQT,2,246,70
9,UAF41Q2,2,227,81
9,UAF41Q3,2,227,81
12,UEFGDH,2,B27,95
12,BCF41T,2,108,85
12,PPF41Q3G,2,GYM2,81
10,PPF41Q2B,2,GYM1,70
9,SLF41HB,2,229,93
12,EQF41QQY,2,328A,100
12,EEF21U,2,347,90
10,HUF41UQX,2,325,82
9,SEF41H,2,B30,90
10,FJFC5H,2,126,99
9,HGF81QGD,2,313,70
10,EEFG9,2,334B,67
10,EEFGDHT,2,246,90
12,HFF41X,2,324,80
9,EEFG1QB,2,330,85
9,EEFG5,2,146,76
10,MQF41QTF,2,106,77
11,SRF21U,2,346,88
9,HGF81HF,2,326,92
9,HFF41,2,323,65
9,HUF41QG,2,124,55
9,EEFG1HB,2,330,91
12,SEF41,2,B30,76
10,UAF41Q2,2,227,73
10,UAF41Q3,2,227,65
12,FSFC9,2,123,65
10,EEF21C,2,350,65
10,AUFC1TA,2,204,81
10,HGF85HF,2,321,90
12,HFF41,2,323,76
11,MPF41UQJ,2,214,90
9,HGF81QGD,2,311,87
10,UAF41Q3,2,227,69
9,MGF41,2,103,72
12,PPF41Q2B,2,GYM1,65
10,HGF85HF,2,321,96
9,PHF41H3,2,B17,97
9,PPF41Q2G,2,GYM2,100
9,MEF41,2,203,70
9,HGF81QQD,2,316,68
10,HUF41H,2,338,94
11,AUFC5UAT,2,232,92
11,PPF41Q2G,2,GYM2,55
11,EEF21C,2,350,45
9,PPF41Q2G,2,GYM2,90
12,PPF41Q2B,2,GYM3,55
11,UEFG9,2,B27,82
9,HGF81QTD,2,311,77
10,FLFC9,2,121,45
10,FSFC9,2,123,88
10,EEFG5QT,2,249,79
11,FFFC5,2,111,72
9,MGF41QGF,2,207,65
10,EEFGDQT,2,246,45
10,FSFC9,2,123,78
10,PPF41Q2G,2,GYM2,100
10,UAF85H3,2,227,100
10,EEFG5QG,2,249,65
11,MQF41QTF,2,106,80
10,SCF41,2,138,65
9,MEF41,2,219,55
11,SEF41,2,B30,55
9,HGF81QTD,2,311,73
10,AUFC5UAT,2,232,96
12,BCF41T,2,108,83
12,PWF41Q3B,2,POOL,85
9,MGF41QWF,2,107,73
9,HUF41,2,338,79
10,EEFG5QG,2,249,69
9,HUF41QG,2,124,55
12,PPF41Q2B,2,GYM1,90
12,SQF41QQY,2,233,100
9,SLF41H,2,332,97
9,HGF81QF,2,326,55
12,HBF21U,2,314,74
10,FJFC5,2,126,85
9,PPF41Q3G,2,GYM2,95
9,UAF41Q2,2,227,78
10,MRF41,2,225,88
12,PPF41Q3B,2,GYM1,45
11,BCF41T,2,108,90
11,PPF41Q3G,2,GYM2,65
10,FMFC5H,2,115,91
9,MEF41,2,219,65
10,MRF41H,2,225,100
ST,PPF41Q2B,2,GYM1,90
12,EEF21U,2,349,85
11,FLFC9H,2,121,97
9,MGF41,2,103,76
9,MEF41H,2,219,92
11,EEFGDUQF,2,336,80
9,PPF41Q3G,2,GYM2,100
12,AQF41QQY,2,216B,100
9,PPF41Q3B,2,GYM1,90
11,EEFGDUQJ,2,348,76
10,HGF85QF,2,321,81
10,FMFC5H,2,115,98
10,HFF41,2,323,70
12,FSFC9,2,123,65
10,ULFC1TP,2,B39,85
10,PPF41Q2G,2,GYM2,85
11,BCF41T,2,108,85
11,PWF41Q2B,2,POOL,90
10,HGF85QF,2,321,78
10,HGF85QF,2,321,89
10,SCF41,2,138,83
10,EEFG5,2,146,84
12,SHFC7TM,2,248,85
9,PPF41Q3G,2,GYM2,100
10,EEFG9,2,334B,74
11,AUFC5UAT,2,232,98
10,FMFC1H,2,116,93
12,BCF41T,2,108,91
12,PPF41Q3G,2,GYM2,76
9,PPF41Q3B,2,GYM1,95
9,MEF41,2,203,73
9,PPF41Q2G,2,GYM2,100
9,MGF41,2,103,80
11,FLFC9H,2,121,90
10,PPF41Q3G,2,GYM2,45
9,PPF41Q3B,2,GYM3,90
9,SLF41H,2,332,95
11,UEFG9H,2,B27,98
9,SLF41,2,332,65
12,PPF41Q2B,2,GYM3,90
10,SWF41QT,2,231,68
10,FMFC5,2,115,84
9,PHF41Q3,2,B17,73
9,PPF41Q2G,2,GYM2,91
10,HUF41UQX,2,325,88
11,EEFG9UQX,2,125,93
11,SEF41H,2,B30,90
10,HUF41UQX,2,325,95
9,EEFGDQT,2,246,65
12,EEFGDUQF,2,336,83
9,PPF41Q2G,2,GYM2,100
10,PWF41Q3B,2,POOL,70
12,HBF21U,2,314,96
9,PPF41Q2G,2,GYM2,100
9,MEF41,2,203,72
12,MPF21U,2,205,80
9,SLF41QB,2,229,55
12,EEF21U,2,349,95
9,HQF41QHB,2,333,81
11,HFF41,2,323,88
10,PPF41Q2G,2,GYM2,100
10,PPF41Q3G,2,GYM2,85
9,PPF41Q2G,2,GYM2,75
11,MQF41QGF,2,106,75
9,EEFG9,2,334B,65
9,HGF85QF,2,321,78
12,EEF21U,2,349,75
10,BCF41T,2,108,90
10,PPF41Q2B,2,GYM1,100
11,SEF41,2,B30,73
11,MQF21C,2,208,78
11,HFF41X,2,324,80
10,PPF41Q2G,2,GYM2,95
10,PPF41Q3G,2,GYM2,100
11,FSFC5,2,113,85
9,SEF41,2,B30,73
10,HUF41UQX,2,325,89
11,MPF41UQJ,2,214,90
10,PPF41Q2G,2,GYM2,45
10,PPF41Q3G,2,GYM2,45
11,MQF41QTF,2,106,83
11,FFFC5H,2,111,91
10,FFFC5H,2,111,90
9,MEF41,2,203,72
12,SPF41H,2,238,95
10,EEFG9,2,334B,79
12,PPF41Q3B,2,GYM1,95
9,FSFC5,2,113,80
10,EEFG5HG,2,249,97
9,PHF41H2,2,B17,98
9,PPF41Q3G,2,GYM2,100
9,FMFC1,2,116,76
10,HUF41UQX,2,325,87
10,PWF41Q2B,2,POOL,90
10,HUF41QG,2,124,70
11,UAF41Q3,2,227,73
10,MRF41,2,225,83
11,EEFG9UQX,2,125,92
10,SCF41H,2,141,96
11,BCF41T,2,108,84
11,FLFC9,2,121,65
9,FSFC5,2,113,80
9,PHF41Q2,2,B17,86
9,PPF41Q3G,2,GYM2,65
9,EEFG1HGB,2,250,92
11,FLFC9,2,121,88
11,EEFGDUQF,2,336,88
10,FSFC9H,2,123,94
11,FMFC5H,2,115,97
10,EEFGDUQJ,2,348,90
11,AUFC5UAT,2,232,82
9,EEFG1HB,2,330,93
9,MGF41QWF,2,107,55
10,PPF41Q2G,2,GYM2,65
9,FJFC5,2,126,75
10,HUF41UQX,2,325,90
9,HGF81QTD,2,311,75
9,UAF41H2,2,227,92
9,UAF41H3,2,227,90
9,HGF81QGD,2,311,88
10,EEFGDUQF,2,336,45
10,SEF41,2,B30,45
12,HBF21U,2,314,97
12,UAF41H2,2,227,97
12,UAF41H3,2,227,93
9,SWF41QG,2,231,45
9,SLF41,2,332,89
10,PPF41Q2G,2,GYM2,94
11,FFFC5H,2,111,94
11,HUF41,2,338,65
9,FFFC5,2,111,72
10,HUF41H,2,338,92
12,PPF41Q2G,2,GYM2,100
12,EEFGDUQJ,2,348,82
11,AUFC1TA,2,204,89
9,HQF41QHB,2,333,88
11,FFFC5H,2,111,92
9,EEFG1QGB,2,250,55
10,AUFC1TA,2,204,70
10,BCF41T,2,108,93
10,PWF41Q2B,2,POOL,93
9,PPF41Q3G,2,GYM2,90
12,HFF41X,2,324,75
9,MGF41,2,103,85
9,ULFC1TP,2,B39,78
12,EEF21U,2,349,90
9,HUF41QT,2,124,45
10,SCF41H,2,141,94
11,MRF41H,2,211,99
9,PPF41Q3B,2,GYM3,90
10,BCF41T,2,108,90
10,PPF41Q2G,2,GYM2,100
12,EEF21U,2,347,65
9,MGF41,2,103,75
11,EEFGDUGJ,2,B6,65
10,SCF41,2,141,71
10,PPF41Q2G,2,GYM2,65
10,UAF41Q3,2,227,67
10,SEF41,2,B30,80
12,EEF21U,2,349,75
11,MRF41,2,225,81
10,EEFG5H,2,146,97
12,EEFGDUQF,2,336,88
9,PHF41H2,2,B17,91
9,PPF41Q3B,2,GYM3,90
11,UEFG9H,2,B27,100
9,FSFC5,2,113,80
11,MPF41UQJ,2,214,80
11,EEFG9UQX,2,125,92
12,EEF21U,2,347,85
10,HUF41UQX,2,325,92
10,FFFC5H,2,111,98
9,SLF41QWB,2,328B,80
10,FJFC5H,2,126,92
9,HQF41QHB,2,333,87
10,UAF41Q3,2,227,77
12,BCF41T,2,108,94
12,EEF21U,2,349,90
11,MPF41UQJ,2,214,87
10,HUF41UQX,2,325,88
9,MEF41,2,219,86
11,MRF41,2,225,82
9,MGF41,2,103,79
11,EEFG9,2,334B,76
9,MEF41,2,219,88
9,PPF41Q3B,2,GYM1,90
9,PWF41Q2B,2,POOL,80
9,PPF41Q3B,2,GYM1,100
9,PPF41Q3B,2,GYM3,90
9,PHF41H2,2,B17,92
9,PPF41Q3B,2,GYM3,90
12,EEFGDHG,2,246,91
11,EEFGDUQF,2,336,85
12,FSFC9,2,123,65
9,EEFG1QTB,2,250,88
11,HFF41X,2,324,82
10,HUF41UQX,2,325,91
10,HUF41,2,338,78
ST,PPF41Q2G,2,GYM2,80
10,PPF41Q3B,2,GYM3,80
10,PWF41Q2B,2,POOL,70
9,EEFG1HGB,2,250,90
12,HFF41H,2,323,91
11,ULFC1TP,2,B39,72
11,FFFC5H,2,111,95
9,HGF81QQD,2,316,89
10,EEFG5HG,2,249,91
10,HGF85QF,2,321,84
11,HFF41X,2,324,83
9,HQF41QHB,2,333,87
12,BCF41T,2,108,45
12,HQF41QQY,2,317,99
9,HFF41,2,323,75
11,FLFC9H,2,121,91
11,HFF41X,2,324,75
11,FMFC5H,2,115,96
11,EEFGDUGJ,2,B6,72
9,EEFG1QB,2,330,45
9,EEFG1QGB,2,250,83
9,PPF41Q3G,2,GYM2,100
11,EEFGDUQF,2,336,45
10,EEFG5H,2,146,92
9,SLF41QB,2,229,80
10,SCF41,2,138,69
9,MEF41,2,203,55
9,PPF41Q3B,2,GYM3,65
9,UAF85Q2,2,227,55
11,BCF41T,2,108,93
12,EEF21U,2,349,90
10,BCF41T,2,108,84
10,PWF41Q2B,2,POOL,85
11,FJFC5H,2,126,97
11,MGF41QGF,2,207,45
9,HUF41,2,338,82
9,HQF41HHB,2,333,90
11,SRF21U,2,346,90
10,PPF41Q2G,2,GYM2,100
10,PPF41Q3G,2,GYM2,100
9,SLF41QB,2,229,88
11,EEFG9H,2,334B,92
9,SCF41H,2,141,100
9,MGF41,2,103,87
10,PWF41Q2B,2,POOL,85
10,UAF85Q3,2,227,80
10,UEFGDH,2,B27,100
9,SLF41H,2,332,99
10,ULFC1TP,2,B39,88
9,HQF41QHB,2,333,80
10,HUF41UQX,2,325,84
9,HQF41QHB,2,333,85
12,SPF41H,2,238,95
11,MRF41,2,211,70
12,MPF21U,2,205,88
11,SWF41HG,2,231,90
9,HGF81QQD,2,316,67
11,EEFG9UQX,2,125,93
9,MGF41H,2,103,91
9,EEFG1QGB,2,250,82
9,PPF41Q2B,2,GYM3,90
10,HGF85HF,2,321,97
11,MPF41UQJ,2,214,70
11,MRF41,2,225,55
9,MEF41,2,203,75
9,HGF81QGD,2,313,82
11,EEFGDUQJ,2,348,72
10,EEFG5QT,2,249,69
12,EEFGDUQF,2,336,75
11,EEFG9UQX,2,125,90
9,SLF41,2,332,74
11,HFF41X,2,324,82
9,UAF41Q2,2,227,69
10,EEFGDUQF,2,336,80
9,HFF41,2,323,45
9,HGF81QQD,2,316,65
10,EEFG5,2,146,89
12,EEFGDUQF,2,336,90
9,HGF81QQD,2,316,71
10,ULFC1TP,2,B39,83
11,UEFG9H,2,B27,95
9,MEF41,2,203,85
9,PPF41Q2G,2,GYM2,100
9,EEFG1HGB,2,250,95
9,MQF21C,2,208,55
12,EEF21U,2,349,90
10,MGF41HGF,2,207,91
9,SCF41,2,138,73
12,HBF21U,2,314,89
10,FJFC5,2,126,71
10,PWF41Q2B,2,POOL,85
10,PWF41Q3B,2,POOL,85
9,HGF81QTD,2,313,65
10,EEFG5QT,2,249,89
12,PPF41Q2G,2,GYM2,80
10,HUF41,2,338,80
9,PPF41Q3B,2,GYM1,90
11,EEFG9UQX,2,125,81
9,PPF41Q3B,2,GYM3,90
9,UAF41Q2,2,227,75
10,SEF41,2,B30,88
11,MRF41,2,225,77
10,HGF81QF,2,326,70
12,HFF41H,2,323,92
11,FMFC5H,2,115,99
12,EEFGDUQF,2,336,65
10,EEFG9,2,334B,65
10,HGF81HF,2,326,94
10,EEFGDQT,2,246,45
12,SHFC7TM,2,248,75
9,EEFG1QTB,2,250,86
12,UEFGDH,2,B27,100
9,SWF41QG,2,231,73
9,SLF41QB,2,229,55
9,MEF41,2,219,84
10,AUFC1TA,2,204,95
10,MRF41,2,225,74
10,FLFC9,2,121,83
12,EEF21U,2,347,85
9,MEF41,2,219,65
11,AUFC1TA,2,204,97
12,SHFC7TM,2,248,80
12,EEFGDUGJ,2,B6,90
9,HGF81QQD,2,316,73
9,PHF41Q3,2,B17,80
9,PPF41Q2B,2,GYM1,90
11,EEFGDQG,2,246,87
10,EEFG5QT,2,249,89
9,PPF41Q3G,2,GYM2,65
10,FMFC5H,2,115,99
12,EEF21U,2,347,93
11,SEF41H,2,B30,98
12,EEFGDUQF,2,336,85
11,UAF41Q3,2,227,81
12,UAF41Q2,2,227,87
10,AUFC1TA,2,204,85
10,EEFG5,2,146,76
10,FMFC5,2,115,87
11,SPF41H,2,238,95
12,MGF41HTF,2,207,93
10,SCF41H,2,138,92
10,BCF41T,2,108,95
10,PPF41Q2B,2,GYM1,100
9,PPF41Q2B,2,GYM3,90
9,FMFC5H,2,115,95
9,MGF41,2,103,85
10,SCF41H,2,141,100
10,AUFC1TA,2,204,86
9,HGF81QF,2,326,65
10,PWF41Q3B,2,POOL,92
10,UAF41Q2,2,227,76
11,HFF41X,2,324,93
10,EEFGDQG,2,246,65
10,EEFG5HG,2,249,92
12,UEFGDH,2,B27,97
11,BCF41T,2,108,93
11,PPF41Q3B,2,GYM1,80
9,HGF81QF,2,326,85
9,HGF81QF,2,326,80
10,AUFC1TA,2,204,96
10,SCF41,2,138,78
11,AUFC5UAT,2,232,68
9,PPF41Q2B,2,GYM3,90
11,EEF21C,2,350,65
11,EEFG9,2,334B,83
11,MRF41H,2,225,95
9,FSFC5,2,113,85
12,EEFGDUQF,2,336,88
9,HGF81HF,2,326,90
9,PPF41Q2B,2,GYM3,90
9,HGF81QTD,2,311,74
9,HGF81QTD,2,313,72
11,HFF41X,2,324,67
10,PPF41Q3B,2,GYM3,90
10,UAF85Q2,2,227,80
12,EEF21C,2,350,90
10,HUF41,2,338,75
11,HFF41X,2,324,80
9,PPF41Q2B,2,GYM3,90
9,PPF41Q2B,2,GYM3,90
10,AUFC1TA,2,204,83
12,UEFGDH,2,B27,98
9,FMFC5,2,115,89
9,HGF85QF,2,321,65
9,SLF41,2,332,87
10,HGF85QF,2,321,83
9,FMFC1H,2,116,92
9,HGF81HF,2,326,95
10,MGF41,2,103,88
11,FSFC9,2,123,84
10,PPF41Q2G,2,GYM2,100
10,PPF41Q3G,2,GYM2,100
9,EEFG1HB,2,330,93
9,SLF41QB,2,229,69
11,AUFC5UAT,2,232,91
9,PHF41Q3,2,B17,78
9,PPF41Q2B,2,GYM1,95
10,MRF41H,2,211,99
11,EEFG9UQX,2,125,91
10,HUF41,2,338,83
10,HGF85QF,2,321,65
10,FMFC5H,2,115,92
9,MEF41,2,219,86
10,HGF85HF,2,321,90
9,HGF81QQD,2,316,88
9,EEFG1QGB,2,250,85
9,PPF41Q2B,2,GYM1,90
10,ULFC1TP,2,B39,85
10,HUF41HG,2,124,97
11,MPF41UQJ,2,214,45
12,SRF21U,2,346,70
9,HUF41QG,2,124,65
10,PWF41Q2B,2,POOL,90
10,PWF41Q3B,2,POOL,88
11,HUF41,2,338,65
10,EEFG5H,2,146,96
9,MEF41,2,219,82
9,SLF41,2,332,65
11,SCF41,2,138,73
9,MGF41QWF,2,107,75
9,HGF81HF,2,326,93
12,UEFGDH,2,B27,100
10,SCF41H,2,141,94
9,HGF81QF,2,326,65
9,FMFC1H,2,116,92
10,MGF41,2,103,85
11,PPF41Q3G,2,GYM2,95
12,FMFC1H,2,116,90
10,HUF41QT,2,124,65
10,AUFC1TA,2,204,97
9,HQF41QHB,2,333,85
10,HUF41UQX,2,325,93
11,FSFC5,2,113,45
11,SRF21U,2,346,95
11,EEFG9UQX,2,125,92
9,PPF41Q3B,2,GYM1,80
10,SCF41H,2,141,91
12,BCF41T,2,108,92
10,HUF41HG,2,124,95
10,ULFC1TP,2,B39,82
10,EEFG5HG,2,249,95
11,EEFGDUTJ,2,B6,68
9,HGF81QQD,2,316,85
9,MEF41,2,203,65
12,HGF85QF,2,321,45
10,PWF41Q2B,2,POOL,92
10,UAF41Q3,2,227,86
12,HBF21U,2,314,88
10,MRF41,2,225,79
9,SLF41,2,332,65
9,MQF21C,2,208,75
11,BCF41T,2,108,94
11,PWF41Q2B,2,POOL,92
11,SEF41H,2,B30,95
9,PPF41Q3B,2,GYM3,90
9,PPF41Q2G,2,GYM2,93
9,PHF41H2,2,B17,94
9,PPF41Q3B,2,GYM3,90
9,MGF41QGF,2,207,45
12,FLFC9,2,121,80
9,HGF81QQD,2,316,81
12,SPF41H,2,238,90
9,MGF41H,2,103,93
10,MRF41,2,225,85
10,FSFC9H,2,123,92
11,UEFG9H,2,B27,98
11,MPF41UQJ,2,214,83
10,ULFC1TP,2,B39,86
9,EEFGDUTJ,2,B6,45
11,MQF41QTF,2,106,79
10,FMFC5H,2,115,92
11,BCF41T,2,108,83
11,PPF41Q2B,2,GYM1,80
11,MQF41HTF,2,106,90
10,HUF41,2,338,65
10,FSFC9H,2,123,96
9,PPF41Q2G,2,GYM2,100
9,FMFC1H,2,116,97
9,EEFG5,2,146,85
10,EEFGDUQF,2,336,45
9,PPF41Q3G,2,GYM2,55
11,SPF41,2,238,81
11,EEFGDUQJ,2,348,80
11,EEFG9,2,334B,89
9,SLF41HWB,2,328B,90
10,HUF41HG,2,124,90
10,EEFG5H,2,146,90
9,PHF41Q3,2,B17,73
9,PPF41Q2B,2,GYM1,85
10,SCF41,2,138,84
12,EEFGDUQJ,2,348,65
12,SPF41H,2,238,95
9,PPF41Q3G,2,GYM2,97
11,MRF41,2,211,85
9,HGF81QGD,2,311,83
9,PHF41Q3,2,B17,65
9,PPF41Q2B,2,GYM3,65
11,SWF41HG,2,231,93
11,MRF41H,2,225,93
9,PHF41Q3,2,B17,88
9,PHF41Q2,2,B17,86
9,PPF41Q3B,2,GYM3,90
10,UAF41Q3,2,227,74
11,EEFGDUGJ,2,B6,75
11,MGF41,2,103,65
9,SLF41QWB,2,328B,66
10,PPF41Q3B,2,GYM3,90
11,HFF41X,2,324,85
9,PPF41Q3B,2,GYM3,65
10,FJFC5,2,126,84
10,MGF41QTF,2,207,65
12,UEFGDH,2,B27,100
11,BCF41T,2,108,86
11,EEF21U,2,347,80
9,HGF81QGD,2,313,87
10,FMFC5H,2,115,97
11,SHFC7TM,2,248,85
11,UEFG9,2,B27,83
12,MPF21U,2,205,92
9,HUF41,2,338,67
12,UEFGD,2,B27,65
9,HGF81QGD,2,311,83
9,HGF81QF,2,326,76
12,SHFC7TM,2,248,85
9,MGF41,2,103,71
12,MQF21C,2,208,88
9,HGF81QGD,2,313,71
11,MRF41,2,225,77
10,HUF41UQX,2,325,93
9,SHFC7TM,2,248,65
11,HFF41H,2,323,94
9,UEFGD,2,B27,55
9,MEF41,2,203,75
10,AUFC1TA,2,204,77
10,HGF85QF,2,321,70
11,FSFC5H,2,113,94
9,MEF41,2,219,77
9,PPF41Q2G,2,GYM2,45
9,MEF41,2,203,67
11,EEFGDUTJ,2,B6,90
12,SHFC7TM,2,248,65
9,EEFG5,2,146,45
9,SHFC7TM,2,248,75
9,EEFG1QB,2,330,83
11,EEF21C,2,350,75
9,PPF41Q2G,2,GYM2,100
12,HBF21U,2,314,74
9,HGF81QGD,2,313,70
12,MGF41QGF,2,207,67
10,EEFGDQG,2,246,75
9,FMFC1,2,116,55
10,MRF41,2,225,78
11,HGF85QF,2,321,55
9,SLF41H,2,332,96
9,PPF41Q2G,2,GYM2,75
9,PPF41Q3G,2,GYM2,90
11,FFFC5,2,111,83
11,FFFC5,2,111,88
12,UAF41Q2,2,227,68
9,PPF41Q2G,2,GYM2,99
9,PPF41Q3G,2,GYM2,90
10,MQF41QGF,2,106,75
11,MRF41H,2,211,93
10,PPF41Q2B,2,GYM3,55
10,UAF41Q3,2,227,45
11,SPF41H,2,238,90
9,PPF41Q3B,2,GYM3,45
10,PPF41Q2G,2,GYM2,100
10,PPF41Q3G,2,GYM2,91
11,BCF41T,2,108,55
10,FSFC9,2,123,88
9,MEF41,2,219,55
9,PHF41Q2,2,B17,88
9,PPF41Q3G,2,GYM2,100
11,FLFC9,2,121,89
9,EEF21C,2,350,45
10,EEFG9,2,334B,55
11,EEFGDUGJ,2,B6,78
9,PPF41Q3G,2,GYM2,100
10,SWF41QT,2,231,66
9,PHF41Q3,2,B17,65
9,PPF41Q2B,2,GYM1,75
12,EEFGDUGJ,2,B6,65
9,PHF41Q2,2,B17,65
9,PPF41Q3B,2,GYM3,90
11,FFFC5,2,111,65
10,PPF41Q2G,2,GYM2,65
10,PPF41Q3G,2,GYM2,65
9,FSFC5H,2,113,92
11,MRF41,2,225,73
12,MPF21U,2,205,82
9,PHF41H2,2,B17,99
9,PPF41Q3B,2,GYM1,95
9,PPF41Q2B,2,GYM1,90
11,PPF41Q3B,2,GYM3,90
11,EEFG9,2,334B,89
12,EEFGDUTJ,2,B6,85
11,FFFC9,2,111,45
9,PPF41Q3B,2,GYM1,65
11,SHFC7TM,2,248,75
12,EEF21U,2,347,93
12,UAF41Q2,2,227,66
12,UAF41Q3,2,227,73
9,PPF41Q3B,2,GYM1,65
11,MRF41H,2,211,93
9,SLF41QWB,2,328B,65
11,HFF41X,2,324,72
12,SPF41H,2,238,95
10,SCF41,2,138,88
9,UAF41Q2,2,227,75
11,EEFGDUQF,2,336,92
12,MQF41QGF,2,106,80
12,HBF21U,2,314,95
9,PPF41Q3G,2,GYM2,95
11,EEFGDQG,2,246,84
10,AUFC1TA,2,204,55
10,FFFC5,2,111,72
12,PPF41Q2B,2,GYM3,55
12,EEF21U,2,349,90
10,ULFC1TP,2,B39,98
10,SCF41,2,138,82
9,EEFG5,2,146,45
9,HGF81QTD,2,313,66
9,FMFC5H,2,115,91
12,UAF41Q2,2,227,73
9,HGF81QTD,2,311,79
12,EEFGDUGJ,2,B6,87
12,PPF41Q3G,2,GYM2,100
10,SCF41,2,141,82
9,EEFG1HGB,2,250,95
12,MPF21U,2,205,70
12,SHFC7TM,2,248,90
12,UEFGDH,2,B27,95
9,PPF41Q3G,2,GYM2,95
11,SCF41,2,138,79
11,HFF41X,2,324,81
11,SRF21U,2,346,65
11,AUFC5UAT,2,232,83
9,EEFG1QGB,2,250,55
10,HGF85QF,2,321,80
10,SCF41,2,141,80
11,HUF41H,2,338,95
10,PPF41Q3G,2,GYM2,45
11,EEFGDUQF,2,336,55
11,MRF41,2,211,65
11,SWF41QG,2,231,80
9,PPF41Q2G,2,GYM2,81
12,UEFGDH,2,B27,100
9,SCF41,2,141,83
9,HGF81QQD,2,316,77
9,FSFC5,2,113,75
9,HGF81QGD,2,313,67
9,SLF41H,2,332,97
9,MEF41,2,219,82
9,PPF41Q3G,2,GYM2,80
10,FJFC5H,2,126,91
12,MQF41QQY,2,204A,100
11,BCF41T,2,108,86
11,PPF41Q2B,2,GYM3,90
9,EEFG1HB,2,330,96
9,PHF41Q3,2,B17,85
9,PPF41Q2B,2,GYM1,95
10,AUFC5UAT,2,232,81
12,EEF21U,2,349,90
10,MRF41,2,211,85
10,PPF41Q2G,2,GYM2,100
10,PPF41Q3G,2,GYM2,100
11,MQF41QTF,2,106,45
11,HFF41H,2,323,90
9,MGF41,2,103,83
9,FFFC5,2,111,45
11,SHFC7TM,2,248,75
11,EEFG9H,2,334B,94
9,PHF41H2,2,B17,93
9,PPF41Q3B,2,GYM1,95
9,PPF41Q2G,2,GYM2,100
10,HGF85HF,2,321,96
10,EEFG5QG,2,249,78
9,PPF41Q3B,2,GYM1,90
10,FJFC5H,2,126,97
11,SRF21U,2,346,75
12,UEFGDH,2,B27,98
9,EEFG1QB,2,330,86
10,HGF85HF,2,321,93
11,UEFGDH,2,B27,100
10,SWF41QT,2,231,75
10,HFF41,2,323,79
11,EEFG9UQX,2,125,92
11,EEFGDUQF,2,336,45
10,HUF41QG,2,124,70
10,HUF41UQX,2,325,91
9,FMFC1H,2,116,90
11,EEFG9UQX,2,125,91
10,MGF41QTF,2,207,67
11,EEFGDHG,2,246,90
12,MPF41UQJ,2,214,70
11,PPF41Q2G,2,GYM2,100
11,SPF41H,2,238,95
9,MEF41,2,203,72
9,HGF81HGD,2,313,95
10,PPF41Q2G,2,GYM2,95
10,PPF41Q3G,2,GYM2,97
9,MGF41QGF,2,207,66
10,HGF85QF,2,321,82
9,PPF41Q2G,2,GYM2,94
12,EEFGDUTJ,2,B6,94
12,EEFGDUQJ,2,348,70
10,SWF41QT,2,231,65
9,PHF41Q3,2,B17,80
9,PPF41Q2B,2,GYM1,90
9,FFFC5,2,111,68
9,FMFC1H,2,116,91
9,HQF41QHB,2,333,88
9,PPF41Q2G,2,GYM2,100
9,HGF85QF,2,321,45
9,SWF41QT,2,231,76
11,FLFC9,2,121,65
9,FFFC5,2,111,67
9,PPF41Q3B,2,GYM1,80
11,EEFGDQT,2,246,68
9,SWF41QG,2,231,87
12,UEFGD,2,B27,78
10,FMFC5,2,115,82
9,PPF41Q3B,2,GYM1,45
12,SHFC7TM,2,248,70
10,ULFC1TP,2,B39,90
12,MQF21C,2,208,80
10,HUF41UQX,2,325,94
9,MEF41,2,219,55
10,EEFG5QG,2,249,88
12,PPF41Q2G,2,GYM2,100
9,SLF41QB,2,229,87
12,EEFGDUQF,2,336,83
11,EEFGDUGJ,2,B6,93
9,PPF41Q3B,2,GYM1,65
11,FSFC9,2,123,80
10,EEFGDQG,2,246,72
9,SEF41,2,B30,65
9,PHF41H2,2,B17,91
9,PPF41Q3G,2,GYM2,90
9,EEFG1QB,2,330,78
12,MQF41QGF,2,106,65
12,UEFGDH,2,B27,92
11,MRF41,2,211,85
9,PHF41Q3,2,B17,81
9,PPF41Q2B,2,GYM3,90
11,EEFGDQG,2,246,82
9,PPF41Q2B,2,GYM1,65
10,PPF41Q2G,2,GYM2,100
11,SCF41,2,141,85
9,PPF41Q3B,2,GYM1,100
9,HGF81QGD,2,311,80
10,ULFC1TP,2,B39,79
10,HUF41UQX,2,325,90
12,EEFGDUQJ,2,348,78
9,EEFG5,2,146,45
11,UEFG9H,2,B27,94
11,MRF41H,2,211,93
9,EEFG1QB,2,330,77
11,MRF41H,2,211,96
10,MRF41,2,211,80
9,HQF41QHB,2,333,86
11,AUFC5UAT,2,232,84
9,AUFC1TA,2,204,82
12,PPF41Q2G,2,GYM2,80
10,MGF41HGF,2,207,98
12,PPF41Q3B,2,GYM3,90
11,MPF41UQJ,2,214,92
11,EEFGDHG,2,246,90
12,EEFGDQT,2,246,65
9,MEF41,2,219,65
12,UAF41Q2,2,227,89
12,UAF41Q3,2,227,80
9,SLF41H,2,332,94
9,MEF41,2,219,55
10,ULFC1TP,2,B39,83
12,PPF41Q2B,2,GYM3,90
9,EEFG1HB,2,330,99
10,EEFG5H,2,146,94
9,ULFC1TP,2,B39,45
12,PPF41Q2G,2,GYM2,95
9,SEF41,2,B30,45
11,SWF41QG,2,231,83
12,FSFC9,2,123,80
10,MQF41QGF,2,106,45
11,SPF41H,2,238,95
10,FMFC5H,2,115,90
11,BCF41T,2,108,96
11,PPF41Q3G,2,GYM2,100
10,FSFC9,2,123,80
10,HUF41HG,2,124,95
11,MPF41UQJ,2,214,80
10,EEFG5H,2,146,90
9,EEF21C,2,350,45
11,MRF41,2,211,70
12,HUF41H,2,338,90
9,PHF41H3,2,B17,90
9,PPF41Q2B,2,GYM1,95
9,UAF41Q2,2,227,55
11,MPF41UQJ,2,214,93
12,MRF41,2,225,55
11,SEF41H,2,B30,95
12,UEFGD,2,B27,80
9,PPF41Q2B,2,GYM1,90
10,AUFC5UAT,2,232,55
11,EEF21C,2,350,45
9,FSFC5,2,113,75
9,PPF41Q3G,2,GYM2,91
9,SEF41,2,B30,75
10,PPF41Q3B,2,GYM1,100
10,PWF41Q2B,2,POOL,92
9,HGF81QF,2,326,85
9,HGF81QF,2,326,80
9,SLF41,2,332,74
9,SLF41QWB,2,328B,75
12,MQF21C,2,208,90
12,MQF21C,2,208,88
12,UEFGD,2,B27,76
11,EEFGDUGJ,2,B6,75
11,EEFGDUGJ,2,B6,91
10,MRF41,2,211,88
9,PHF41Q3,2,B17,65
11,EEFG9UQX,2,125,90
10,PWF41Q2B,2,POOL,90
10,UAF41Q3,2,227,67
9,HGF81QTD,2,313,55
12,EEF21U,2,347,85
9,PPF41Q2G,2,GYM2,80
10,FMFC5H,2,115,94
9,SLF41QWB,2,328B,45
9,PPF41Q3B,2,GYM3,90
10,HUF41HG,2,124,96
11,EEFGDUGJ,2,B6,94
11,FLFC9H,2,121,95
9,PPF41Q3G,2,GYM2,45
11,FFFC5,2,111,88
10,FJFC5H,2,126,98
11,FMFC5H,2,115,95
12,PQF41Q2Y,2,251,100
12,PQF41Q3Y,2,251,100
9,FMFC1,2,116,55
11,EEFG9,2,334B,66
12,BCF41T,2,108,88
10,FMFC5,2,115,86
10,MGF41QGF,2,207,79
9,UAF85Q3,2,227,55
12,EEFGDUQJ,2,348,88
11,FSFC5,2,113,87
10,HUF41QT,2,124,84
12,SHFC7TM,2,248,95
10,MRF41,2,211,85
9,PPF41Q2G,2,GYM2,97
12,PPF41Q2B,2,GYM1,90
12,PPF41Q3B,2,GYM1,80
9,FSFC5,2,113,45
10,HFF41,2,323,84
10,MGF41QGF,2,207,82
9,PPF41Q2B,2,GYM3,90
11,FJFC5H,2,126,100
9,SEF41,2,B30,70
11,BCF41T,2,108,78
12,PPF41Q2G,2,GYM2,85
9,PPF41Q3B,2,GYM1,100
9,ULFC1TP,2,B39,87
9,SLF41QB,2,229,55
12,HFF41,2,323,88
9,HGF81QTD,2,311,82
12,BCF41T,2,108,80
12,UAF41Q3,2,227,78
9,EEFG1HGB,2,250,93
9,SLF41QB,2,229,79
9,PHF41H3,2,B17,93
9,PPF41Q2G,2,GYM2,100
11,HFF41X,2,324,96
12,HFF41,2,323,85
9,HQF41QHB,2,333,80
9,SLF41HB,2,229,90
9,SLF41,2,332,80
9,MGF41,2,103,77
10,FFFC5,2,111,84
11,SRF21U,2,346,55
10,AUFC1TA,2,204,84
10,HFF41,2,323,84
10,HUF41QG,2,124,85
11,PPF41Q3G,2,GYM2,100
10,EEFG5,2,146,45
9,FSFC5,2,113,80
11,MPF41UQJ,2,214,96
9,EEFG1QGB,2,250,88
10,BCF41T,2,108,83
10,PWF41Q2B,2,POOL,95
11,FMFC5H,2,115,97
9,EEFG1HB,2,330,98
9,FSFC5,2,113,87
10,MRF41H,2,211,99
10,EEFGDUQJ,2,348,65
10,PPF41Q2B,2,GYM3,90
ST,MEF41H,2,203,96
11,EEFGDUGJ,2,B6,90
10,BCF41T,2,108,80
10,PWF41Q2B,2,POOL,90
10,HUF41HG,2,124,98
11,EEFG9UQX,2,125,85
10,EEFG5H,2,146,91
10,ULFC1TP,2,B39,90
12,UAF41Q2,2,227,85
12,UAF41Q3,2,227,67
12,EEFGDUQJ,2,348,80
11,AUFC5UAT,2,232,75
10,HUF41H,2,338,95
11,MQF21C,2,208,90
9,MEF41,2,203,73
9,UAF41Q3,2,227,55
9,HGF81QGD,2,311,82
9,HGF85QF,2,321,55
9,PPF41Q2B,2,GYM1,85
10,SEF41,2,B30,85
11,EEFG9,2,334B,78
10,SWF41QG,2,231,45
9,PHF41H2,2,B17,96
9,PPF41Q3B,2,GYM3,90
9,SLF41QWB,2,328B,45
9,HQF41QHB,2,333,88
11,EEFGDUQJ,2,348,80
9,SCF41,2,138,89
9,PPF41Q3G,2,GYM2,45
10,BCF41T,2,108,85
10,PPF41Q3B,2,GYM3,90
12,EEFGDUQJ,2,348,55
10,BCF41T,2,108,91
10,UAF85Q2,2,227,86
11,MRF41,2,225,76
10,EEFG5QG,2,249,88
9,PPF41Q3G,2,GYM2,97
9,MGF41,2,103,78
9,EEFG1QTB,2,250,45
11,FFFC5H,2,111,94
9,SCF41,2,138,85
10,SCF41,2,138,84
12,BCF41T,2,108,82
10,SEF41,2,B30,82
9,SLF41H,2,332,91
9,PHF41Q3,2,B17,85
9,PPF41Q2G,2,GYM2,90
10,HGF85QF,2,321,85
9,PPF41Q3B,2,GYM1,100
10,MGF41HGF,2,207,96
11,UAF41Q2,2,227,45
9,HGF81QTD,2,313,55
11,FSFC9H,2,123,95
12,AUFC5UAT,2,232,55
11,PPF41Q2B,2,GYM3,90
11,PWF41Q3B,2,POOL,80
11,EEFG9UQX,2,125,89
9,SLF41QWB,2,328B,75
9,PPF41Q3G,2,GYM2,55
12,HFF41H,2,323,90
12,EEFGDUQF,2,336,90
9,MEF41,2,203,78
9,EEFG1HB,2,330,91
10,EEFG5QG,2,249,86
10,FSFC9,2,123,65
11,FSFC9,2,123,75
10,EEFG5,2,146,85
10,HUF41UQX,2,325,85
9,MEF41,2,203,65
9,HGF81QTD,2,311,65
10,FFFC5,2,111,81
9,PPF41Q2G,2,GYM2,45
10,EEFG5H,2,146,96
11,FFFC5,2,111,55
12,SRF21U,2,346,85
10,EEFG9UQX,2,125,69
9,SLF41QB,2,229,76
10,ULFC1TP,2,B39,81
11,EEFGDUGJ,2,B6,80
11,EEFG9,2,334B,83
9,BCF41T,2,108,80
9,HUF41,2,338,55
11,MGF41QGF,2,207,87
9,EEFG1QTB,2,250,66
12,SHFC7TM,2,248,75
12,ULFC1TP,2,B39,94
9,SLF41QB,2,229,55
11,PPF41Q2G,2,GYM2,88
11,PPF41Q3G,2,GYM2,85
10,EEF21C,2,350,45
11,BCF41T,2,108,45
9,SLF41QB,2,229,55
9,EEFG1QTB,2,250,83
ST,MEF41,2,203,78
11,EEFGDUQJ,2,348,80
10,EEFGDQT,2,246,45
10,SWF41HG,2,231,90
11,BCF41T,2,108,90
11,PPF41Q3G,2,GYM2,90
11,BCF41T,2,108,78
11,PWF41Q3B,2,POOL,90
9,MGF41,2,103,78
11,EEFGDUQF,2,336,65
11,MGF41QTF,2,207,75
9,PPF41Q2B,2,GYM1,90
9,UAF41Q3,2,227,73
9,HGF81QGD,2,311,89
10,SCF41,2,141,74
12,FLFC9,2,121,68
12,SPF41,2,238,84
12,MPF21U,2,205,85
10,EEFG5HG,2,249,97
11,FFFC5,2,111,79
10,HFF41,2,323,74
12,MQF41QGF,2,106,65
12,SHFC7TM,2,248,75
9,EEFG1QTB,2,250,82
11,SHFC7TM,2,248,75
9,PPF41Q3G,2,GYM2,97
10,EEFG5QT,2,249,83
10,ULFC1TP,2,B39,86
9,FSFC5H,2,113,95
9,PPF41Q2B,2,GYM3,45
9,PPF41Q3B,2,GYM3,45
9,SLF41QWB,2,328B,67
11,AUFC5UAT,2,232,95
9,HUF41QG,2,124,70
9,SLF41QB,2,229,65
12,MPF21U,2,205,85
12,EEF21U,2,347,80
12,MPF21U,2,205,70
9,HGF81QTD,2,313,65
12,MPF21U,2,205,86
10,SCF41,2,141,73
11,UAF41Q2,2,227,45
11,UAF41Q3,2,227,55
9,MEF41,2,219,75
10,SCF41,2,138,76
9,PHF41H3,2,B17,92
9,PPF41Q2G,2,GYM2,90
12,PPF41Q3G,2,GYM2,73
12,FSFC9,2,123,80
10,PPF41Q3G,2,GYM2,73
9,SCF41,2,138,45
9,UAF41Q2,2,227,55
9,UAF41Q3,2,227,55
12,EEF21U,2,347,80
9,SLF41QB,2,229,55
12,EEFGDQG,2,246,72
9,PPF41Q2B,2,GYM1,75
11,EEFGDUGJ,2,B6,97
9,PHF41Q3,2,B17,77
9,PPF41Q2B,2,GYM1,90
9,HGF81QQD,2,316,65
9,MGF41QTF,2,207,75
9,SLF41H,2,332,98
11,EEFGDUTJ,2,B6,90
12,PPF41Q2G,2,GYM2,93
11,EEFGDQG,2,246,83
12,HQF41QQY,2,317,99
9,HGF81QQD,2,316,86
10,AUFC1TA,2,204,78
9,HQF41HHB,2,333,91
9,PHF41Q2,2,B17,77
10,ULFC1TP,2,B39,90
11,UAF85H3,2,227,92
11,EEFGDQG,2,246,87
11,EEFGDUGJ,2,B6,88
11,SPF41H,2,238,100
10,EEFG5,2,146,87
11,EEFG9,2,334B,87
9,PPF41Q3G,2,GYM2,84
9,MGF41,2,103,87
10,SWF41HG,2,231,93
9,EEFG5QG,2,249,85
9,MEF41H,2,219,94
9,HQF41QHB,2,333,80
9,PHF41H2,2,B17,92
9,PPF41Q3G,2,GYM2,80
9,PPF41Q2B,2,GYM1,45
9,UAF85Q3,2,227,55
12,EEF21U,2,347,85
10,FJFC5H,2,126,91
11,SPF41,2,238,77
11,EEFG9UQX,2,125,91
9,PHF41Q3,2,B17,85
10,SCF41,2,141,72
9,HGF81QGD,2,311,79
9,PHF41Q3,2,B17,82
9,MEF41,2,203,72
12,EEFGDUTJ,2,B6,92
10,FJFC5,2,126,70
9,EEFG1QB,2,330,87
9,SCF41,2,141,79
11,MRF41H,2,211,90
10,MGF41QWF,2,107,65
9,PPF41Q2B,2,GYM1,100
9,HGF81HQD,2,316,90
9,MGF41,2,103,78
11,MPF41UQJ,2,214,92
9,MEF41,2,219,55
9,MGF41HGF,2,207,96
11,HFF41X,2,324,85
12,PPF41Q3B,2,GYM3,55
12,FLFC9H,2,121,97
10,PWF41Q2B,2,POOL,90
10,PWF41Q3B,2,POOL,90
9,PHF41Q2,2,B17,67
9,PPF41Q3B,2,GYM1,70
11,EEFGDQG,2,246,68
10,HUF41UQX,2,325,93
9,PPF41Q2B,2,GYM3,90
9,PPF41Q3B,2,GYM3,90
12,PPF41Q3B,2,GYM1,70
9,FMFC1,2,116,85
9,MGF41,2,103,65
10,SWF41QG,2,231,83
11,EEFG9,2,334B,87
10,PWF41Q3B,2,POOL,95
10,UAF41Q2,2,227,89
9,MGF41,2,103,76
12,BCF41T,2,108,96
12,UAF41Q3,2,227,72
9,PPF41Q3G,2,GYM2,100
9,UAF41H2,2,227,99
10,AUFC1TA,2,204,88
11,MRF41,2,211,65
10,FMFC5,2,115,88
12,PPF41Q2B,2,GYM1,45
12,PPF41Q3B,2,GYM3,55
11,BCF41T,2,108,75
11,PPF41Q3B,2,GYM3,90
9,PHF41Q3,2,B17,76
9,PPF41Q2B,2,GYM3,90
9,PPF41Q3B,2,GYM1,95
12,BCF41T,2,108,65
12,PPF41Q3B,2,GYM3,90
9,UAF41Q2,2,227,73
9,UAF41Q3,2,227,75
10,EEFG5HG,2,249,93
10,SCF41,2,141,74
10,EEFG5H,2,146,95
11,MRF41,2,211,80
12,HBF21U,2,314,89
12,PQF41Q2Y,2,251,100
12,PQF41Q3Y,2,251,100
12,EEFGDUQF,2,336,90
11,EEFG9,2,334B,83
10,UEFG9H,2,B27,94
12,FLFC9H,2,121,98
11,EEFGDUGJ,2,B6,86
11,EEFG9,2,334B,67
12,HBF21U,2,314,85
9,PPF41Q3B,2,GYM1,90
10,FFFC5H,2,111,91
9,PHF41H2,2,B17,96
9,PPF41Q3B,2,GYM3,90
9,HGF81QTD,2,311,80
11,HGF81QQD,2,316,45
9,PHF41Q3,2,B17,84
9,PPF41Q2G,2,GYM2,84
9,EEFGDUTJ,2,B6,45
11,EEFG9H,2,334B,90
11,UAF41Q3,2,227,55
11,SHFC7TM,2,248,75
12,PPF41Q2G,2,GYM2,45
10,SEF41H,2,B30,95
11,UEFG9H,2,B27,100
12,SPF41,2,238,88
10,HUF41,2,338,86
9,FSFC5H,2,113,92
10,SHFC7TM,2,248,75
11,FSFC9,2,123,65
9,SCF41H,2,141,96
9,MGF41,2,103,88
12,PPF41Q2B,2,GYM3,90
9,HGF81QQD,2,316,68
11,EEF21C,2,350,86
10,SEF41,2,B30,45
12,EEFGDHG,2,246,93
9,EEF21C,2,350,77
10,HQF41QHB,2,333,82
9,ULFC1TP,2,B39,45
9,HGF81QTD,2,313,85
12,MQF21C,2,208,85
10,FJFC5,2,126,77
11,FLFC9H,2,121,100
11,MPF41UQJ,2,214,90
10,SWF41QG,2,231,70
9,HUF41QT,2,124,65
10,EEFGDUQF,2,336,90
10,SEF41,2,B30,55
9,PPF41Q3G,2,GYM2,45
11,EEF21C,2,350,92
11,BCF41T,2,108,85
11,SWF41QT,2,231,55
10,PWF41Q2B,2,POOL,88
10,SWF41QT,2,231,86
9,SCF41H,2,141,99
12,MPF21U,2,205,92
12,PPF41Q2B,2,GYM3,65
9,UAF41Q2,2,227,71
10,BCF41T,2,108,88
10,PWF41Q3B,2,POOL,93
11,EEF21U,2,349,90
12,FSFC9,2,123,65
11,EEFGDUQF,2,336,75
11,MRF41,2,211,88
12,HFF41X,2,324,79
11,UEFG9,2,B27,68
9,MGF41,2,103,77
12,HBF21U,2,314,70
12,MPF21U,2,205,82
9,PPF41Q2G,2,GYM2,100
10,EEFG5QG,2,249,86
10,AUFC1TA,2,204,89
12,EEFGDUTJ,2,B6,77
12,EEF21U,2,347,55
9,MEF41,2,203,85
9,SCF41,2,138,74
9,EEFG1QTB,2,250,76
11,EEFG9UQX,2,125,85
11,AUFC5UAT,2,232,45
10,PPF41Q3G,2,GYM2,45
10,HUF41H,2,338,95
10,HFF41,2,323,85
9,HGF81QTD,2,311,87
11,FJFC9H,2,126,100
9,SLF41QB,2,229,55
9,ULFC1TP,2,B39,55
11,PPF41Q2G,2,GYM2,45
11,UAF41Q3,2,227,76
12,MQF41QQY,2,204A,100
10,MGF41QWF,2,107,74
10,SCF41,2,138,81
10,SCF41H,2,141,95
10,SCF41,2,138,83
9,PPF41Q2G,2,GYM2,100
11,SRF21U,2,346,75
9,SLF41,2,332,86
9,HGF81HGD,2,313,94
11,SHFC7TM,2,248,45
11,HFF41X,2,324,81
11,SRF21U,2,346,70
11,MPF41UQJ,2,214,90
9,MEF41,2,203,75
10,SEF41,2,B30,45
11,SHFC7TM,2,248,70
9,SCF41H,2,138,90
11,EEFGDUQJ,2,348,72
9,FMFC1H,2,116,95
11,SCF41,2,141,71
10,AUFC1TA,2,204,83
10,SCF41,2,138,86
10,EEFG9,2,334B,67
10,HUF41UQX,2,325,92
10,MGF41,2,103,72
9,PHF41H2,2,B17,90
9,PPF41Q3G,2,GYM2,100
9,FMFC1H,2,116,95
9,HQF41QHB,2,333,85
10,SPF41,2,238,83
11,UAF41H2,2,227,91
9,EEF21C,2,350,45
9,HGF81QTD,2,313,67
10,SCF41,2,141,79
11,HGF85QF,2,321,55
9,HGF81QGD,2,311,84
9,MEF41H,2,219,92
9,HUF41,2,338,70
9,PPF41Q2G,2,GYM2,74
9,UAF41Q3,2,227,67
11,PWF41Q2B,2,POOL,95
11,UAF41H3,2,227,94
12,HBF21U,2,314,93
10,HUF41HG,2,124,93
12,SHFC7TM,2,248,90
10,MGF41HGF,2,207,100
12,FSFC9H,2,123,94
10,MQF21C,2,208,55
9,PHF41Q2,2,B17,85
9,PPF41Q3B,2,GYM1,80
10,FSFC9H,2,123,94
9,HGF81QGD,2,313,88
10,ULFC1TP,2,B39,86
10,PWF41Q2B,2,POOL,90
11,SWF41QG,2,231,65
10,EEFG9,2,334B,55
10,SCF41,2,138,71
11,EEFG9,2,334B,76
9,PPF41Q3G,2,GYM2,99
9,PPF41Q3G,2,GYM2,100
12,SRF21U,2,346,65
10,EEFG9,2,334B,65
11,FSFC9H,2,123,94
11,AUFC5UAT,2,232,84
9,HQF41QHB,2,333,85
10,PPF41Q3G,2,GYM2,97
10,UAF41Q2,2,227,86
9,FMFC1H,2,116,90
9,HQF41QHB,2,333,85
9,FMFC1,2,116,80
9,MGF41H,2,103,96
10,PPF41Q3G,2,GYM2,93
10,UAF85Q2,2,227,65
11,MPF41UQJ,2,214,88
11,HFF41X,2,324,76
9,PPF41Q3G,2,GYM2,100
9,PPF41Q2G,2,GYM2,100
10,HUF41UQX,2,325,90
9,EEFG1HB,2,330,96
11,SWF41QG,2,231,80
9,PHF41H3,2,B17,95
9,PPF41Q2G,2,GYM2,100
10,FFFC5,2,111,84
11,EEFGDUQJ,2,348,75
11,MQF41QTF,2,106,45
9,HGF85QF,2,321,55
11,UEFG9,2,B27,81
10,AUFC1TA,2,204,86
11,FFFC5,2,111,77
10,MRF41,2,225,65
10,MGF41HGF,2,207,91
11,FJFC9,2,126,87
9,UEFG9,2,B27,79
11,HFF41X,2,324,78
9,PPF41Q2B,2,GYM1,45
11,EEFGDUQJ,2,348,65
9,SLF41QB,2,229,75
9,MGF41QWF,2,107,80
12,UEFGDH,2,B27,98
9,PHF41Q3,2,B17,83
9,PPF41Q2B,2,GYM3,80
9,EEFG5HT,2,249,94
10,UAF41H2,2,227,94
11,SHFC7TM,2,248,65
10,SPF41,2,238,84
12,MQF21C,2,208,55
10,EEFG5QG,2,249,45
10,SCF41H,2,141,99
11,EEFG9UQX,2,125,90
9,SCF41,2,138,66
12,SPF41H,2,238,90
9,MEF41,2,203,69
9,PPF41Q2G,2,GYM2,97
9,UAF41Q3,2,227,80
10,AUFC1TA,2,204,98
11,EEFGDUQJ,2,348,65
10,AUFC1TA,2,204,93
12,EEF21U,2,347,90
11,MQF41HGF,2,106,96
9,PPF41Q3G,2,GYM2,100
9,PPF41Q3B,2,GYM1,95
9,HGF81QF,2,326,65
10,MRF41,2,225,79
9,MGF41QWF,2,107,65
9,PPF41Q2B,2,GYM1,90
11,EEFGDUQJ,2,348,65
10,EEFGDQT,2,246,45
9,MRF41,2,225,55
9,SWF41QG,2,231,65
9,EEFG5QT,2,249,65
11,SPF41H,2,238,90
9,MEF41,2,219,65
11,MQF41QTF,2,106,83
12,PPF41Q3B,2,GYM3,75
12,UAF41H2,2,227,95
12,EEF21U,2,347,88
12,PQF41Q2Y,2,251,100
12,PQF41Q3Y,2,251,100
9,HGF81QQD,2,316,87
11,EEFG9,2,334B,85
10,MRF41H,2,211,96
10,SEF41,2,B30,86
9,PPF41Q2G,2,GYM2,94
ST,PPF41Q2G,2,GYM2,85
10,SWF41QG,2,231,75
11,EEFGDUQF,2,336,90
11,UEFG9,2,B27,82
9,PPF41Q2G,2,GYM2,85
11,EEFGDUQJ,2,348,70
10,HUF41HG,2,124,90
12,EEF21U,2,349,90
9,PPF41Q2G,2,GYM2,100
9,PPF41Q3G,2,GYM2,97
9,PPF41Q2B,2,GYM1,45
9,UAF41Q3,2,227,45
11,EEF21C,2,350,72
12,SPF41,2,238,80
12,HBF21U,2,314,76
11,FJFC5H,2,126,98
10,AUFC1TA,2,204,99
11,FLFC9H,2,121,98
10,SWF41QG,2,231,73
10,FMFC1H,2,116,92
12,SHFC7TM,2,248,90
11,AUFC5UAT,2,232,84
12,MPF21U,2,205,86
9,FMFC1,2,116,84
12,EEF21U,2,349,90
12,SPF41H,2,238,100
12,EEFGDQG,2,246,88
11,SCF41,2,141,67
9,HQF41QHB,2,333,88
11,EEF21U,2,349,85
11,SRF21U,2,346,96
9,HUF41,2,338,55
9,EEFG1QB,2,330,80
12,PWF41Q3B,2,POOL,90
10,FMFC5H,2,115,96
9,FMFC1,2,116,83
11,EEFG9UQX,2,125,96
11,MRF41,2,225,69
12,FJFC9H,2,126,99
10,PWF41Q3B,2,POOL,92
9,PPF41Q3B,2,GYM1,80
11,MRF41,2,225,72
9,FMFC1,2,116,76
9,PHF41Q3,2,B17,85
9,PPF41Q2G,2,GYM2,100
11,MRF41,2,211,80
11,MQF21C,2,208,75
9,MGF41QTF,2,207,45
10,SLF41QWB,2,328B,71
11,HFF41H,2,323,92
9,EEFG1QGB,2,250,75
10,HFF41,2,323,86
10,EEFG5H,2,146,95
11,FLFC9H,2,121,94
10,EEFG5H,2,146,93
11,EEFGDUQJ,2,348,80
9,PHF41H2,2,B17,96
9,PPF41Q3G,2,GYM2,95
10,HFF41X,2,324,82
11,SEF41,2,B30,87
ST,MEF41,2,203,89
10,AUFC5UAT,2,232,75
12,SRF21U,2,346,88
9,ULFC1TP,2,B39,73
10,MGF41QGF,2,207,71
9,HUF41QG,2,124,85
11,SRF21U,2,346,70
11,AUFC5UAT,2,232,86
9,HGF81QTD,2,313,55
10,PPF41Q2B,2,GYM1,45
10,ULFC1TP,2,B39,65
10,PWF41Q3B,2,POOL,88
10,UAF41Q2,2,227,84
11,PPF41Q3G,2,GYM2,90
11,HFF41,2,323,81
12,MPF21U,2,205,98
11,MRF41,2,211,65
10,HUF41QG,2,124,75
9,HQF41QHB,2,333,86
9,EEF21C,2,350,45
11,FLFC9H,2,121,99
12,EEF21U,2,347,83
9,EEFG1QB,2,330,84
9,HUF41QT,2,124,71
9,MEF41,2,203,85
9,MQF21C,2,208,75
11,PWF41Q3B,2,POOL,95
10,HUF41UQX,2,325,89
9,SLF41,2,332,88
10,EEFG5,2,146,82
10,SPF41H,2,238,100
10,MPF41UQJ,2,214,92
11,MPF41UQJ,2,214,82
12,UEFGDH,2,B27,100
9,PPF41Q2B,2,GYM3,90
10,UAF85H3,2,227,94
9,PWF41Q2B,2,POOL,85
9,PWF41Q3B,2,POOL,65
9,SWF41QT,2,231,65
11,FLFC9H,2,121,100
11,SHFC7TM,2,248,85
11,MRF41,2,225,89
12,SHFC7TM,2,248,85
10,PWF41Q3B,2,POOL,88
10,UAF41H2,2,227,96
9,PHF41H2,2,B17,97
9,HGF81QF,2,326,71
10,HUF41UQX,2,325,88
11,UEFG9,2,B27,83
10,SCF41,2,138,85
9,PHF41H2,2,B17,97
9,PPF41Q3G,2,GYM2,99
10,SEF41,2,B30,82
12,FQF41QQY,2,216B,100
11,FMFC5H,2,115,96
12,MQF41HGF,2,106,99
10,MPF41UQJ,2,214,90
11,SWF41HG,2,231,90
9,MGF41,2,103,83
12,HFF41,2,323,85
11,MPF41UQJ,2,214,100
11,FLFC9H,2,121,100
11,HFF41,2,323,81
11,HUF41QG,2,124,65
11,MRF41,2,225,81
9,SLF41H,2,332,97
9,FMFC1,2,116,86
11,HUF41QG,2,124,65
11,EEFG9,2,334B,87
10,FSFC9H,2,123,92
12,SPF41,2,238,65
12,UEFGDH,2,B27,100
10,HUF41UQX,2,325,91
9,HGF81QQD,2,316,77
11,HFF41,2,323,65
10,HUF41UQX,2,325,94
9,FSFC5,2,113,87
12,PPF41Q2G,2,GYM2,95
9,FSFC5,2,113,85
9,SLF41QB,2,229,80
11,FMFC5H,2,115,99
12,MPF21U,2,205,92
11,EEFGDHG,2,246,93
11,HFF41X,2,324,93
9,FSFC5H,2,113,93
10,EEFG5,2,146,72
12,MPF21U,2,205,92
9,EEFG1HGB,2,250,96
10,EEFG5H,2,146,95
11,MPF41UQJ,2,214,100
11,HFF41X,2,324,78
11,SCF41,2,141,84
9,HGF81HF,2,326,96
11,EEFG9UQX,2,125,87
9,MQF41QTF,2,106,71
11,FFFC5,2,111,55
11,HFF41X,2,324,86
9,MEF41,2,219,55
10,EEFG9,2,334B,84
9,MQF41QGF,2,106,45
11,HFF41X,2,324,90
11,AUFC5UAT,2,232,86
10,EEFG5,2,146,81
10,FSFC9,2,123,88
9,PPF41Q3B,2,GYM1,100
10,FMFC5H,2,115,94
9,FMFC1H,2,116,95
10,SCF41,2,138,66
11,FMFC5H,2,115,98
9,FMFC1H,2,116,96
10,HUF41UQX,2,325,94
10,FMFC5H,2,115,95
10,HGF85QF,2,321,70
10,HUF41HG,2,124,95
10,HGF81QF,2,326,70
10,HGF81QF,2,326,55
10,UAF41Q3,2,227,83
10,AUFC5UAT,2,232,97
9,MGF41H,2,103,90
11,PWF41Q2B,2,POOL,98
11,PWF41Q3B,2,POOL,95
11,EEFG9UQX,2,125,93
10,MQF41QGF,2,106,66
11,EEFG9,2,334B,70
9,MEF41,2,219,84
11,EEFG9UQX,2,125,94
10,UEFG9,2,B27,84
9,EEFG1HB,2,330,92
11,SRF21U,2,346,70
10,SCF41,2,141,87
9,PPF41Q2G,2,GYM2,100
11,MRF41H,2,211,99
10,PPF41Q2G,2,GYM2,100
10,PPF41Q3G,2,GYM2,100
12,PPF41Q2B,2,GYM3,80
9,FMFC1H,2,116,92
12,HQF41QQY,2,317,99
10,SPF41H,2,238,100
12,UAF85H2,2,227,92
12,PPF41Q2B,2,GYM3,90
9,FMFC1H,2,116,91
10,MGF41QGF,2,207,45
11,MRF41,2,211,85
12,EEFGDUQF,2,336,65
10,AUFC1TA,2,204,94
9,FMFC1,2,116,86
9,MGF41,2,103,84
10,BCF41T,2,108,91
10,PPF41Q3G,2,GYM2,100
9,HGF81QGD,2,311,86
10,PPF41Q2B,2,GYM3,90
10,PPF41Q3B,2,GYM3,90
9,PPF41Q3G,2,GYM2,65
9,HGF81HGD,3,321,90
9,PHF41H3,3,B17,96
9,PPF41Q2G,3,GYM2,90
9,HGF81HGD,3,321,90
9,HUF41H,3,338,90
9,PHF41Q3,3,231,55
9,PPF41Q2B,3,GYM3,95
10,FSFC1,3,207,45
11,EEFGDUQV,3,204,94
9,EEFG5QW,3,348,65
12,FSFC9,3,123,65
11,SCF41,3,141,70
10,SCF41,3,138,68
9,SLF41QGB,3,147,55
12,HQFC9TH,3,327,85
10,PHF41Q2,3,B17,65
10,PPF41Q3B,3,GYM3,55
9,MEF41,3,203,65
9,MEF41,3,203,65
10,MGF41,3,214,75
12,MKFC9TC,3,322,65
9,EEFG1HB,3,146,90
10,PPF41Q3G,3,GYM2,100
9,EEFG1QB,3,330,85
11,EEFG9QT,3,125,83
10,FSFC1,3,207,69
10,HUF41UQX,3,325,70
10,MKFC1TC,3,108,84
9,SLF41QGB,3,147,75
9,HGF82QGD,3,313,68
9,HGF81HQD,3,213,97
12,EQF41QQY,3,328A,95
9,PHF41Q2,3,231,87
9,PPF41Q3G,3,GYM1,95
11,FLFC9,3,121,83
12,MKFC9TC,3,322,93
9,EEFG1QGB,3,250,82
12,MKFC9TC,3,322,95
9,EEFG9QF,3,126,45
10,FSFC5H,3,107,90
11,PHF41H3,3,B17,96
11,PPF41Q2G,3,GYM1,75
11,MRF41,3,225,71
10,SCF41,3,138,85
9,MGF41,3,103,55
10,HUF41,3,324,55
11,MRF41,3,223,74
11,FFFC5,3,111,66
11,PPF41Q2G,3,GYM2,97
12,ALF41,3,222,80
9,MEF41,3,203,79
12,PPF41Q2B,3,GYM3,90
12,MPF41UQS,3,219,90
12,EEFGDUQF,3,336,88
9,FSFC1,3,114,65
9,ALF41,3,222,45
9,SLF41QGB,3,147,55
9,PPF41Q2G,3,GYM2,96
9,PPF41Q3G,3,GYM1,92
10,HUF41UQX,3,325,87
12,HQFC9TH,3,327,82
9,FFFC5,3,111,81
10,PPF41Q2G,3,GYM2,100
10,PPF41Q3G,3,GYM2,100
10,HUF41UQX,3,325,93
10,EEFG5,3,334B,75
11,FFFC5,3,111,77
9,EEFG1QB,3,330,76
11,EEFGDUTJ,3,B6,81
10,FSFC5,3,116,65
10,EEFG5QT,3,249,65
11,EEFG9,3,331,76
9,SLF41QGB,3,247,55
9,EEFG1HB,3,146,93
9,MEF41QT,3,205,82
9,SHFC3TM,3,248,98
11,HFF41,3,315,70
9,SLF41HB,3,229,90
9,EEFG1QB,3,330,72
11,FLFC9,3,121,70
11,EEFGDUQF,3,336,90
9,EEFG1QGB,3,246,85
12,ULFC9TP,3,B39,75
11,EEFGDUTJ,3,B6,90
12,ULFC9TP,3,B39,89
9,HGF81QQD,3,139,80
11,EEFG9,3,331,65
9,SLF41QTB,3,147,55
9,HGF81HQD,3,213,90
12,MCF41UAX,3,221,65
12,ULFC9TP,3,B39,84
9,MEF41,3,203,65
11,MPF41UQJ,3,208,91
9,PHF41H2,3,231,94
9,PPF41Q3G,3,GYM2,90
9,EEFG1QGB,3,250,75
10,MGF41,3,103,81
9,PPF41Q2B,3,GYM3,65
9,PPF41Q3B,3,GYM3,65
11,BCF41T,3,332,75
11,PPF41Q3B,3,GYM3,70
11,SWF41HG,3,341,93
9,EEFG9QT,3,125,83
9,EEFG1HHB,3,346,91
11,HBF41X,3,314,73
9,PHF41Q3,3,231,71
9,PPF41Q2B,3,GYM3,100
11,FFFC5,3,111,84
11,HQF41QQY,3,317,98
11,FFFC5H,3,111,95
11,PPF41Q3G,3,GYM2,100
11,PWF41Q2G,3,POOL,92
11,FMFC5H,3,115,96
10,MGF41,3,103,70
9,EEFG1QGB,3,246,85
10,SCF41,3,141,68
11,HFF41,3,315,55
11,EEFG9QTR,3,350,75
10,BCF41T,3,332,92
10,UAF41Q2,3,227,81
9,SLF41QGB,3,247,55
9,HGF82QGD,3,311,65
12,ALF41,3,222,86
9,PHF41Q3,3,231,68
9,PPF41Q2G,3,GYM2,100
9,SLF41QB,3,229,65
12,AUFC9TA,3,232,88
9,EEFG1HGB,3,246,98
11,MKFC1TC,3,108,78
9,SLF41QTB,3,147,76
10,HFF41H,3,315,90
12,ULFC9TP,3,B39,84
11,BCF41T,3,332,76
11,PPF41Q3B,3,GYM3,90
11,FSFC5H,3,116,93
9,EEFG1QTB,3,250,73
9,SEF41,3,B30,71
10,EEFG5QG,3,249,88
10,SCF41H,3,141,97
11,BCF41T,3,332,65
11,PPF41Q3B,3,GYM3,98
12,ULFC9TP,3,B39,78
12,MKF41QQY,3,319,99
10,FSFC1H,3,207,97
9,HGF81QQD,3,139,55
11,MRF41,3,225,79
9,HGF82QTD,3,313,65
10,HUF41,3,324,75
12,FLFC9,3,121,75
11,AQF41UVT,3,206,82
12,EEFGDUQF,3,336,83
9,PHF41Q2,3,B17,84
9,PPF41Q3B,3,GYM3,95
10,FSFC1,3,207,69
11,FSFC5,3,107,75
10,SCF41,3,141,70
10,PPF41Q2B,3,GYM3,90
10,PPF41Q3B,3,GYM3,100
10,HUF41UQX,3,325,94
11,HFF41,3,323,73
9,HGF82HGD,3,311,91
10,SCF41,3,138,80
11,EEFGDUTJ,3,B6,78
10,FLFC5H,3,122,92
11,FLFC9H,3,121,94
10,FSFC1,3,114,67
10,BCF41T,3,332,92
10,PPF41Q2G,3,GYM2,100
10,HUF41QG,3,334A,82
11,SPF41,3,238,85
9,SLF41QTB,3,147,71
9,PHF41H2,3,231,90
9,PPF41Q3G,3,GYM2,100
11,EEFGDUQF,3,336,90
11,FSFC5,3,107,65
9,EEFG1QB,3,149,80
10,MKFC1TC,3,108,94
9,HGF82HGD,3,311,90
11,MRF41,3,223,70
11,EEFGDUQF,3,336,90
9,EEFG1QGB,3,250,67
11,FSFC5,3,116,82
9,HGF82QQD,3,316,79
11,EEFGDUGJ,3,B6,92
11,BCF41T,3,332,90
11,PPF41Q3B,3,GYM3,100
11,FLFC9H,3,121,95
9,HGF82QGD,3,311,81
11,SEF41,3,B30,80
11,FSFC5,3,107,75
10,EEFG5H,3,334B,91
9,MGF41QGF,3,105,55
10,SHFC3TM,3,248,95
10,FFFC5H,3,111,90
10,MGF41,3,103,77
9,SLF41QB,3,229,65
9,FLFC5,3,122,82
9,FFFC5,3,111,86
12,PQF41Q2Y,3,251,65
12,PQF41Q3Y,3,251,65
11,HUF41H,3,338,90
9,HGF82QGD,3,311,65
11,MPF41UQJ,3,208,90
10,EEFG5H,3,334B,90
9,HGF82QGD,3,313,85
9,HGF81HQD,3,213,93
12,FSFC9,3,123,65
12,EEFGDUGJ,3,B6,98
11,PPF41Q2G,3,GYM2,100
11,PPF41Q3G,3,GYM2,95
12,MKFC9TC,3,322,84
12,SPF41,3,238,85
11,EEFGDUGJ,3,B6,95
9,HGF81QTD,3,321,65
10,EEFG5H,3,334B,91
10,HUF41,3,324,70
9,EEFG1QGB,3,246,85
10,HUF41QG,3,334A,86
11,EEFGDUTJ,3,B6,94
9,PPF41Q2G,3,GYM2,85
9,PPF41Q3G,3,GYM1,65
9,HUF41QG,3,334A,55
9,FFFC5,3,111,84
11,FLFC9,3,121,65
11,UEFG9H,3,B27,92
12,PQF41Q2Y,3,251,100
12,PQF41Q3Y,3,251,100
9,EEFG1QB,3,146,78
9,HFF41,3,323,79
11,BCF41T,3,332,75
11,PPF41Q2B,3,GYM3,90
9,PHF41Q3,3,231,65
9,PPF41Q2G,3,GYM1,80
10,SHFC3TM,3,248,99
11,HFF41,3,323,71
11,EEFG9,3,331,45
10,PPF41Q2G,3,GYM2,79
10,UAF85Q3,3,227,65
9,HUF41QW,3,326,68
11,FSFC5,3,107,85
12,EEFGDUQV,3,204,80
11,PPF41Q2B,3,GYM3,65
11,PPF41Q3B,3,GYM3,55
9,SLF41QTB,3,247,65
9,SLF41QB,3,229,65
9,SLF41QB,3,211,81
10,EEFG5QG,3,249,81
9,FFFC1,3,113,70
12,PPF41Q2G,3,GYM2,66
9,PHF41H2,3,B17,92
9,PPF41Q3G,3,GYM2,65
12,MRF41,3,223,68
10,FSFC5,3,116,85
12,HQFC9TH,3,327,81
12,HQF41QQY,3,317,99
11,PPF41Q3G,3,GYM1,93
11,UAF41H2,3,227,95
9,EEFG1QB,3,149,70
10,FMFC5,3,215,70
11,EEFG9QGR,3,350,78
10,FSFC1,3,114,85
11,SHFC3TM,3,248,90
9,SLF41QWB,3,328B,82
10,HUF41,3,324,65
10,SCF41H,3,138,90
10,FMFC5,3,215,88
9,HGF82HGD,3,311,96
9,HGF81QGD,3,321,85
10,SPF41H,3,238,90
11,FSFC5,3,107,80
9,HUF41QG,3,334A,65
11,SWF41HG,3,341,91
10,FSFC9H,3,123,96
10,BCF41T,3,332,65
10,PPF41Q2G,3,GYM2,85
11,EEFG9,3,331,76
12,AQF41QQY,3,216B,100
9,HGF81HQD,3,139,93
11,SHFC3TM,3,248,96
10,BCF41T,3,332,75
10,PPF41Q3B,3,GYM3,80
12,HQFC9TH,3,327,97
12,ALF41,3,222,84
10,MKFC1TC,3,108,96
11,FSFC5,3,107,65
9,HGF82QTD,3,311,80
10,PPF41Q2G,3,GYM1,95
10,PPF41Q3G,3,GYM2,100
10,PHF41H3,3,B17,97
10,PPF41Q2B,3,GYM3,90
9,EEFG9HGR,3,350,90
10,FSFC1,3,207,78
9,PHF41H2,3,B17,97
9,PPF41Q3B,3,GYM3,90
10,EEFG5QW,3,348,88
9,EEFG1HGB,3,246,90
10,FFFC1,3,113,55
9,SWF41QT,3,341,66
11,SEF41,3,B30,70
11,FSFC5,3,107,80
12,EEFGDUGJ,3,B6,96
12,SQF41QQY,3,233,100
9,FFFC1,3,113,55
11,EEFG9QTR,3,350,88
11,FFFC5,3,111,68
9,HGF81QQD,3,213,83
9,PHF41H2,3,231,90
9,PPF41Q3G,3,GYM2,90
9,SLF41QB,3,229,65
12,EEFGDUQV,3,204,69
9,EEFG9QT,3,125,66
10,SCF41,3,138,74
12,MCF41UAX,3,221,67
9,PHF41Q2,3,231,89
9,PPF41Q3B,3,GYM3,90
9,PHF41Q3,3,B17,80
9,PPF41Q2B,3,GYM3,90
9,EEFG1QGB,3,250,77
10,MGF41QTF,3,105,66
9,EEFG1QTB,3,246,80
9,PHF41H3,3,231,95
9,PPF41Q2B,3,GYM3,90
12,ULFC9TP,3,B39,91
9,HGF81QQD,3,139,70
10,HUF41QW,3,326,78
11,PPF41Q2B,3,GYM3,90
11,PPF41Q3B,3,GYM3,90
9,FFFC1,3,113,65
10,SCF41H,3,141,98
9,HUF41,3,338,55
12,UEFGD,3,B27,71
9,EEFG5,3,334B,67
9,HGF82QQD,3,316,78
9,HGF82QGD,3,313,55
11,PPF41Q3G,3,GYM2,95
11,PWF41Q2G,3,POOL,92
9,HGF81HQD,3,213,95
9,HFF41,3,315,45
12,PPF41Q2B,3,GYM3,95
12,PPF41Q3B,3,GYM3,95
9,HGF81QTD,3,321,70
10,AWF81,3,228,80
9,PHF41Q3,3,231,65
12,EEFGDUQX,3,347,95
11,FSFC5,3,116,65
10,SHFC3TM,3,248,100
10,HUF41QT,3,334A,75
12,MKFC9TC,3,322,85
10,EEFG5QF,3,349,75
9,EEFG1QHB,3,346,55
12,MKFC9TC,3,322,84
10,FFFC5,3,111,75
11,EEFGDUQX,3,347,80
12,AUFC9TA,3,232,78
11,FSFC5,3,107,80
9,HGF81QWD,3,329B,55
9,SLF41QWB,3,328B,70
9,PPF41Q3G,3,GYM1,95
11,SPF41,3,238,80
10,FFFC5,3,111,86
9,EEFGDHW,3,226,97
9,EEFG1QB,3,146,79
12,UEFGDH,3,B27,94
11,MGF41,3,214,65
9,EEFG5,3,334B,68
12,MRF41,3,225,55
10,SEF41,3,B30,55
11,HFF41,3,315,80
9,EEFGDHW,3,226,92
9,FSFC1,3,207,80
12,EEFGDUQX,3,347,70
10,SCF41H,3,141,95
9,HGF82QQD,3,316,85
10,HFF41,3,323,88
9,SEF41,3,B30,78
9,HGF81QWD,3,329B,82
12,HQF41QQY,3,317,99
9,SWF41QG,3,341,45
10,HUF41QG,3,334A,85
10,FSFC5,3,107,65
10,EEFG5QT,3,249,65
10,FMFC5H,3,215,98
11,HUF41,3,338,80
11,EEFG9QGR,3,350,65
9,HGF81QQD,3,139,70
11,EEFG9QG,3,125,88
11,FSFC5H,3,107,92
11,PPF41Q2G,3,GYM1,75
12,MCF41UAX,3,221,72
11,EEFGDUQF,3,336,80
9,PHF41Q3,3,231,67
9,PPF41Q2B,3,GYM3,90
10,HUF41HG,3,334A,92
10,HUF41UQX,3,325,92
12,EEFGDUQX,3,347,88
10,PPF41Q2G,3,GYM2,55
10,UAF85Q3,3,227,74
10,FSFC1,3,114,55
9,SLF41HB,3,211,92
11,PPF41Q3G,3,GYM2,96
12,PQF41Q2Y,3,251,100
12,PQF41Q3Y,3,251,100
10,FSFC1,3,114,84
9,SLF41QTB,3,147,79
9,EEFG1QB,3,146,73
12,PPF41Q2B,3,GYM3,65
12,PPF41Q3B,3,GYM3,65
9,EEFG9,3,331,45
9,MEF41QG,3,205,66
11,FLFC9,3,121,75
9,EEFG1HTB,3,246,90
12,EEFGDUGJ,3,B6,86
9,EEFG5,3,334B,55
9,SLF41QTB,3,247,65
9,SLF41QTB,3,247,71
10,MGF41,3,104,74
10,FFFC1,3,113,75
10,PHF41Q2,3,B17,89
10,UAF85Q3,3,227,69
9,EEFG5QT,3,249,80
11,FSFC5,3,107,65
9,UEFG9,3,B27,70
9,HGF81QQD,3,139,55
9,SLF41QWB,3,328B,80
10,FSFC1,3,114,55
10,FSFC9,3,123,65
11,HFF41H,3,323,92
10,FSFC5,3,116,80
12,MKFC9TC,3,322,86
9,SLF41QWB,3,328B,80
12,AUFC9TA,3,232,96
10,SHFC3TM,3,248,85
11,EEFGDUQF,3,336,85
9,SLF41HB,3,211,91
9,FSFC1,3,114,85
12,ALF41H,3,222,93
9,HGF82HGD,3,313,92
9,SLF41QB,3,211,70
11,EEFG9,3,331,70
9,HUF41,3,338,55
9,SLF41QTB,3,147,65
9,HFF41,3,323,55
12,MCF41UAX,3,221,80
10,PPF41Q2G,3,GYM1,70
10,PPF41Q3G,3,GYM1,70
10,FSFC5H,3,107,90
11,AQF41UVT,3,206,86
10,SCF41,3,138,83
12,EQF41QQY,3,328A,100
10,FSFC9,3,123,88
9,MEF41,3,203,55
12,EEFG9,3,331,65
10,MGF41,3,103,86
12,EEFGDUQF,3,336,55
9,HGF82QQD,3,316,84
11,BCF41T,3,332,84
11,PPF41Q2B,3,GYM3,90
11,HBF41X,3,314,96
9,EEFG1QB,3,146,81
11,EEFG9QTR,3,350,88
11,BCF41T,3,332,55
11,PPF41Q3B,3,GYM3,80
9,HQF41HHB,3,333,91
9,EEFG1QGB,3,246,80
9,MEF41QT,3,205,80
10,FMFC5,3,215,68
12,MKFC9TC,3,322,68
10,EEFG9QF,3,126,72
10,SCF41,3,141,70
11,HFF41,3,323,86
11,FMFC5H,3,115,96
10,BCF41T,3,332,90
10,PPF41Q2G,3,GYM2,90
10,MGF41H,3,214,90
10,PHF41H3,3,B17,95
10,PPF41Q2G,3,GYM1,93
10,EEFG5H,3,334B,90
9,EEFG1QB,3,146,87
10,MGF41QGF,3,105,75
10,SWF41QT,3,341,80
11,PPF41Q3B,3,GYM3,90
12,UEFGDH,3,B27,95
11,SEF41H,3,B30,91
10,HUF41UQX,3,325,93
12,HBF41X,3,314,82
9,EEFG5QFW,3,349,65
11,SHFC3TM,3,248,75
12,UAF41Q2,3,227,83
12,UAF41Q3,3,227,77
12,MKFC9TC,3,322,86
10,HUF41H,3,338,92
9,FFFC1H,3,113,91
9,EEFG9QFW,3,126,45
12,BCF41T,3,332,85
12,PPF41Q2G,3,GYM2,100
12,EEFGDUQV,3,204,84
11,EEFGDUTJ,3,B6,92
10,EEFG5QT,3,249,85
10,HUF41UQX,3,325,92
10,MKFC1TC,3,108,86
11,FMFC5H,3,215,96
9,SLF41QB,3,229,85
9,HGF81QQD,3,213,89
11,FMFC5H,3,215,98
12,ULFC9TP,3,B39,80
11,FMFC5H,3,115,94
11,EEFGDUQV,3,204,85
11,MRF41H,3,223,91
12,MKF41QQY,3,319,99
11,FMFC5H,3,215,95
11,MCF41UAX,3,221,76
12,HQFC9TH,3,327,91
10,MRF41H,3,223,93
10,HUF41UQX,3,325,92
9,SLF41QWB,3,328B,65
9,SLF41HGB,3,147,96
10,MGF41QTF,3,105,83
11,EEFGDUGJ,3,B6,78
10,SWF41QG,3,341,70
10,MKFC1TC,3,108,81
9,SLF41QB,3,211,88
10,EEFG5,3,334B,80
10,MKFC1TC,3,108,91
11,EEFGDUQV,3,204,81
11,AUFC9TA,3,232,99
12,FQF41QQY,3,216B,100
9,EEFG1QHB,3,346,77
12,ALF41,3,222,85
11,PPF41Q2G,3,GYM2,97
11,PPF41Q3G,3,GYM2,100
11,EEFG9,3,331,79
10,FMFC5H,3,115,93
10,PPF41Q2G,3,GYM1,95
10,PPF41Q3G,3,GYM2,80
11,FMFC5H,3,115,99
9,HGF82QQD,3,316,82
12,UEFGDH,3,B27,100
10,MRF41H,3,225,94
10,EEFG9QF,3,126,65
9,HGF82QQD,3,316,82
11,MPF41UQJ,3,208,87
9,PHF41Q3,3,231,85
9,PPF41Q2B,3,GYM3,90
9,HQF41QHB,3,333,87
10,MRF41,3,223,80
9,SLF41HB,3,211,91
10,SCF41,3,141,82
11,EEFG9QG,3,125,87
9,PHF41H3,3,B17,99
9,PPF41Q2G,3,GYM2,96
10,PHF41H3,3,B17,92
10,PPF41Q2G,3,GYM2,100
10,EEFG5,3,334B,80
10,HFF41,3,315,88
12,ALF41H,3,222,97
9,PHF41H3,3,B17,90
9,PPF41Q2B,3,GYM3,90
9,MEF41QG,3,205,85
9,HFF41,3,315,70
11,MRF41H,3,223,93
9,EEFG1HHB,3,346,90
9,PHF41H2,3,B17,98
9,PPF41Q3G,3,GYM2,100
10,PPF41Q2G,3,GYM1,92
10,PPF41Q3G,3,GYM2,95
12,ULFC9TP,3,B39,86
11,HFF41H,3,315,94
9,MEF41H,3,203,91
11,BCF41T,3,332,98
11,PPF41Q3G,3,GYM1,93
9,HQF41HHB,3,333,92
12,PPF41Q3B,3,GYM3,90
12,PQF41Q2Y,3,251,100
12,PQF41Q3Y,3,251,100
9,FFFC1,3,113,79
11,MRF41H,3,223,90
11,SPF41H,3,238,95
9,MEF41,3,203,89
10,FLFC5H,3,122,99
11,HBF41X,3,314,94
10,MRF41,3,223,75
11,EEFGDUGJ,3,B6,65
12,EEFGDUQX,3,347,80
11,FLFC9,3,121,77
12,HBF41X,3,314,93
10,EEFG9HG,3,125,93
11,EEFG9QG,3,125,89
12,AWF85,3,B7,86
10,FSFC9,3,123,82
9,HGF82QQD,3,316,82
9,EEFG1QGB,3,250,84
10,HUF41UQX,3,325,92
9,EEFG1QB,3,149,82
9,MEF41QG,3,205,55
9,HGF82QGD,3,313,55
12,FKFC9,3,124,74
10,MGF41HGF,3,105,92
9,HGF81HQD,3,139,90
11,FLFC9H,3,121,100
11,EEFGDUQF,3,336,88
9,EEFG1QGB,3,250,71
11,EEFGDUQX,3,347,75
11,PPF41Q3G,3,GYM2,100
11,UAF85Q2,3,227,87
9,HGF82QQD,3,316,85
9,PPF41Q2B,3,GYM3,95
9,PPF41Q3B,3,GYM3,95
10,FKFC5,3,124,74
9,EEFG1QB,3,149,82
9,SLF41QB,3,229,79
10,FKFC5,3,124,70
11,PWF41Q3G,3,POOL,85
10,MGF41QTF,3,105,55
9,SLF41QB,3,229,85
12,MKFC9TC,3,322,80
11,PPF41Q2B,3,GYM3,95
11,PPF41Q3B,3,GYM3,90
12,ULFC9TP,3,B39,84
12,ULFC9TP,3,B39,93
9,EEFG1QB,3,146,84
10,PPF41Q2B,3,GYM3,100
10,PPF41Q3B,3,GYM3,98
10,FKFC5,3,124,78
10,PPF41Q2B,3,GYM3,90
10,PPF41Q3B,3,GYM3,90
11,FLFC9H,3,121,97
12,HQFC9TH,3,327,97
12,MCF41UAX,3,221,69
12,AUFC9TA,3,232,99
10,FMFC5,3,215,78
11,HBF41X,3,314,93
9,EEFG1HHB,3,346,90
10,MGF41,3,103,87
11,FMFC5H,3,115,96
12,MPF41UQS,3,219,86
9,MEF41QT,3,205,73
10,FKFC5,3,124,65
11,MGF41,3,104,45
10,SHFC3TM,3,248,98
10,SCF41,3,138,74
12,MKFC9TC,3,322,83
12,UEFGD,3,B27,89
10,FMFC5,3,215,45
10,PPF41Q2B,3,GYM3,95
10,UAF85Q3,3,227,66
10,PPF41Q2B,3,GYM3,85
10,PPF41Q3B,3,GYM3,65
9,HGF81QWD,3,329B,72
9,HUF41QW,3,326,82
9,FSFC1,3,114,86
10,FMFC5,3,115,87
9,MEF41QT,3,205,55
9,EEFG1HGB,3,250,96
12,EEFGDUTJ,3,B6,80
9,SLF41QGB,3,247,76
10,HUF41UQX,3,325,92
12,AUFC9TA,3,232,85
12,MGF41QTF,3,105,45
12,ALF41,3,222,75
9,SLF41QB,3,211,65
12,ALF41,3,222,78
12,UEFGD,3,B27,85
9,EEFG1QGB,3,250,70
9,BCF41T,3,332,55
9,PPF41Q2B,3,GYM3,45
11,EEFGDUGJ,3,B6,74
9,EEFGDQW,3,226,66
9,EEFG9QGR,3,350,65
11,FSFC5,3,116,88
9,HGF81HQD,3,213,98
10,FLFC5H,3,122,90
9,SLF41QTB,3,247,65
12,MPF41UQS,3,219,80
12,ALF41,3,222,79
10,SCF41,3,138,69
10,FSFC9H,3,123,94
11,EEFG9HG,3,125,93
10,MGF41H,3,103,90
9,SLF41QTB,3,247,65
11,EEFG9,3,331,77
11,AWF81,3,228,45
9,HFF41,3,323,45
10,FFFC5H,3,111,93
10,PPF41Q2G,3,GYM2,95
10,PPF41Q3G,3,GYM2,90
9,EEFG1QGB,3,250,65
9,HGF82QGD,3,311,84
10,FMFC5,3,215,74
10,MEF41,3,203,79
11,EEFGDUQV,3,204,66
9,AWF81,3,228,73
10,MRF41,3,223,85
9,EEFG1QGB,3,250,76
11,FSFC5,3,116,80
10,PPF41Q2B,3,GYM3,100
10,PPF41Q3B,3,GYM3,90
11,EEFG9QG,3,125,86
10,MGF41,3,214,85
11,AWF81,3,228,82
10,AQF41UVT,3,206,81
9,HGF81HQD,3,213,90
10,MGF41QTF,3,105,65
10,EEFG5QT,3,249,82
9,FSFC9,3,123,75
9,EEFG1QB,3,146,86
12,ULFC9TP,3,B39,91
12,MKF41QQY,3,319,99
11,AWF85H,3,B7,92
11,FSFC5,3,116,70
9,EEFG1QB,3,146,84
12,PHF41Q2,3,B17,92
12,PPF41Q3B,3,GYM3,85
12,PPF41Q2B,3,GYM3,95
12,PQF41Q3Y,3,251,100
10,MKFC1TC,3,108,85
9,SLF41QTB,3,147,45
9,HUF41QT,3,334A,65
11,AWF85,3,B7,89
10,FFFC5,3,111,65
10,SCF41,3,141,83
11,UEFG9H,3,B27,100
11,FMFC5H,3,215,99
9,HGF81HQD,3,139,90
9,AWF81,3,228,78
10,SCF41,3,138,55
10,FLFC5,3,122,55
11,FSFC9,3,123,88
10,SEF41H,3,B30,90
12,EEFGDUQF,3,336,93
10,HUF41UQX,3,325,80
10,HUF41HW,3,326,95
12,SQF41QQY,3,233,100
12,ULFC9TP,3,B39,92
9,FSFC1,3,114,55
10,FLFC5,3,122,85
10,PPF41Q3G,3,GYM2,99
10,UAF41Q2,3,227,81
12,PPF41Q2B,3,GYM3,90
12,PPF41Q3B,3,GYM3,90
11,PPF41Q2B,3,GYM3,65
11,PPF41Q3B,3,GYM3,65
10,FMFC5H,3,115,93
10,FSFC1,3,114,55
10,SWF41QT,3,341,79
11,MPF41UQJ,3,208,88
10,FSFC5,3,107,65
11,AQF41UVT,3,206,89
12,PQF41Q2Y,3,251,100
12,PQF41Q3Y,3,251,100
9,SLF41HB,3,211,95
12,AQF41QQY,3,216B,100
9,PHF41H3,3,231,95
9,PPF41Q2G,3,GYM2,91
10,EEFG9QFW,3,126,83
10,FSFC9,3,123,85
ST,EEFG5QG,3,249,76
9,HGF82QGD,3,313,86
10,HFF41,3,323,55
9,SLF41QWB,3,328B,55
9,HUF41QT,3,334A,70
9,HGF82QTD,3,311,68
9,HGF81QQD,3,213,87
12,AWF81,3,228,89
10,MGF41,3,104,65
10,HUF41QG,3,334A,82
11,MGF41QGF,3,105,66
12,MKFC9TC,3,322,55
11,HBF41X,3,314,80
12,PQF41Q2Y,3,251,100
12,PQF41Q3Y,3,251,100
10,HFF41,3,323,76
9,EEFG1QTB,3,250,71
9,PHF41Q2,3,231,67
9,PPF41Q3B,3,GYM3,90
10,PWF41Q3G,3,POOL,95
10,FSFC1,3,207,70
10,MRF41,3,223,76
9,SLF41HWB,3,328B,94
9,SLF41QGB,3,247,88
12,UEFGD,3,B27,70
9,EEFG1QTB,3,246,80
10,SCF41,3,138,88
9,EEFG1QHB,3,346,86
11,UEFG9H,3,B27,97
9,HGF81HQD,3,213,95
11,EEFG9,3,331,55
12,MKF41QQY,3,319,90
11,PPF41Q2G,3,GYM2,100
11,PPF41Q3G,3,GYM1,80
11,MRF41,3,223,76
9,HGF81QQD,3,139,83
9,HGF82HTD,3,311,90
9,HGF82QTD,3,313,65
9,PHF41H3,3,B17,90
9,PPF41Q2B,3,GYM3,98
10,HFF41,3,323,65
9,EEFG5HW,3,348,90
11,EEFGDUQF,3,336,88
9,SLF41QTB,3,147,45
9,HGF82QQD,3,316,67
11,AWF81H,3,228,95
10,SCF41,3,141,77
10,SCF41,3,138,67
11,MRF41,3,225,55
10,HUF41H,3,338,93
10,BCF41T,3,332,89
10,PPF41Q2B,3,GYM3,100
10,SHFC3TM,3,248,95
11,BCF41T,3,332,98
11,PWF41Q3G,3,POOL,92
9,PHF41H2,3,231,94
9,PPF41Q3B,3,GYM3,90
9,MEF41HG,3,205,100
11,HFF41,3,315,55
12,AUFC9TA,3,232,98
9,EEFG1HHB,3,346,91
10,AQF41UVT,3,206,83
10,PWF41Q3G,3,POOL,92
10,UAF85H2,3,227,98
10,MKFC1TC,3,108,55
9,PPF41Q2G,3,GYM1,85
9,PPF41Q3G,3,GYM1,85
12,HUF41,3,324,65
9,HGF81QWD,3,329B,80
11,EEFG9HG,3,125,93
9,SLF41QTB,3,147,45
11,UEFG9,3,B27,65
9,SLF41QB,3,229,55
10,SWF41QT,3,341,79
9,SWF41QT,3,341,77
9,HGF81HGD,3,321,91
9,PPF41Q2G,3,GYM2,100
9,PPF41Q3G,3,GYM1,93
10,PPF41Q2G,3,GYM2,100
10,UAF85Q3,3,227,79
12,ALF41,3,222,85
9,HGF82QQD,3,316,67
10,FFFC5H,3,111,100
9,SLF41QGB,3,147,72
9,EEFG9QF,3,126,75
12,PPF41Q2B,3,GYM3,95
9,EEFG1QGB,3,250,88
12,ULFC9TP,3,B39,83
9,SLF41QGB,3,147,76
9,HQF41QHB,3,333,87
9,MRF41,3,225,66
11,PPF41Q2G,3,GYM1,90
11,PPF41Q3G,3,GYM1,93
10,SEF41H,3,B30,90
11,EEFG9,3,331,74
10,SHFC3TM,3,248,99
9,SLF41QGB,3,247,85
11,BCF41T,3,332,84
11,PPF41Q3B,3,GYM3,90
12,MPF41UQS,3,219,75
9,PHF41Q3,3,231,66
9,PPF41Q2B,3,GYM3,90
10,HFF41,3,315,80
12,AWF81,3,228,86
9,HGF82QQD,3,316,88
9,PHF41H3,3,B17,93
9,PPF41Q2G,3,GYM1,92
11,PHF41H3,3,B17,98
11,PPF41Q2G,3,GYM2,99
11,EEFGDUGJ,3,B6,88
10,MGF41H,3,214,94
9,HFF41,3,323,65
12,MPF41UQS,3,219,74
10,SCF41,3,138,67
9,AWF81H,3,228,97
12,HQFC9TH,3,327,85
10,FMFC5,3,215,83
9,HGF82QGD,3,313,84
12,EEFGDUQV,3,204,98
9,HGF82QTD,3,311,70
12,MPF41UQS,3,219,65
11,FSFC5,3,116,75
9,EEFGDQW,3,226,68
9,EEFG1QB,3,330,86
9,EEFG1QTB,3,250,45
11,PPF41Q2B,3,GYM3,95
11,FSFC5H,3,107,90
9,HGF81HGD,3,321,91
11,FFFC5,3,111,77
9,FSFC1,3,114,79
10,PPF41Q3B,3,GYM3,90
10,SEF41H,3,B30,92
11,FSFC5,3,107,80
12,ULFC9TP,3,B39,81
11,PPF41Q3G,3,GYM1,92
11,UAF41Q2,3,227,84
9,EEFG1QB,3,149,65
11,AWF81,3,228,81
9,HGF82QGD,3,313,77
9,EEFG5QW,3,348,75
10,FSFC9,3,123,84
9,SLF41HB,3,211,97
10,SCF41,3,138,55
9,EEFG9QF,3,126,65
9,HUF41,3,338,65
11,EEFG9QTR,3,350,80
11,EEFG9HGR,3,350,93
9,HUF41,3,324,65
9,MEF41,3,203,67
9,HGF82HQD,3,316,91
12,EEFGDUQV,3,204,90
9,FSFC1,3,114,67
10,PHF41Q3,3,231,65
10,PPF41Q2G,3,GYM2,65
9,EEFG1QHB,3,346,86
10,HUF41QG,3,334A,86
11,MRF41,3,225,74
11,EEFGDUTJ,3,B6,79
9,PHF41Q2,3,231,66
9,PPF41Q3B,3,GYM3,80
9,EEFG5QF,3,349,65
12,SPF41H,3,238,90
9,FFFC1,3,113,55
9,HGF81QGD,3,321,77
10,HFF41,3,315,85
9,HGF82HQD,3,316,93
9,EEFG1QHB,3,346,80
9,AWF81H,3,228,94
9,HGF81HWD,3,329B,90
10,FMFC5H,3,215,99
10,MGF41,3,104,83
12,SPF41H,3,238,95
10,FMFC5H,3,115,96
12,AUFC9TA,3,232,98
11,SPF41H,3,238,95
9,HGF82QGD,3,311,78
9,EEFG1QGB,3,250,79
9,SLF41QWB,3,328B,55
12,ALF41,3,222,85
9,PHF41H3,3,B17,96
9,PPF41Q2G,3,GYM2,95
11,MPF41UQJ,3,208,65
10,EEFG5QW,3,348,74
9,PHF41H2,3,B17,98
9,PPF41Q3B,3,GYM3,90
10,SPF41H,3,238,95
10,MGF41QGF,3,105,68
9,SLF41QB,3,229,79
9,EEFG1QB,3,149,66
10,HUF41UQX,3,325,88
9,EEFG1QHB,3,346,86
10,HUF41,3,338,55
9,MEF41,3,203,66
9,HGF81QTD,3,321,68
12,EEFG9QTR,3,350,85
9,HQF41HHB,3,333,92
12,HQF41QQY,3,317,99
10,PPF41Q2B,3,GYM3,55
10,UAF41Q3,3,227,70
9,EEFG1QB,3,146,66
12,AUFC9TA,3,232,85
10,SCF41,3,141,65
9,EEFG1HB,3,330,94
12,HQFC9TH,3,327,86
9,EEFG1QB,3,149,82
10,MGF41,3,103,65
10,HUF41H,3,338,91
9,HGF81QQD,3,213,86
10,PPF41Q2G,3,GYM2,100
10,UAF41Q3,3,227,72
11,FFFC1,3,113,67
10,FSFC1,3,207,65
10,BCF41T,3,332,65
10,PPF41Q3B,3,GYM3,85
12,HQFC9TH,3,327,80
10,SWF41QT,3,341,74
12,ALF41,3,222,83
11,PQF41Q2Y,3,251,100
11,PQF41Q3Y,3,251,100
9,HGF81HQD,3,139,98
11,BCF41T,3,332,83
11,PPF41Q3G,3,GYM1,90
10,FFFC5,3,111,71
10,SCF41,3,138,75
9,MEF41,3,203,65
9,FSFC9,3,123,65
10,SCF41,3,138,77
9,EEFG5QT,3,249,80
12,PWF41Q2G,3,POOL,85
10,PPF41Q2G,3,GYM2,90
10,PPF41Q3G,3,GYM2,100
10,MKFC1TC,3,108,97
11,PPF41Q2B,3,GYM3,98
11,UAF85H3,3,227,98
9,HGF82HQD,3,316,90
9,HGF81QQD,3,139,80
10,PPF41Q2B,3,GYM3,90
10,PPF41Q3B,3,GYM3,80
10,SHFC3TM,3,248,92
10,HUF41,3,324,83
9,PPF41Q2G,3,GYM1,75
9,PPF41Q3G,3,GYM2,75
11,EEFG9QTR,3,350,78
9,SLF41QB,3,211,84
9,EEFGDQW,3,226,83
9,HQF41QHB,3,333,89
9,EEFG1QTB,3,246,68
10,FSFC5,3,107,70
9,HGF82QGD,3,313,86
10,PPF41Q2G,3,GYM2,91
10,PPF41Q3G,3,GYM2,85
9,MEF41,3,203,79
11,FSFC5,3,116,70
11,EEFG9HG,3,125,92
9,PHF41H2,3,231,95
9,PPF41Q3G,3,GYM2,100
11,UEFG9,3,B27,82
9,MEF41,3,203,78
10,MGF41,3,104,72
11,FSFC5,3,116,78
11,MRF41,3,225,55
9,EEFG1QB,3,146,78
11,MKFC1TC,3,108,66
9,SLF41QGB,3,147,80
10,PPF41Q2B,3,GYM3,65
10,PPF41Q3B,3,GYM3,55
9,HGF81QQD,3,139,87
12,MKF41QQY,3,319,99
10,EEFG9HGR,3,350,90
11,BCF41T,3,332,91
11,PPF41Q3G,3,GYM2,100
9,EEFG1QTB,3,250,65
12,UQF41QQY,3,216B,100
10,HUF41,3,338,73
9,FFFC1,3,113,70
10,SCF41,3,141,85
9,EEFG5QF,3,349,88
12,MPF41UQS,3,219,86
10,EEFG9QGR,3,350,45
9,HGF81HQD,3,213,96
10,FLFC5H,3,122,95
12,UEFGD,3,B27,85
9,EEFG1QTB,3,246,85
10,HUF41QW,3,326,65
10,PPF41Q3G,3,GYM1,94
11,EEFG9HG,3,125,95
9,HGF81QWD,3,329B,70
10,EEFG9,3,331,55
11,UEFG9H,3,B27,97
11,AWF81,3,228,89
11,FLFC9,3,121,65
12,MKFC9TC,3,322,65
10,SHFC3TM,3,248,94
10,HFF41,3,315,55
11,SEF41,3,B30,73
11,SPF41H,3,238,95
9,EEFG1QB,3,149,82
10,FLFC5H,3,122,93
12,MKFC9TC,3,322,80
11,MCF41UAX,3,221,91
9,FSFC1H,3,114,98
11,AWF85,3,B7,65
9,HGF81QWD,3,329B,76
9,EEFG5,3,334B,76
10,BCF41T,3,332,88
10,PWF41Q2G,3,POOL,92
11,FSFC5,3,116,75
9,EEFGDUGJ,3,B6,90
10,HUF41QW,3,326,82
10,MGF41QTF,3,105,70
11,FLFC9H,3,121,94
12,MGF41,3,104,66
12,AUFC9TA,3,232,92
9,HUF41,3,324,77
11,EEFGDUGJ,3,B6,88
11,MPF41UQJ,3,208,98
10,HUF41H,3,338,92
10,SEF41,3,B30,65
12,EEFGDUQX,3,347,82
9,HGF82QGD,3,311,88
10,MGF41H,3,104,100
9,EEFG1HB,3,330,96
11,FLFC9H,3,121,100
11,PPF41Q3B,3,GYM3,90
11,EEFGDUQV,3,204,98
10,FLFC5H,3,122,93
11,BCF41T,3,332,86
11,PPF41Q2B,3,GYM3,90
12,PQF41Q2Y,3,251,100
12,PQF41Q3Y,3,251,100
9,PPF41Q2G,3,GYM2,45
9,PPF41Q3G,3,GYM1,45
11,EEFG9QG,3,125,70
11,FSFC5H,3,116,95
10,PPF41Q2G,3,GYM2,90
10,UAF41Q3,3,227,66
12,EEFGDUQX,3,347,82
11,UEFG9,3,B27,87
11,EEFGDUQF,3,336,85
9,PHF41H2,3,B17,91
9,PPF41Q3B,3,GYM3,95
9,HGF82QQD,3,316,65
9,EEFG5QF,3,349,74
10,AQF41UVT,3,206,89
11,UEFGD,3,B27,85
9,MEF41QG,3,205,88
12,PQF41Q2Y,3,251,100
12,PQF41Q3Y,3,251,100
9,FFFC1,3,113,75
9,EEFG1HB,3,330,93
10,MGF41,3,103,87
9,HGF82QQD,3,316,75
11,EEFG9HT,3,125,92
11,PPF41Q3B,3,GYM3,95
11,UAF41Q2,3,227,80
12,ALF41,3,222,69
9,HGF81QWD,3,329B,75
10,SWF41QT,3,341,84
10,SHFC3TM,3,248,98
11,SWF41HG,3,341,91
11,BCF41T,3,332,86
11,PPF41Q2G,3,GYM1,90
9,SLF41QGB,3,147,65
12,EEFGDUQX,3,347,88
10,FLFC5H,3,122,92
12,PHF41Q3,3,231,66
10,MGF41H,3,214,93
12,FLFC5,3,122,65
10,MRF41,3,223,77
9,HGF81HQD,3,213,91
10,EEFG5,3,334B,71
11,FQF41QQY,3,216B,90
11,FMFC5H,3,215,99
10,FMFC5H,3,115,91
9,SLF41QB,3,229,82
10,FSFC1H,3,207,98
11,SWF41HG,3,341,93
11,EEFGDUQV,3,204,96
12,AUFC9TA,3,232,95
10,PPF41Q2G,3,GYM2,100
11,FLFC9,3,121,73
9,SLF41QWB,3,328B,65
9,EEFG1HGB,3,246,98
12,EEFGDUQV,3,204,97
9,EEFG1HB,3,330,94
9,HGF82QTD,3,313,65
11,MCF41UAX,3,221,97
9,EEFG5QF,3,349,55
9,FMFC5H,3,115,97
12,ULFC9TP,3,B39,93
12,HFF41,3,315,85
11,PPF41Q3G,3,GYM2,85
11,PWF41Q2G,3,POOL,93
10,MKF41QQY,3,319,90
10,FSFC1,3,114,80
9,PHF41H3,3,231,92
9,PPF41Q2B,3,GYM3,95
10,HFF41,3,315,80
9,HGF82QTD,3,313,70
11,EEFGDUQV,3,204,90
11,MPF41UQJ,3,208,91
11,AWF81H,3,228,95
11,EEFGDHW,3,226,95
12,UEFGDH,3,B27,92
10,PPF41Q3B,3,GYM3,75
11,SWF41HG,3,341,94
9,HGF81QQD,3,139,78
10,HUF41,3,324,87
10,HUF41H,3,324,90
9,PHF41H3,3,B17,94
9,PPF41Q2G,3,GYM2,100
11,EEFG9QTR,3,350,71
9,FSFC1,3,207,65
12,ULFC9TP,3,B39,84
11,UEFG9H,3,B27,92
12,AUFC9TA,3,232,77
10,EEFG5,3,334B,79
11,UEFG9H,3,B27,98
9,PHF41H2,3,231,94
9,PPF41Q3G,3,GYM2,100
12,AQF41QQY,3,216B,100
10,PPF41Q3G,3,GYM2,97
9,MGF41HGF,3,105,97
10,SCF41H,3,141,97
9,HGF82QGD,3,313,70
10,PPF41Q2B,3,GYM3,70
10,PPF41Q3B,3,GYM3,90
9,SLF41QGB,3,247,82
10,ALF41,3,222,77
12,HQF41QQY,3,317,99
9,HGF81QQD,3,213,83
9,SCF41,3,138,85
10,EEFG9QTR,3,350,67
11,PPF41Q2G,3,GYM2,85
11,PPF41Q3G,3,GYM1,85
10,FMFC5H,3,115,94
9,FFFC1H,3,113,96
9,PHF41Q3,3,B17,55
9,PPF41Q2B,3,GYM3,80
9,MEF41QG,3,205,75
9,HGF81HQD,3,213,93
12,PPF41Q2B,3,GYM3,90
12,PQF41Q2Y,3,251,100
12,PQF41Q3Y,3,251,100
10,SLF41HGB,3,147,90
12,PPF41Q2G,3,GYM2,55
12,PPF41Q3G,3,GYM1,65
10,MGF41QGF,3,105,86
10,EEFG5,3,334B,70
10,PPF41Q2B,3,GYM3,90
10,PPF41Q3B,3,GYM3,90
10,SCF41,3,138,82
12,PPF41Q3G,3,GYM2,97
12,UAF41Q2,3,227,80
11,SPF41H,3,238,90
12,EEFGDUQV,3,204,89
9,HGF82QGD,3,311,87
10,MGF41H,3,214,93
10,EEFG9QF,3,126,65
9,EEFG1QB,3,146,86
12,EQF41QQY,3,328A,90
10,PHF41H2,3,B17,97
10,PPF41Q3G,3,GYM2,100
9,SLF41HGB,3,247,94
9,MEF41,3,203,55
9,SLF41QGB,3,247,81
12,EEFGDUQV,3,204,45
9,HGF82QQD,3,316,68
10,MKFC1TC,3,108,95
10,HUF41UQX,3,325,86
9,MEF41,3,203,78
11,MRF41,3,223,77
11,HGF81QQD,3,139,65
11,FSFC1,3,207,66
10,MRF41,3,225,65
9,HUF41UQX,3,325,87
11,PPF41Q2G,3,GYM2,65
11,PPF41Q3G,3,GYM2,55
12,UQF41QQY,3,216B,65
11,SEF41H,3,B30,96
10,MKFC1TC,3,108,65
11,AUFC9TA,3,232,95
9,HGF82QTD,3,311,77
10,BCF41T,3,332,55
10,UAF85Q3,3,227,70
10,BCF41T,3,332,83
10,PPF41Q2B,3,GYM3,95
10,HUF41HT,3,334A,90
11,MRF41,3,225,55
9,FSFC1,3,207,70
10,HFF41,3,323,45
10,AQF41UVT,3,206,78
10,HUF41UQX,3,325,85
10,HUF41,3,324,71
10,AQF41UVT,3,206,74
10,SCF41,3,141,79
12,HQFC9TH,3,327,80
11,EEFG9QTR,3,350,77
10,FSFC1,3,114,81
9,EEFG1QB,3,146,76
9,MEF41QG,3,205,55
11,FSFC5,3,116,45
9,HGF82QTD,3,311,73
10,FSFC9H,3,123,93
12,MKFC9TC,3,322,70
9,PHF41Q2,3,B17,70
9,PPF41Q3B,3,GYM3,100
9,EEFG9HF,3,126,97
9,HGF81QTD,3,321,45
10,HUF41QG,3,334A,86
9,MEF41,3,203,65
12,SQF41QQY,3,233,100
12,MPF41UQJ,3,208,82
12,MCF41UAX,3,221,82
9,EEFG1QB,3,146,86
9,EEFG5QF,3,349,65
10,HUF41QG,3,334A,83
9,SLF41HGB,3,247,90
10,FFFC5H,3,111,92
12,BCF41T,3,332,80
12,PPF41Q2B,3,GYM3,55
11,SPF41H,3,238,90
10,PPF41Q3G,3,GYM2,95
10,UAF85Q2,3,227,65
9,PHF41H2,3,B17,96
9,PPF41Q3G,3,GYM2,75
11,EEFGDUQV,3,204,69
10,EEFG5QT,3,249,84
10,SCF41H,3,138,97
12,EEFGDUQX,3,347,80
12,UEFGD,3,B27,89
11,UEFG9H,3,B27,94
ST,EEFG5QG,3,249,87
12,MCF41UAX,3,221,76
12,MKFC9TC,3,322,72
11,MPF41UQJ,3,208,92
9,EEFG1QB,3,146,86
9,HUF41QW,3,326,78
9,PHF41H2,3,B17,100
9,PPF41Q3G,3,GYM2,100
9,SLF41QGB,3,247,82
11,FMFC5,3,215,74
9,HQF41QHB,3,333,85
12,EEFGDUQF,3,336,90
9,SLF41QB,3,229,89
11,PPF41Q3G,3,GYM1,95
10,EEFG5HF,3,349,99
10,MKFC1TC,3,108,100
11,SEF41,3,B30,89
10,SEF41,3,B30,70
12,HBF41X,3,314,65
10,HFF41H,3,315,93
10,MGF41,3,214,89
10,FLFC5H,3,122,90
11,BCF41T,3,332,72
11,PPF41Q2B,3,GYM3,90
11,EEFG9,3,331,75
10,EEFG5QG,3,249,77
10,EEFG9QF,3,126,80
12,MPF41UQS,3,219,65
11,PPF41Q3G,3,GYM2,100
11,PWF41Q2G,3,POOL,88
10,FMFC5H,3,215,98
11,HFF41,3,323,87
11,HFF41H,3,315,90
10,PPF41Q2B,3,GYM3,90
10,PPF41Q3B,3,GYM3,80
10,FMFC5H,3,115,100
10,MGF41,3,104,76
12,MPF41UQS,3,219,93
9,EEFG1QB,3,149,85
10,SEF41H,3,B30,96
9,PHF41H2,3,B17,98
9,PPF41Q3G,3,GYM1,80
11,AUFC9TA,3,232,97
10,FMFC5H,3,215,99
10,EEFG9QF,3,126,75
12,AUFC9TA,3,232,85
9,EEFG1QB,3,146,79
9,PHF41H3,3,231,93
9,PPF41Q2G,3,GYM2,100
12,HBF41X,3,314,78
9,EEFG1QB,3,146,85
9,HUF41QT,3,334A,70
10,SCF41,3,141,80
9,HGF81HGD,3,321,95
11,PPF41Q3B,3,GYM3,90
10,EEFG5,3,334B,45
10,SCF41,3,141,85
11,SEF41,3,B30,79
9,MEF41QG,3,205,72
9,EEFG1QGB,3,250,79
12,EEFGDUQX,3,347,83
9,HQF41HHB,3,333,90
11,FSFC5,3,107,75
9,EEFG9QF,3,126,75
12,HQFC9TH,3,327,82
10,EEFG9QT,3,125,83
10,MKFC1TC,3,108,83
10,MRF41,3,223,82
10,HUF41,3,324,70
9,EEFG1QTB,3,246,75
11,SHFC3TM,3,248,97
10,PPF41Q3G,3,GYM2,100
10,MKFC1TC,3,108,94
10,PPF41Q3G,3,GYM2,80
10,UAF41H2,3,227,97
11,HBF41X,3,314,93
11,FSFC9,3,123,88
10,PHF41H3,3,B17,98
10,PPF41Q2G,3,GYM1,93
9,HGF81QQD,3,213,80
9,FSFC1,3,114,55
12,MPF41UQS,3,219,65
11,EEFG9,3,331,81
9,EEFG1QB,3,149,85
10,MGF41QGF,3,105,65
12,EEFGDUQX,3,347,90
9,EEFG1HB,3,330,92
9,SLF41QB,3,211,79
12,PPF41Q2B,3,GYM3,90
9,PHF41Q3,3,231,80
9,PPF41Q2B,3,GYM3,100
12,EEFGDUQF,3,336,92
9,EEFG1QHB,3,346,80
11,PPF41Q3B,3,GYM3,95
10,FSFC1,3,207,88
9,EEFG1QB,3,146,85
11,EEFGDUQV,3,204,73
9,MGF41QGF,3,105,55
9,MEF41QT,3,205,55
12,HQF41QQY,3,317,99
10,HUF41H,3,338,95
11,FFFC1,3,113,65
12,PWF41Q2G,3,POOL,85
11,HBF41X,3,314,87
9,EEFG1QB,3,330,81
11,PPF41Q2G,3,GYM2,85
10,MKFC1TC,3,108,92
11,FKFC5H,3,124,98
10,FKFC5,3,124,86
11,EEFG9HGR,3,350,90
9,EEFG5QG,3,249,55
10,FLFC5,3,122,88
11,AQF41UVT,3,206,89
10,HUF41,3,324,70
9,HFF41,3,323,55
11,AWF85,3,B7,85
9,FSFC1,3,207,75
11,EEFGDUQF,3,336,88
10,AQF41UVT,3,206,84
9,SLF41QB,3,229,70
10,MGF41,3,104,75
12,HBF41X,3,314,92
12,FKFC9H,3,124,98
10,FKFC5H,3,124,99
12,AUFC9TA,3,232,70
12,PPF41Q2G,3,GYM2,80
10,MRF41,3,223,80
12,MCF41UAX,3,221,95
9,EEFG1QB,3,149,78
11,BCF41T,3,332,93
11,PPF41Q3B,3,GYM3,98
10,MRF41H,3,223,96
9,EEFG1QB,3,330,87
11,BCF41T,3,332,90
11,UAF85H3,3,227,99
9,EEFG1QTB,3,246,85
10,MRF41H,3,223,92
10,MRF41,3,225,86
12,PWF41Q2G,3,POOL,90
9,PHF41Q3,3,231,77
9,PPF41Q2G,3,GYM2,90
10,MKFC1TC,3,108,96
10,PWF41Q2G,3,POOL,80
11,HFF41,3,323,81
10,SPF41,3,238,85
11,MCF41UAX,3,221,91
10,MRF41,3,225,84
10,SEF41,3,B30,70
11,MCF41UAX,3,221,83
9,SLF41QTB,3,147,83
11,PPF41Q3B,3,GYM3,80
11,UAF85Q2,3,227,77
10,MRF41H,3,225,90
9,EEFG1QB,3,330,72
12,HQFC9TH,3,327,45
9,SLF41QB,3,211,70
9,SLF41QGB,3,147,85
9,FKFC5,3,124,45
11,PWF41Q2G,3,POOL,95
11,PWF41Q3G,3,POOL,93
9,EEFG9QF,3,126,45
11,MPF41UQJ,3,208,90
10,SPF41H,3,238,95
11,MGF41H,3,103,93
9,PHF41Q2,3,B17,83
9,PPF41Q3B,3,GYM3,95
11,BCF41T,3,332,89
11,PPF41Q2G,3,GYM1,88
10,MKFC1TC,3,108,86
9,HGF81HQD,3,213,95
9,SLF41QWB,3,328B,75
10,MGF41QGF,3,105,80
9,MEF41QT,3,205,65
12,SWF41QT,3,341,55
10,SCF41H,3,141,90
9,HGF82QTD,3,311,75
10,HFF41H,3,315,93
9,HGF81QGD,3,321,88
9,HGF82QGD,3,311,88
10,HUF41,3,324,45
10,ALF41,3,222,45
10,SHFC3TM,3,248,94
12,HQFC9TH,3,327,94
12,MPF41UQS,3,219,88
9,PPF41Q2G,3,GYM2,45
9,PHF41H2,3,B17,90
9,PPF41Q3G,3,GYM2,90
10,PPF41Q2G,3,GYM1,90
10,PPF41Q3G,3,GYM2,100
10,HUF41UQX,3,325,86
11,AWF81,3,228,45
10,FSFC9,3,123,70
11,EEFGDUQF,3,336,90
11,PPF41Q2B,3,GYM3,90
9,EEFG9QGR,3,350,70
12,FQF41QQY,3,216B,100
12,PPF41Q2B,3,GYM3,65
10,MGF41,3,214,80
12,ALF41,3,222,88
12,SPF41H,3,238,100
11,AWF85,3,B7,85
9,EEFG1QHB,3,346,86
11,BCF41T,3,332,87
11,PPF41Q3B,3,GYM3,98
11,MPF41UQJ,3,208,96
11,AWF85,3,B7,82
9,SLF41QGB,3,147,55
10,MGF41QTF,3,105,65
10,HUF41,3,324,88
9,EEFG1QB,3,149,85
12,HQFC9TH,3,327,100
9,PHF41H2,3,231,92
9,PPF41Q3G,3,GYM2,100
9,PPF41Q3B,3,GYM3,100
12,EEFGDUQX,3,347,85
9,SWF41QT,3,341,55
12,AUFC9TA,3,232,92
10,MKFC1TC,3,108,84
11,FLFC9,3,121,76
11,PPF41Q2G,3,GYM1,65
11,UAF85Q3,3,227,86
10,MRF41,3,225,82
11,FMFC5H,3,215,99
9,EEFG1QB,3,149,81
10,FKFC5H,3,124,97
12,FKFC9H,3,124,90
12,PPF41Q2B,3,GYM3,45
12,UAF41Q3,3,227,45
9,HGF81QQD,3,139,73
11,UEFG9H,3,B27,96
10,PPF41Q2G,3,GYM1,90
10,PPF41Q3G,3,GYM1,85
10,MGF41QGF,3,105,69
10,PPF41Q3B,3,GYM3,65
12,UAF85H2,3,227,94
12,HQFC9TH,3,327,90
11,EEFG9QG,3,125,86
10,BCF41T,3,332,87
10,PPF41Q2G,3,GYM1,95
11,PPF41Q3G,3,GYM2,80
11,UAF85Q2,3,227,84
10,PPF41Q3G,3,GYM2,97
12,MKFC9TC,3,322,65
9,HGF81QQD,3,139,85
11,FSFC5H,3,116,90
12,HQFC9TH,3,327,84
9,EEFG1HB,3,330,94
10,MGF41,3,214,83
11,BCF41T,3,332,87
11,PPF41Q3G,3,GYM2,100
11,HBF41X,3,314,95
12,ALF41H,3,222,93
10,HFF41H,3,323,91
10,PPF41Q2G,3,GYM1,95
10,PPF41Q3G,3,GYM2,100
9,HGF81HWD,3,329B,93
10,AQF41UVT,3,206,90
9,EEFG1HHB,3,346,93
10,HUF41,3,324,82
12,EEFGDUQF,3,336,88
11,FSFC5,3,116,80
12,AUFC9TA,3,232,97
11,HBF41X,3,314,96
12,PQF41Q2Y,3,251,100
12,PQF41Q3Y,3,251,100
10,PPF41Q3G,3,GYM2,100
9,FFFC1,3,113,82
11,PPF41Q2G,3,GYM2,95
11,UAF85Q3,3,227,78
9,PHF41H2,3,B17,99
9,PPF41Q3B,3,GYM3,100
11,PPF41Q2B,3,GYM3,100
11,PPF41Q3B,3,GYM3,90
9,PHF41H2,3,231,95
9,PPF41Q3G,3,GYM2,100
9,MGF41,3,104,78
9,SLF41QB,3,211,87
9,FFFC1,3,113,65
9,EEFG1QTB,3,250,83
12,PQF41Q2Y,3,251,100
12,PQF41Q3Y,3,251,100
10,EEFG9QT,3,125,69
12,HQFC9TH,3,327,84
11,HBF41X,3,314,80
12,AWF85,3,B7,86
9,SLF41QTB,3,247,87
11,MPF41UQJ,3,208,87
10,PPF41Q3G,3,GYM2,100
10,UAF85H2,3,227,98
10,HFF41,3,315,85
ST,EEFG5QG,3,249,70
10,FSFC1,3,207,69
9,SLF41QGB,3,147,85
12,HBF41X,3,314,89
12,UEFGDH,3,B27,100
11,EEFG9QG,3,125,87
10,FMFC5,3,115,78
9,FFFC1,3,113,65
10,EEFGDQW,3,226,65
11,EEFGDUQV,3,204,92
12,AUFC9TA,3,232,88
10,AQF41UVT,3,206,92
9,HGF82QQD,3,316,89
10,FKFC5H,3,124,99
10,PPF41Q2G,3,GYM1,90
10,PPF41Q3G,3,GYM1,94
10,PPF41Q2G,3,GYM2,95
11,HBF41X,3,314,95
10,FKFC5,3,124,72
12,MCF41UAX,3,221,96
9,EEFG1QHB,3,346,85
12,PQF41Q2Y,3,251,100
12,PQF41Q3Y,3,251,100
12,MPF41UQS,3,219,96
9,FQF41QQY,3,216B,100
11,MPF41UQJ,3,208,97
11,SWF41HG,3,341,94
11,MRF41H,3,225,93
11,MRF41,3,225,74
10,MKFC1TC,3,108,84
9,HGF81QGD,3,321,45
9,SLF41QGB,3,147,88
9,HQF41QHB,3,333,83
10,PPF41Q2B,3,GYM3,90
10,PPF41Q3B,3,GYM3,90
11,FKFC9,3,124,45
10,PPF41Q2G,3,GYM2,100
10,PPF41Q3G,3,GYM2,100
9,PHF41H3,3,231,90
9,PPF41Q2B,3,GYM3,90
10,MGF41,3,103,83
12,MPF41UQS,3,219,92
9,AWF81,3,228,88
9,FKFC5,3,124,68
11,EEFG9HG,3,125,90
12,HQFC9TH,3,327,96
11,EEFG9,3,331,76
10,MGF41,3,214,80
11,FKFC5H,3,124,90
11,AWF85,3,B7,89
12,HQFC9TH,3,327,87
11,HFF41,3,315,80
9,MEF41,3,203,75
9,EEFG1QHB,3,346,86
11,EEFGDUGJ,3,B6,80
11,PPF41Q2G,3,GYM2,84
11,PPF41Q3G,3,GYM2,87
10,FMFC5H,3,215,94
10,PPF41Q3B,3,GYM3,65
10,UAF41Q2,3,227,55
9,PPF41Q3B,3,GYM3,80
9,UAF85H2,3,227,95
9,PHF41H2,3,231,90
9,PPF41Q3B,3,GYM3,90
11,MPF41UQJ,3,208,90
9,EEFGDQW,3,226,86
11,EEFGDUQV,3,204,65
11,FFFC5H,3,111,92
9,HQF41HHB,3,333,98
9,EEFG1HB,3,330,92
10,HUF41QG,3,334A,86
10,MGF41H,3,214,92
9,MEF41QG,3,205,55
11,FLFC9,3,121,80
9,HQF41HHB,3,333,90
10,EEFG5,3,334B,83
10,MGF41H,3,103,95
9,EEFG1QHB,3,346,71
10,FLFC5H,3,122,91
9,EEFG1QHB,3,346,78
12,SQF41QQY,3,233,100
11,EEFG9,3,331,74
12,PPF41Q2B,3,GYM3,95
11,EEFG9,3,331,78
9,HGF82QQD,3,316,67
11,FSFC9,3,123,88
12,HQFC9TH,3,327,87
10,FSFC5H,3,116,94
10,MRF41H,3,225,95
9,SLF41HB,3,211,94
10,FKFC5H,3,124,97
9,SLF41QB,3,211,73
12,UEFGD,3,B27,89
9,HGF81QQD,3,139,85
10,MGF41H,3,103,97
11,FLFC9,3,121,78
11,UEFG9H,3,B27,93
9,SLF41QGB,3,247,79
9,HGF82QGD,3,313,82
10,HFF41,3,315,75
11,FKFC5,3,124,84
10,FMFC5,3,215,65
12,ALF41,3,222,77
11,UEFG9H,3,B27,98
10,PPF41Q2G,3,GYM1,90
10,PPF41Q3G,3,GYM2,100
12,FQF41QQY,3,216B,100
9,EEFG9QF,3,126,80
11,EEFGDUQV,3,204,95
10,AQF41UVT,3,206,93
11,MRF41,3,223,75
10,PWF41Q2G,3,POOL,88
10,PWF41Q3G,3,POOL,90
9,MEF41QG,3,205,65
10,EEFG9,3,331,55
9,AQF41UVT,3,206,55
9,HGF82QQD,3,316,65
10,FSFC1,3,207,81
12,MPF41UQS,3,219,73
9,HGF82QQD,3,316,71
10,MGF41,3,104,78
11,MGF41,3,104,69
9,PHF41H3,3,B17,90
9,PPF41Q2B,3,GYM3,100
9,HGF81QQD,3,139,65
9,SLF41HGB,3,147,95
9,EEFGDUGJ,3,B6,65
12,MCF41UAX,3,221,79
12,PHF41Q3,3,231,85
10,MEF41,3,203,72
9,HQF41QHB,3,333,85
12,EEFGDUQX,3,347,85
10,HUF41HG,3,334A,96
10,HUF41,3,324,75
11,UEFGDH,3,B27,90
10,SWF41HG,3,341,93
11,AWF85H,3,B7,94
10,SCF41,3,138,74
10,HUF41H,3,338,98
9,HGF82QTD,3,313,65
10,MEF41QT,3,205,78
11,SHFC3TM,3,248,97
10,BCF41T,3,332,80
10,PPF41Q3B,3,GYM3,95
12,MGF41,3,214,83
10,FKFC5,3,124,77
10,FKFC9,3,124,65
9,EEFG1QB,3,330,85
11,PWF41Q2G,3,POOL,90
11,PWF41Q3G,3,POOL,90
9,EEFG1QB,3,149,65
10,PPF41Q2B,3,GYM3,90
10,UAF85Q3,3,227,72
11,SCF41H,3,141,92
10,EEFG9QF,3,126,80
12,MCF41UAX,3,221,90
11,HBF41X,3,314,88
11,MKFC1TC,3,108,88
9,FKFC5H,3,124,96
12,SQF41QQY,3,233,100
10,PPF41Q2G,3,GYM2,100
10,PPF41Q3G,3,GYM2,97
10,FKFC9,3,124,88
10,MGF41QTF,3,105,45
10,FKFC5,3,124,84
12,MCF41UAX,3,221,65
9,SLF41QTB,3,247,82
12,ULFC9TP,3,B39,94
9,FKFC5,3,124,78
9,PHF41Q2,3,B17,86
9,PPF41Q3B,3,GYM3,65
9,EEFG1QB,3,146,78
10,HUF41HT,3,334A,95
10,AQF41UVT,3,206,88
10,SCF41,3,138,86
9,PHF41H3,3,B17,95
9,PPF41Q2B,3,GYM3,90
10,PPF41Q2B,3,GYM3,90
10,UAF85H3,3,227,96
12,ALF41H,3,222,90
9,PHF41Q3,3,B17,65
9,PPF41Q2B,3,GYM3,90
9,PHF41H3,3,B17,92
9,PPF41Q2B,3,GYM3,95
11,MPF41UQJ,3,208,89
12,EQF41QQY,3,328A,95
12,FKFC9,3,124,87
12,MGF41,3,103,55
10,PPF41Q3B,3,GYM3,65
10,UAF41Q2,3,227,72
9,HGF82QQD,3,316,73
9,HGF81QQD,3,139,55
11,BCF41T,3,332,87
11,PPF41Q3G,3,GYM2,79
10,MGF41H,3,103,90
9,EEFG1QB,3,146,70
10,MRF41,3,225,83
12,SQF41QQY,3,233,100
10,HUF41H,3,338,96
11,FSFC5H,3,107,98
12,ALF41,3,222,87
9,FFFC1,3,113,45
10,EEFGDUGJ,3,B6,55
12,HQFC9TH,3,327,84
10,MEF41QT,3,205,82
10,PPF41Q2B,3,GYM3,95
10,PPF41Q3B,3,GYM3,90
10,HUF41QT,3,334A,85
11,HQF41QHB,3,333,86
12,EEFGDUTJ,3,B6,80
10,EEFG5HG,3,249,93
10,AQF41UVT,3,206,91
9,SLF41HB,3,211,94
9,PPF41Q2G,3,GYM1,92
9,PPF41Q3G,3,GYM2,97
9,HQF41QHB,3,333,85
10,PPF41Q3B,3,GYM3,95
10,UAF41H2,3,227,97
10,MGF41QTF,3,105,65
11,SWF41HG,3,341,95
9,SEF41H,3,B30,92
10,MGF41QGF,3,105,89
9,UEFG9,3,B27,80
10,MGF41,3,104,85
10,SCF41,3,138,55
9,MGF41H,3,104,100
10,MKFC1TC,3,108,55
10,MGF41,3,214,83
11,MCF41UAX,3,221,92
10,FSFC5,3,116,70
11,FMFC5H,3,115,99
10,MGF41,3,104,73
10,PPF41Q3B,3,GYM3,90
10,UAF41H2,3,227,97
12,MPF41UQS,3,219,77
10,SCF41,3,138,75
11,MRF41,3,225,79
9,MEF41H,3,203,92
9,EEFG9QF,3,126,80
11,HBF41X,3,314,85
10,PPF41Q2G,3,GYM2,100
10,PPF41Q3G,3,GYM2,100
10,EEFG5QG,3,249,65
9,PPF41Q3B,3,GYM3,90
9,UAF85Q2,3,227,65
10,SCF41H,3,141,97
11,FMFC5H,3,215,97
10,HUF41HG,3,334A,94
10,EEFG9QF,3,126,55
11,PPF41Q2B,3,GYM3,95
9,SLF41HB,3,211,94
11,SHFC3TM,3,248,99
11,AWF81H,3,228,98
11,FMFC5H,3,215,100
9,PHF41H3,3,231,98
9,PPF41Q2B,3,GYM3,90
12,MCF41UAX,3,221,80
10,BCF41T,3,332,80
10,PPF41Q2B,3,GYM3,95
9,EEFG5QF,3,349,81
9,MEF41HG,3,205,90
9,HGF82QTD,3,311,74
9,HGF82QTD,3,313,72
11,FSFC9,3,123,78
10,EEFG5QG,3,249,75
12,MRF41,3,223,76
10,EEFG9,3,331,81
11,MCF41UAX,3,221,81
11,EEFG9,3,331,83
9,SLF41QB,3,229,65
12,MQF41QQY,3,204A,100
10,MGF41,3,104,77
9,MEF41QT,3,205,83
10,SCF41,3,141,65
12,ULFC9TP,3,B39,89
9,PPF41Q3B,3,GYM3,95
9,UAF41Q2,3,227,86
9,EEFG5QF,3,349,71
12,MPF41UQS,3,219,86
10,SCF41,3,141,65
9,MGF41H,3,214,94
10,FSFC9,3,123,68
9,PHF41Q3,3,231,84
9,PPF41Q2G,3,GYM2,95
9,MEF41HG,3,205,99
10,HUF41,3,338,78
11,PPF41Q2G,3,GYM2,100
11,PPF41Q3G,3,GYM2,100
10,MGF41,3,103,82
9,HGF81HQD,3,213,93
9,PHF41Q3,3,231,89
9,PPF41Q2B,3,GYM3,95
11,MRF41,3,225,71
9,SLF41QWB,3,328B,80
12,PQF41Q2Y,3,251,100
12,PQF41Q3Y,3,251,100
10,FMFC5H,3,215,99
11,MPF41UQJ,3,208,94
10,MGF41H,3,214,91
10,MGF41QGF,3,105,88
10,SHFC3TM,3,248,100
9,SLF41HB,3,211,90
9,PHF41H3,3,B17,98
9,PPF41Q2B,3,GYM3,95
10,PPF41Q2G,3,GYM2,100
10,UAF85H3,3,227,92
9,HGF82QQD,3,316,88
9,MEF41H,3,203,90
9,SLF41HGB,3,147,90
11,SWF41HG,3,341,93
9,HGF81QQD,3,139,83
10,EEFG5QG,3,249,78
10,HQF41HHB,3,333,90
11,HUF41,3,338,65
11,HUF41,3,324,79
12,MCF41UAX,3,221,78
9,PPF41Q2B,3,GYM3,90
9,PPF41Q3B,3,GYM3,90
10,MRF41H,3,223,100
11,EEFG9HGR,3,350,90
10,PPF41Q2G,3,GYM1,96
10,PPF41Q3G,3,GYM2,100
9,SLF41QB,3,229,65
11,UEFGDH,3,B27,92
10,MGF41HGF,3,105,91
11,EEFG9,3,331,78
10,HUF41,3,324,78
10,HUF41HG,3,334A,98
9,PHF41Q2,3,B17,68
9,PPF41Q3B,3,GYM3,95
10,AQF41UVT,3,206,97
9,EEFG5QFW,3,349,73
9,PHF41H3,3,B17,94
9,PPF41Q2G,3,GYM1,87
12,ULFC9TP,3,B39,94
10,MGF41H,3,214,94
9,EEFG5QF,3,349,83
9,PHF41Q2,3,231,65
9,PPF41Q3G,3,GYM1,85
9,PHF41Q3,3,231,73
9,PPF41Q2B,3,GYM3,90
10,PPF41Q2G,3,GYM1,92
10,PPF41Q3G,3,GYM2,100
11,HFF41,3,315,70
11,MRF41,3,223,66
12,EEFGDUQX,3,347,78
10,PPF41Q2B,3,GYM3,75
10,PPF41Q3B,3,GYM3,80
10,FSFC1H,3,114,97
9,EEFG1HHB,3,346,91
10,FLFC5,3,122,85
11,HFF41,3,315,55
11,HBF41X,3,314,91
11,HFF41H,3,315,98
9,EEFG1QTB,3,246,83
10,FSFC9H,3,123,98
11,MRF41,3,223,65
12,MCF41UAX,3,221,89
10,MGF41,3,103,80
10,FFFC5,3,111,85
10,MGF41H,3,214,92
9,PPF41Q3B,3,GYM3,65
9,UAF41Q2,3,227,67
11,EEFG9QT,3,125,81
9,HGF82QQD,3,316,85
9,EEFG1QGB,3,250,67
12,FSFC9,3,123,65
11,MPF41UQJ,3,208,72
10,EEFG5QG,3,249,80
12,EQF41QQY,3,328A,100
10,BCF41T,3,332,89
10,PWF41Q3G,3,POOL,90
9,PPF41Q3G,3,GYM2,95
9,UAF41Q2,3,227,83
9,EEFGDHW,3,226,97
11,MRF41,3,225,71
11,PPF41Q3B,3,GYM3,90
11,UAF85Q2,3,227,76
9,SLF41QB,3,211,86
9,SLF41QB,3,229,75
11,SCF41H,3,138,91
9,EEFG5QFW,3,349,71
9,PHF41Q2,3,B17,45
9,UAF85Q3,3,227,55
12,ALF41,3,222,76
12,SPF41,3,238,77
9,HGF82QQD,3,316,81
12,MKFC9TC,3,322,88
9,SLF41HGB,3,247,97
10,FMFC5H,3,115,100
12,EEFG5QF,3,349,88
11,HBF41X,3,314,82
11,HFF41,3,323,89
10,MGF41QGF,3,105,73
10,SCF41,3,141,74
12,MKFC9TC,3,322,89
10,SCF41,3,141,75
11,FSFC5,3,116,65
11,EEFG9QTR,3,350,77
10,MGF41QGF,3,105,66
10,HUF41H,3,338,98
9,HGF81QQD,3,139,80
9,SLF41QB,3,229,88
9,MEF41,3,203,70
10,HUF41QG,3,334A,45
9,SLF41QWB,3,328B,55
11,PPF41Q3B,3,GYM3,95
10,FSFC1,3,207,66
11,MGF41,3,103,72
11,SCF41H,3,138,90
10,MPF41UQJ,3,208,82
11,HQF41HHB,3,333,90
9,EEFG1HB,3,146,91
9,HGF81QWD,3,329B,81
10,PPF41Q2B,3,GYM3,95
10,PPF41Q3B,3,GYM3,100
10,SCF41,3,138,79
9,PPF41Q2B,3,GYM3,85
9,PPF41Q3B,3,GYM3,65
10,HFF41H,3,315,90
9,FSFC1,3,207,75
10,FLFC5,3,122,88
12,EEFGDUQV,3,204,87
10,FSFC5,3,116,55
12,SQF41QQY,3,233,100
9,SLF41QB,3,211,86
11,AWF85H,3,B7,97
10,HUF41UQX,3,325,92
11,EEFG9,3,331,73
9,HGF82QGD,3,311,83
9,HGF81QTD,3,321,65
11,FFFC5,3,111,82
11,FLFC9,3,121,65
11,FSFC5H,3,116,92
9,EEFG1QB,3,149,75
11,PPF41Q2G,3,GYM2,90
11,PPF41Q3G,3,GYM2,80
9,EEFG1QTB,3,246,85
10,PPF41Q3B,3,GYM3,65
10,UAF41Q2,3,227,76
11,SWF41QG,3,341,84
11,FSFC5,3,116,65
9,HGF81QWD,3,329B,70
11,MGF41,3,103,82
11,ALF41,3,222,65
10,FSFC5,3,116,80
11,MPF41UQJ,3,208,91
11,SPF41,3,238,85
12,EEFGDUQF,3,336,90
9,HFF41,3,315,65
10,PWF41Q3G,3,POOL,90
10,PPF41Q3B,3,GYM3,95
10,UAF85Q2,3,227,67
10,SHFC3TM,3,248,94
12,ULFC9TP,3,B39,76
11,EEFG9QT,3,125,85
11,ALF41H,3,222,95
9,HGF82QGD,3,313,87
10,EEFG5HG,3,249,94
10,HUF41UQX,3,325,87
11,AWF81H,3,228,90
11,PPF41Q3G,3,GYM1,90
11,PWF41Q2G,3,POOL,90
12,EEFGDUQF,3,336,90
9,SHFC3TM,3,248,88
12,EEFGDUQX,3,347,75
10,BCF41T,3,332,83
10,PPF41Q2B,3,GYM3,95
11,SWF41QG,3,341,87
12,ULFC9TP,3,B39,89
9,EEFG5,3,334B,55
9,HGF82QGD,3,311,83
9,PHF41Q3,3,231,71
9,PPF41Q2B,3,GYM3,70
12,EQF41QQY,3,328A,100
12,MPF41UQS,3,219,65
9,EEFG1QB,3,146,80
12,UAF85Q3,3,227,73
9,HGF82QGD,3,313,71
11,EEFGDUQF,3,336,90
10,PPF41Q3G,3,GYM1,100
9,AWF81,3,228,66
12,EEFGDUQV,3,204,71
11,PQF41Q2Y,3,251,100
11,PQF41Q3Y,3,251,100
9,EEFG5QW,3,348,65
11,MPF41UQS,3,219,80
9,EEFG5QF,3,349,55
9,SLF41QB,3,229,77
10,FSFC9,3,123,65
11,MPF41UQJ,3,208,92
9,PHF41H3,3,B17,94
9,PPF41Q2G,3,GYM1,75
12,AWF81,3,228,71
9,FFFC1,3,113,45
9,SLF41QB,3,211,77
11,BCF41T,3,332,65
11,PPF41Q2G,3,GYM1,70
11,AWF81,3,228,88
12,EEFGDUQV,3,204,78
9,EEFG1QGB,3,246,65
9,EEFGDHW,3,226,92
9,HGF81HQD,3,213,93
11,PPF41Q3B,3,GYM3,75
10,EEFG5QG,3,249,86
9,HGF81HGD,3,321,96
12,SQF41QQY,3,233,100
10,EEFG5QT,3,249,87
9,EEFG1QTB,3,246,65
9,HGF82QGD,3,313,70
12,PPF41Q2B,3,GYM3,65
10,PHF41H2,3,B17,94
10,PPF41Q3B,3,GYM3,98
9,EEFG1QGB,3,246,79
10,PWF41Q3G,3,POOL,92
11,HFF41,3,323,55
11,AWF85,3,B7,75
9,HQF41HHB,3,333,90
9,HGF81QQD,3,139,80
9,EEFG1QB,3,149,76
11,MGF41,3,214,67
11,AWF85,3,B7,85
12,PPF41Q2B,3,GYM3,90
12,UAF41Q3,3,227,68
11,PPF41Q2G,3,GYM2,55
11,PPF41Q3G,3,GYM2,55
9,SLF41QGB,3,247,86
11,EEFG9QG,3,125,87
9,FFFC1,3,113,86
10,PPF41Q2G,3,GYM2,100
10,PPF41Q3G,3,GYM2,84
11,PPF41Q2G,3,GYM1,97
11,PPF41Q3G,3,GYM1,94
10,EEFG5QW,3,348,45
11,MGF41,3,104,77
11,AWF85,3,B7,86
9,MEF41,3,203,55
10,EEFG5,3,334B,65
10,HUF41H,3,338,93
10,FMFC5H,3,115,95
11,EEFG9,3,331,45
10,PPF41Q3B,3,GYM3,100
11,EEFG9QTR,3,350,45
9,EEFG1QGB,3,246,55
9,EEFG1QB,3,149,77
11,PPF41Q2G,3,GYM1,95
9,HUF41,3,324,65
10,EEFG5QG,3,249,65
11,SHFC3TM,3,248,97
9,EEFG1QB,3,149,82
10,HUF41UQX,3,325,92
10,HGF81QTD,3,321,82
9,EEFG1QTB,3,250,65
12,ULFC9TP,3,B39,81
9,HGF81QTD,3,321,55
11,BCF41T,3,332,70
11,PPF41Q3B,3,GYM3,90
10,HUF41QW,3,326,70
11,EEFGDUGJ,3,B6,75
9,PHF41H3,3,231,93
9,PPF41Q2B,3,GYM3,90
9,SLF41QB,3,229,79
12,MPF41UQS,3,219,65
10,MEF41,3,203,67
11,SWF41HG,3,341,91
9,PPF41Q2G,3,GYM2,45
12,EEFGDUQX,3,347,75
11,HUF41QW,3,326,45
9,EEFG1QB,3,149,86
9,EEFG1QB,3,330,82
12,EEFGDUQX,3,347,55
11,MGF41,3,103,68
11,BCF41T,3,332,87
11,UAF85Q3,3,227,87
11,MRF41,3,223,82
12,UEFGDH,3,B27,95
11,SEF41,3,B30,82
11,FSFC9H,3,123,92
9,EEFG1QGB,3,246,67
11,EEFGDUTJ,3,B6,84
12,EEFGDUQX,3,347,88
9,EEFG1QGB,3,246,69
10,EEFG9QG,3,125,75
11,BCF41T,3,332,93
11,PPF41Q2G,3,GYM2,100
9,HGF81QWD,3,329B,55
10,SCF41,3,141,72
11,PPF41Q2G,3,GYM2,97
11,PPF41Q3G,3,GYM2,94
9,MEF41QG,3,205,83
12,EEFGDUQX,3,347,84
10,MGF41H,3,104,90
9,AWF81,3,228,55
9,FFFC1,3,113,70
11,EEFGDUGJ,3,B6,90
11,PPF41Q2G,3,GYM2,100
11,PPF41Q3G,3,GYM1,97
12,MQF41QQY,3,204A,100
9,EEFGDQW,3,226,45
9,EEFG1QGB,3,250,87
10,HUF41UQX,3,325,87
10,FFFC1,3,113,77
11,AQF41UVT,3,206,80
11,FFFC5,3,111,76
10,SCF41,3,138,65
10,PPF41Q3B,3,GYM3,90
12,AQF41QQY,3,216B,100
12,PQF41Q2Y,3,251,100
12,PQF41Q3Y,3,251,100
11,HFF41,3,323,74
12,PPF41Q3G,3,GYM1,92
10,FKFC5,3,124,86
10,HUF41UQX,3,325,70
9,FMFC5,3,115,84
9,HGF82QTD,3,313,66
9,EEFG5,3,334B,81
12,HQFC9TH,3,327,84
9,HGF82QTD,3,311,79
12,HQFC9TH,3,327,87
11,MRF41,3,225,55
12,EEFGDUQX,3,347,90
10,AQF41UVT,3,206,90
9,SLF41HGB,3,147,96
11,BCF41T,3,332,87
11,PPF41Q2G,3,GYM1,90
12,PPF41Q3G,3,GYM1,90
12,MPF41UQS,3,219,86
9,MEF41HG,3,205,98
10,MGF41,3,214,88
12,ULFC9TP,3,B39,87
9,EEFG1QB,3,146,84
11,AWF85H,3,B7,100
11,MPF41UQJ,3,208,90
9,MGF41QTF,3,105,70
11,BCF41T,3,332,84
11,PPF41Q2G,3,GYM1,93
11,PPF41Q2G,3,GYM1,86
11,PPF41Q3G,3,GYM1,90
9,SLF41QGB,3,147,45
10,MGF41QTF,3,105,75
10,HFF41,3,315,80
11,PPF41Q2G,3,GYM2,100
11,UAF85Q3,3,227,88
11,MGF41,3,103,55
10,MGF41QGF,3,105,65
11,HFF41,3,315,65
11,FSFC5,3,107,85
11,HUF41,3,324,70
9,HGF81QTD,3,321,79
12,ULFC9TP,3,B39,91
9,HQF41QHB,3,333,88
9,HGF82QQD,3,316,77
9,SLF41QGB,3,247,88
9,HGF82QGD,3,313,67
9,FKFC5,3,124,73
9,HQF41HHB,3,333,95
10,MGF41H,3,214,96
9,PHF41H2,3,231,92
9,PPF41Q3B,3,GYM3,90
9,SLF41QGB,3,247,88
10,PPF41Q2G,3,GYM1,95
12,EQF41QQY,3,328A,100
12,PQF41Q2Y,3,251,100
12,PQF41Q3Y,3,251,100
11,MRF41,3,223,65
11,PPF41Q2B,3,GYM3,45
11,PPF41Q3B,3,GYM3,55
9,HGF81HQD,3,213,94
10,FMFC5,3,115,87
9,EEFG1QTB,3,246,75
10,EEFG9,3,331,55
11,PPF41Q2G,3,GYM2,84
11,UAF85Q3,3,227,78
11,BCF41T,3,332,68
11,UAF41Q2,3,227,74
10,FMFC5,3,215,77
10,HUF41UQX,3,325,87
11,EEFG9,3,331,45
11,MCF41UAX,3,221,70
9,SLF41QGB,3,247,84
9,HGF81HGD,3,321,90
11,BCF41T,3,332,87
11,PPF41Q3B,3,GYM3,90
11,FSFC5,3,107,80
9,EEFG9QGR,3,350,68
11,MCF41UAX,3,221,96
9,HGF81QGD,3,321,72
10,HFF41,3,323,83
9,SLF41HGB,3,247,92
11,HGF81QQD,3,139,70
10,HUF41UQX,3,325,87
10,MGF41H,3,214,90
10,SCF41,3,141,88
10,PPF41Q2G,3,GYM2,100
10,UAF85Q3,3,227,68
9,EEFG1HB,3,330,91
10,AQF41UVT,3,206,96
9,HUF41QW,3,326,78
11,AWF85,3,B7,83
12,ULFC9TP,3,B39,83
9,MEF41,3,203,71
9,HGF81HQD,3,213,93
10,PWF41Q3G,3,POOL,88
10,UAF85Q2,3,227,80
12,AWF85,3,B7,76
11,PPF41Q2B,3,GYM3,95
11,PPF41Q3B,3,GYM3,98
10,PPF41Q3B,3,GYM3,90
10,UAF85Q2,3,227,70
10,FFFC1,3,113,69
10,HUF41H,3,338,94
11,FFFC1,3,113,55
10,EEFG9QG,3,125,87
10,PPF41Q2G,3,GYM1,90
10,UAF85H3,3,227,94
9,FFFC1,3,113,71
9,SLF41QB,3,229,77
11,PPF41Q3G,3,GYM2,100
11,PWF41Q2G,3,POOL,90
10,PPF41Q2G,3,GYM1,90
10,UAF85Q3,3,227,73
9,HUF41QW,3,326,85
11,MRF41,3,225,71
12,PPF41Q2B,3,GYM3,95
11,FLFC9H,3,121,100
11,FSFC5H,3,107,98
9,PHF41H2,3,B17,97
9,PPF41Q3B,3,GYM3,100
9,EEFG1QGB,3,246,80
10,MKFC1TC,3,108,95
9,HGF82HGD,3,313,95
10,HUF41UQX,3,325,94
9,EEFG5QF,3,349,55
10,MGF41,3,103,80
12,MPF41UQS,3,219,68
9,SLF41QB,3,211,86
9,AQF41UVT,3,206,86
12,ULFC9TP,3,B39,91
10,PPF41Q2G,3,GYM2,100
10,UAF85H3,3,227,96
12,UEFG9H,3,B27,94
10,EEFG9QT,3,125,69
9,SLF41QB,3,229,65
9,EEFG5QG,3,249,70
9,PHF41Q2,3,231,81
9,PPF41Q3B,3,GYM3,95
9,EEFG1HB,3,330,93
9,EEFG1QHB,3,346,88
9,HGF81HGD,3,321,90
9,EEFG9QF,3,126,65
9,HUF41QT,3,334A,75
12,MPF41UQS,3,219,70
10,FSFC9H,3,123,94
11,AWF85,3,B7,77
9,SHFC3TM,3,248,88
9,SLF41QB,3,229,74
9,PPF41Q3B,3,GYM3,90
9,UAF41Q2,3,227,81
9,MEF41QG,3,205,65
12,EEFGDUQV,3,204,45
10,SWF41QG,3,341,89
9,HGF81QGD,3,321,85
9,HFF41,3,323,45
12,AWF85,3,B7,80
10,MRF41,3,225,85
12,ALF41,3,222,77
10,MKFC1TC,3,108,93
10,FLFC5H,3,122,100
9,EEFG1QB,3,146,65
10,MGF41HGF,3,105,95
9,PHF41Q2,3,231,85
9,PPF41Q3G,3,GYM2,100
12,MPF41UQS,3,219,81
11,FSFC5H,3,107,90
11,BCF41T,3,332,84
11,PPF41Q2B,3,GYM3,98
9,HGF81QQD,3,139,88
11,MPF41UQJ,3,208,90
11,SCF41,3,141,73
10,PPF41Q2B,3,GYM3,75
10,PPF41Q3B,3,GYM3,65
9,EEFG9QF,3,126,75
9,EEFG9QF,3,126,65
9,EEFG1QB,3,149,65
9,HGF81QQD,3,213,82
12,UEFGDH,3,B27,91
12,PPF41Q2G,3,GYM1,75
11,PPF41Q3B,3,GYM3,90
9,EEFG1QTB,3,250,66
10,MGF41H,3,214,90
10,FSFC9H,3,123,90
11,FFFC5,3,111,65
9,SLF41QB,3,211,74
10,MRF41H,3,223,96
11,FFFC5H,3,111,90
9,EEFG1HGB,3,246,100
9,HGF82QGD,3,311,80
10,SCF41,3,141,74
10,SCF41,3,138,84
12,EEFGDUQF,3,336,80
9,EEFG9QF,3,126,55
10,PPF41Q3B,3,GYM3,95
10,UAF85Q2,3,227,83
9,MEF41QG,3,205,65
11,FSFC5H,3,107,91
9,EEFG9QGR,3,350,65
11,SCF41,3,141,77
9,HGF81QQD,3,213,87
11,FMFC5H,3,115,96
10,PPF41Q3B,3,GYM3,100
12,EQF41QQY,3,328A,65
9,EEFG1QHB,3,346,83
9,MEF41,3,203,80
11,AWF85,3,B7,81
11,AWF85H,3,B7,90
9,HUF41QT,3,334A,70
9,PPF41Q3G,3,GYM2,84
12,HBF41X,3,314,75
10,EEFG5,3,334B,78
12,FFFC1,3,113,55
11,EEFG9,3,331,88
11,EEFG9HG,3,125,91
11,SWF41HG,3,341,97
12,PQF41Q2Y,3,251,100
12,PQF41Q3Y,3,251,100
9,EEFG1QB,3,146,81
12,MKFC9TC,3,322,65
9,HQF41QHB,3,333,85
9,PHF41Q3,3,B17,70
9,PPF41Q2B,3,GYM3,90
11,FLFC9,3,121,77
10,FMFC5H,3,115,92
10,FSFC1,3,114,76
12,FKFC9,3,124,65
9,HGF81HQD,3,213,100
10,FKFC5H,3,124,99
10,PPF41Q2G,3,GYM2,100
10,UAF85Q3,3,227,89
11,MCF41UAX,3,221,82
12,PPF41Q2G,3,GYM1,92
12,FKFC5,3,124,75
12,ULFC9TP,3,B39,81
9,ALF41,3,222,66
12,ALF41H,3,222,93
9,EEFG9,3,331,45
11,EEFG9HF,3,126,90
12,AUFC9TA,3,232,94
10,MKFC1TC,3,108,80
10,MGF41,3,104,45
11,BCF41T,3,332,88
11,PPF41Q2G,3,GYM1,93
10,HUF41H,3,338,92
11,MRF41,3,223,88
10,MGF41,3,103,87
10,BCF41T,3,332,86
10,PPF41Q3B,3,GYM3,95
11,FLFC9,3,121,81
10,HFF41,3,315,85
9,HUF41,3,324,65
11,FSFC5,3,116,70
12,UEFG9H,3,B27,91
9,EEFG1QTB,3,246,85
9,SLF41QB,3,229,45
11,HFF41H,3,315,94
12,FQF41QQY,3,216B,100
11,EEFGDUQF,3,336,88
12,ULFC9TP,3,B39,77
9,FSFC1,3,114,66
9,SLF41QB,3,229,65
10,SEF41,3,B30,86
11,SHFC3TM,3,248,85
9,PHF41Q2,3,231,67
9,PPF41Q3G,3,GYM2,80
9,HGF81QQD,3,139,55
12,AUFC9TA,3,232,95
9,HFF41,3,315,75
10,HUF41UQX,3,325,93
9,EEFG5HF,3,349,91
10,PPF41Q2B,3,GYM3,95
10,PPF41Q3B,3,GYM3,100
9,PHF41Q3,3,231,80
9,PPF41Q2G,3,GYM2,100
9,PHF41Q3,3,B17,88
9,PPF41Q2B,3,GYM3,90
9,HGF81QWD,3,329B,78
12,HFF41,3,323,55
12,PQF41Q2Y,3,251,100
12,PQF41Q3Y,3,251,100
10,FLFC5,3,122,70
12,PPF41Q2B,3,GYM3,70
10,HUF41UQX,3,325,90
12,PPF41Q2G,3,GYM2,80
12,PQF41Q3Y,3,251,100
11,FSFC5,3,116,75
11,PWF41Q3G,3,POOL,88
11,UAF41H2,3,227,93
11,EEFGDUQV,3,204,45
10,BCF41T,3,332,90
10,PWF41Q2G,3,POOL,93
9,EEFG1QTB,3,250,65
11,SEF41,3,B30,87
11,HQFC9TH,3,327,88
9,HGF82QTD,3,313,55
11,FLFC9,3,121,65
9,EEFG1HB,3,146,92
9,PHF41Q2,3,B17,89
9,PPF41Q3B,3,GYM3,90
10,AQF41UVT,3,206,92
10,SHFC3TM,3,248,95
11,MGF41,3,214,75
10,PPF41Q2G,3,GYM2,100
10,UAF41Q3,3,227,82
9,EEFG5QFW,3,349,45
9,EEFG1QGB,3,250,68
12,MPF41UQS,3,219,81
10,EEFG5H,3,334B,90
11,PPF41Q2G,3,GYM2,100
11,PPF41Q3G,3,GYM1,95
11,EEFGDUQX,3,347,85
9,EEFGDUGJ,3,B6,45
9,MEF41QT,3,205,68
11,PWF41Q3G,3,POOL,85
10,EEFG5HG,3,249,99
9,MEF41,3,203,76
11,BCF41T,3,332,88
11,PPF41Q3G,3,GYM2,100
12,MRF41,3,223,70
9,SLF41QB,3,211,85
11,FFFC5H,3,111,94
12,HBF41X,3,314,83
10,PPF41Q2B,3,GYM3,95
10,UAF85Q3,3,227,80
10,HUF41UQX,3,325,86
9,HFF41,3,323,55
12,MQF41QQY,3,204A,100
10,HUF41,3,324,55
9,FSFC1H,3,114,96
11,FLFC9,3,121,55
12,HBF41X,3,314,88
11,HUF41,3,324,77
10,PPF41Q2B,3,GYM3,100
10,UAF85Q3,3,227,87
10,FSFC5,3,107,80
12,EEFGDUQX,3,347,90
10,HUF41UQX,3,325,90
9,EEFG1QB,3,149,78
10,PPF41Q2B,3,GYM3,80
10,PPF41Q3B,3,GYM3,90
12,EEFGDUQX,3,347,84
9,SLF41QB,3,211,45
10,FSFC1H,3,114,92
10,PPF41Q2B,3,GYM3,90
10,PPF41Q3B,3,GYM3,90
10,EEFG5,3,334B,70
11,FSFC5,3,116,80
9,EEFG1QTB,3,250,65
11,PPF41Q3G,3,GYM1,96
11,PQF41Q2Y,3,251,45
11,PQF41Q3Y,3,251,45
9,EEFG5QW,3,348,82
9,PPF41Q2B,3,GYM3,95
9,PPF41Q3B,3,GYM3,90
11,HUF41,3,324,86
9,FMFC5,3,215,65
11,MCF41UAX,3,221,98
12,MQF41QQY,3,204A,100
10,FKFC5,3,124,65
9,SLF41QB,3,229,77
9,PPF41Q2G,3,GYM2,100
9,PHF41Q3,3,231,67
9,PPF41Q2B,3,GYM3,95
12,EEFGDUQF,3,336,88
10,EEFG5QG,3,249,55
9,PHF41Q3,3,B17,45
9,PPF41Q2G,3,GYM2,45
9,HGF82QTD,3,311,82
10,FSFC1,3,114,78
12,MKFC9TC,3,322,65
9,SLF41HGB,3,147,96
9,PHF41H3,3,231,94
9,PPF41Q2B,3,GYM3,95
9,SLF41QTB,3,147,65
11,MCF41UAX,3,221,93
12,PPF41Q3G,3,GYM1,85
12,UAF41Q2,3,227,76
10,EEFG9QFW,3,126,78
10,PWF41Q2G,3,POOL,95
10,PWF41Q3G,3,POOL,93
9,EEFG1QHB,3,346,78
9,PHF41H2,3,231,92
9,PPF41Q3G,3,GYM2,97
9,HQF41QHB,3,333,85
11,AQF41UVT,3,206,73
9,SLF41HB,3,211,93
10,EEFG5,3,334B,65
11,FSFC5,3,116,70
11,MGF41,3,104,55
10,AQF41UVT,3,206,94
10,HUF41,3,338,83
10,MGF41,3,104,65
11,MPF41UQS,3,219,70
10,AWF81,3,228,67
10,SCF41,3,138,89
9,EEFG1HGB,3,250,91
11,PPF41Q3B,3,GYM3,100
10,MGF41H,3,104,96
9,SLF41QGB,3,147,88
10,MGF41,3,103,70
11,EEFGDUQV,3,204,74
11,HFF41H,3,315,90
9,HGF81HQD,3,213,94
9,EEFG1HB,3,330,90
10,HUF41UQX,3,325,93
10,PPF41Q3B,3,GYM3,90
10,UAF41Q2,3,227,77
10,HFF41,3,323,81
11,SPF41,3,238,80
10,HUF41,3,338,87
9,MEF41,3,203,85
12,MPF41UQS,3,219,92
10,FFFC1H,3,113,93
11,SPF41,3,238,76
10,FSFC5H,3,116,93
10,PWF41Q3G,3,POOL,95
12,EEFGDUQF,3,336,75
11,PPF41Q3G,3,GYM2,76
11,UAF85Q2,3,227,76
11,MRF41,3,223,76
12,AQF41QQY,3,216B,100
9,HUF41QW,3,326,78
11,SEF41H,3,B30,90
10,HFF41H,3,323,90
11,UEFGD,3,B27,66
9,SLF41QB,3,229,65
9,HFF41,3,323,65
9,HGF82QGD,3,311,82
10,EEFGDHW,3,226,93
10,HUF41UQX,3,325,92
9,EEFG1QGB,3,246,55
9,MEF41QG,3,205,75
10,PPF41Q3G,3,GYM2,93
11,FLFC9,3,121,65
10,MGF41,3,214,76
12,SQF41QQY,3,233,100
9,EEFG1QB,3,149,75
10,HUF41QW,3,326,84
9,HGF81QWD,3,329B,55
11,MGF41,3,103,80
9,EEFG1QHB,3,346,86
10,PPF41Q3G,3,GYM2,100
10,PWF41Q2G,3,POOL,95
11,FFFC5H,3,111,92
9,HQF41HHB,3,333,95
10,HUF41QG,3,334A,80
12,MKFC9TC,3,322,68
9,FSFC1,3,207,71
10,HUF41,3,338,85
9,PPF41Q3G,3,GYM1,91
9,UAF85Q2,3,227,67
11,FSFC5H,3,116,95
10,MGF41,3,103,82
9,EEFG1HGB,3,250,92
9,PPF41Q2G,3,GYM2,94
9,PPF41Q3G,3,GYM2,80
9,SLF41QB,3,211,88
9,HGF81QTD,3,321,45
11,PPF41Q2G,3,GYM2,85
11,PPF41Q3G,3,GYM2,90
9,HQF41QHB,3,333,86
10,MGF41,3,214,88
12,ALF41,3,222,78
10,HUF41,3,324,76
9,PHF41Q3,3,B17,87
9,PPF41Q2B,3,GYM3,100
9,EEFG1QTB,3,250,65
10,MGF41H,3,104,94
10,PHF41H3,3,231,93
10,PPF41Q2B,3,GYM3,95
9,HGF81QGD,3,321,88
10,HUF41QG,3,334A,88
11,EEFGDUGJ,3,B6,65
9,HGF82QTD,3,313,55
11,EEFG9,3,331,80
11,PPF41Q2G,3,GYM2,95
11,UAF41Q3,3,227,71
10,SEF41H,3,B30,91
12,AUFC9TA,3,232,55
11,MGF41QTF,3,105,65
11,SPF41H,3,238,95
9,PPF41Q2B,3,GYM3,90
9,PPF41Q3B,3,GYM3,90
9,HGF81QWD,3,329B,73
9,SLF41QTB,3,147,55
12,EQF41QQY,3,328A,100
11,FSFC9,3,123,88
12,MKFC9TC,3,322,88
9,EEFG1QGB,3,250,85
11,FSFC1,3,114,87
9,HGF81HQD,3,213,92
10,PPF41Q2B,3,GYM3,90
10,UAF85Q3,3,227,70
10,EEFG5,3,334B,67
11,HFF41,3,323,84
10,FSFC1,3,114,70
9,MEF41QG,3,205,70
10,EEFGDHW,3,226,93
10,EEFG9QGR,3,350,70
10,FSFC5,3,107,55
10,SPF41H,3,238,90
9,PHF41Q3,3,B17,70
9,PPF41Q2B,3,GYM3,90
11,FMFC5H,3,115,91
9,EEFG5QW,3,348,68
9,HGF82QTD,3,311,65
10,FLFC9,3,121,65
10,EEFG9QGR,3,350,86
9,FSFC1,3,114,55
10,PWF41Q3G,3,POOL,93
11,BCF41T,3,332,83
11,PPF41Q2B,3,GYM3,80
12,MRF41,3,223,71
9,PHF41Q2,3,231,82
9,PPF41Q3G,3,GYM1,70
10,PPF41Q2G,3,GYM2,55
10,PPF41Q3G,3,GYM1,65
9,PHF41H2,3,231,91
9,PPF41Q3G,3,GYM2,100
10,PPF41Q3B,3,GYM3,95
11,MRF41,3,225,55
11,UEFG9,3,B27,84
9,AWF85,3,B7,75
11,PPF41Q2B,3,GYM3,65
11,UAF85Q3,3,227,76
9,PPF41Q3B,3,GYM3,65
9,UAF41Q2,3,227,72
11,EEFG9,3,331,67
9,SLF41QTB,3,247,79
12,PPF41Q3B,3,GYM3,85
12,MGF41,3,103,76
9,PHF41H3,3,B17,90
9,PPF41Q2G,3,GYM1,80
11,EEFGDUQF,3,336,88
10,PPF41Q3B,3,GYM3,90
10,UAF41Q2,3,227,74
11,SCF41,3,138,65
11,EEFGDUQF,3,336,55
9,PHF41Q2,3,231,66
9,PPF41Q3B,3,GYM3,90
9,SLF41QTB,3,247,78
11,FLFC9,3,121,81
10,HUF41QT,3,334A,65
10,FSFC1H,3,207,98
11,EEFGDUQF,3,336,87
11,SEF41,3,B30,85
9,EEFG1QB,3,330,88
11,FFFC1,3,113,65
11,SCF41,3,141,74
10,SEF41H,3,B30,93
10,FSFC1H,3,114,95
11,PPF41Q3G,3,GYM2,69
11,UAF41Q2,3,227,77
11,AWF85,3,B7,75
9,EEFG5QF,3,349,65
9,HGF82QGD,3,311,89
10,HUF41UQX,3,325,70
12,AWF81,3,228,84
12,MKFC9TC,3,322,74
12,HQF41QQY,3,317,99
10,FSFC1,3,207,89
12,PQF41Q2Y,3,251,100
12,PQF41Q3Y,3,251,100
11,AWF85H,3,B7,90
10,FSFC9,3,123,80
11,BCF41T,3,332,77
11,PPF41Q2B,3,GYM3,90
11,MPF41UQJ,3,208,80
12,EEFGDUTJ,3,B6,77
9,SLF41QTB,3,147,85
9,SLF41QTB,3,247,86
9,PHF41H3,3,231,91
9,PPF41Q2B,3,GYM3,90
9,PHF41Q2,3,231,76
9,PPF41Q3G,3,GYM1,90
11,SHFC3TM,3,248,100
9,HQF41HHB,3,333,92
10,SWF41QT,3,341,81
10,FMFC5H,3,115,93
10,FFFC5,3,111,73
9,EEFG1QB,3,330,88
9,HGF81QTD,3,321,45
9,HGF81QWD,3,329B,70
11,FSFC9,3,123,82
9,FMFC5H,3,115,94
9,FFFC1,3,113,73
9,PHF41Q3,3,231,88
9,PPF41Q2B,3,GYM3,95
12,ALF41H,3,222,95
12,ULFC9TP,3,B39,84
12,EEFGDUQX,3,347,85
12,HQFC9TH,3,327,94
11,EEFG9QTR,3,350,71
9,HGF82QTD,3,313,65
10,MGF41QGF,3,105,82
9,PPF41Q2G,3,GYM2,83
9,PPF41Q3G,3,GYM2,73
10,FFFC1,3,113,45
11,SWF41QT,3,341,70
12,UEFGDH,3,B27,98
10,HUF41,3,338,86
11,EEFG9QGR,3,350,45
9,EEFG1QB,3,149,67
10,FSFC1,3,207,66
9,EEFG1QB,3,330,82
12,HBF41X,3,314,74
12,MKFC9TC,3,322,71
10,SCF41,3,141,77
9,FSFC1,3,207,66
12,MRF41,3,225,65
9,PHF41Q2,3,231,82
9,PPF41Q3G,3,GYM2,84
12,UEFGDH,3,B27,94
9,EEFG1QTB,3,246,85
11,MRF41,3,223,80
9,MEF41QT,3,205,82
10,HUF41QG,3,334A,82
10,HUF41UQX,3,325,87
9,FSFC1,3,114,72
9,SHFC3TM,3,248,70
9,HGF82QQD,3,316,65
10,PPF41Q3B,3,GYM3,95
10,UAF41H2,3,227,92
9,HUF41QT,3,334A,70
9,HQF41HHB,3,333,90
11,PPF41Q3B,3,GYM3,98
10,MGF41,3,103,82
10,HUF41UQX,3,325,88
10,SCF41,3,141,75
11,FLFC9,3,121,70
12,HBF41X,3,314,81
12,MKFC9TC,3,322,81
11,AQF41UVT,3,206,84
9,HGF82QQD,3,316,86
10,FSFC1,3,114,70
12,EEFGDUQX,3,347,80
9,EEFG1QHB,3,346,87
10,EEFG5QT,3,249,65
11,FSFC5,3,107,70
9,MEF41QT,3,205,85
10,PPF41Q3G,3,GYM2,100
9,EEFG9QF,3,126,45
11,PPF41Q2G,3,GYM1,90
11,PPF41Q3G,3,GYM1,92
11,PPF41Q2B,3,GYM3,98
11,PPF41Q3B,3,GYM3,100
11,AWF85,3,B7,82
11,EEFGDUQV,3,204,93
10,HUF41,3,324,84
10,HUF41QG,3,334A,71
10,PPF41Q3B,3,GYM3,100
10,UAF85Q2,3,227,65
11,HFF41,3,323,82
9,HGF81QGD,3,321,75
9,EEFG1HB,3,330,92
10,MGF41QGF,3,105,82
9,SWF41HG,3,341,92
9,HGF81QQD,3,139,85
9,EEFG1QHB,3,346,72
9,MEF41QT,3,205,55
12,AWF81H,3,228,94
9,SLF41QB,3,211,81
9,HUF41,3,324,65
12,FLFC9H,3,121,92
10,EEFG5HG,3,249,93
11,EEFG9,3,331,65
11,PPF41Q2G,3,GYM2,100
11,PPF41Q3G,3,GYM2,97
11,MPF41UQJ,3,208,78
9,EEFG1QB,3,149,65
10,PPF41Q2G,3,GYM2,95
10,PPF41Q3G,3,GYM1,85
9,HGF82QGD,3,311,79
10,SCF41,3,141,82
12,MKFC9TC,3,322,85
11,EEFG9QG,3,125,85
12,MQF41QQY,3,204A,100
9,EEFG1QB,3,149,76
9,PHF41Q3,3,B17,45
9,PPF41Q2B,3,GYM3,45
11,UEFG9H,3,B27,99
9,PPF41Q2B,3,GYM3,95
9,PPF41Q3B,3,GYM3,70
9,EEFG1QB,3,146,69
12,UQF41QQY,3,216B,100
11,EEFG9QT,3,125,80
10,AQF41UVT,3,206,83
10,AWF81,3,228,45
9,HGF81HQD,3,213,98
10,AQF41UVT,3,206,87
9,HQF41QHB,3,333,85
10,FSFC1,3,207,81
11,SPF41H,3,238,90
10,EEFG5QW,3,348,89
11,PPF41Q3B,3,GYM3,80
11,UAF41Q2,3,227,89
9,EEFG1HB,3,330,93
9,HGF82HQD,3,316,90
12,EQF41QQY,3,328A,100
9,SHFC3TM,3,248,90
12,MQF41QQY,3,204A,100
9,EEFG1QB,3,330,89
11,EEFGDUQF,3,336,92
9,SLF41QGB,3,247,81
9,EEFG1QB,3,330,87
11,MPF41UQJ,3,208,94
12,MKFC9TC,3,322,100
12,BCF41T,3,332,93
12,PWF41Q3G,3,POOL,95
10,FMFC5H,3,215,97
9,EEFG1QTB,3,250,65
11,FFFC9,3,111,55
10,MGF41H,3,103,90
11,PHF41H2,3,231,90
10,PPF41Q2G,3,GYM2,100
10,UAF41H3,3,227,94
9,SLF41HWB,3,328B,93
12,ULFC9TP,3,B39,88
9,EEFG1QGB,3,250,73
12,HQFC9TH,3,327,96
10,MRF41,3,225,78
9,HGF81QGD,3,321,65
9,EEFG5QF,3,349,55
10,MKFC1TC,3,108,80
10,MKFC1TC,3,108,85
10,PPF41Q3B,3,GYM3,100
10,UAF41H2,3,227,100
10,FKFC5H,3,124,100
11,UEFG9H,3,B27,100
10,FMFC5H,3,215,93
9,PHF41H2,3,B17,99
9,PPF41Q3G,3,GYM2,90
12,HBF41X,3,314,96
10,PHF41H2,3,B17,99
10,PPF41Q3G,3,GYM2,100
12,MGF41,3,104,65
9,HQF41HHB,3,333,96
10,PPF41Q3G,3,GYM2,100
10,PPF41Q2G,3,GYM2,96
10,UAF41H3,3,227,94
11,SPF41,3,238,83
10,PPF41Q2B,3,GYM3,80
10,UAF41Q3,3,227,78
12,EEFGDUQV,3,204,73
11,MKFC9TC,3,322,73
12,EEFGDUQX,3,347,92
10,FLFC5H,3,122,96
10,BCF41T,3,332,65
10,PPF41Q3G,3,GYM2,65
9,FFFC1,3,113,65
9,HGF81QQD,3,139,77
12,AUFC9TA,3,232,72
9,SLF41QGB,3,247,73
10,MGF41,3,214,88
9,PPF41Q2B,3,GYM3,65
9,PPF41Q3B,3,GYM3,75
9,EEFG5QW,3,348,82
10,MGF41,3,104,73
10,PPF41Q2G,3,GYM1,88
10,PWF41Q3G,3,POOL,85
10,FMFC5,3,215,80
10,SEF41,3,B30,82
10,HUF41HG,3,334A,94
10,FSFC9,3,123,88
11,FFFC5,3,111,76
12,HQF41QQY,3,317,99
12,UEFGDH,3,B27,100
12,MPF41UQS,3,219,74
12,SPF41H,3,238,95
9,EEFG1QB,3,330,89
11,MGF41,3,103,82
10,EEFG9HGR,3,350,93
12,MPF41UQS,3,219,93
11,FFFC5,3,111,77
11,EEFGDUQF,3,336,86
10,HUF41H,3,338,92
12,PPF41Q3B,3,GYM3,75
9,HGF81QQD,3,139,88
10,EEFG5H,3,334B,90
9,HGF81QQD,3,139,80
9,HGF82QTD,3,311,80
11,HGF82QQD,3,316,45
9,EEFG1QGB,3,246,80
9,PHF41Q2,3,B17,45
9,PPF41Q3B,3,GYM3,65
12,HQFC9TH,3,327,84
11,AUFC9TA,3,232,95
11,EEFG5QW,3,348,67
10,MGF41,3,214,85
11,MGF41,3,103,70
12,EEFGDUQF,3,336,65
10,FSFC1,3,207,77
11,PPF41Q3G,3,GYM2,97
11,PWF41Q2G,3,POOL,95
11,FSFC5,3,107,75
12,SQF41QQY,3,233,100
12,AWF85,3,B7,88
10,EEFG5,3,334B,70
10,SHFC3TM,3,248,96
9,EEFG1HB,3,330,99
10,UEFG9,3,B27,85
9,FMFC5H,3,115,93
11,EEFGDUQF,3,336,75
9,HQF41HHB,3,333,95
9,SLF41HB,3,211,91
12,EEFGDUQV,3,204,91
9,HGF82QQD,3,316,68
11,EEFG9QGR,3,350,88
9,SLF41QB,3,211,79
10,HUF41,3,338,55
12,ALF41H,3,222,95
9,MGF41,3,103,87
10,SCF41,3,138,87
10,SCF41,3,138,87
9,PPF41Q2B,3,GYM3,45
9,UAF41Q3,3,227,45
10,AWF81,3,228,84
11,FSFC5,3,116,45
9,HGF82QTD,3,313,85
12,PPF41Q2B,3,GYM3,85
10,AQF41UVT,3,206,76
11,MPF41UQJ,3,208,98
10,FMFC5H,3,215,90
11,HBF41X,3,314,94
10,EEFG9QG,3,125,45
10,EEFG5QG,3,249,86
10,HUF41,3,324,80
9,SEF41,3,B30,80
9,EEFG1HB,3,330,92
10,FFFC5,3,111,69
9,EEFG1QB,3,149,80
12,SPF41,3,238,70
11,FSFC5,3,116,55
11,AWF81,3,228,72
11,MKFC1TC,3,108,65
11,FSFC1,3,207,67
12,HQFC9TH,3,327,85
10,PWF41Q2G,3,POOL,90
10,PWF41Q3G,3,POOL,90
10,SHFC3TM,3,248,88
9,EEFG1QB,3,146,74
10,PPF41Q2G,3,GYM2,100
10,UAF85Q3,3,227,86
10,EEFG5HT,3,249,90
11,HFF41,3,323,79
9,HQF41HHB,3,333,95
10,PPF41Q2B,3,GYM3,65
10,UAF41Q3,3,227,65
12,HQF41QQY,3,317,99
12,AQF41QQY,3,216B,85
9,PPF41Q2B,3,GYM3,65
10,FFFC5H,3,111,93
11,MPF41UQJ,3,208,96
12,EEFGDUQV,3,204,75
11,PPF41Q3B,3,GYM3,75
11,EEFG9HG,3,125,94
12,HQF41QQY,3,317,99
11,PPF41Q2B,3,GYM3,75
11,PPF41Q3B,3,GYM3,65
9,SLF41QGB,3,247,78
11,MKFC1TC,3,108,96
12,EQF41QQY,3,328A,100
12,HQFC9TH,3,327,85
9,HGF81HQD,3,139,95
11,HQFC9TH,3,327,75
10,SHFC3TM,3,248,100
10,SPF41H,3,238,90
10,EEFG5,3,334B,79
10,HUF41H,3,338,94
10,HUF41HG,3,334A,94
12,AUFC9TA,3,232,70
12,ALF41,3,222,84
12,EQF41QQY,3,328A,90
12,AUFC9TA,3,232,65
9,EEFG1HB,3,146,90
9,MGF41,3,214,87
9,SLF41QTB,3,247,84
11,MCF41UAX,3,221,72
10,HUF41,3,338,86
11,PPF41Q3B,3,GYM3,65
11,UAF85Q2,3,227,77
12,PPF41Q3B,3,GYM3,90
11,SEF41,3,B30,83
10,SCF41,3,141,45
10,SPF41,3,238,85
10,FMFC5,3,115,87
9,HGF82QTD,3,311,87
11,EEFGDUQX,3,347,80
9,PHF41Q3,3,B17,70
9,PPF41Q2B,3,GYM3,90
9,MEF41,3,203,55
11,PPF41Q2B,3,GYM3,45
11,HUF41,3,324,73
12,EEFGDUQX,3,347,83
10,HFF41H,3,315,90
10,EEFG5QW,3,348,82
10,AQF41UVT,3,206,88
10,HUF41,3,324,80
10,MKFC1TC,3,108,96
9,EEFG1HB,3,146,90
11,MPF41UQS,3,219,68
11,SEF41,3,B30,81
11,FSFC5,3,107,70
9,HQF41QHB,3,333,85
9,HGF82HGD,3,313,94
11,PPF41Q2G,3,GYM1,45
11,AWF85,3,B7,87
11,UEFGDH,3,B27,98
11,HFF41,3,315,70
9,PHF41Q2,3,231,85
9,PPF41Q3G,3,GYM2,95
10,EEFGDUQV,3,204,45
11,FSFC5,3,116,55
11,FLFC9H,3,121,90
9,HQF41HHB,3,333,95
11,UEFGD,3,B27,86
11,MPF41UQJ,3,208,73
9,PHF41Q2,3,231,85
9,PPF41Q3B,3,GYM3,95
11,PHF41Q2,3,231,83
11,PPF41Q3B,3,GYM3,90
9,SEF41,3,B30,55
10,PPF41Q3G,3,GYM2,88
10,HUF41H,3,324,91
10,FSFC1,3,207,78
10,EEFG5,3,334B,79
9,AWF81,3,228,66
10,FLFC5H,3,122,93
10,PPF41Q2G,3,GYM2,80
10,PPF41Q3G,3,GYM2,65
9,HGF81QGD,3,321,80
9,HGF81HGD,3,321,96
10,HGF81QQD,3,139,45
9,EEFG1QHB,3,346,76
10,PPF41Q2G,3,GYM2,100
10,PPF41Q3G,3,GYM2,100
11,HQFC9TH,3,327,82
9,PPF41Q3B,3,GYM3,55
9,UAF85Q2,3,227,65
9,HGF82QTD,3,313,67
10,PPF41Q3B,3,GYM3,95
10,UAF41Q2,3,227,66
11,EEFG9QGR,3,350,70
9,HGF82QGD,3,311,84
9,HGF81QQD,3,139,84
9,FMFC5,3,115,82
9,FSFC1,3,207,55
11,PPF41Q2G,3,GYM2,100
11,PPF41Q3G,3,GYM2,100
9,FSFC1,3,207,88
11,FFFC5H,3,111,97
10,EEFG9QGR,3,350,45
9,FSFC1,3,207,45
11,PPF41Q2B,3,GYM3,100
11,PPF41Q3B,3,GYM3,90
12,EEFGDUQX,3,347,80
10,MGF41H,3,104,95
10,PPF41Q2B,3,GYM3,90
10,UAF41Q3,3,227,70
12,ULFC9TP,3,B39,89
10,EEFGDQW,3,226,80
9,HGF81QGD,3,321,78
10,BCF41T,3,332,80
10,PPF41Q3B,3,GYM3,95
9,HGF82QGD,3,313,88
10,PWF41Q3G,3,POOL,93
10,HFF41,3,323,84
11,HFF41,3,323,65
10,AWF85,3,B7,45
10,FSFC1H,3,114,91
11,FSFC5,3,107,70
9,EEFG1QB,3,149,87
9,EEFG1HB,3,149,90
9,PPF41Q2B,3,GYM3,95
9,UAF85Q3,3,227,70
12,PPF41Q2B,3,GYM3,90
10,SCF41H,3,141,99
10,PPF41Q2B,3,GYM3,95
10,UAF85Q3,3,227,70
11,AWF81H,3,228,91
11,AWF85,3,B7,80
11,SWF41HG,3,341,90
9,EEFG1HHB,3,346,90
9,SLF41QTB,3,147,65
10,HUF41UQX,3,325,90
9,SLF41HB,3,229,90
9,EEFG1QHB,3,346,87
9,SLF41HB,3,211,91
9,HQF41HHB,3,333,90
10,FMFC5H,3,215,94
11,FLFC9H,3,121,97
11,BCF41T,3,332,80
11,PPF41Q3G,3,GYM1,90
9,HGF81QTD,3,321,87
9,HGF81HTD,3,321,90
10,FLFC5H,3,122,90
9,HGF81HQD,3,213,98
11,ALF41H,3,222,91
9,EEFG1QB,3,146,85
10,BCF41T,3,332,85
10,PPF41Q2B,3,GYM3,90
11,PPF41Q2B,3,GYM3,100
9,EEFG5,3,334B,65
11,AWF81,3,228,72
12,UEFGDH,3,B27,90
9,FSFC9,3,123,45
11,MPF41UQJ,3,208,86
10,EEFG5,3,334B,76
11,EEFG9QG,3,125,86
10,AQF41UVT,3,206,92
10,FLFC5,3,122,84
11,PPF41Q2G,3,GYM2,93
9,EEFGDUQF,3,336,75
11,EEFGDUGJ,3,B6,98
9,EEFG5QW,3,348,65
11,FLFC5,3,122,70
9,PHF41H2,3,B17,92
9,PPF41Q3G,3,GYM1,90
10,SHFC3TM,3,248,96
9,EEFG9QFW,3,126,80
12,ULFC9TP,3,B39,97
9,SLF41QWB,3,328B,78
9,FLFC5,3,122,70
12,AQF41QQY,3,216B,100
10,MGF41H,3,103,92
11,AWF85,3,B7,80
10,FMFC5,3,215,71
12,PQF41Q2Y,3,251,100
12,PQF41Q3Y,3,251,100
10,EEFG9QGR,3,350,45
10,FFFC1H,3,113,92
11,MPF41UQJ,3,208,86
9,HGF81HGD,3,321,92
12,FSFC9,3,123,80
10,MGF41H,3,214,93
11,SCF41,3,138,65
11,MRF41,3,223,77
9,PHF41H2,3,B17,95
9,PPF41Q3G,3,GYM2,97
9,HGF81QQD,3,139,55
11,PPF41Q2B,3,GYM3,100
11,PPF41Q3B,3,GYM3,65
11,FSFC5,3,107,80
11,PPF41Q3G,3,GYM1,75
10,PPF41Q2G,3,GYM2,100
10,PPF41Q3G,3,GYM2,100
12,PPF41Q2G,3,GYM2,100
11,FSFC9H,3,123,90
9,HGF81QTD,3,321,76
9,SLF41QB,3,229,85
9,MEF41,3,203,55
10,EEFG5,3,334B,85
9,SLF41QWB,3,328B,77
9,FFFC1,3,113,65
11,MRF41,3,223,75
10,FSFC1,3,114,55
9,HUF41H,3,338,90
9,UEFG9,3,B27,68
9,FFFC1,3,113,65
11,UEFG9H,3,B27,99
10,FLFC5,3,122,65
9,MEF41,3,203,68
11,FLFC9,3,121,81
11,EEFG9,3,331,87
9,SLF41QB,3,211,80
11,PPF41Q2B,3,GYM3,85
11,PPF41Q3B,3,GYM3,85
10,FSFC1,3,207,85
12,MKFC9TC,3,322,82
11,SEF41,3,B30,85
12,MCF41UAX,3,221,55
12,MPF41UQS,3,219,81
11,MPF41UQJ,3,208,92
10,SCF41,3,138,65
9,HGF82QQD,3,316,87
11,EEFG9HT,3,125,91
11,HFF41,3,315,85
11,MKFC9TC,3,322,98
10,FLFC5H,3,122,90
10,PPF41Q3B,3,GYM3,100
9,SLF41QB,3,229,65
ST,EEFG5HG,3,249,92
10,EEFGDUGJ,3,B6,68
11,SEF41,3,B30,81
9,HUF41QT,3,334A,55
12,PPF41Q2B,3,GYM3,90
12,PQF41Q3Y,3,251,100
9,MGF41QGF,3,105,45
11,PPF41Q2G,3,GYM2,85
11,PPF41Q3G,3,GYM1,80
9,EEFG1QB,3,149,80
11,FFFC5,3,111,66
10,MGF41,3,104,81
12,MPF41UQS,3,219,82
9,EEFG1QB,3,330,89
9,FSFC1,3,207,45
10,HUF41H,3,338,97
11,MGF41,3,104,55
12,FQF41QQY,3,216B,100
11,FMFC5H,3,115,93
12,UEFGD,3,B27,82
11,FLFC9,3,121,84
11,SPF41H,3,238,95
10,FMFC5H,3,115,97
11,PPF41Q2G,3,GYM2,100
11,PPF41Q3G,3,GYM1,80
10,PPF41Q2B,3,GYM3,90
10,UAF41Q3,3,227,65
10,PPF41Q2B,3,GYM3,100
10,PPF41Q3B,3,GYM3,90
11,HFF41,3,323,83
10,SCF41,3,138,55
12,AUFC9TA,3,232,96
9,PHF41Q2,3,231,86
9,PPF41Q3B,3,GYM3,90
12,PPF41Q3G,3,GYM1,93
12,HQFC9TH,3,327,97
12,AWF81H,3,228,94
11,HUF41,3,324,72
9,EEFG1HHB,3,346,94
11,HUF41H,3,338,90
11,EEFGDUQF,3,336,80
9,EEFG5QF,3,349,55
9,HGF81HQD,3,213,95
12,MKFC9TC,3,322,65
10,AQF41UVT,3,206,90
9,SLF41QB,3,229,65
11,BCF41T,3,332,92
11,PWF41Q2G,3,POOL,93
11,PPF41Q2B,3,GYM3,95
11,UAF41Q3,3,227,85
12,MKFC9TC,3,322,65
10,HUF41,3,338,70
10,MGF41H,3,214,91
9,MEF41,3,203,55
9,MEF41H,3,203,90
11,PPF41Q3B,3,GYM3,90
11,UAF85H2,3,227,91
9,PHF41Q3,3,231,87
9,PPF41Q2B,3,GYM3,90
9,MEF41QG,3,205,80
9,EEFG1QGB,3,246,85
11,PPF41Q2G,3,GYM2,100
11,PPF41Q3G,3,GYM2,100
11,EEFGDUTJ,3,B6,84
9,EEFG5QT,3,249,55
10,EEFG5QW,3,348,65
11,MQF41QQY,3,204A,100
9,SLF41QGB,3,147,71
9,SHFC3TM,3,248,85
10,EEFG5,3,334B,71
10,AWF85H,3,B7,92
11,MRF41,3,225,75
10,MGF41H,3,104,99
11,PPF41Q3G,3,GYM2,100
9,EEFG1HGB,3,246,93
10,AQF41UVT,3,206,93
11,AWF85H,3,B7,90
10,EEFGDUGJ,3,B6,86
12,FSFC9,3,123,70
9,FSFC1,3,114,65
10,SWF41QG,3,341,82
11,AWF81,3,228,73
9,PWF41Q3G,3,POOL,90
11,EEFG9,3,331,66
11,AWF85,3,B7,85
9,HGF82QTD,3,313,55
11,UEFG9H,3,B27,100
10,FSFC1,3,114,65
10,AQF41UVT,3,206,89
11,FSFC5,3,107,70
10,FSFC1,3,207,67
11,MPF41UQJ,3,208,97
11,SEF41,3,B30,79
12,FQF41QQY,3,216B,100
11,AWF81H,3,228,96
10,FLFC5H,3,122,90
11,HBF41X,3,314,78
9,EEFG1QB,3,330,65
10,PPF41Q2B,3,GYM3,90
10,UAF85Q3,3,227,67
9,EEFG1QHB,3,346,82
9,MRF41,3,225,83
9,PPF41Q2G,3,GYM2,55
12,EEFGDUQV,3,204,80
11,BCF41T,3,332,94
11,PPF41Q2B,3,GYM3,85
11,MPF41UQJ,3,208,94
10,FLFC5H,3,122,90
12,AUFC9TA,3,232,90
9,HGF81QQD,3,213,83
9,SWF41QT,3,341,65
9,SLF41QGB,3,247,89
9,EEFGDHW,3,226,93
9,PPF41Q2B,3,GYM3,55
11,FSFC5,3,116,55
12,FSFC9,3,123,65
12,BCF41T,3,332,82
10,MGF41H,3,104,96
12,FQF41QQY,3,216B,100
11,BCF41T,3,332,87
11,PWF41Q3G,3,POOL,90
10,PPF41Q2B,3,GYM3,90
10,PPF41Q3B,3,GYM3,90
9,PHF41Q2,3,231,84
9,PPF41Q3G,3,GYM2,100
10,BCF41T,3,332,84
10,PWF41Q2G,3,POOL,80
10,BCF41T,3,332,96
10,PPF41Q2B,3,GYM3,100
10,MKFC1TC,3,108,100
10,PHF41H3,3,B17,94
11,HBF41X,3,314,82
12,MCF41UAX,3,221,88
9,EEFG1QB,3,149,82
11,SHFC3TM,3,248,95
10,FLFC5H,3,122,100
9,EEFG9QF,3,126,45
9,PPF41Q2B,3,GYM3,80
9,PPF41Q3B,3,GYM3,65
11,EEFGDUTJ,3,B6,85
11,EEFGDUQV,3,204,92
11,PPF41Q2G,3,GYM2,100
11,UAF41H3,3,227,96
11,PPF41Q2B,3,GYM3,95
11,PPF41Q3B,3,GYM3,90
11,SPF41H,3,238,95
9,EEFG5QF,3,349,71
12,EEFGDUQV,3,204,96
10,MGF41H,3,214,96
9,MEF41H,3,203,100
9,PHF41Q3,3,231,85
9,PPF41Q2G,3,GYM1,75
10,PPF41Q3B,3,GYM3,95
10,UAF41Q2,3,227,85
10,MRF41,3,225,69
11,PPF41Q2G,3,GYM1,97
11,PPF41Q3G,3,GYM1,95
11,SPF41,3,238,77
10,MKFC1TC,3,108,97
11,PPF41Q2G,3,GYM1,95
11,PPF41Q3G,3,GYM2,94
9,SLF41HGB,3,247,94
10,EEFG5,3,334B,65
12,MQF41QQY,3,204A,100
11,PPF41Q2B,3,GYM3,100
11,PPF41Q3B,3,GYM3,90
12,PQF41Q2Y,3,251,100
12,PQF41Q3Y,3,251,100
10,EEFG9QF,3,126,86
9,PHF41H3,3,B17,97
9,PPF41Q2G,3,GYM2,100
11,PPF41Q3G,3,GYM2,100
11,PWF41Q2G,3,POOL,93
9,EEFG1HGB,3,250,93
10,MGF41QTF,3,105,83
12,MCF41UAX,3,221,86
11,SPF41H,3,238,95
11,SPF41H,3,238,90
11,MRF41H,3,223,97
10,FMFC5H,3,115,95
10,FMFC5H,3,115,95
11,FMFC5,3,215,84
11,HBF41X,3,314,84
9,MEF41HG,3,205,99
10,PPF41Q2B,3,GYM3,90
10,UAF41Q3,3,227,82
9,EEFG1QB,3,330,71
11,MPF41UQS,3,219,65
11,MCF41UAX,3,221,95
11,AWF85H,3,B7,92
12,HBF41X,3,314,87
10,EEFG9HGR,3,350,92
12,ULFC9TP,3,B39,94
10,PPF41Q2G,3,GYM1,97
10,PPF41Q3G,3,GYM2,100
9,HGF82QQD,3,316,77
11,PPF41Q3G,3,GYM2,55
10,PPF41Q3G,3,GYM1,85
9,EEFG1HB,3,330,92
12,ALF41,3,222,85
9,PHF41Q3,3,231,84
9,PPF41Q2B,3,GYM3,95
9,PHF41Q2,3,231,85
9,PPF41Q3B,3,GYM3,95
11,PPF41Q3B,3,GYM3,90
10,MRF41,3,225,84
12,MCF41UAX,3,221,85
11,EEFG9,3,331,83
11,SPF41H,3,238,95
10,HUF41,3,324,80
9,SLF41QB,3,229,87
10,HFF41,3,323,71
12,SQF41QQY,3,233,100
9,SLF41HGB,3,147,93
11,PPF41Q2G,3,GYM1,90
11,FLFC9,3,121,78
10,MGF41,3,104,88
11,PPF41Q3B,3,GYM3,90
10,MGF41H,3,104,95
11,SPF41,3,238,81
10,FMFC5H,3,115,97
12,FQF41QQY,3,216B,100
11,MQF41QQY,3,204A,100
9,AWF81H,3,228,100
10,FSFC9H,3,123,90
11,MRF41,3,225,55
9,SWF41QT,3,341,65
10,FLFC5,3,122,72
10,SEF41H,3,B30,93
11,PPF41Q2B,3,GYM3,90
11,PPF41Q3B,3,GYM3,65
12,EEFGDUQX,3,347,78
11,UEFGD,3,B27,65
10,FLFC5H,3,122,90
11,EEFG9QTR,3,350,81
11,EEFGDUGJ,3,B6,92
9,PHF41Q3,3,B17,65
9,PPF41Q2B,3,GYM3,90
11,EEFGDUQF,3,336,65
10,SWF41HG,3,341,95
10,SWF41HG,3,341,97
12,EEFGDQW,3,226,85
9,EEFG5QT,3,249,80
10,FSFC1,3,114,77
11,EEFG9,3,331,66
9,PPF41Q2B,3,GYM3,55
9,PHF41H2,3,B17,97
9,PPF41Q3G,3,GYM1,95
11,PPF41Q2B,3,GYM3,90
11,BCF41T,3,332,80
11,PPF41Q3B,3,GYM3,95
11,FLFC9H,3,121,91
10,PPF41Q3G,3,GYM1,100
10,UAF41Q2,3,227,76
10,BCF41T,3,332,91
10,PWF41Q3G,3,POOL,90
11,PPF41Q2B,3,GYM3,100
11,PPF41Q3B,3,GYM3,90
10,AQF41UVT,3,206,97
9,EEFG1QB,3,146,80
10,MGF41,3,103,70
9,SLF41QB,3,229,88
10,PPF41Q2G,3,GYM2,100
10,PPF41Q3G,3,GYM1,95
10,FMFC5,3,215,70
12,ULFC9TP,3,B39,89
10,BCF41T,3,332,94
10,PWF41Q3G,3,POOL,95
11,EEFG9HG,3,125,90
9,SLF41HB,3,211,93
10,PPF41Q2G,3,GYM2,90
10,PPF41Q3G,3,GYM2,70
10,MGF41H,3,214,97
10,EEFG9QF,3,126,80
10,EEFG9QF,3,126,90
10,MGF41H,3,104,100
10,EEFG9HF,3,126,96
9,PHF41Q2,3,B17,65
9,PPF41Q3B,3,GYM3,90
9,MEF41,3,203,89
10,EEFG5QF,3,349,68
9,PHF41H2,3,B17,96
9,PPF41Q3G,3,GYM2,100
10,HUF41QG,3,334A,88
10,EEFG5HG,3,249,95
9,EEFG1HB,3,330,91
11,MPF41UQJ,3,208,92
11,MRF41,3,225,72
10,EEFG9QF,3,126,45
11,PPF41Q3B,3,GYM3,90
9,EEFG1QB,3,149,76
11,PPF41Q3G,3,GYM1,90
10,PPF41Q2B,3,GYM3,100
10,PPF41Q3B,3,GYM3,100
10,PPF41Q2B,3,GYM3,90
10,PPF41Q3B,3,GYM3,95
9,HGF81HQD,3,213,97
11,EEFG9HF,3,126,92
10,MRF41H,3,225,92
12,MKF41QQY,3,319,99
10,FMFC5H,3,215,97
10,FLFC5,3,122,70
9,EEFG1QB,3,149,86
10,FMFC5H,3,115,94
12,FQF41QQY,3,216B,100
9,PHF41H3,3,231,90
9,PPF41Q2G,3,GYM2,97
12,AUFC9TA,3,232,65
10,PPF41Q3B,3,GYM3,95
12,MGF41H,3,214,100
12,AUFC9TA,3,232,93
9,SLF41QB,3,229,85
10,EEFG5,3,334B,45
11,FKFC5H,3,124,97
9,PHF41H3,3,B17,94
9,PPF41Q2G,3,GYM2,100
12,MPF41UQS,3,219,55
10,HUF41,3,324,75
10,PPF41Q2G,3,GYM2,100
10,PPF41Q3G,3,GYM2,100
9,EEFG1QGB,3,250,75
9,EEFG1QB,3,149,76
10,HUF41H,3,338,95
12,MCF41UAX,3,221,93
9,HGF82QGD,3,311,86
10,MKFC1TC,3,108,95
9,SLF41QB,3,211,74
9,HGF82HGD,4,321,90
9,MKF41,4,322,70
9,HGF82HGD,4,321,90
10,FSFC1,4,114,77
9,FJFC9H,4,115,99
10,EEFG5,4,346,45
11,HFF41X,4,324,83
9,HFF41QW,4,326,65
9,SLF41QW,4,328B,66
12,SHF83,4,B17,75
11,EEFG9UQX,4,125,92
12,MPF41UQS,4,205,72
10,MGF41QGF,4,207,55
9,FSFC1H,4,114,96
9,SLF41,4,332,77
9,MKF41H,4,322,90
10,MGF41H,4,211,92
9,MGF41,4,103,84
11,MKFC1TC,4,108,73
10,FLFC5,4,122,80
10,EEFG5,4,346,84
9,PHF41Q2,4,231,77
9,PPF41Q3G,4,GYM1,90
9,EEFG1QGB,4,250,70
9,HGF82HQD,4,213,97
12,PPF41Q2B,4,GYM3,90
9,MKF41,4,322,66
12,BCF41T,4,106,99
9,SLF41,4,332,45
10,MKFC1HQM,4,206,91
11,HUF41,4,333,82
11,FLFC9,4,121,65
10,HUF41H,4,116,92
9,EEF81QF,4,126,55
10,MGF41QGF,4,107,55
11,MKFC1HQM,4,206,91
11,MKFC1TC,4,108,81
11,UAF41H2,4,235,97
11,UAF41H3,4,235,97
12,AUFC9TA,4,232,92
9,HGF81HGD,4,315,90
12,MCF81UBD,4,225,87
12,PPF41Q2G,4,GYM1,85
12,PWF41Q2G,4,POOL,90
9,SWF41,4,247,55
9,HFF41,4,325,45
9,FJFC5,4,115,85
10,EEFG5QH,4,331,76
12,PQF41Q2Y,4,251,100
12,PQF41Q3Y,4,251,100
9,BCF41T,4,106,97
9,PPF41Q2G,4,GYM2,80
10,FSFC1H,4,114,92
10,HQFC1TH,4,313,81
10,FLFC5,4,122,88
11,EEFG9UQX,4,125,76
9,UEFG1H,4,227,92
11,SHFC3TM,4,248,65
10,EEFG5,4,146,78
10,MGF41QTF,4,207,76
11,MKFC1HQM,4,206,93
10,HQFC1TH,4,313,91
9,UEFGD,4,B27,79
9,HGF81QTD,4,315,85
9,FSFC1,4,114,74
11,PPF41Q3B,4,GYM3,80
11,UAF85H2,4,235,92
9,MGF41H,4,211,99
9,MEF41,4,214,65
9,MEF81HGD,4,221,94
12,PPF41Q2B,4,GYM3,80
11,MRF41QTF,4,208,82
12,UEFGDH,4,B27,97
9,HGF82QQD,4,139,80
11,EEFGDUQJ,4,348,80
9,MEF81QTD,4,221,55
9,HGF82HQD,4,213,90
12,EEFGDUQX,4,347,78
12,UEFGDH,4,B27,100
9,SHFC3TM,4,248,95
11,HFF41X,4,324,90
9,SLF41,4,332,65
11,PPF41Q2G,4,GYM2,80
9,MEF41QG,4,105,76
9,UAF85Q3,4,235,65
11,EEFGDQG,4,246,85
11,UEFG9,4,B27,85
9,HUF41QT,4,311,77
11,SCF41QT,4,141,79
9,MEF41,4,214,77
11,MGF41QGF,4,207,71
11,PPF41Q2B,4,GYM3,65
11,EEFGDUQV,4,204,100
11,HFF41X,4,324,91
11,BCF41T,4,106,100
11,PPF41Q3B,4,GYM3,90
10,EEFG5QH,4,331,70
9,MEF81QGD,4,221,83
10,PPF41Q3G,4,GYM1,95
11,HQFC1TH,4,313,55
11,EEFGDQT,4,246,85
10,SCF41HG,4,141,92
9,FSFC1,4,114,70
12,MPF41UQS,4,205,85
9,MEF41,4,214,55
12,MCF81UBD,4,225,72
9,MEF81HGD,4,221,99
11,EEFGDQG,4,246,83
9,UEFG1H,4,227,91
10,UAF41Q2,4,235,73
12,UAF41H2,4,235,97
12,PWF41Q2G,4,POOL,98
12,PWF41Q3G,4,POOL,98
11,EEFGDUQJ,4,348,65
11,BCF41T,4,106,99
11,PPF41Q2G,4,GYM2,90
9,HUF41,4,333,55
10,MGF41QGF,4,207,77
10,EEFG5HH,4,331,94
12,MKFC5HQM,4,206,98
10,HFF41QT,4,314,78
9,HGF82QQD,4,139,55
9,EEFG1QTB,4,250,75
10,EEFG5,4,346,76
12,PQF41Q2Y,4,251,100
12,PQF41Q3Y,4,251,100
10,EEFG5H,4,146,92
11,EEFG9UQX,4,125,69
12,PPF41Q2B,4,GYM3,100
10,HFF41QG,4,314,65
10,SHFC3TM,4,248,96
11,EEFGDQG,4,246,83
10,HUF41UQX,4,316,88
11,MKFC1HQM,4,206,92
10,EEFG5QH,4,331,89
11,HFF41X,4,324,82
10,ULFC1TP,4,B39,87
10,HUF41UQX,4,316,90
10,EEFG5QG,4,249,82
9,MEF41QT,4,105,70
9,SLF41,4,332,77
11,MRF41,4,223,73
9,FSFC5,4,113,74
10,FSFC9H,4,123,92
9,PHF41H2,4,231,94
9,PPF41Q3B,4,GYM3,95
11,SHFC3TM,4,248,98
11,PPF41Q2G,4,GYM1,90
11,UAF85H3,4,235,92
11,MRF41,4,223,75
9,UEFG1,4,227,71
11,EEFG9H,4,B6,90
9,FSFC1,4,114,78
11,EEFGDQG,4,246,69
11,SWF41,4,247,85
10,ULFC1TP,4,B39,90
9,PPF41Q3B,4,GYM3,45
10,HUF41,4,116,87
10,PWF41Q3G,4,POOL,90
10,EEFG5,4,146,89
11,FLFC9H,4,121,91
9,PPF41Q3G,4,GYM1,90
12,UEFGD,4,B27,77
9,PPF41Q3B,4,GYM3,95
11,FLFC9,4,121,84
9,PHF41Q2,4,231,70
9,PPF41Q3G,4,GYM2,90
11,UEFG9H,4,B27,93
12,PPF41Q3B,4,GYM3,80
10,FSFC9H,4,123,92
9,EEFG1QGB,4,250,83
9,HGF82HQD,4,213,93
12,MKFC5HQM,4,206,98
12,PPF41Q2G,4,GYM2,95
11,FSFC9,4,123,88
12,BCF41T,4,106,100
12,UAF85H2,4,235,94
12,MPF41UQS,4,205,74
11,EEFG9H,4,B6,95
9,HGF82QTD,4,321,65
10,MRF41,4,223,88
10,FMFC5,4,215,82
9,MEF41HG,4,105,95
10,EEFG5HG,4,249,90
10,FJFC9,4,115,65
11,FSFC5,4,113,88
9,MEF85,4,203,45
9,HFF41H,4,325,91
11,EEFG9UQX,4,125,86
12,PPF41Q2B,4,GYM3,90
9,MGF41QGF,4,107,70
11,EEFG9,4,B6,72
10,HUF41UQX,4,316,92
11,EEF81QF,4,126,88
10,SCF41QG,4,141,65
9,FJFC5,4,115,65
11,MRF41HTF,4,208,90
12,UEFGD,4,B27,83
11,UAF85Q2,4,235,69
9,FSFC1,4,114,80
10,PPF41Q3G,4,GYM1,90
12,SHF83,4,B17,77
12,HFF41,4,325,78
12,PPF41Q2G,4,GYM1,90
11,FLFC9H,4,121,94
10,UEFGDH,4,B27,96
11,HFF41QT,4,314,65
10,PPF41Q2B,4,GYM3,75
10,UAF41Q3,4,235,67
10,EEFG5QH,4,331,81
10,EEFG5H,4,146,94
9,MGF41H,4,103,99
9,HGF82QGD,4,321,85
10,FJFC5H,4,115,97
11,EEFG9UQX,4,125,91
9,PPF41Q2B,4,GYM3,98
9,UAF41Q3,4,235,69
11,HFF41H,4,325,90
10,MKFC1TC,4,108,83
10,FSFC5,4,113,70
11,MGF41QGF,4,107,79
12,EEFGDUQV,4,204,98
9,HGF82HQD,4,139,93
11,MKFC1HQM,4,206,94
10,EEFG5QG,4,249,85
12,EEFGDUQV,4,204,87
12,AUFC9TA,4,232,85
10,FJFC5H,4,115,96
11,EEFGDQG,4,246,82
9,PHF41Q3,4,231,80
9,PPF41Q2B,4,GYM3,90
10,FMFC5,4,215,86
10,MGF41,4,103,84
9,MKF41QQY,4,319,100
10,SCF41QG,4,141,88
10,ULFC1TP,4,B39,87
9,UEFG1H,4,227,92
10,HFF41,4,325,65
9,HUF41QT,4,311,75
11,PPF41Q2G,4,GYM2,95
11,PPF41Q3G,4,GYM2,95
12,MCF81UBD,4,225,82
9,HGF81QTD,4,315,55
11,HFF41QT,4,314,70
11,UEFG9,4,B27,85
11,HFF41,4,325,86
9,HGF82QQD,4,213,83
9,FSFC1H,4,114,95
12,UAF41Q2,4,235,75
10,FSFC9,4,123,65
12,SHF83,4,B17,84
9,MGF41,4,211,88
9,MEF85,4,203,55
9,PHF41H3,4,231,95
9,PPF41Q2B,4,GYM3,80
10,SCF41QT,4,141,68
9,MEF81QTD,4,221,74
9,HGF81HGD,4,315,95
12,UEFGD,4,B27,71
9,HGF82QQD,4,139,70
10,PPF41Q3B,4,GYM3,90
10,UAF41Q2,4,235,82
11,MKFC1HQM,4,206,98
9,HGF81QTD,4,315,75
10,FLFC5H,4,122,100
9,PPF41Q2G,4,GYM2,55
12,EEFGDUQV,4,204,89
9,HUF41,4,333,75
9,EEFG1QGB,4,250,55
11,MRF41H,4,223,92
9,HGF82HQD,4,213,95
9,MEF85,4,203,45
12,UAF41H2,4,235,90
12,UAF41Q3,4,235,87
9,HGF82QTD,4,321,70
10,FJFC5,4,115,69
9,FSFC1,4,114,65
12,MSF41UQX,4,104,98
11,EEFG9,4,330,77
10,HUF41QG,4,311,83
10,FSFC9,4,123,65
12,UAF85H2,4,235,98
10,ESFG5QF,4,334B,79
9,PHF41Q3,4,231,65
9,PPF41Q2B,4,GYM3,95
12,MKFC1HQM,4,206,98
10,MEF85,4,203,65
11,PPF41Q2G,4,GYM2,75
12,ALF41,4,222,70
11,EEFG5QG,4,249,81
9,HGF82QWD,4,329B,55
9,FSFC1,4,114,65
9,EEF81HF,4,126,98
11,EEFG9UQX,4,125,92
9,ULFC1TP,4,B39,73
9,MEF41QG,4,105,88
12,PPF41Q2B,4,GYM3,95
11,EEFGDUQJ,4,348,83
9,MEF85,4,203,70
12,EEFGDUQV,4,204,76
10,MGF41QGF,4,107,55
11,EEFG9,4,B6,55
9,MEF41QT,4,105,83
12,PPF41Q2G,4,GYM1,85
12,PPF41Q3G,4,GYM2,100
10,EEFG5HG,4,249,96
9,PHF41Q3,4,231,80
9,PPF41Q2B,4,GYM3,90
10,HQFC1TH,4,313,85
9,HGF82QWD,4,329B,82
9,EEFG9,4,B6,45
10,BCF41T,4,106,92
10,PPF41Q3B,4,GYM3,90
10,SWF41H,4,247,97
10,MGF41QTF,4,207,67
10,HUF41,4,116,86
11,SWF41,4,247,55
9,HGF82QQD,4,139,70
11,MRF41QGF,4,208,83
11,HUF41,4,333,70
11,MGF41HGF,4,207,90
10,MGF41H,4,211,97
10,HQFC1TH,4,313,82
12,UEFG9H,4,B27,93
10,HQFC1TH,4,313,65
10,EEFG9,4,B6,45
10,MGF41,4,211,80
9,FMFC1,4,228,80
12,PPF41Q2B,4,GYM3,70
9,MEF41,4,214,81
12,UAF41H2,4,235,93
12,UAF41H3,4,235,93
9,MKFC1QQM,4,206,88
9,MEF81QTD,4,221,65
12,PPF41Q2G,4,GYM2,100
9,MEF85,4,203,45
9,MEF81QTD,4,221,65
9,UEFG1H,4,227,90
10,HUF41,4,116,87
10,MGF41HGF,4,207,97
10,PPF41Q2G,4,GYM1,65
11,EEFGDQT,4,246,70
9,SLF41QT,4,338,82
9,HGF82QQD,4,139,55
9,FSFC1,4,114,76
11,MRF41H,4,223,97
10,SHFC3TM,4,248,98
12,UAF41H2,4,235,97
9,PHF41Q3,4,231,65
12,ALF41H,4,222,90
10,FMFC5,4,111,67
11,EEFG9H,4,B6,98
9,HUF41QG,4,311,74
12,AUFC9TA,4,232,90
9,EEFG1QGB,4,250,87
11,FSFC9,4,123,65
9,PPF41Q2G,4,GYM1,65
9,MEF81QTD,4,221,71
12,PPF41Q2B,4,GYM3,90
12,UAF41H3,4,235,91
9,FLFC9,4,121,55
10,EEFG5HG,4,249,95
10,BCF41T,4,106,95
10,PWF41Q3G,4,POOL,80
12,EEFGDUQJ,4,348,80
10,HUF41UQX,4,316,94
9,MKFC1TC,4,108,55
10,FMFC5H,4,111,100
12,MRF41QGF,4,208,81
9,MEF41,4,214,65
11,PPF41Q3G,4,GYM1,92
11,FMFC5,4,215,71
11,PPF41Q2B,4,GYM3,95
11,UAF41Q3,4,235,75
9,HGF81XHD,4,323,87
9,SLF41QT,4,338,82
10,PPF41Q2B,4,GYM3,100
10,PPF41Q3B,4,GYM3,95
12,MPF41UQS,4,205,80
10,ULFC1TP,4,B39,72
10,EEFG5,4,146,86
11,PWF41Q2G,4,POOL,95
11,UAF41Q3,4,235,86
11,BCF41T,4,106,98
11,PPF41Q3B,4,GYM3,90
10,BCF41T,4,106,92
10,PPF41Q3G,4,GYM1,90
10,MGF41H,4,211,92
10,FSFC9,4,123,80
10,MKFC1TC,4,108,76
10,MKFC1HQM,4,206,93
11,EEFG9UQX,4,125,90
11,MRF41HGF,4,208,95
12,MPF41UQS,4,205,75
11,EEFG9,4,330,81
10,EEFG5QH,4,331,88
12,MCF81UBD,4,225,90
9,ESFG5QFW,4,334B,71
11,MKFC5QQM,4,206,80
12,EEFGDUQV,4,204,90
12,FSFC9,4,123,80
10,FSFC9,4,123,85
9,FSFC1,4,114,65
12,PPF41Q2B,4,GYM3,95
11,PPF41Q2B,4,GYM3,98
11,PPF41Q3B,4,GYM3,100
12,EEFGDUQX,4,347,73
10,SCF41HT,4,141,93
10,HQFC1TH,4,313,89
10,FMFC5,4,215,89
11,MKFC1HQM,4,206,91
9,MEF41HG,4,105,93
9,HGF82QQD,4,213,89
11,PPF41Q2G,4,GYM1,76
12,EEFGDUQJ,4,348,80
11,UAF41Q3,4,235,85
11,MKFC1TC,4,108,96
11,PWF41Q2G,4,POOL,80
12,MKFC9HQM,4,206,100
11,SPF41,4,238,87
11,HTF41X,4,334A,93
12,MCF81UBD,4,225,81
10,EEFG5QH,4,331,81
10,EEFG5QH,4,331,84
9,MGF41H,4,211,93
10,PPF41Q2G,4,GYM1,88
10,PPF41Q3G,4,GYM2,95
11,PPF41Q2G,4,GYM2,65
11,UAF41Q3,4,235,79
10,FMFC5H,4,111,90
12,MCF81UBD,4,225,87
10,MGF41QGF,4,107,85
10,MGF41HGF,4,107,91
10,FMFC5H,4,111,94
11,HFF41QG,4,314,74
11,MCF81UBD,4,225,91
12,MPF41UQS,4,205,93
9,SLF41,4,332,88
12,AUFC9TA,4,232,98
11,HTF41X,4,334A,93
10,PPF41Q2B,4,GYM3,95
10,PPF41Q3B,4,GYM3,95
10,HUF41,4,116,83
11,MRF41,4,223,86
9,PHF41Q2,4,231,88
10,FSFC9H,4,123,95
10,HUF41,4,333,55
9,PHF41H2,4,231,92
9,PPF41Q3B,4,GYM3,95
11,PPF41Q2G,4,GYM1,90
9,EEF81HF,4,126,90
9,HGF81XHD,4,323,79
10,SCF41QG,4,141,88
9,MGF41H,4,103,95
11,HTF41X,4,334A,84
9,FSFC5H,4,113,92
10,FMFC5H,4,111,100
10,FMFC5H,4,215,95
10,ULFC1TP,4,B39,83
12,AUFC9TA,4,232,99
9,MKF41,4,322,75
9,FMFC1H,4,228,93
11,SPF41H,4,238,95
9,PHF41H3,4,231,92
9,PPF41Q2B,4,GYM3,100
9,EEF81HF,4,126,97
10,FMFC5H,4,111,92
12,UEFGD,4,B27,85
11,BCF41T,4,106,97
11,PPF41Q2G,4,GYM1,92
11,FMFC5H,4,215,100
9,HGF81XHD,4,323,92
12,EEFGDUQV,4,204,94
12,ALF41,4,222,85
9,PHF41H3,4,231,95
9,PPF41Q2G,4,GYM1,92
11,HTF41X,4,334A,95
11,HQFC1TH,4,313,91
9,MKF41,4,322,86
10,UAF41H2,4,235,98
11,BCF41T,4,106,97
11,PPF41Q3G,4,GYM2,100
11,FMFC5H,4,215,90
12,MCF81UBD,4,225,90
11,PPF41Q3G,4,GYM2,80
12,PPF41Q2G,4,GYM2,95
10,MEF85,4,203,77
10,BCF41T,4,106,96
9,UEFG1,4,227,81
10,MRF41,4,223,89
9,FSFC5H,4,113,97
9,FKFC5,4,124,65
9,EEFG1QGB,4,250,75
10,FKFC5,4,124,84
9,HGF82HQD,4,139,90
12,SHF83,4,B17,80
11,HTF41X,4,334A,92
11,EEFG9UQX,4,125,85
9,UEFG1,4,227,76
11,MRF41QGF,4,208,65
11,FLFC9H,4,121,94
9,MEF41QG,4,105,83
9,MEF41H,4,214,92
10,SCF41QG,4,141,82
9,FMFC1H,4,228,100
9,UEFG1H,4,227,94
11,EEFG9,4,330,88
10,HFF41QT,4,314,65
9,MEF41QG,4,105,86
12,PPF41Q2B,4,GYM3,65
11,FLFC9,4,121,67
12,MSF41UQX,4,104,87
12,UEFGDH,4,B27,98
9,MKF41,4,322,78
10,HUF41,4,333,87
10,HUF41,4,333,80
11,PWF41Q2G,4,POOL,85
11,PWF41Q3G,4,POOL,90
12,EEFGDUQX,4,347,80
12,ALF41,4,222,86
10,MKFC1HQM,4,206,92
11,FSFC9,4,123,88
9,SLF41H,4,332,95
10,HUF41H,4,116,90
11,PWF41Q3G,4,POOL,90
12,SHF83H,4,B17,94
9,HGF81QTD,4,315,80
10,MGF41HGF,4,207,98
11,EEFGDUQJ,4,348,65
10,EEFG5,4,146,76
10,FLFC5,4,122,85
12,PPF41Q2G,4,GYM1,90
10,MGF41QTF,4,207,55
10,SHFC3TM,4,248,97
10,FLFC5,4,122,78
9,HGF82QWD,4,329B,72
10,MRF41HGF,4,208,95
9,PPF41Q3G,4,GYM1,90
9,EEFG9,4,330,88
10,UAF41Q2,4,235,87
10,UAF41Q3,4,235,87
9,MGF41H,4,211,92
12,FJFC9,4,115,83
10,FLFC5,4,122,88
12,ALF41,4,222,80
10,PWF41Q3G,4,POOL,55
12,PPF41Q2B,4,GYM3,45
12,MRF41QTF,4,208,70
9,PHF41Q3,4,231,65
12,AUFC9TA,4,232,80
12,EEFGDUQX,4,347,85
9,PPF41Q3B,4,GYM3,65
9,ALF41,4,222,78
9,MEF85,4,203,66
11,SWF41,4,247,85
9,HGF82HQD,4,213,98
10,EEFG5QH,4,331,85
9,PHF41Q3,4,231,55
12,PPF41Q2G,4,GYM1,90
12,AUFC9TA,4,232,92
10,EEFGDUQV,4,204,80
10,MRF41,4,223,85
11,EEFGDUQJ,4,348,70
10,MKFC1TC,4,108,94
9,PHF41Q3,4,231,77
9,PPF41Q2B,4,GYM3,95
11,MKFC1TC,4,108,82
11,UEFG9,4,B27,67
9,PPF41Q3G,4,GYM2,45
10,EEFG5,4,146,89
9,MEF41QG,4,105,69
10,EEFG5,4,346,87
10,EEFG9,4,330,80
9,FLFC5,4,122,74
10,EEFG5HH,4,331,91
11,MKFC1HQM,4,206,94
10,EEFG5,4,346,87
10,EEFG5,4,346,72
11,SHFC3TM,4,248,92
10,MRF41,4,223,70
9,HGF82HQD,4,213,90
10,UEFG1,4,227,72
10,MGF41QTF,4,107,70
9,PPF41Q2G,4,GYM1,75
9,PPF41Q3G,4,GYM2,100
9,MGF41,4,211,88
12,EEFGDUQX,4,347,76
12,MKFC5HQM,4,206,98
11,BCF41T,4,106,97
11,PPF41Q3G,4,GYM2,100
11,EEFG9H,4,B6,92
12,HUF41,4,116,89
12,BCF41T,4,106,97
12,PQF41Q2Y,4,251,100
10,HUF41QG,4,311,80
9,MEF81QTD,4,221,45
9,SLF41QT,4,338,65
10,HUF41,4,116,88
11,PPF41Q2B,4,GYM3,80
11,PPF41Q3B,4,GYM3,70
11,HFF41X,4,324,83
9,HGF82HQD,4,139,90
9,PHF41Q2,4,231,79
9,PPF41Q3B,4,GYM3,80
10,PPF41Q3G,4,GYM1,70
10,HUF41UQX,4,316,68
11,EEFGDUQX,4,347,68
10,EEFG5,4,146,77
12,MCF81UBD,4,225,94
10,HQFC1TH,4,313,83
10,FJFC5,4,115,74
12,MSF41UQX,4,104,86
12,UEFGDH,4,B27,98
9,PPF41Q3G,4,GYM1,45
10,HUF41UQX,4,316,90
10,FLFC5,4,122,85
12,MSF41UQX,4,104,90
11,EEFG9,4,330,77
10,ULFC1TP,4,B39,86
10,MEF85,4,203,45
10,UEFG1,4,227,68
11,BCF41T,4,106,91
11,PPF41Q2B,4,GYM3,80
9,SLF41QW,4,328B,45
9,EEFGDQT,4,246,82
10,MEF85,4,203,45
11,EEFGDUQJ,4,348,70
12,EEFGDUQV,4,204,65
9,FSFC1H,4,114,98
12,HFF41HG,4,314,94
9,HGF81QGD,4,315,88
10,MKFC1QQM,4,206,88
10,EEFG5H,4,146,92
ST,MGF41QGF,4,107,80
9,EEFG1QGB,4,250,81
10,PPF41Q2G,4,GYM2,55
10,UAF85Q3,4,235,65
9,EEF81QFW,4,126,55
9,UEFG1,4,227,65
9,HGF82QQD,4,213,87
12,FSFC9,4,123,65
10,UEFG9,4,B27,75
11,HTF41X,4,334A,90
12,MRF41,4,223,55
12,PPF41Q2B,4,GYM3,65
10,SCF41QG,4,141,76
9,HGF81HGD,4,315,93
10,MRF41QTF,4,208,65
10,HQFC1TH,4,313,80
9,PPF41Q3G,4,GYM1,85
9,MKF41,4,322,65
12,HFF41QW,4,326,75
10,HUF41HG,4,311,96
9,PHF41H2,4,231,93
9,PPF41Q3G,4,GYM1,90
11,FMFC5H,4,215,97
9,HGF82HQD,4,213,95
11,SWF41H,4,247,92
12,MKFC1QQM,4,206,65
11,HTF41X,4,334A,91
9,HGF82QQD,4,139,83
9,PHF41H3,4,231,91
9,EEFG1QTB,4,250,70
9,MGF41,4,103,76
10,SCF41QG,4,141,55
9,UEFG1,4,227,70
11,HFF41H,4,325,95
9,UEFG1,4,227,70
11,HTF41X,4,334A,92
10,MGF41,4,211,85
10,MGF41HTF,4,207,100
11,SWF41,4,247,75
10,MKFC1TC,4,108,91
10,EEFG5,4,146,88
10,EEFG5,4,346,87
11,FJFC5H,4,115,100
9,EEF81HF,4,126,94
9,MKF41,4,322,88
11,PPF41Q3B,4,GYM3,65
11,UAF85Q2,4,235,65
12,ALF41H,4,222,98
9,PPF41Q3G,4,GYM1,95
10,FMFC5H,4,215,98
10,FMFC5H,4,215,99
10,FMFC5H,4,111,94
9,FLFC5,4,122,76
12,PPF41Q2G,4,GYM2,75
9,HGF82QWD,4,329B,80
11,UEFG9H,4,B27,100
11,PPF41Q3G,4,GYM2,70
9,PHF41Q3,4,231,70
10,ULFC1TP,4,B39,79
9,HUF41QT,4,311,67
9,HGF82HGD,4,321,91
9,SLF41H,4,332,90
10,UEFG9,4,B27,85
12,AUFC9TA,4,232,92
9,HGF81QGD,4,315,75
12,FJFC9,4,115,68
9,PHF41Q3,4,231,83
12,MPF41UQS,4,205,73
9,PHF41Q3,4,231,78
9,PPF41Q2G,4,GYM1,80
9,HGF81XHD,4,323,86
9,EEFG5QH,4,331,82
11,MRF41,4,223,85
10,PPF41Q3G,4,GYM1,90
11,MKFC1TC,4,108,87
10,HUF41QG,4,311,89
9,UEFG1,4,227,77
11,HFF41X,4,324,80
10,SCF41QG,4,141,65
12,SHF83,4,B17,85
9,HGF81XHD,4,323,75
11,PPF41Q3B,4,GYM3,80
10,BCF41T,4,106,96
10,PPF41Q3G,4,GYM1,90
9,PPF41Q2B,4,GYM3,90
12,AUFC9TA,4,232,95
10,FSFC1,4,114,89
9,FSFC5,4,113,85
12,EEFGDUQX,4,347,79
10,EEFG5,4,346,81
9,EEFG1QGB,4,250,87
12,MSF41UQX,4,104,75
9,SLF41QT,4,338,78
12,PPF41Q2G,4,GYM2,90
11,SPF41,4,238,78
9,HFF41QW,4,326,85
9,PHF41H2,4,231,92
9,PPF41Q3B,4,GYM3,100
11,EEFG9UQX,4,125,75
9,HGF82HGD,4,321,91
11,MGF41,4,103,65
9,MEF41QT,4,105,65
12,MSF41UQX,4,104,80
10,FMFC5,4,215,75
10,ULFC1TP,4,B39,84
11,PPF41Q2G,4,GYM1,90
11,PPF41Q3G,4,GYM2,100
12,EEFGDUQX,4,347,75
11,FSFC9,4,123,88
11,MGF41QTF,4,207,82
9,EEFG1QGB,4,250,80
10,MKFC1TC,4,108,97
9,FMFC1,4,228,89
10,HUF41QG,4,311,72
9,HFF41,4,325,45
10,EEFG5,4,346,86
11,MRF41QTF,4,208,80
11,HUF41,4,333,85
9,FSFC9,4,123,65
9,PHF41H3,4,231,97
9,PPF41Q2G,4,GYM1,90
12,MGF41QGF,4,207,85
10,MGF41QGF,4,107,78
9,SLF41HG,4,338,99
10,MKFC1TC,4,108,85
11,FLFC9H,4,121,91
11,MKFC1HQM,4,206,92
9,FMFC1H,4,228,93
9,ESFG5QF,4,334B,70
9,HFF41QG,4,314,65
9,HGF82QGD,4,321,77
10,EEFG5HG,4,249,91
9,FSFC5,4,113,87
9,PPF41Q2G,4,GYM2,95
9,HGF81HGD,4,315,93
9,HGF82HWD,4,329B,90
10,SLF41,4,332,68
10,EEF81QF,4,126,89
11,MCF81UBD,4,225,82
9,MEF41,4,214,55
12,AUFC9TA,4,232,96
9,HGF81HGD,4,315,96
11,FSFC9,4,123,65
10,PPF41Q3G,4,GYM2,85
10,FLFC5H,4,122,94
9,FSFC1H,4,114,97
9,UEFG1,4,227,83
10,FLFC5,4,122,88
9,UEFG1,4,227,72
9,HGF82QTD,4,321,68
9,HGF81XHD,4,323,92
12,MSF41UQX,4,104,69
12,EEFGDUQX,4,347,80
10,PPF41Q3G,4,GYM1,80
9,MGF41H,4,103,92
12,SPF41,4,238,88
9,FSFC1,4,114,88
10,EEFG5,4,346,65
10,FMFC5,4,111,69
9,HGF82QQD,4,213,86
10,SHFC3TM,4,248,100
11,EEFG9,4,330,87
10,MGF41QTF,4,107,68
10,FSFC9,4,123,65
12,EEFGDUQV,4,204,91
10,PPF41Q3G,4,GYM1,85
12,AUFC9TA,4,232,91
9,HGF82HQD,4,139,98
11,MKFC1TC,4,108,98
10,PPF41Q3B,4,GYM3,65
10,BCF41T,4,106,96
10,PWF41Q3G,4,POOL,90
9,HUF41,4,333,55
9,EEF81QF,4,126,65
10,EEFG5,4,346,80
9,UEFG1,4,227,72
12,PPF41Q2G,4,GYM1,88
10,FSFC1,4,114,89
11,EEFGDUQJ,4,348,80
9,PHF41Q2,4,231,83
9,PPF41Q3B,4,GYM3,100
9,HGF82QQD,4,139,80
10,FMFC5H,4,215,97
10,FSFC1,4,114,67
10,FJFC5,4,115,88
11,MGF41QTF,4,107,82
9,MEF41QG,4,105,89
9,PPF41Q3B,4,GYM3,80
9,HGF81XHD,4,323,82
9,MEF81QTD,4,221,65
10,HUF41,4,333,70
9,EEFG1HGB,4,250,90
10,FKFC5H,4,124,98
9,SLF41,4,332,85
11,MKFC1HQM,4,206,93
11,EEFG9,4,B6,87
9,FSFC9H,4,123,90
10,PPF41Q2G,4,GYM1,90
10,UAF85Q3,4,235,86
11,MGF41,4,103,65
11,FLFC9H,4,121,92
11,PWF41Q2G,4,POOL,55
11,PWF41Q3G,4,POOL,55
10,HFF41,4,325,55
9,HGF82QQD,4,139,87
12,MCF81UBD,4,225,94
10,PPF41Q2B,4,GYM3,85
10,UAF85Q3,4,235,79
9,SLF41,4,332,89
10,HUF41QG,4,311,88
12,PPF41Q2B,4,GYM3,45
9,ESFG5QF,4,334B,85
12,EEFGDUQX,4,347,75
9,HGF82HQD,4,213,96
10,HUF41UQX,4,316,87
9,MEF41QT,4,105,70
10,SLF41QW,4,328B,74
10,ULFC1TP,4,B39,93
11,SWF41H,4,247,92
9,HGF82QWD,4,329B,70
11,EEFG9,4,330,83
11,PPF41Q3B,4,GYM3,75
11,EEFG9,4,330,82
12,MPF41UQS,4,205,90
10,EEFG5HG,4,249,98
10,PPF41Q3B,4,GYM3,55
11,BCF41T,4,106,97
11,PPF41Q3G,4,GYM2,95
11,EEFG9,4,330,80
9,MGF41,4,211,80
10,EEFG5HH,4,331,93
12,UAF85H2,4,235,97
11,EEFG9UQX,4,125,91
9,PHF41Q2,4,231,70
9,PPF41Q3B,4,GYM3,100
12,MCF81UBD,4,225,81
11,MRF41QTF,4,208,70
9,HGF82QWD,4,329B,76
9,ULFC1TP,4,B39,72
10,HUF41H,4,116,93
9,PPF41Q2B,4,GYM3,90
10,SCF41QT,4,141,65
10,PPF41Q3B,4,GYM3,80
11,EEFG9UQX,4,125,96
12,PPF41Q2G,4,GYM2,95
12,ALF41,4,222,79
9,SWF41,4,247,78
11,MKFC1HQM,4,206,90
11,BCF41T,4,106,93
11,PPF41Q3G,4,GYM2,100
10,MEF85,4,203,65
12,SPF41H,4,238,90
9,MEF41,4,214,74
10,HUF41UQX,4,316,95
9,FSFC5H,4,113,95
11,PPF41Q2G,4,GYM2,100
11,UAF85H3,4,235,91
11,EEFG9UQX,4,125,93
11,EEFG9UQX,4,125,94
ST,SLF41QG,4,338,83
10,EEFG5QH,4,331,84
11,HTF41X,4,334A,80
11,MRF41,4,223,88
10,SHFC3TM,4,248,94
12,PPF41Q2G,4,GYM1,75
11,EEFG9UQX,4,125,94
9,FSFC1,4,114,87
9,MEF81QGD,4,221,65
9,ESFG5QF,4,334B,72
10,HUF41,4,333,88
11,MRF41QGF,4,208,67
12,UAF85H2,4,235,94
9,HGF81QGD,4,315,78
9,MGF41,4,103,70
10,EEFG5QH,4,331,76
9,UEFG1,4,227,75
11,FLFC9,4,121,79
11,EEFGDUQJ,4,348,75
12,BCF41T,4,106,85
9,HGF82QWD,4,329B,75
10,FSFC1,4,114,68
10,FSFC1H,4,114,90
11,FLFC9,4,121,86
11,FLFC9H,4,121,96
12,MSF41UQX,4,104,80
10,HUF41UQX,4,316,90
12,HGF81QGD,4,315,80
12,FSFC9,4,123,65
10,BCF41T,4,106,90
10,PPF41Q3B,4,GYM3,90
9,HGF82HQD,4,213,91
10,FMFC5H,4,111,99
11,MPF41UQS,4,205,71
11,MCF81UBD,4,225,94
10,HUF41QG,4,311,85
9,MEF41,4,214,74
10,PWF41Q3G,4,POOL,90
11,HTF41X,4,334A,87
11,PPF41Q3B,4,GYM3,98
11,UAF85H2,4,235,92
12,ALF41,4,222,86
10,SHFC3TM,4,248,100
11,PPF41Q2G,4,GYM2,100
11,PPF41Q3G,4,GYM1,90
9,PHF41Q3,4,231,65
9,PPF41Q2B,4,GYM3,90
9,EEFG1QTB,4,250,70
11,BCF41T,4,106,98
11,PPF41Q3B,4,GYM3,90
9,ESFG5QF,4,334B,55
9,EEFG5QG,4,249,87
12,UEFGDH,4,B27,98
12,PPF41Q2G,4,GYM1,85
11,HTF41X,4,334A,92
10,PPF41Q3G,4,GYM2,70
10,UAF85Q2,4,235,87
9,HGF81HGD,4,315,90
9,EEFG1QTB,4,250,72
11,HFF41QG,4,314,75
11,FLFC9,4,121,79
11,EEF81HF,4,126,97
11,FKFC5,4,124,65
12,MRF41QTF,4,208,65
10,HUF41,4,333,75
9,HGF82QQD,4,139,78
10,EEFG5H,4,146,95
9,PWF41Q2G,4,POOL,90
9,PWF41Q3G,4,POOL,90
12,EEFGDUQV,4,204,87
12,ALF41,4,222,76
10,ULFC1TP,4,B39,90
11,SPF41,4,238,78
12,MCF81UBD,4,225,86
12,MSF41UQX,4,104,76
10,EEFG5QH,4,331,79
9,PPF41Q3G,4,GYM1,65
10,EEFG5H,4,146,93
9,EEFG1QGB,4,250,68
9,PHF41Q2,4,231,81
10,AUFC9TA,4,232,90
12,PPF41Q2G,4,GYM2,95
9,HGF82QQD,4,213,83
9,MRF41QGF,4,208,82
10,HFF41QW,4,326,76
11,ULFC1TP,4,B39,71
9,SLF41HG,4,338,95
9,FJFC5,4,115,81
9,HGF82HQD,4,213,93
12,MPF41UQS,4,205,79
12,PPF41Q2B,4,GYM3,90
10,MGF41,4,211,55
12,PWF41Q2G,4,POOL,75
10,HFF41QG,4,314,67
10,EEFG5QT,4,249,88
10,BCF41T,4,106,88
10,UAF41H3,4,235,91
11,EEF81QF,4,126,88
12,UEFGDH,4,B27,97
9,PHF41H2,4,231,95
9,PPF41Q3G,4,GYM2,100
10,SHFC3TM,4,248,80
12,MRF41HGF,4,208,95
10,FMFC5H,4,215,98
9,EEFG5QG,4,249,65
9,UEFG1,4,227,83
12,PPF41Q2B,4,GYM3,45
9,PHF41Q2,4,231,65
9,PPF41Q3B,4,GYM3,70
10,PWF41Q2G,4,POOL,90
10,EEFG5QH,4,331,80
9,SLF41HG,4,338,95
11,HFF41X,4,324,78
11,HGF82QQD,4,139,65
11,ULFC1TP,4,B39,72
10,FLFC5H,4,122,90
9,HQFC1TH,4,313,81
11,MGF41QTF,4,107,69
10,MGF41QGF,4,107,70
11,ALF41,4,222,85
9,UEFG1,4,227,72
10,HUF41QG,4,311,89
10,SCF41QT,4,141,80
11,UEFG9H,4,B27,97
9,SCF41QG,4,141,55
10,SWF41,4,247,45
10,BCF41T,4,106,95
10,PPF41Q3G,4,GYM2,70
10,HQFC1TH,4,313,86
10,MKFC1HQM,4,206,90
10,SCF41QG,4,141,75
10,PPF41Q2B,4,GYM3,90
10,UAF85Q3,4,235,85
12,MPF41UQS,4,205,74
11,EEFGDQT,4,246,76
10,ULFC1TP,4,B39,74
9,FSFC1,4,114,65
9,SLF41QG,4,338,65
11,UAF85Q3,4,235,65
9,UEFG1,4,227,85
10,SPF41,4,238,82
9,SLF41QW,4,328B,74
9,FMFC1H,4,228,97
9,HGF82QTD,4,321,45
10,MGF41QGF,4,107,79
9,SLF41,4,332,77
12,MCF81UBD,4,225,94
12,SHF83H,4,B17,95
12,MSF41UQX,4,104,81
9,UEFG1H,4,227,97
9,ESFG5QF,4,334B,68
12,MSF41UQX,4,104,65
10,MKFC1TC,4,108,75
12,EEFGDUQV,4,204,70
11,HFF41H,4,325,95
10,MKFC1TC,4,108,77
9,HGF81QGD,4,315,80
11,BCF41T,4,106,90
10,HUF41QT,4,311,82
12,MSF41UQX,4,104,77
11,SWF41H,4,247,98
ST,MGF41QGF,4,107,89
12,EEFGDUQX,4,347,75
12,PPF41Q2B,4,GYM3,90
9,FSFC5,4,113,70
9,HFF41QW,4,326,80
9,HGF81HGD,4,315,90
9,MEF41,4,214,85
9,HGF81XHD,4,323,82
12,MPF41UQS,4,205,98
9,MGF41H,4,211,95
11,FLFC9,4,121,84
10,ESFG5QF,4,334B,87
10,SCF41QG,4,141,65
11,HFF41H,4,325,97
10,FLFC9,4,121,55
12,MPF41UQS,4,205,77
10,HUF41,4,116,88
10,HUF41UQX,4,316,85
11,MGF41QGF,4,207,76
10,FMFC1H,4,228,94
11,FMFC5H,4,111,100
10,MGF41,4,103,86
11,PPF41Q2G,4,GYM1,90
11,UAF85H3,4,235,92
10,EEFG9,4,330,83
10,PPF41Q2G,4,GYM1,87
10,PPF41Q3G,4,GYM2,100
12,SHF83H,4,B17,92
9,FMFC1H,4,228,100
10,HUF41,4,333,80
9,SCF41QG,4,141,89
11,ALF41H,4,222,98
10,ALF41H,4,222,90
10,SLF41,4,332,86
12,ALF41,4,222,85
9,MEF41QG,4,105,74
12,MQF41QQY,4,204A,100
9,MEF41QG,4,105,87
9,MGF41QTF,4,207,75
10,FMFC5H,4,215,95
9,HGF82HGD,4,321,95
11,HTF41X,4,334A,92
10,EEFG9,4,330,45
10,EEFG5QG,4,249,88
11,FKFC5,4,124,55
9,EEFG5,4,346,55
9,MEF41,4,214,83
9,HGF81XHD,4,323,87
11,SPF41,4,238,82
12,UAF41H2,4,235,96
12,HFF41H,4,325,95
10,HUF41QT,4,311,74
10,HFF41QG,4,314,83
10,EEFG5H,4,146,97
10,FJFC5,4,115,67
9,MEF41QT,4,105,70
11,MRF41,4,223,79
10,FLFC5H,4,122,93
10,EEFG5,4,346,80
10,FSFC9,4,123,88
11,PPF41Q2G,4,GYM1,90
11,PPF41Q3G,4,GYM1,95
10,EEFG5HH,4,331,90
9,HGF82QQD,4,213,80
9,HFF41QW,4,326,55
12,PPF41Q2G,4,GYM1,90
11,PPF41Q2B,4,GYM3,90
11,PPF41Q3B,4,GYM3,90
9,MEF41,4,214,72
9,MGF41,4,103,84
12,SHF83H,4,B17,90
12,PPF41Q2G,4,GYM1,90
9,SLF41HG,4,338,95
11,EEFGDUQJ,4,348,70
10,EEFG5,4,346,76
9,MEF41QG,4,105,80
9,PPF41Q3B,4,GYM3,95
9,EEFG5QT,4,249,74
9,EEF81QF,4,126,74
12,HTF41X,4,334A,83
10,EEFG5HG,4,249,92
11,PPF41Q3B,4,GYM3,65
12,SHF83,4,B17,86
11,BCF41T,4,106,97
11,PPF41Q2G,4,GYM2,90
9,MGF41,4,211,65
11,EEF81QF,4,126,79
10,PWF41Q2G,4,POOL,90
10,SCF41QG,4,141,77
11,HTF41X,4,334A,90
10,HQFC1TH,4,313,82
11,HTF41X,4,334A,90
10,PWF41Q2G,4,POOL,80
9,PPF41Q3G,4,GYM1,80
11,MGF41QTF,4,107,82
9,PWF41Q2G,4,POOL,90
9,PWF41Q3G,4,POOL,88
11,HFF41QG,4,314,74
10,EEFG5,4,346,84
9,UEFG1,4,227,85
10,MKFC1TC,4,108,78
12,PWF41Q2G,4,POOL,90
10,EEFG5,4,146,85
12,ALF41,4,222,71
12,UEFGDH,4,B27,97
10,HUF41H,4,116,94
12,BCF41T,4,106,95
11,SPF41H,4,238,90
10,FKFC9H,4,124,99
9,MEF81HTD,4,221,90
10,FLFC5,4,122,88
10,UAF85Q3,4,235,82
12,MPF41UQS,4,205,68
9,HGF81QTD,4,315,80
10,FMFC5H,4,215,94
10,EEFGDQG,4,246,88
11,FSFC9H,4,123,92
10,HUF41UQX,4,316,89
11,HFF41X,4,324,83
9,MEF41QT,4,105,65
11,EEFG9H,4,330,90
10,EEFG5,4,146,88
9,MGF41,4,103,79
12,EEFGDUQV,4,204,45
9,MKF41,4,322,55
9,MKF41,4,322,84
9,MGF41QGF,4,207,73
11,EEFG9,4,330,88
9,PPF41Q3B,4,GYM3,65
11,FMFC5H,4,215,98
10,HUF41H,4,333,92
11,PPF41Q2B,4,GYM3,90
11,PPF41Q3B,4,GYM3,90
9,MEF41QG,4,105,87
10,SPF41,4,238,74
11,HTF41X,4,334A,87
10,FJFC5H,4,115,90
9,HGF82HQD,4,213,95
9,PPF41Q3G,4,GYM1,80
10,FLFC5,4,122,80
9,EEFG5QT,4,249,80
9,MEF81QTD,4,221,68
10,FLFC5,4,122,78
9,HGF82QGD,4,321,88
9,MEF81QGD,4,221,79
10,SWF41,4,247,45
10,MEF85,4,203,65
10,HUF41QT,4,311,85
12,EQF41QQY,4,328A,100
9,HGF81HTD,4,315,90
10,HQFC1TH,4,313,87
9,HGF81XHD,4,323,85
10,HQFC1TH,4,313,85
11,HFF41,4,325,55
11,EEFG9UQX,4,125,87
11,EEFGDUQJ,4,348,65
12,MPF41UQS,4,205,90
12,EEFGDQT,4,246,81
10,FKFC5,4,124,81
12,AUFC9TA,4,232,96
11,FSFC5,4,113,69
9,SLF41H,4,332,96
11,HFF41X,4,324,80
11,EEFG9,4,B6,86
9,PHF41Q2,4,231,55
9,PPF41Q3B,4,GYM3,90
10,FMFC5,4,111,68
10,FJFC5,4,115,73
9,FSFC5,4,113,85
9,HGF81HGD,4,315,95
9,FMFC5,4,111,55
12,HFF41H,4,325,93
9,PPF41Q3G,4,GYM2,55
12,ALF41,4,222,85
10,EEFG5QT,4,249,88
11,BCF41T,4,106,90
11,PWF41Q3G,4,POOL,90
11,HFF41X,4,324,78
11,EEFG9UQX,4,125,92
9,FSFC1H,4,114,92
10,EEFG5QG,4,249,89
12,UAF41Q2,4,235,45
9,HGF82QQD,4,139,73
11,MKFC1TC,4,108,55
10,HUF41UQX,4,316,87
10,SHF83,4,B17,89
10,FJFC5,4,115,65
12,SHF83,4,B17,88
11,HTF41X,4,334A,88
10,SPF41,4,238,84
11,EEFG9,4,330,82
10,HUF41UQX,4,316,88
12,BCF41T,4,106,95
9,HGF82QQD,4,139,85
11,MRF41H,4,223,91
9,MGF41,4,211,75
10,FJFC5H,4,115,95
11,EEFG9UQX,4,125,91
11,MPF41UQS,4,205,95
12,AUFC9TA,4,232,94
10,FLFC5H,4,122,99
10,MRF41H,4,223,94
9,HGF82HWD,4,329B,93
10,MRF41,4,223,70
9,MGF41,4,103,85
10,FJFC5H,4,115,91
12,MPF41UQS,4,205,75
11,MKFC1HQM,4,206,91
12,ALF41H,4,222,91
12,PPF41Q2G,4,GYM2,80
10,FLFC5H,4,122,91
9,PHF41H2,4,231,96
9,PPF41Q3G,4,GYM1,95
11,EEFGDUQV,4,204,82
9,FSFC5,4,113,78
11,EEFGDUQJ,4,348,80
9,HGF81HGD,4,315,90
9,EEFG5,4,146,80
9,UEFG1,4,227,71
12,PWF41Q2G,4,POOL,92
10,HFF41QT,4,314,65
11,MPF41UQS,4,205,72
12,PWF41Q2G,4,POOL,75
9,MEF41QT,4,105,84
11,FSFC5H,4,113,90
10,EEFG5QH,4,331,75
10,MKFC1TC,4,108,80
ST,MGF41QGF,4,107,74
10,SCF41QG,4,141,65
9,MKF41,4,322,73
12,MSF41UQX,4,104,84
12,EEFGDUQX,4,347,88
11,EEFGDUQJ,4,348,90
10,SLF41QT,4,338,82
9,EEFGDQT,4,246,77
10,BCF41T,4,106,70
11,HFF41X,4,324,90
12,ALF41,4,222,84
10,FKFC5,4,124,89
9,MEF41QG,4,105,88
11,PWF41Q2G,4,POOL,55
11,PWF41Q3G,4,POOL,55
10,MGF41,4,103,85
11,EEFGDUQJ,4,348,90
10,MRF41QGF,4,208,75
12,EEFGDUQV,4,204,93
9,PHF41H2,4,231,94
9,PPF41Q3G,4,GYM2,100
12,PPF41Q2G,4,GYM1,90
9,FKFC5H,4,124,96
11,HFF41X,4,324,81
11,BCF41T,4,106,96
11,EEFG9,4,330,88
10,FKFC5,4,124,67
9,HGF82QGD,4,321,45
9,MEF41,4,214,71
9,HGF81XHD,4,323,74
10,FKFC5,4,124,89
12,PPF41Q2G,4,GYM2,95
11,MKFC1TC,4,108,55
10,HUF41,4,333,88
9,MKF41,4,322,73
10,EEFG5QH,4,331,79
12,MSF41UQX,4,104,92
9,SLF41QW,4,328B,87
9,HUF41QG,4,311,75
11,FKFC5,4,124,86
12,PPF41Q2G,4,GYM1,90
11,SPF41,4,238,80
10,EEFG5,4,146,87
11,SWF41,4,247,85
11,SPF41,4,238,82
10,EEFG5QH,4,331,83
11,PPF41Q2B,4,GYM3,70
9,HFF41,4,325,83
9,MEF41,4,214,82
11,EEFG9,4,330,88
11,EEFGDQG,4,246,85
10,MGF41QTF,4,107,80
9,MGF41HGF,4,207,92
9,MKF41,4,322,84
11,BCF41T,4,106,98
11,PPF41Q2G,4,GYM2,85
9,PPF41Q3G,4,GYM1,90
9,UAF41Q2,4,235,70
11,MRF41HGF,4,208,99
11,MRF41,4,223,78
9,HGF81XHD,4,323,100
9,MKF41H,4,322,91
10,HQFC1TH,4,313,75
10,SLF41HG,4,338,97
9,UEFG1,4,227,66
11,MRF41,4,223,86
9,HGF81XHD,4,323,93
10,MRF41,4,223,74
9,PHF41Q3,4,231,87
9,PPF41Q2G,4,GYM2,100
10,HQFC1TH,4,313,90
9,SLF41HG,4,338,94
12,MSF41UQX,4,104,94
11,EEFGDUQJ,4,348,82
11,FLFC9,4,121,55
9,PHF41Q2,4,231,66
9,PPF41Q3G,4,GYM2,95
11,UEFG9H,4,B27,100
12,EEFGDUQX,4,347,76
10,EEFG5HT,4,249,95
9,UEFG1H,4,227,93
10,BCF41T,4,106,97
10,PPF41Q3G,4,GYM1,92
12,MCF81UBD,4,225,88
9,HGF82QQD,4,139,85
10,FMFC5H,4,111,94
11,EEFG9UQX,4,125,86
11,EEFG9,4,B6,85
9,PPF41Q3B,4,GYM3,90
9,EEFG1QGB,4,250,76
10,UAF41Q3,4,235,65
11,UEFG9H,4,B27,94
10,PPF41Q2B,4,GYM3,95
10,PPF41Q3B,4,GYM3,80
12,HFF41QG,4,314,70
11,FSFC9,4,123,72
12,FKFC5H,4,124,92
9,PHF41Q2,4,231,65
9,PPF41Q3B,4,GYM3,100
11,PWF41Q3G,4,POOL,90
10,FMFC5H,4,111,100
11,SHFC3TM,4,248,98
10,HUF41UQX,4,316,77
9,HGF81XHD,4,323,55
10,PPF41Q2G,4,GYM2,45
9,FJFC5,4,115,45
9,MEF41,4,214,76
12,PQF41Q2Y,4,251,100
12,PQF41Q3Y,4,251,100
10,HFF41,4,325,89
11,EEFGDQG,4,246,88
9,UEFG1H,4,227,93
9,HGF82QQD,4,139,65
9,UEFG1H,4,227,90
9,MGF41HGF,4,207,92
12,PWF41Q2G,4,POOL,85
10,EEFG5QG,4,249,89
9,HGF81XHD,4,323,75
12,MPF41UQS,4,205,78
10,EEFG5,4,146,89
10,PPF41Q2B,4,GYM3,75
10,UAF41Q3,4,235,72
10,PPF41Q3B,4,GYM3,70
11,SCF41QG,4,141,68
10,UAF41Q3,4,235,70
10,FMFC5H,4,111,92
9,EEFG1QTB,4,250,70
11,SPF41,4,238,80
10,FMFC5,4,215,86
10,SPF41H,4,238,92
9,UEFG1,4,227,86
11,HUF41UQX,4,316,84
11,PPF41Q2G,4,GYM1,45
10,EEFG5,4,346,71
11,PPF41Q2B,4,GYM3,85
11,PPF41Q3B,4,GYM3,80
10,MKFC1QQM,4,206,85
12,EEFGDUQX,4,347,90
11,EEFG9UQX,4,125,90
11,EEFG9UQX,4,125,90
12,MPF41UQS,4,205,70
10,FLFC9,4,121,65
10,EEF81HF,4,126,90
10,FKFC5,4,124,65
10,HUF41,4,333,80
12,EEFGDUQX,4,347,85
9,MEF85,4,203,65
9,UEFG1,4,227,66
10,MGF41HTF,4,107,100
10,FKFC5H,4,124,94
10,HUF41,4,333,86
9,EEF81QF,4,126,68
10,EEFG9H,4,B6,91
12,AUFC9TA,4,232,97
9,HGF81QGD,4,315,75
9,MEF41HG,4,105,92
11,EEFG9,4,330,88
12,SHF83,4,B17,88
12,UAF85H2,4,235,92
12,PPF41Q2B,4,GYM3,98
10,SCF41QT,4,141,65
9,MEF81QGD,4,221,83
9,HGF82QQD,4,139,55
11,MRF41HGF,4,208,93
10,PWF41Q2G,4,POOL,95
10,PWF41Q3G,4,POOL,95
12,PPF41Q2G,4,GYM1,95
10,MGF41,4,103,79
11,BCF41T,4,106,100
11,PPF41Q2B,4,GYM3,100
12,AUFC9TA,4,232,95
9,EEFG5QT,4,249,45
11,EEFG5,4,146,76
10,PPF41Q2G,4,GYM1,90
10,PPF41Q3G,4,GYM2,100
10,FJFC5,4,115,80
10,EEFG5QT,4,249,85
11,MPF41UQS,4,205,83
12,PPF41Q2B,4,GYM3,80
10,FSFC9H,4,123,95
9,HUF41,4,116,73
9,HGF81XHD,4,323,97
10,HUF41UQX,4,316,95
10,SCF41QT,4,141,67
11,EEFGDQG,4,246,87
9,ULFC1TP,4,B39,45
10,HUF41,4,116,77
10,MGF41H,4,211,92
9,EEF81HF,4,126,96
10,MEF85,4,203,75
10,HUF41QG,4,311,81
11,FMFC5H,4,215,98
10,EEFG9,4,330,86
10,EEFG5,4,346,81
10,HUF41H,4,116,90
12,PPF41Q2B,4,GYM3,90
10,MGF41,4,211,88
11,HUF41,4,333,81
9,SLF41H,4,332,92
9,SLF41QG,4,338,86
11,MRF41H,4,223,91
10,SPF41,4,238,72
10,MKFC1TC,4,108,65
9,MGF41HTF,4,207,93
10,FMFC5H,4,111,99
11,UEFG9H,4,B27,100
10,EEFG5,4,146,88
10,FMFC5H,4,215,94
11,HFF41QW,4,326,85
9,MGF41,4,103,89
11,SPF41,4,238,86
11,SPF41H,4,238,91
11,SPF41,4,238,84
12,UEFGDH,4,B27,97
10,EEFGDUQJ,4,348,75
10,SPF41,4,238,79
9,ESFG5QF,4,334B,82
9,MKF41,4,322,75
9,MEF41QT,4,105,55
9,SLF41QT,4,338,86
11,SPF41,4,238,82
10,MGF41H,4,103,92
12,SHF83H,4,B17,91
10,SLF41HG,4,338,97
11,FKFC5H,4,124,92
11,FMFC5H,4,111,99
12,FJFC9H,4,115,99
10,EEF81QF,4,126,82
9,HGF81HTD,4,315,90
10,MGF41,4,103,82
12,PPF41Q2G,4,GYM1,90
9,ESFG5QF,4,334B,70
12,EEFGDUQV,4,204,83
10,EEF81QF,4,126,77
9,FMFC1H,4,228,93
10,PPF41Q3B,4,GYM3,55
9,SLF41QT,4,338,83
9,SLF41H,4,332,93
10,EEFG5QG,4,249,78
11,ULFC1TP,4,B39,78
10,FMFC5H,4,111,97
9,HGF82HQD,4,213,93
9,MKF41,4,322,84
11,EEFG9UQX,4,125,87
9,MKF41,4,322,55
10,EEF81HF,4,126,96
11,HFF41X,4,324,85
10,FMFC5H,4,215,100
9,SLF41H,4,332,96
10,MGF41H,4,211,93
9,PHF41Q3,4,231,89
9,PPF41Q2B,4,GYM3,95
9,FMFC1H,4,228,92
11,EEFG9,4,B6,81
9,HGF82QQD,4,139,83
10,FMFC5H,4,111,94
10,PWF41Q3G,4,POOL,90
11,FMFC5,4,111,74
11,EEF81HF,4,126,91
9,MEF81QGD,4,221,87
10,HUF41H,4,116,98
11,SWF41,4,247,88
10,HUF41QG,4,311,82
10,FMFC5H,4,215,93
10,BCF41T,4,106,100
10,PWF41Q2G,4,POOL,93
9,SLF41QW,4,328B,74
10,HUF41HG,4,311,91
9,ESFG5QFW,4,334B,65
9,MEF41,4,214,85
12,FKFC9H,4,124,99
10,FMFC5H,4,111,98
9,ESFG5QF,4,334B,71
9,MEF41,4,214,55
9,FMFC1H,4,228,97
10,ULFC1TP,4,B39,83
11,BCF41T,4,106,86
12,UAF85H2,4,235,96
10,MGF41QTF,4,207,79
10,HFF41QT,4,314,68
9,SLF41H,4,332,94
10,EEFG5QH,4,331,82
11,EEFGDUQV,4,204,91
9,PHF41Q3,4,231,85
10,EEFG5,4,346,88
11,SHFC3TM,4,248,99
12,AUFC9TA,4,232,96
12,PPF41Q2B,4,GYM3,85
10,FMFC5H,4,215,94
9,FSFC1,4,114,75
11,SHFC3TM,4,248,94
9,MKF41,4,322,72
9,FSFC1,4,114,69
11,SHFC3TM,4,248,100
12,EEFGDUQX,4,347,90
10,SPF41,4,238,81
9,MEF85,4,203,65
9,HFF41HW,4,326,92
11,HFF41X,4,324,81
11,MKFC1TC,4,108,89
9,FMFC1H,4,228,92
9,MEF41QG,4,105,68
11,PPF41Q3B,4,GYM3,90
11,UAF85H2,4,235,96
9,ESFG5QFW,4,334B,82
9,HUF41,4,116,45
12,AUFC9TA,4,232,88
12,MPF41UQS,4,205,70
9,FMFC1,4,228,88
12,PPF41Q2G,4,GYM1,90
9,FMFC1H,4,228,100
10,EEFG5H,4,346,95
12,ESFG5QF,4,334B,73
10,EEFG5H,4,346,93
11,MRF41QTF,4,208,88
11,SWF41,4,247,85
10,EEFG5,4,346,82
9,FSFC1,4,114,55
11,MKF41,4,322,55
10,MGF41QGF,4,107,89
11,HTF41X,4,334A,88
11,MKFC1HQM,4,206,90
10,ULFC1TP,4,B39,95
9,HGF82QQD,4,139,80
9,HUF41UQX,4,316,82
10,UAF85Q2,4,235,55
10,UAF85Q3,4,235,45
9,PHF41Q3,4,231,55
11,MRF41,4,223,78
10,SHFC3TM,4,248,100
12,MCF81UBD,4,225,88
11,MCF81UBD,4,225,93
10,SWF41,4,247,88
11,FLFC9,4,121,81
9,MGF41H,4,211,95
9,HGF82QWD,4,329B,81
10,SCF41HG,4,141,92
10,EEFG5,4,346,86
9,HUF41,4,333,72
10,HUF41,4,116,78
9,HGF81QTD,4,315,80
10,EEFG5QH,4,331,83
12,UEFG1,4,227,87
12,MCF81UBD,4,225,91
9,MEF41QG,4,105,80
11,EEFG9UQX,4,125,83
10,EEFG5QH,4,331,84
11,PPF41Q2G,4,GYM2,90
11,PPF41Q3G,4,GYM1,90
9,FMFC1,4,228,85
9,HGF82QTD,4,321,65
11,MPF41UQS,4,205,75
11,PPF41Q2G,4,GYM1,90
11,UAF85Q3,4,235,81
11,EEFG9UQX,4,125,95
9,MEF81QTD,4,221,74
10,HFF41,4,325,71
11,EEFG9,4,330,83
11,BCF41T,4,106,90
9,HGF82QWD,4,329B,70
11,HFF41H,4,325,93
11,PPF41Q3B,4,GYM3,80
10,HUF41HT,4,311,93
11,UEFG9H,4,B27,100
12,MCF81UBD,4,225,71
9,MEF41,4,214,45
10,FJFC5,4,115,78
10,HUF41QT,4,311,65
12,EEFGDUQV,4,204,81
11,MRF41QTF,4,208,88
11,AUFC9TA,4,232,98
9,EEFG1QGB,4,250,86
10,SCF41HG,4,141,94
10,HQFC1TH,4,313,88
11,EEFG9UQX,4,125,89
12,MSF41UQX,4,104,79
11,MGF41QGF,4,207,79
12,EEFGDUQV,4,204,70
9,HUF41,4,116,65
9,MEF81QGD,4,221,82
9,MEF81QGD,4,221,77
12,MKFC5HQM,4,206,98
9,EEFG1QGB,4,250,75
11,FMFC5,4,215,86
10,FLFC5H,4,122,99
12,PPF41Q2G,4,GYM2,80
11,UAF41Q3,4,235,65
11,MKFC1HQM,4,206,94
11,PPF41Q2B,4,GYM3,45
11,SPF41,4,238,88
9,ESFG5QF,4,334B,65
9,FSFC1H,4,114,97
10,BCF41T,4,106,90
10,PPF41Q3B,4,GYM3,80
12,PPF41Q2G,4,GYM2,90
10,HFF41QT,4,314,65
12,EEFGDUQV,4,204,72
9,HUF41,4,333,45
9,FSFC5,4,113,83
11,EEFG9,4,330,81
12,SHF83,4,B17,77
9,PPF41Q3B,4,GYM3,80
9,HGF82HQD,4,213,93
11,HFF41H,4,325,93
10,FJFC5,4,115,77
9,HGF82HGD,4,321,96
12,PPF41Q2G,4,GYM1,88
10,PWF41Q2G,4,POOL,90
10,PWF41Q3G,4,POOL,88
9,PHF41Q3,4,231,65
9,PPF41Q2B,4,GYM3,90
9,EEFG1QGB,4,250,66
12,FLFC5,4,122,75
10,ALF41,4,222,84
9,MEF81QGD,4,221,55
10,EEFG5H,4,346,90
11,EEFGDUQV,4,204,65
11,MGF41HTF,4,207,94
9,HGF81XHD,4,323,96
9,HGF82QQD,4,139,80
11,EEFG9,4,330,88
11,SCF41QT,4,141,85
12,SHF83,4,B17,87
11,MKFC1TC,4,108,65
11,FKFC5,4,124,79
9,HGF81QTD,4,315,85
11,UEFGDH,4,B27,100
10,HFF41QW,4,326,45
11,MRF41QTF,4,208,83
9,SLF41,4,332,65
10,MRF41,4,223,80
10,HUF41UQX,4,316,77
11,EEFGDQT,4,246,87
9,PPF41Q3B,4,GYM3,65
11,HFF41X,4,324,80
9,SLF41,4,332,55
10,MRF41QGF,4,208,83
11,MRF41QGF,4,208,85
9,UEFG1,4,227,84
10,FLFC5,4,122,86
10,HGF82QTD,4,321,82
12,UEFGDH,4,B27,97
9,HGF82QTD,4,321,55
11,EEFGDQG,4,246,82
11,SHFC3TM,4,248,94
9,SLF41QT,4,338,83
9,MGF41H,4,103,91
10,HUF41,4,333,80
11,PWF41Q3G,4,POOL,93
9,SWF41,4,247,55
11,PPF41Q2B,4,GYM3,45
9,FSFC5,4,113,87
11,EEFG9,4,330,85
11,SPF41,4,238,84
11,BCF41T,4,106,94
11,PPF41Q2B,4,GYM3,90
12,PPF41Q2B,4,GYM3,95
11,SWF41H,4,247,96
9,PHF41Q3,4,231,71
12,HFF41X,4,324,85
12,SHF83,4,B17,88
9,PHF41Q3,4,231,81
10,MEF85,4,203,55
11,EEFGDUQJ,4,348,93
9,HGF82QWD,4,329B,55
11,SWF41H,4,247,90
9,HUF41QG,4,311,87
12,MCF81UBD,4,225,86
10,HUF41H,4,116,91
9,SLF41QW,4,328B,77
11,FSFC5,4,113,71
11,HFF41H,4,325,100
12,HFF41QG,4,314,83
12,EEFGDUQJ,4,348,88
9,HFF41QW,4,326,45
10,HQFC1TH,4,313,87
10,HUF41QG,4,311,88
11,EEFG9UQX,4,125,82
10,MRF41QGF,4,208,80
10,ULFC1TP,4,B39,84
12,EQF41QQY,4,328A,100
11,PPF41Q2G,4,GYM1,80
11,PPF41Q3G,4,GYM1,80
12,SHF83,4,B17,84
10,EEFG5H,4,346,95
10,FLFC5,4,122,85
9,HUF41,4,116,65
9,EEFG1QTB,4,250,67
9,HUF41,4,333,80
9,PHF41Q2,4,231,83
9,PPF41Q3G,4,GYM2,85
12,HFF41H,4,325,92
12,MSF41UQX,4,104,82
11,MRF41HGF,4,208,92
12,EEFGDUQJ,4,348,75
12,UEFGDH,4,B27,96
12,SHF83H,4,B17,93
10,PPF41Q2B,4,GYM3,80
10,UAF41Q3,4,235,72
12,EEFGDUQX,4,347,78
9,MEF41,4,214,65
11,MRF41,4,223,72
11,EEFGDUQV,4,204,93
9,UEFG1,4,227,75
11,HTF41X,4,334A,90
11,EEFGDUQJ,4,348,92
10,PPF41Q3B,4,GYM3,90
10,UAF41Q2,4,235,80
10,HUF41,4,116,85
11,EEFGDQG,4,246,72
10,UEFG9H,4,B27,97
11,PPF41Q2B,4,GYM3,70
11,HTF41X,4,334A,88
11,PPF41Q2B,4,GYM3,65
9,HGF82QTD,4,321,79
12,EEFGDUQV,4,204,91
9,MGF41H,4,211,96
9,PHF41Q2,4,231,84
9,PPF41Q3B,4,GYM3,98
9,UEFG1,4,227,77
9,EEFG1QGB,4,250,67
9,MEF85,4,203,80
9,HGF81XHD,4,323,91
10,FMFC5H,4,111,96
9,FMFC1,4,228,86
9,MKF41,4,322,85
10,ULFC1TP,4,B39,86
11,BCF41T,4,106,70
9,HGF82HQD,4,213,94
10,FSFC5,4,113,66
11,FLFC9,4,121,70
12,AUFC9TA,4,232,94
11,EEFGDQT,4,246,73
10,PPF41Q2B,4,GYM3,95
10,PPF41Q3B,4,GYM3,100
10,FKFC5H,4,124,94
11,PPF41Q2B,4,GYM3,85
11,EEFG9,4,330,88
9,UEFG1,4,227,85
9,HGF82HGD,4,321,90
11,HTF41X,4,334A,91
11,BCF41T,4,106,86
11,UAF41Q3,4,235,74
9,PPF41Q3B,4,GYM3,80
9,UAF41Q2,4,235,81
11,BCF41T,4,106,100
11,PPF41Q3G,4,GYM1,92
9,HGF82QGD,4,321,72
10,HUF41HG,4,311,95
9,MEF41,4,214,88
11,HGF82QQD,4,139,70
10,FLFC5,4,122,88
10,BCF41T,4,106,94
10,PWF41Q3G,4,POOL,90
10,PPF41Q2B,4,GYM3,90
10,PPF41Q3B,4,GYM3,95
10,MGF41QGF,4,107,81
9,MGF41,4,103,71
10,MRF41,4,223,82
9,MEF41QT,4,105,55
11,EEFG9,4,B6,84
12,PPF41Q2G,4,GYM1,88
9,EEFG5,4,146,87
9,HGF82HQD,4,213,93
10,SHFC3TM,4,248,100
12,HFF41QT,4,314,68
11,EEFG9,4,330,85
10,MGF41QTF,4,107,70
10,FJFC5,4,115,86
11,FSFC5H,4,113,90
11,PPF41Q2G,4,GYM1,45
10,UAF85Q3,4,235,79
10,HQFC1TH,4,313,85
9,MEF41,4,214,55
9,MEF81QGD,4,221,89
11,FMFC5,4,111,88
10,EEFG5QT,4,249,76
11,SPF41,4,238,84
11,HFF41X,4,324,82
11,HFF41X,4,324,90
9,HGF81QGD,4,315,85
9,HGF81QGD,4,315,85
10,BCF41T,4,106,96
10,PPF41Q2B,4,GYM3,95
9,EEFG1HGB,4,250,92
10,EEFG5QH,4,331,88
9,ESFG5QF,4,334B,65
10,FMFC5H,4,111,91
12,HQF41QQY,4,317,99
9,MEF41HG,4,105,91
9,BCF41T,4,106,92
9,PPF41Q3B,4,GYM3,90
12,HTF41X,4,334A,93
10,HUF41UQX,4,316,92
12,PPF41Q2B,4,GYM3,90
10,MGF41QTF,4,207,74
9,MEF81QGD,4,221,65
9,SLF41,4,332,88
9,HGF82HGD,4,321,90
9,SWF41,4,247,45
9,MGF41QTF,4,107,74
12,FQF41QQY,4,216B,100
10,HUF41HG,4,311,91
11,HQFC1TH,4,313,71
9,MGF41,4,103,74
11,EEFGDUQV,4,204,74
9,SLF41QG,4,338,82
9,HFF41QG,4,314,67
12,PPF41Q2B,4,GYM3,55
9,HGF82QGD,4,321,85
9,FMFC1,4,228,45
12,SHF83,4,B17,81
12,PPF41Q2G,4,GYM2,100
10,FKFC5H,4,124,98
10,HQFC1TH,4,313,96
9,PHF41Q2,4,231,65
9,PPF41Q3B,4,GYM3,80
10,BCF41T,4,106,98
10,PPF41Q2B,4,GYM3,100
12,MKFC1TC,4,108,100
9,FMFC1H,4,228,93
12,PPF41Q2G,4,GYM1,85
11,EEFG9H,4,B6,90
11,FSFC5,4,113,76
9,HGF82QQD,4,139,88
11,BCF41T,4,106,96
11,UAF41H2,4,235,91
11,EEFG9,4,B6,85
10,FSFC5,4,113,76
9,ALF41,4,222,45
9,PPF41Q3B,4,GYM3,70
9,UAF41Q2,4,235,65
9,MEF41QG,4,105,71
9,HGF82QQD,4,213,82
12,EEFGDUQV,4,204,85
11,EEFGDUQJ,4,348,72
10,UEFG9H,4,B27,96
9,FSFC1,4,114,80
10,FLFC5H,4,122,100
11,PPF41Q3G,4,GYM2,95
11,UAF41H2,4,235,98
9,MKF41,4,322,70
10,HUF41UQX,4,316,80
10,MGF41,4,211,88
12,SHF83H,4,B17,91
9,HFF41,4,325,65
10,HQFC1TH,4,313,87
12,UEFG9,4,B27,85
9,SLF41QG,4,338,68
11,EEFGDUQJ,4,348,82
9,HGF82QQD,4,213,87
11,BCF41T,4,106,100
11,PPF41Q2B,4,GYM3,90
10,SCF41QT,4,141,85
12,MPF41UQS,4,205,70
9,PHF41H2,4,231,91
9,PPF41Q3G,4,GYM2,100
9,PPF41Q3B,4,GYM3,70
9,UAF85Q2,4,235,75
11,EEFG9UQX,4,125,74
9,EEFG5QT,4,249,80
9,EEFG5,4,146,72
10,FSFC9,4,123,80
12,SHF83,4,B17,65
11,BCF41T,4,106,97
11,PPF41Q2B,4,GYM3,95
11,HFF41X,4,324,86
11,HQFC1TH,4,313,89
12,PPF41Q2G,4,GYM1,75
9,HGF81XHD,4,323,88
11,EEFG9,4,B6,86
10,EEFG5H,4,146,92
12,PQF41Q2Y,4,251,100
12,PQF41Q3Y,4,251,100
9,HGF82HQD,4,213,100
12,PPF41Q2G,4,GYM1,88
12,UEFGDH,4,B27,100
9,SWF41,4,247,45
9,EEFGDQG,4,246,45
11,MPF41UQS,4,205,89
12,BCF41T,4,106,92
10,EEFG5,4,346,76
10,PPF41Q3B,4,GYM3,65
11,EEFG9H,4,330,95
10,SCF41QG,4,141,82
10,PWF41Q3G,4,POOL,88
11,MKFC1HQM,4,206,93
10,FMFC5H,4,111,92
9,UAF41Q2,4,235,65
11,EEFGDUQJ,4,348,75
12,PQF41Q2Y,4,251,100
12,PQF41Q3Y,4,251,100
9,UEFG1,4,227,81
9,MEF85,4,203,55
10,HUF41,4,116,55
11,FSFC5,4,113,85
11,MRF41,4,223,76
9,SLF41QW,4,328B,76
9,MKF41,4,322,70
11,PPF41Q3B,4,GYM3,55
9,HGF81HGD,4,315,90
9,HGF82QQD,4,139,55
12,ALF41,4,222,82
9,FSFC1,4,114,65
10,EEFG5QH,4,331,76
9,ESFG5QF,4,334B,88
10,UAF41H2,4,235,92
10,UAF41H3,4,235,91
9,MEF81QGD,4,221,65
9,HUF41,4,116,71
9,HGF82QWD,4,329B,78
12,FLFC9,4,121,65
12,FLFC9,4,121,65
12,SHF83,4,B17,72
10,FLFC5,4,122,65
11,HFF41QG,4,314,72
11,EEFG9H,4,B6,90
11,HFF41QG,4,314,45
10,HUF41UQX,4,316,92
11,HFF41QG,4,314,67
11,PPF41Q2G,4,GYM1,90
11,PPF41Q3G,4,GYM1,92
9,EEFG1QTB,4,250,65
11,EEFGDQG,4,246,84
9,UEFG1,4,227,89
9,SLF41QW,4,328B,76
10,HUF41UQX,4,316,93
9,ESFG5QFW,4,334B,45
12,SHF83H,4,B17,93
10,HFF41HG,4,314,94
11,EEFG9H,4,330,90
11,HFF41X,4,324,91
9,MEF85,4,203,45
9,HUF41QT,4,311,68
11,EEFG9UQX,4,125,67
10,BCF41T,4,106,98
10,PWF41Q3G,4,POOL,92
11,EEFG9H,4,B6,91
9,PHF41Q3,4,231,65
12,PPF41Q2B,4,GYM3,95
12,PPF41Q3B,4,GYM3,90
10,EEFG5HT,4,249,95
10,FLFC5,4,122,75
9,EEFG9,4,B6,65
12,MCF81UBD,4,225,93
9,SLF41,4,332,74
11,EEFG9H,4,330,90
12,UAF41H2,4,235,97
11,EEFGDHG,4,246,90
10,SHFC3TM,4,248,93
10,PPF41Q3B,4,GYM3,80
10,UAF85Q2,4,235,86
12,SHF83,4,B17,86
10,HQFC1TH,4,313,85
9,MGF41,4,103,72
10,EEFG9H,4,B6,90
12,MSF41UQX,4,104,99
9,PWF41Q2G,4,POOL,45
9,PWF41Q3G,4,POOL,45
10,MGF41QGF,4,107,82
10,MGF41HGF,4,207,100
11,SHF83,4,B17,78
11,HFF41X,4,324,86
11,HFF41QT,4,314,45
9,ULFC1TP,4,B39,73
9,HFF41QG,4,314,65
9,MEF85,4,203,65
11,HTF41X,4,334A,95
10,MKFC1TC,4,108,89
9,FSFC5,4,113,74
10,FSFC5,4,113,83
9,MEF85,4,203,55
12,PPF41Q2B,4,GYM3,98
9,MEF81QTD,4,221,81
10,MKFC1TC,4,108,73
12,EEFGDUQX,4,347,68
9,PHF41H2,4,231,98
9,PPF41Q3G,4,GYM2,100
9,MEF41,4,214,65
12,SHFC3TM,4,248,91
10,SLF41QW,4,328B,73
9,MGF41,4,103,65
9,HGF81XHD,4,323,83
11,EEFGDQG,4,246,82
10,SHFC3TM,4,248,97
11,UEFG9H,4,B27,90
10,MGF41,4,211,55
11,UEFG9H,4,B27,100
10,BCF41T,4,106,97
10,PPF41Q2B,4,GYM3,100
10,EEFG5,4,146,77
10,FSFC9H,4,123,95
10,EEFG9,4,B6,45
10,PPF41Q2B,4,GYM3,90
10,PPF41Q3B,4,GYM3,80
9,MGF41H,4,211,92
11,HTF41X,4,334A,90
10,MKFC1TC,4,108,86
9,PHF41H3,4,231,90
9,PPF41Q2G,4,GYM2,95
10,FMFC5,4,111,89
11,PPF41Q3B,4,GYM3,90
11,UAF85Q2,4,235,86
11,BCF41T,4,106,94
11,PWF41Q2G,4,POOL,88
9,HGF82HQD,4,213,94
9,MGF41H,4,211,94
10,FSFC9H,4,123,96
10,MGF41HGF,4,107,91
10,HUF41,4,116,80
ST,SLF41HG,4,338,95
11,BCF41T,4,106,97
11,PPF41Q2B,4,GYM3,90
10,MKFC1TC,4,108,84
9,EEF81HF,4,126,95
12,FSFC5H,4,113,100
10,EEFG5HG,4,249,93
11,BCF41T,4,106,96
11,PPF41Q2G,4,GYM2,100
10,SHFC3TM,4,248,99
10,HUF41,4,333,83
11,PPF41Q3G,4,GYM2,85
12,ALF41,4,222,70
9,HFF41QW,4,326,85
10,ULFC1TP,4,B39,83
11,EEFGDUQJ,4,348,85
9,PHF41Q2,4,231,83
9,PPF41Q3B,4,GYM3,90
9,MEF85,4,203,68
9,PHF41H2,4,231,91
9,PPF41Q3G,4,GYM1,87
12,MSF41UQX,4,104,85
10,UAF41Q2,4,235,72
10,UAF41Q3,4,235,87
10,FLFC5H,4,122,92
9,HUF41QG,4,311,55
9,UEFG1,4,227,72
10,ULFC1TP,4,B39,90
11,EEFGDUQJ,4,348,80
10,FMFC5,4,215,82
9,FMFC1,4,228,83
10,PPF41Q3B,4,GYM3,95
10,UAF41Q2,4,235,74
9,HGF82QWD,4,329B,55
11,PWF41Q2G,4,POOL,95
11,PWF41Q3G,4,POOL,90
9,MGF41H,4,103,91
10,FKFC5,4,124,70
11,MGF41,4,211,82
9,HGF81XHD,4,323,83
9,HFF41QW,4,326,65
10,MGF41QGF,4,107,76
12,FJFC9,4,115,67
12,PPF41Q2G,4,GYM1,88
9,MEF85,4,203,65
11,HFF41X,4,324,81
10,PPF41Q3B,4,GYM3,95
9,MEF41,4,214,55
9,FMFC1,4,228,78
9,MKF41H,4,322,90
9,HGF82QTD,4,321,45
11,BCF41T,4,106,92
9,HGF81XHD,4,323,83
10,HUF41UQX,4,316,86
12,PPF41Q2G,4,GYM2,95
12,PWF41Q3G,4,POOL,90
10,MEF85,4,203,72
9,MEF41,4,214,81
10,ULFC1TP,4,B39,86
10,MRF41,4,223,85
9,HGF82QGD,4,321,88
10,SHFC3TM,4,248,95
11,PPF41Q2G,4,GYM2,95
11,PPF41Q3G,4,GYM2,80
9,EEFG1QTB,4,250,66
11,HFF41QG,4,314,84
11,FSFC9,4,123,80
10,PPF41Q3B,4,GYM3,100
12,ALF41,4,222,72
11,BCF41T,4,106,85
9,MGF41QTF,4,107,65
9,HGF82QWD,4,329B,73
12,MSF41UQX,4,104,69
11,EEFGDUQJ,4,348,93
12,MPF41UQS,4,205,80
9,MKF41,4,322,78
11,BCF41T,4,106,70
11,PPF41Q3B,4,GYM3,85
9,HGF82HQD,4,213,92
10,HUF41,4,116,84
10,ULFC1TP,4,B39,91
11,EEFGDUQV,4,204,89
9,PPF41Q3B,4,GYM3,65
9,UAF85Q2,4,235,66
10,PPF41Q2B,4,GYM3,95
10,UAF85Q3,4,235,81
10,UAF85Q2,4,235,45
10,UAF85Q3,4,235,45
9,UEFG1,4,227,67
11,HTF41X,4,334A,88
9,SLF41QW,4,328B,75
10,HUF41H,4,333,92
10,MKFC1TC,4,108,81
11,MKFC1TC,4,108,95
9,SLF41,4,332,55
10,FLFC9,4,121,65
10,HFF41,4,325,75
11,HTF41X,4,334A,75
11,PPF41Q2G,4,GYM2,90
11,PPF41Q3G,4,GYM1,80
9,MKFC1TC,4,108,66
11,ULFC1TP,4,B39,90
9,MEF81QTD,4,221,82
12,EEFGDUQX,4,347,85
12,SHF83,4,B17,83
12,SHF83,4,B17,81
11,PQF41Q2Y,4,251,100
11,FLFC9,4,121,65
11,MEF85,4,203,55
9,PHF41Q2,4,231,86
9,PPF41Q3G,4,GYM1,90
ST,SLF41QG,4,338,80
12,EEFGDUQJ,4,348,80
11,EEFG9H,4,B6,96
10,FSFC5,4,113,65
11,EEFG9H,4,330,90
11,FSFC5,4,113,82
9,PHF41Q3,4,231,88
9,PPF41Q2B,4,GYM3,98
11,PPF41Q3B,4,GYM3,65
11,FLFC9,4,121,86
10,MRF41,4,223,85
10,EEFG5,4,146,66
11,EEFG9,4,330,88
11,FSFC5,4,113,87
9,ESFG5QF,4,334B,71
9,MGF41H,4,211,95
10,FLFC5H,4,122,90
12,EEFGDUQV,4,204,78
12,PPF41Q2B,4,GYM3,95
12,MSF41UQX,4,104,81
10,PPF41Q3B,4,GYM3,90
12,PPF41Q2G,4,GYM2,80
10,MKFC1TC,4,108,90
11,UEFG9H,4,B27,96
12,ALF41,4,222,70
12,PPF41Q2B,4,GYM3,85
9,MEF41QT,4,105,70
9,UEFG1,4,227,81
9,SLF41QW,4,328B,73
9,SLF41QW,4,328B,75
11,UAF41Q2,4,235,84
11,UAF41Q3,4,235,81
9,HGF81XHD,4,323,88
10,ULFC1TP,4,B39,76
10,HFF41H,4,325,93
10,PPF41Q3G,4,GYM1,65
9,HGF82QTD,4,321,45
9,HGF82QWD,4,329B,70
9,MGF41HGF,4,107,94
9,HFF41,4,325,75
12,AUFC9TA,4,232,94
12,UEFGDH,4,B27,100
12,FQF41QQY,4,216B,100
9,EEFG1QTB,4,250,66
10,ULFC1TP,4,B39,83
10,SLF41QW,4,328B,45
11,EEFGDQT,4,246,75
12,PPF41Q2G,4,GYM2,100
11,PPF41Q2G,4,GYM2,55
10,EEFG5QG,4,249,85
9,MEF81HGD,4,221,96
12,HTF41X,4,334A,93
9,UEFGD,4,B27,80
9,MGF41QTF,4,107,45
12,EEFGDUQX,4,347,80
9,FSFC5,4,113,78
12,ULFC1TP,4,B39,84
9,MEF41QT,4,105,70
9,SLF41QT,4,338,80
10,MGF41QGF,4,107,87
10,EEFG5QH,4,331,80
9,PPF41Q3G,4,GYM1,95
9,MGF41QTF,4,107,65
9,UEFG1,4,227,71
10,HUF41UQX,4,316,84
9,UAF41Q3,4,235,76
9,HGF81XHD,4,323,84
11,MGF41HTF,4,207,93
10,PPF41Q2B,4,GYM3,95
10,UAF85Q3,4,235,86
10,HQFC1TH,4,313,85
10,EEFG5QG,4,249,86
12,EEFGDUQV,4,204,88
12,EEFGDUQX,4,347,89
11,PPF41Q3G,4,GYM2,90
11,PWF41Q2G,4,POOL,90
9,FSFC1H,4,114,93
10,HUF41QT,4,311,65
12,MPF41UQS,4,205,92
9,PHF41H3,4,231,95
9,PPF41Q2B,4,GYM3,98
10,SCF41QT,4,141,55
11,ULFC1TP,4,B39,83
9,HGF81QTD,4,315,85
9,MEF85,4,203,45
11,FLFC9,4,121,75
11,MKFC5HQM,4,206,94
11,MGF41,4,103,73
10,FMFC5H,4,215,91
10,MGF41,4,103,68
10,MGF41HGF,4,107,93
9,HGF82QGD,4,321,75
9,MKF41,4,322,89
10,FMFC5,4,111,68
9,FMFC5,4,215,70
9,HGF82QQD,4,139,85
9,SLF41,4,332,81
9,PPF41Q3B,4,GYM3,45
12,EEFGDUQX,4,347,79
9,MEF81QGD,4,221,88
9,MEF85,4,203,55
12,MSF41UQX,4,104,87
11,PPF41Q2G,4,GYM1,75
11,PPF41Q3G,4,GYM2,90
11,EEFG9UQX,4,125,90
11,ALF41,4,222,82
10,FKFC5H,4,124,93
9,MEF41,4,214,55
10,MGF41HGF,4,207,94
12,MPF41UQS,4,205,85
11,FSFC5,4,113,72
12,MCF81UBD,4,225,87
9,MEF41,4,214,55
9,UAF41Q2,4,235,45
11,SPF41,4,238,83
9,HUF41,4,333,73
11,MGF41QTF,4,207,80
10,MRF41,4,223,66
10,HUF41,4,116,55
9,HGF82HQD,4,213,98
10,EEFG5HG,4,249,92
9,HGF81XHD,4,323,70
10,SCF41HT,4,141,93
11,BCF41T,4,106,98
11,PPF41Q2G,4,GYM2,100
10,FMFC5,4,215,65
11,EEFG9,4,330,88
9,MGF41H,4,103,96
12,EEFGDUQX,4,347,92
9,EEFG5QG,4,249,55
12,MSF41UQX,4,104,100
9,MKF41,4,322,73
9,MKF41H,4,322,92
11,FLFC9H,4,121,100
12,AUFC9TA,4,232,97
12,MCF81UBD,4,225,90
10,EEF81HF,4,126,96
10,HQFC1TH,4,313,88
11,FMFC1H,4,228,99
10,HUF41,4,333,78
9,MEF41,4,214,75
12,EEFGDUQX,4,347,80
10,EEFG5,4,346,71
9,HGF82QGD,4,321,65
9,ESFG5QF,4,334B,65
10,HUF41H,4,116,90
10,FKFC5H,4,124,90
10,SHFC3TM,4,248,97
10,HUF41UQX,4,316,96
11,SWF41H,4,247,91
10,SHFC3TM,4,248,95
12,FKFC5,4,124,45
12,AUFC9TA,4,232,98
10,EEFG5,4,346,88
12,SHF83,4,B17,72
9,HGF81XHD,4,323,88
11,EEFGDUQJ,4,348,82
10,EEFG5QG,4,249,88
11,MKFC5HQM,4,206,98
12,MSF41UQX,4,104,86
10,EEFG5QH,4,331,88
10,FJFC5,4,115,75
9,HGF82QQD,4,139,77
12,ALF41,4,222,55
9,MEF41,4,214,55
9,EEFG5,4,346,55
10,EEFG5QH,4,331,86
10,SHFC3TM,4,248,99
10,MGF41QGF,4,207,81
10,PPF41Q2B,4,GYM3,80
10,PPF41Q3B,4,GYM3,90
10,HUF41UQX,4,316,96
11,UEFG9H,4,B27,94
12,PPF41Q2B,4,GYM3,85
12,MSF41UQX,4,104,84
11,PPF41Q2B,4,GYM3,55
12,PPF41Q2B,4,GYM3,90
9,MGF41,4,211,75
10,PPF41Q2B,4,GYM3,98
10,PPF41Q3B,4,GYM3,90
11,UEFG9H,4,B27,93
11,FLFC9,4,121,71
10,FMFC5,4,215,79
12,PPF41Q2B,4,GYM3,85
9,HGF82QQD,4,139,88
10,MRF41H,4,223,93
9,HGF82QQD,4,139,80
9,MEF81QGD,4,221,79
9,SWF41,4,247,45
11,ALF41,4,222,81
11,SLF41QW,4,328B,65
10,MKFC1TC,4,108,91
11,EEFG9UQX,4,125,65
12,EEFGDQG,4,246,55
10,MGF41,4,211,80
11,EEFGDUQV,4,204,97
11,UEFG9H,4,B27,95
12,ALF41,4,222,88
9,MKF41H,4,322,93
11,UEFG9H,4,B27,98
9,HGF81XHD,4,323,93
12,SPF41H,4,238,93
11,HFF41QG,4,314,78
9,FSFC1,4,114,65
10,PPF41Q3G,4,GYM1,65
12,AUFC9TA,4,232,99
9,PPF41Q3G,4,GYM1,94
9,UAF85Q2,4,235,86
10,HUF41UQX,4,316,95
10,HUF41UQX,4,316,88
9,MEF85,4,203,45
10,HFF41,4,325,86
11,PPF41Q2B,4,GYM3,65
11,PPF41Q3B,4,GYM3,65
9,EEFG1QTB,4,250,81
12,FSFC9,4,123,65
10,BCF41T,4,106,86
10,PPF41Q3G,4,GYM2,90
11,HFF41X,4,324,85
10,HUF41QT,4,311,88
11,FJFC5H,4,115,97
10,MGF41QGF,4,107,55
9,FSFC1,4,114,55
10,PPF41Q2B,4,GYM3,85
10,UAF41Q3,4,235,85
10,BCF41T,4,106,95
10,PPF41Q2G,4,GYM1,92
9,MEF85,4,203,75
9,UEFG1,4,227,89
10,HUF41,4,116,70
12,EEFGDUQX,4,347,78
11,MKFC1TC,4,108,78
11,EEFG9,4,B6,81
11,PPF41Q3B,4,GYM3,70
12,EEFGDUQX,4,347,79
10,FJFC5,4,115,83
10,HFF41QG,4,314,73
10,SHFC3TM,4,248,100
10,PPF41Q2B,4,GYM3,90
10,PPF41Q3B,4,GYM3,95
11,EEFGDQG,4,246,70
9,HGF81XHD,4,323,97
10,BCF41T,4,106,75
10,PPF41Q3B,4,GYM3,65
12,MSF41UQX,4,104,94
12,MRF41,4,223,66
9,FKFC5,4,124,65
10,MRF41,4,223,74
11,FLFC9H,4,121,99
12,MPF41UQS,4,205,76
11,FSFC5,4,113,83
11,HFF41H,4,325,100
12,PPF41Q2B,4,GYM3,95
11,EEFGDUQJ,4,348,65
9,UEFG1,4,227,81
11,SPF41,4,238,84
12,MPF41UQS,4,205,73
12,EEFGDQG,4,246,88
9,HGF82HQD,4,139,95
11,EEFGDUQJ,4,348,55
10,HUF41,4,333,82
10,FSFC9,4,123,80
10,MRF41HGF,4,208,94
10,FMFC5H,4,215,97
12,ALF41,4,222,75
12,AUFC9TA,4,232,96
12,EEFGDUQV,4,204,87
12,MKFC9HQM,4,206,100
9,HGF81XHD,4,323,88
9,MEF41QT,4,105,78
12,UEFG1,4,227,55
11,HFF41X,4,324,80
10,MGF41HGF,4,207,97
11,SWF41,4,247,87
12,SHF83,4,B17,77
11,MRF41QGF,4,208,65
10,PPF41Q2B,4,GYM3,100
10,UAF41H3,4,235,97
10,EEFG5,4,146,70
9,PHF41Q2,4,231,79
9,PPF41Q3B,4,GYM3,100
11,PPF41Q2B,4,GYM3,95
9,UEFG1H,4,227,93
9,HUF41,4,116,55
11,EEFG9,4,B6,65
11,PPF41Q3G,4,GYM2,100
11,UAF41Q2,4,235,69
12,MCF81UBD,4,225,81
10,PPF41Q2B,4,GYM3,80
10,PPF41Q3B,4,GYM3,80
10,EEFG5H,4,346,90
10,FSFC9H,4,123,90
10,FMFC5H,4,111,97
9,MGF41H,4,211,98
11,PPF41Q2G,4,GYM1,90
11,PPF41Q3G,4,GYM2,80
11,SCF41HT,4,141,94
9,HGF81XHD,4,323,77
9,EEFG1HGB,4,250,91
11,EEFGDUQV,4,204,96
11,MRF41HTF,4,208,91
11,EEFG9UQX,4,125,93
9,HGF81QGD,4,315,85
10,MEF85,4,203,68
11,UAF85Q3,4,235,74
11,HTF41X,4,334A,95
9,HGF81XHD,4,323,86
12,PQF41Q2Y,4,251,100
12,PQF41Q3Y,4,251,100
11,PPF41Q2G,4,GYM2,90
11,PPF41Q3G,4,GYM1,80
11,EEFG9,4,B6,84
9,HGF81QGD,4,315,85
11,EEFGDUQJ,4,348,70
9,HFF41QG,4,314,45
10,MGF41HGF,4,207,94
10,FMFC5,4,215,82
9,SLF41QW,4,328B,81
10,HQFC1TH,4,313,91
10,HUF41,4,333,80
9,HGF82QGD,4,321,80
9,HGF82HGD,4,321,96
10,HGF82QQD,4,139,45
9,PPF41Q3G,4,GYM1,90
10,FSFC9H,4,123,94
11,EEFGDUQX,4,347,85
9,SLF41,4,332,45
9,EEFG1QTB,4,250,74
10,SHFC3TM,4,248,93
9,PHF41Q2,4,231,81
9,PPF41Q3B,4,GYM3,100
9,HGF82QQD,4,139,84
9,MGF41HGF,4,207,90
9,SLF41QT,4,338,68
11,HTF41X,4,334A,91
11,HTF41X,4,334A,95
9,SLF41QT,4,338,67
11,EEFG9UQX,4,125,81
12,MSF41UQX,4,104,90
10,EEFG5H,4,146,95
12,UEFG9,4,B27,82
10,EEFGDQG,4,246,85
12,UEFGDH,4,B27,97
10,UEFGD,4,B27,72
9,HGF82QGD,4,321,78
9,EEFG1QGB,4,250,89
10,HUF41QG,4,311,84
10,SHF83,4,B17,45
10,MGF41QGF,4,207,85
11,SWF41,4,247,82
9,MGF41,4,103,86
9,MEF41,4,214,65
9,EEFG5,4,146,70
12,PQF41Q2Y,4,251,100
10,HFF41HG,4,314,94
10,FLFC9,4,121,65
11,SWF41,4,247,80
11,SWF41H,4,247,90
11,EEFG9H,4,330,90
9,PHF41H2,4,231,94
9,PPF41Q3G,4,GYM2,100
9,PHF41Q2,4,231,65
9,PPF41Q3B,4,GYM3,90
10,EEFG5QH,4,331,84
9,MEF41,4,214,89
9,SLF41HG,4,338,99
9,HGF81XHD,4,323,91
10,HUF41,4,333,75
11,HQFC1TH,4,313,90
11,FJFC5H,4,115,98
9,HGF82QTD,4,321,87
9,HGF82HTD,4,321,90
10,HQFC1TH,4,313,89
9,HGF82HQD,4,213,98
11,AUFC9TA,4,232,95
11,MRF41HGF,4,208,91
9,FSFC1,4,114,79
12,PPF41Q2G,4,GYM2,80
9,EEF81QF,4,126,45
11,SWF41,4,247,87
10,BCF41T,4,106,90
10,PPF41Q3G,4,GYM2,100
11,UEFG9H,4,B27,90
10,HUF41,4,116,84
10,EEFG5QH,4,331,73
11,MGF41,4,103,67
9,EEFGDHG,4,246,90
11,EEFG9H,4,B6,95
9,HFF41QW,4,326,55
11,BCF41T,4,106,94
11,PPF41Q2G,4,GYM2,76
9,FSFC1H,4,114,91
10,PPF41Q2G,4,GYM2,100
10,UAF41Q3,4,235,88
9,SLF41QW,4,328B,74
9,MEF81QTD,4,221,65
9,PPF41Q3G,4,GYM2,95
12,EEFGDUQX,4,347,80
10,FSFC9H,4,123,90
10,SHFC3TM,4,248,99
12,PPF41Q2B,4,GYM3,85
10,HFF41QG,4,314,45
10,MGF41H,4,211,95
9,HGF82HGD,4,321,92
9,HGF81QTD,4,315,75
10,PPF41Q2G,4,GYM2,85
10,PPF41Q3G,4,GYM2,95
11,EEF81QFW,4,126,80
11,MRF41QGF,4,208,76
11,EEFGDHG,4,246,92
9,MKF41,4,322,84
9,HGF82QQD,4,139,55
11,EEFGDQT,4,246,73
11,EEFG9H,4,B6,95
10,FSFC9,4,123,75
11,FJFC5,4,115,75
12,HFF41H,4,325,98
11,BCF41T,4,106,90
11,PPF41Q2B,4,GYM3,100
9,HGF82QTD,4,321,76
9,FSFC5,4,113,68
9,SLF41,4,332,65
9,PHF41Q3,4,231,65
9,HGF81QGD,4,315,75
11,SWF41,4,247,89
10,SLF41QT,4,338,45
9,EEFG9,4,B6,65
9,SHFC3TM,4,248,96
11,PPF41Q2B,4,GYM3,90
11,PPF41Q3B,4,GYM3,98
10,MEF85,4,203,65
9,EEFG5,4,146,75
11,SWF41H,4,247,95
11,HFF41HG,4,314,92
11,EEFGDQT,4,246,72
12,EEFGDUQV,4,204,93
11,FLFC9,4,121,55
12,AUFC9TA,4,232,79
12,HQF41QQY,4,317,99
11,EEFG9UQX,4,125,92
10,MEF85,4,203,65
11,PPF41Q3B,4,GYM3,100
11,UAF41H2,4,235,98
11,MRF41,4,223,71
10,EEFG5HH,4,331,90
10,ULFC1TP,4,B39,72
9,MEF41QG,4,105,80
ST,MGF41QGF,4,107,78
11,FLFC9,4,121,73
9,SLF41QT,4,338,75
9,MEF41HG,4,105,95
11,UEFG9H,4,B27,90
10,EEFG5,4,146,86
12,EEFGDUQX,4,347,94
9,UEFG1,4,227,86
11,FMFC5,4,215,65
12,PWF41Q2G,4,POOL,70
11,SWF41H,4,247,91
11,HFF41X,4,324,78
10,HUF41H,4,116,91
11,EEFG9,4,330,88
10,SHFC3TM,4,248,80
12,MPF41UQS,4,205,85
12,MCF81UBD,4,225,88
10,SHFC3TM,4,248,80
12,ALF41H,4,222,90
9,EEFG1QTB,4,250,80
12,EEFGDUQX,4,347,90
9,SLF41HG,4,338,99
11,HFF41X,4,324,80
11,SPF41,4,238,77
9,ESFG5QF,4,334B,55
9,HGF82HQD,4,213,95
12,MPF41UQS,4,205,91
10,EEFG5,4,346,80
9,MKF41,4,322,65
11,HUF41,4,333,70
12,MPF41UQS,4,205,80
10,HFF41H,4,325,91
9,FMFC1,4,228,84
9,SLF41,4,332,88
11,EEFGDQG,4,246,88
9,SLF41,4,332,81
9,PHF41Q2,4,231,87
9,PPF41Q3B,4,GYM3,90
9,SLF41,4,332,84
11,FSFC9,4,123,85
11,UAF41Q2,4,235,86
11,UAF41Q3,4,235,86
9,HUF41QT,4,311,65
10,ALF41,4,222,76
9,PHF41Q3,4,231,85
9,PPF41Q2B,4,GYM3,98
10,MGF41,4,103,81
10,SPF41,4,238,73
11,HFF41X,4,324,83
10,SCF41HG,4,141,95
11,SWF41H,4,247,90
9,MEF81HGD,4,221,91
ST,SLF41HG,4,338,94
10,EEFG9H,4,330,90
10,ULFC1TP,4,B39,76
11,PPF41Q3B,4,GYM3,65
9,FLFC5,4,122,88
11,SHFC3TM,4,248,98
9,EEFG1QTB,4,250,69
10,EEFGDQT,4,246,65
11,SPF41,4,238,86
10,HFF41,4,325,66
10,SWF41,4,247,85
11,BCF41T,4,106,85
11,PPF41Q2G,4,GYM1,45
10,MGF41,4,103,65
11,SHFC3TM,4,248,100
11,MGF41,4,211,65
12,EEFGDUQX,4,347,90
11,HFF41X,4,324,78
10,PPF41Q3B,4,GYM3,98
10,UAF85H2,4,235,92
11,MGF41,4,103,75
9,HUF41QG,4,311,83
10,FMFC5,4,111,55
9,MGF41,4,103,80
9,EEF81HF,4,126,99
9,EEFGDUQV,4,204,81
11,EEFG9UQX,4,125,94
10,HUF41UQX,4,316,89
12,ALF41,4,222,86
9,HGF82QQD,4,213,83
9,EEFG5QT,4,249,70
9,UEFG1H,4,227,92
9,PPF41Q3G,4,GYM1,90
9,SCF41QT,4,141,45
12,SHF83,4,B17,73
12,EEFGDUQJ,4,348,82
10,FLFC5H,4,122,92
12,PPF41Q2G,4,GYM2,90
11,HFF41H,4,325,94
10,HQFC1TH,4,313,90
9,FMFC1H,4,228,97
10,HUF41,4,333,72
10,EEFG5H,4,346,95
10,EEF81QF,4,126,88
11,FSFC9,4,123,80
12,EEFGDUQX,4,347,85
9,FMFC1H,4,228,93
11,FMFC5,4,215,80
12,MSF41UQX,4,104,91
10,HUF41UQX,4,316,90
9,HFF41QT,4,314,65
11,HTF41X,4,334A,95
10,HUF41QG,4,311,86
11,HFF41HG,4,314,91
11,EEFG9,4,B6,88
11,HFF41H,4,325,90
9,ESFG5QF,4,334B,70
12,MCF81UBD,4,225,89
9,EEF81HF,4,126,99
10,HQFC1TH,4,313,87
10,EEF81QF,4,126,67
11,MCF81UBD,4,225,78
11,PPF41Q2B,4,GYM3,90
11,UAF41Q3,4,235,80
11,EEFGDUQV,4,204,86
10,PPF41Q2B,4,GYM3,85
10,UAF85Q3,4,235,85
11,MSF41UQX,4,104,81
10,FMFC5,4,111,79
11,BCF41T,4,106,86
11,UAF85Q3,4,235,85
10,HUF41,4,116,72
9,MGF41H,4,103,90
11,MRF41,4,223,83
9,FSFC5,4,113,87
10,SCF41QT,4,141,85
12,EEF81HF,4,126,90
11,FLFC9H,4,121,100
11,HFF41X,4,324,83
11,SPF41,4,238,86
10,PPF41Q2B,4,GYM3,85
10,UAF85Q3,4,235,76
10,SLF41,4,332,79
11,MGF41QGF,4,207,84
11,SWF41H,4,247,91
10,FMFC5H,4,215,95
9,MKF41,4,322,66
11,HFF41X,4,324,87
11,BCF41T,4,106,92
11,PPF41Q2B,4,GYM3,100
12,MPF41UQS,4,205,76
12,MCF81UBD,4,225,94
10,HQFC1TH,4,313,90
9,MRF41QTF,4,208,75
9,MKF41,4,322,68
10,EEFG5QH,4,331,87
9,MGF41H,4,211,95
12,AUFC9TA,4,232,95
9,MKF41,4,322,86
9,FMFC1,4,228,83
11,EEFG9H,4,B6,90
10,EEFG5H,4,146,98
12,EEFGDUQX,4,347,82
11,FJFC5H,4,115,99
11,PPF41Q3G,4,GYM2,90
11,UAF41H2,4,235,97
10,PPF41Q3B,4,GYM3,90
10,UAF41Q2,4,235,80
9,UEFG1H,4,227,90
10,SLF41QG,4,338,79
12,PPF41Q2G,4,GYM2,100
9,PHF41Q3,4,231,84
9,PPF41Q2G,4,GYM2,100
11,FKFC9H,4,124,93
11,EEFG9,4,B6,75
10,FMFC5H,4,111,98
11,SCF41HG,4,141,97
10,PPF41Q2G,4,GYM2,100
10,PPF41Q3G,4,GYM1,90
11,EEFG9UQX,4,125,86
10,ULFC1TP,4,B39,73
12,EEF81HF,4,126,91
11,EEF81HF,4,126,92
9,EEF81QF,4,126,81
10,HUF41UQX,4,316,93
11,FLFC9,4,121,86
9,EEFG5QT,4,249,68
10,HUF41UQX,4,316,86
10,EEFG5H,4,146,93
11,EEFG9H,4,B6,90
11,PPF41Q2G,4,GYM2,90
10,HUF41UQX,4,316,89
11,UEFG1,4,227,73
11,EEFG9H,4,B6,92
9,HGF81QGD,4,315,65
11,SHF83,4,B17,76
10,EEFGDUQJ,4,348,82
10,EEFG5QH,4,331,82
9,SLF41QT,4,338,76
10,EEFG5,4,346,80
9,SLF41,4,332,45
9,MEF41HG,4,105,96
11,MCF81UBD,4,225,89
11,FMFC5H,4,111,99
10,HUF41,4,333,78
10,EEFG5H,4,346,91
11,MKFC1HQM,4,206,94
9,PHF41H2,4,231,90
9,PPF41Q3B,4,GYM3,95
10,SPF41,4,238,77
10,PPF41Q2B,4,GYM3,90
10,PPF41Q3B,4,GYM3,90
12,UEFGD,4,B27,72
10,MRF41H,4,223,93
11,HFF41H,4,325,94
9,MEF81HGD,4,221,97
10,EEFG5QH,4,331,87
10,PPF41Q2B,4,GYM3,95
10,UAF85H3,4,235,97
10,MRF41QGF,4,208,81
10,PPF41Q3G,4,GYM1,90
9,FMFC1H,4,228,98
10,ESFG5QF,4,334B,75
9,SLF41,4,332,82
10,MRF41HGF,4,208,98
9,FMFC1H,4,228,97
10,HUF41,4,333,55
11,FMFC5H,4,215,96
11,HFF41X,4,324,88
10,HUF41,4,116,74
10,FMFC5H,4,111,100
9,HGF82HQD,4,213,97
11,PPF41Q2G,4,GYM1,87
12,MKFC9HQM,4,206,100
10,HQFC1TH,4,313,82
11,HFF41X,4,324,88
10,EEF81HF,4,126,98
9,HGF81QGD,4,315,88
12,HTF41X,4,334A,65
10,FMFC5H,4,111,100
12,HFF41X,4,324,83
12,ALF41,4,222,85
9,MEF41H,4,214,92
10,PWF41Q3G,4,POOL,65
11,UEFG9H,4,B27,98
9,UEFG1,4,227,88
10,PPF41Q2B,4,GYM3,95
10,UAF85Q3,4,235,69
10,EEF81HF,4,126,92
9,FMFC1H,4,228,97
10,EEFG5H,4,146,96
9,FMFC1,4,228,83
10,SPF41,4,238,73
9,MEF81HGD,5,203,93
9,SLF41QB,5,229,82
10,PPF41Q2G,5,GYM1,80
10,PPF41Q3G,5,GYM1,90
9,MGF41QQF,5,211,73
9,HUF41QW,5,326,65
9,EEFG9QWR,5,B6,55
12,PPF41Q2B,5,GYM3,90
11,MRF41QQF,5,103,65
10,PPF41Q3B,5,GYM3,90
9,PHF41Q2,5,B17,78
9,PPF41Q3B,5,GYM3,70
12,HRF41XA,5,311,65
9,EEF81QF,5,126,83
9,MKF41H,5,106,91
10,EEFG9QTR,5,350,80
12,BCF41T,5,322,90
9,HGF81QQD,5,321,88
10,SCF41QG,5,141,88
11,PPF41Q2B,5,GYM3,90
11,PPF41Q3B,5,GYM3,95
10,HFF41,5,124,67
10,SWF41HG,5,249,90
10,SCF41,5,139,81
9,MEF41QG,5,208,80
9,PHF41H3,5,B17,99
9,PPF41Q2B,5,GYM3,100
9,SLF41QB,5,229,89
11,PPF41Q3B,5,GYM3,90
12,PPF41Q2B,5,GYM3,90
9,HGF81QGD,5,313,71
12,PPF41Q2B,5,GYM3,90
10,EEFGD,5,348,71
11,MRF41QQF,5,103,70
11,PPF41Q3B,5,GYM3,65
10,PPF41Q3B,5,GYM3,90
9,HGF81QF,5,325,65
10,PPF41Q3B,5,GYM3,65
11,BCF41T,5,322,80
12,EEF85HF,5,346,92
9,HGF82HGD,5,315,90
12,MCF82UBD,5,225,87
12,SDF85TV,5,206,95
12,HQFC9TH,5,213,82
9,MEF41QG,5,208,70
9,EEFG5QG,5,336,88
9,HUF41,5,228,75
10,SCF41,5,139,65
10,MRF41QQF,5,103,80
10,SPF41H,5,238,100
11,PPF41Q2B,5,GYM3,80
11,PPF41Q3B,5,GYM3,90
9,MGF41,5,205,72
11,EEFG9QT,5,250,85
10,SHFC3TM,5,122,71
10,HUF41UQX,5,316,94
9,HGF81HQD,5,321,91
9,HGF82QTD,5,315,85
9,MGF41QTF,5,207,73
11,SWF41QT,5,249,70
11,SWF41HG,5,249,95
11,EEFG9H,5,347,90
9,MEF82HGD,5,221,94
11,EEFG9HT,5,250,93
9,EEFG1QB,5,334B,67
11,PPF41Q2B,5,GYM3,95
11,PPF41Q3B,5,GYM3,95
9,MEF82QTD,5,221,55
9,MKF41,5,106,70
12,PPF41Q2B,5,GYM3,80
11,EEFG9UQX,5,125,92
11,SEF41,5,113,65
10,HUF41QG,5,334A,85
9,EEFG9,5,246,55
11,EEFG9,5,347,83
11,PPF41Q2G,5,GYM2,93
11,PPF41Q3G,5,GYM2,91
9,BCF41T,5,322,85
9,MGF41H,5,205,92
11,EEFG9HT,5,250,90
9,SLF41QB,5,229,87
11,SCF41,5,138,71
11,BCF41T,5,322,98
11,PPF41Q3G,5,GYM1,95
11,SPF41H,5,231,94
10,HUF41UQX,5,316,86
9,MEF82QGD,5,221,83
11,AUFC1TA,5,204,95
10,PPF41Q3B,5,GYM3,90
9,MEF41,5,214,55
9,FSFC1,5,114,71
12,MCF82UBD,5,225,72
9,MEF82HGD,5,221,99
11,PPF41Q2B,5,GYM3,90
11,PPF41Q3B,5,GYM3,90
9,MEF41QT,5,208,71
10,SHFC3TM,5,122,89
12,EEFGD,5,348,84
12,PQF41Q2Y,5,251,100
11,PPF41Q3G,5,GYM2,97
9,HGF81QTD,5,313,71
10,SHFC3TM,5,122,86
10,MRF41H,5,107,98
11,MPF41UQJ,5,223,55
12,PPF41Q2B,5,GYM3,90
12,EEFGD,5,348,86
10,SCF41QT,5,141,85
9,EEFG1QB,5,334B,66
11,SWF41UVX,5,215,80
9,PHF41Q3,5,B17,76
9,PPF41Q2B,5,GYM3,95
10,MGF41QQF,5,211,72
10,SCF41H,5,139,90
11,FFFC5,5,111,87
12,HQFC9TH,5,213,90
9,MEF41,5,214,55
11,EEFGD,5,348,85
10,EEFG5,5,146,72
10,EEFG5QT,5,336,74
10,SCF41,5,138,86
9,PHF41H3,5,B17,98
9,PPF41Q2G,5,GYM1,95
10,EEFG5QH,5,331,78
11,SHFC7TM,5,248,85
10,HUF41UQX,5,316,88
11,EEFGDUQF,5,330,88
10,PPF41Q3G,5,GYM2,94
10,EEFG5QG,5,336,88
11,EEFG9HG,5,250,92
11,EEFG9UQX,5,125,91
11,SEF41,5,113,76
9,MGF41,5,205,80
10,SCF41H,5,341,99
11,SWF41HG,5,249,92
11,BCF41T,5,322,98
11,PPF41Q3G,5,GYM1,90
9,HGF81QGD,5,313,65
11,SEF41,5,113,86
9,SLF41QB,5,229,85
11,MRF41QQF,5,103,65
11,SDF81UVT,5,332,77
11,SWF41QG,5,249,87
9,PHF41Q2,5,B17,71
9,PPF41Q3G,5,GYM1,85
11,PPF41Q2B,5,GYM3,90
11,PPF41Q3B,5,GYM3,80
10,SPF41,5,231,77
10,MGF41HQF,5,211,90
10,SCF41,5,338,77
11,EEFG9UQX,5,125,87
9,MEF41,5,214,55
9,SHFC7TM,5,248,70
12,PPF41Q2B,5,GYM3,45
11,SEF41,5,113,75
11,EEFG9,5,246,86
12,MGF41QWF,5,105,66
10,SCF41H,5,138,95
9,MKF41,5,106,86
12,MKF41QQY,5,319,100
12,HQF41QQY,5,317,99
11,EEFG9UQX,5,125,81
12,PPF41Q2B,5,GYM3,90
11,BCF41T,5,322,96
10,HUF41H,5,228,97
10,MGF41HGF,5,207,100
11,EEFG9QTR,5,350,82
9,HUF41,5,228,73
9,FSFC1,5,114,67
11,MRF41,5,107,80
11,FFFC5H,5,111,90
12,SWF41UVX,5,215,55
9,HGF81QQD,5,321,78
9,EEF81QF,5,126,80
11,SDF81UVT,5,332,75
9,HGF81QQD,5,314,80
10,SCF41,5,139,80
11,PHF41Q2,5,B17,85
11,PPF41Q3G,5,GYM2,84
10,EEFG5QT,5,336,83
11,SHFC3TM,5,122,90
11,EEFGD,5,348,79
9,MEF41QT,5,208,65
9,PHF41Q3,5,B17,76
9,MEF41,5,214,55
10,MGF41QQF,5,211,85
9,SLF41QB,5,229,72
9,HGF81QQD,5,314,76
12,EEFGDUQF,5,330,78
10,SCF41,5,138,79
11,SPF41H,5,238,95
9,MKF41,5,106,85
10,SCF41,5,338,71
11,FFFC5,5,111,71
9,PHF41Q3,5,B17,65
10,MEF41QT,5,208,65
10,PPF41Q3B,5,GYM3,90
10,HUF41HG,5,334A,90
9,PHF41H3,5,B17,90
9,PPF41Q2G,5,GYM2,100
10,HUF41UQX,5,316,91
11,SWF41UVX,5,215,77
10,SCF41,5,341,75
12,SDF85TV,5,206,92
9,EEFG1QB,5,334B,80
10,EEFG9QGR,5,350,68
12,PPF41Q2G,5,GYM2,93
10,PPF41Q2B,5,GYM3,100
10,PPF41Q3B,5,GYM3,95
11,SHFC3TM,5,122,92
10,SCF41,5,338,69
9,EEFGDH,5,348,91
9,SLF41HB,5,229,91
10,HUF41QW,5,326,68
9,MEF41QT,5,208,68
11,EEFG9QGR,5,350,77
11,SEF41,5,113,67
12,MCF82UBD,5,225,82
9,HGF82QTD,5,315,55
11,EEFG9,5,246,71
11,EEFG9HG,5,250,90
9,MKF41,5,106,86
9,FSFC1,5,114,86
9,PPF41Q3B,5,GYM3,65
9,HGF81QQD,5,314,88
9,HGF81QGD,5,313,70
9,MEF82QTD,5,221,74
9,HGF82HGD,5,315,95
9,EEFG1QB,5,334B,77
10,MGF41QWF,5,105,82
11,EEFG9,5,347,76
9,HGF82QTD,5,315,75
10,EEFG5HH,5,331,93
9,EEF81QF,5,126,45
12,PPF41Q2G,5,GYM1,65
9,PPF41Q2B,5,GYM3,90
9,PPF41Q3B,5,GYM3,80
9,MKF41H,5,106,91
11,EEFG9UQX,5,125,90
9,MKF41H,5,106,90
9,PPF41Q2B,5,GYM3,65
10,SEF41,5,113,72
9,PPF41Q3G,5,GYM2,76
12,SDF85TV,5,206,97
11,MRF41,5,104,65
10,MGF41QTF,5,207,86
12,MPF41UQS,5,219,97
10,PPF41Q3G,5,GYM2,96
11,HQFC9TH,5,213,87
12,PPF41Q2B,5,GYM3,95
11,EEFG9H,5,246,91
9,PHF41Q3,5,B17,65
9,MGF41QWF,5,105,70
9,HGF81HF,5,325,96
11,PPF41Q2G,5,GYM1,90
11,PPF41Q3G,5,GYM1,93
10,MGF41HGF,5,207,97
9,PPF41Q2B,5,GYM3,90
9,PPF41Q3B,5,GYM3,90
9,HGF81QQD,5,321,80
11,EEFG9QGR,5,350,75
9,PPF41Q3G,5,GYM2,94
12,PPF41Q2B,5,GYM3,95
10,EEFG9QGR,5,350,65
9,PPF41Q3B,5,GYM3,90
9,SCF41QT,5,141,82
10,FFFC5H,5,111,95
10,HUF41UQX,5,316,82
9,EEF85QF,5,346,78
12,HQFC9TH,5,213,88
10,BCF41T,5,322,90
10,MGF41QGF,5,207,87
11,EEF81QF,5,126,79
11,SEF41,5,113,55
9,EEFG1QB,5,334B,67
11,MRF41,5,104,81
11,MGF41QGF,5,207,81
12,PPF41Q2B,5,GYM3,75
11,PPF41Q2B,5,GYM3,65
9,EEF85QF,5,346,79
10,EEFG9,5,347,86
10,EEFG5QH,5,331,79
10,EEFG5QG,5,336,85
10,SCF41,5,341,65
9,PHF41H3,5,B17,98
9,PPF41Q2B,5,GYM3,80
11,EEFG9,5,347,85
12,PPF41Q2G,5,GYM1,92
10,SCF41,5,341,81
9,MEF41QT,5,208,85
12,SHFC7TM,5,248,65
9,HGF81QQD,5,321,84
9,HFF41,5,124,45
9,PPF41Q2G,5,GYM2,94
9,PPF41Q3G,5,GYM2,91
11,HBF41X,5,324,65
9,MEF82QTD,5,221,65
9,PPF41Q2B,5,GYM3,65
9,MEF82QTD,5,221,65
9,PHF41Q3,5,B17,82
9,PPF41Q2B,5,GYM3,100
10,EEFG5,5,146,73
10,EEFGD,5,348,55
9,PPF41Q3G,5,GYM1,45
11,EEFG9QTR,5,350,66
9,SLF41QB,5,229,84
9,PHF41Q3,5,B17,66
9,PPF41Q2G,5,GYM2,95
10,PPF41Q3B,5,GYM3,65
10,PPF41Q3G,5,GYM1,65
11,EEFG9H,5,347,91
12,MPF41UQS,5,219,88
10,HUF41,5,228,84
11,PPF41Q3B,5,GYM3,100
9,HGF81QQD,5,314,89
9,PHF41Q3,5,B17,88
9,PPF41Q2B,5,GYM3,95
9,PHF41Q3,5,B17,77
9,MEF82QTD,5,221,71
12,EEFGDUQF,5,330,82
12,HQFC9TH,5,213,88
10,FFFC5,5,111,75
10,SDF81UVT,5,332,82
11,HRF41XA,5,311,85
12,SPF41,5,238,80
10,MKFC1TC,5,108,100
9,FSFC1,5,114,55
12,EEFGDUQF,5,330,74
10,EEFG5QG,5,336,88
12,PPF41Q2B,5,GYM3,90
12,PPF41Q3B,5,GYM3,65
9,PHF41H2,5,B17,90
9,PPF41Q3B,5,GYM3,80
11,EEFG9QG,5,250,85
11,MPF41UQJ,5,223,100
9,HGF81QQD,5,321,87
9,HGF82XHD,5,323,87
9,PHF41Q3,5,B17,83
9,PPF41Q2G,5,GYM1,77
9,MKF41H,5,106,90
10,MGF41QQF,5,211,83
10,SEF41,5,113,65
10,MGF41QQF,5,211,75
11,SPF41H,5,238,90
10,EEFG5HG,5,336,90
10,SCF41,5,139,81
10,SWF41QG,5,249,88
9,HGF81QQD,5,321,89
11,HRF41XA,5,311,81
11,PPF41Q2G,5,GYM1,95
11,PPF41Q3G,5,GYM1,93
11,HBF41X,5,324,83
10,SCF41HG,5,141,93
12,MCF82UBD,5,225,90
9,HGF81QWD,5,333,80
11,BCF41T,5,322,80
11,PPF41Q2G,5,GYM2,90
12,SHFC7TM,5,248,75
12,BCF41T,5,322,88
10,MRF41HQF,5,103,95
9,SLF41HB,5,229,94
9,HGF81QWD,5,333,55
11,EEFG9QT,5,250,85
12,MPF41UQS,5,219,65
10,EEFG5QH,5,331,84
11,MRF41H,5,104,100
11,EEFG9QGR,5,350,81
12,PPF41Q2B,5,GYM3,85
11,EEFG9QGR,5,350,81
11,SPF41,5,231,89
12,PPF41Q2B,5,GYM3,90
11,MRF41,5,104,83
11,EEFG9,5,246,82
12,MCF82UBD,5,225,81
10,SCF41,5,338,84
9,HGF81QWD,5,333,65
9,SDF41H,5,247,94
10,EEF85HFW,5,346,91
11,EEFG9QGR,5,350,75
12,MCF82UBD,5,225,87
10,EEFG5,5,146,78
9,MKF41,5,106,65
10,SCF41,5,139,73
10,SCF41H,5,138,90
11,SPF41,5,231,80
11,MCF82UBD,5,225,91
11,HBF41X,5,324,96
11,SDF81UVT,5,332,80
10,MKFC1TC,5,108,85
11,SPF41H,5,231,97
9,MKF41H,5,106,96
12,PPF41Q2B,5,GYM3,100
10,SPF41H,5,238,100
10,PPF41Q2B,5,GYM3,85
10,PPF41Q3B,5,GYM3,70
9,MEF41,5,214,77
9,MEF41H,5,214,91
9,HGF82XHD,5,323,79
10,BCF41T,5,322,88
10,PPF41Q3B,5,GYM3,95
10,EEF81HF,5,126,90
11,EEFGDH,5,348,90
9,HGF81HQD,5,314,92
10,HUF41HG,5,334A,92
10,SCF41,5,139,80
9,MEF41,5,214,55
9,HGF81QF,5,325,86
9,HUF41,5,228,73
11,HUF41H,5,228,94
9,MEF41HG,5,208,98
10,EEFG9HG,5,250,91
9,HGF81HF,5,325,90
11,MPF41UQJ,5,223,92
9,HGF82XHD,5,323,92
9,SLF41QB,5,229,85
11,EEFG9UQX,5,125,92
11,EEFG9UQX,5,125,91
9,HGF81HF,5,325,92
10,EEFG5HH,5,331,90
10,BCF41T,5,322,96
10,PPF41Q3G,5,GYM1,96
11,MRF41QQF,5,103,77
12,MCF82UBD,5,225,90
11,SWF41UVX,5,215,90
12,SDF85TV,5,206,90
10,PPF41Q2G,5,GYM1,70
11,HRF41XA,5,311,76
12,MRF41QQF,5,103,65
10,PPF41Q3B,5,GYM3,90
9,PPF41Q3B,5,GYM3,90
9,HGF81QGD,5,313,83
10,SCF41,5,338,86
9,MEF41,5,214,55
12,PPF41Q2B,5,GYM3,55
9,EEFG1QB,5,334B,79
12,PPF41Q2B,5,GYM3,90
11,EEFG9UQX,5,125,94
11,BCF41T,5,322,83
11,PPF41Q2B,5,GYM3,100
9,HGF81QGD,5,313,65
11,PPF41Q2G,5,GYM1,90
11,SPF41,5,231,82
9,SLF41QB,5,229,88
9,HGF81QF,5,325,87
10,AUFC1TA,5,204,89
9,PHF41H2,5,B17,95
10,EEFG5QG,5,336,88
10,SHFC3TM,5,122,72
9,SDF41H,5,247,96
12,MPF41UQJ,5,223,78
11,EEFG9,5,347,84
12,PPF41Q2G,5,GYM2,100
9,HGF81QQD,5,321,84
10,AUFC1TA,5,204,89
10,MGF41HGF,5,207,99
10,SCF41,5,138,66
11,MPF41UQJ,5,223,89
12,EQF41QQY,5,328A,100
12,SDF85TV,5,206,90
12,HRF41XA,5,311,89
10,EEFGDUQF,5,330,74
11,EEFGDH,5,348,94
9,PHF41H2,5,B17,93
9,PPF41Q3G,5,GYM1,96
10,FFFC5H,5,111,95
11,EEFG9,5,246,82
12,PPF41Q2B,5,GYM3,90
9,HGF82QTD,5,315,80
10,HUF41QG,5,334A,55
11,MPF41UQS,5,219,55
10,SCF41,5,139,76
10,EEFG5QH,5,331,78
12,MPF41UQS,5,219,84
12,MPF41UQS,5,219,94
12,PPF41Q2G,5,GYM1,80
10,EEFG5QT,5,336,45
10,HUF41QW,5,326,65
10,HUF41QT,5,334A,80
10,SPF41,5,238,72
9,HGF85QF,5,116,84
10,SEF41,5,113,55
9,PPF41Q3G,5,GYM2,67
9,HGF81HGD,5,313,92
12,PPF41Q2B,5,GYM3,85
9,MKF41,5,106,83
10,HFF41H,5,124,90
12,PPF41Q2G,5,GYM2,90
10,SWF41QG,5,249,45
12,PPF41Q3B,5,GYM3,55
12,BCF41T,5,322,88
12,PPF41Q3G,5,GYM1,85
9,HGF81QGD,5,313,66
9,EEFG9QWR,5,B6,65
11,SPF41,5,238,76
9,EEFG5QG,5,336,75
11,EEFG9HG,5,250,93
9,PHF41H3,5,B17,97
9,PPF41Q2G,5,GYM1,93
12,MPF41UQS,5,219,68
10,HUF41UQX,5,316,91
12,SHFC7TM,5,248,80
12,PQF41Q2Y,5,251,100
10,HUF41H,5,228,90
10,HUF41HG,5,334A,92
11,SHFC3TM,5,122,90
10,HUF41HG,5,334A,91
9,MEF81QTD,5,203,67
11,MPF41UQJ,5,223,73
11,MRF41QQF,5,103,55
9,MGF41QQF,5,211,45
10,HUF41,5,228,83
10,SCF41,5,138,55
9,HGF81QGD,5,313,65
9,MKF41H,5,106,90
10,PPF41Q3B,5,GYM3,65
11,MGF41,5,205,55
10,HUF41UQX,5,316,98
9,HGF81QGD,5,313,73
10,MRF41,5,104,77
11,SDF81UVT,5,332,72
10,HFF41,5,124,79
11,EEFG9QT,5,250,85
10,SPF41,5,238,83
9,SDF41,5,247,81
10,HUF41QT,5,334A,85
9,HGF81QQD,5,321,78
12,PPF41Q2G,5,GYM1,96
12,PPF41Q2G,5,GYM1,96
11,MPF41UQJ,5,223,73
11,PPF41Q3G,5,GYM2,100
9,HGF81QQD,5,321,81
12,EEFG9,5,347,80
12,EEFGDUQF,5,330,79
9,MEF82QTD,5,221,45
11,MRF41,5,107,79
10,EEFGD,5,348,80
10,MGF41,5,205,66
11,SWF41HG,5,249,94
9,EEFG1QB,5,334B,82
9,SLF41QB,5,229,86
10,EEFG9QGR,5,350,73
10,MGF41QQF,5,211,80
11,SWF41UVX,5,215,82
10,PPF41Q3B,5,GYM3,70
12,MCF82UBD,5,225,94
10,EEFG5QH,5,331,85
10,MGF41QWF,5,105,71
12,SDF85TV,5,206,90
12,EEFGDUQF,5,330,81
9,EEFG9QG,5,250,65
10,MRF41,5,104,79
10,EEFG5QH,5,331,87
12,SDF85TV,5,206,90
10,EEFGD,5,348,65
10,MGF41QTF,5,207,84
9,HGF81QWD,5,333,55
9,PPF41Q2G,5,GYM2,100
10,EEF85QF,5,346,65
11,MPF41UQJ,5,223,71
9,HGF82QGD,5,315,88
10,PPF41Q2G,5,GYM1,95
10,PPF41Q3G,5,GYM2,85
10,MGF41HQF,5,211,92
9,MKF41,5,106,87
9,MGF41QWF,5,105,55
9,PPF41Q3G,5,GYM2,65
9,PHF41H2,5,B17,91
9,PPF41Q3B,5,GYM3,95
9,PHF41Q3,5,B17,73
9,PPF41Q2B,5,GYM3,80
12,PPF41Q2B,5,GYM3,85
10,MGF41HGF,5,207,97
11,EEFG9UQX,5,125,82
12,PPF41Q2B,5,GYM3,95
11,SEF41,5,113,73
10,MGF41,5,205,70
12,SWF41UVX,5,215,75
9,HGF81QTD,5,313,65
9,HGF82HGD,5,315,93
10,HUF41QW,5,326,85
10,HUF41QT,5,334A,88
10,HUF41UQX,5,316,83
12,BCF41T,5,322,75
9,MEF81QTD,5,203,67
10,BCF41T,5,322,95
10,PPF41Q2B,5,GYM3,95
11,EEFGD,5,348,65
9,MEF41HG,5,208,97
12,PPF41Q2B,5,GYM3,65
11,EEFGDUQF,5,330,84
11,EEFG9UQX,5,125,92
9,EEFG1QB,5,334B,67
12,MRF41,5,107,55
9,FSFC1,5,114,81
9,PHF41Q3,5,B17,70
9,PPF41Q2B,5,GYM3,95
9,SLF41QB,5,229,86
10,EEFG5QG,5,336,83
9,MGF41QWF,5,105,71
11,SDF81UVT,5,332,85
9,MEF81QTD,5,203,45
11,MRF41,5,104,76
10,HUF41H,5,228,92
10,EEFG5,5,146,75
11,EEFGDUQF,5,330,89
10,MRF41,5,104,77
10,SCF41,5,341,81
11,SPF41H,5,231,91
9,HGF81HF,5,325,95
9,HGF81HF,5,325,93
11,PPF41Q2B,5,GYM3,90
12,SWF41UVX,5,215,85
10,HUF41H,5,228,90
10,EEF81QF,5,126,78
10,SCF41QG,5,141,65
12,EEFG9QG,5,250,82
9,PHF41Q3,5,B17,70
9,PPF41Q2B,5,GYM3,80
11,FFFC5H,5,111,97
9,MEF81QTD,5,203,55
11,EEFGD,5,348,76
9,MEF41QG,5,208,65
10,PPF41Q2B,5,GYM3,90
10,PPF41Q3B,5,GYM3,90
9,AUFC1TA,5,204,55
12,EEFGDUQF,5,330,74
9,SDF41,5,247,80
10,EEFG5H,5,146,91
9,HGF82QGD,5,315,75
9,MEF81QGD,5,203,73
9,HGF81QGD,5,313,86
12,PPF41Q2G,5,GYM1,94
9,HGF82XHD,5,323,86
9,HUF41UQX,5,316,85
11,SDF81UVT,5,332,94
11,SCF41,5,138,79
12,SHFC7TM,5,248,80
9,HGF81QQD,5,314,82
10,MGF41QGF,5,207,67
12,PPF41Q2G,5,GYM1,96
9,MEF41,5,214,55
9,HGF82XHD,5,323,75
11,HFF41H,5,124,93
11,EEFG9,5,246,74
10,EEFG5H,5,146,96
9,EEF85QF,5,346,45
12,PPF41Q2B,5,GYM3,90
10,EEFG5QG,5,336,70
9,HGF81HQD,5,314,94
12,HBF41X,5,324,91
10,MGF41HGF,5,207,94
12,HQFC9TH,5,213,90
9,PHF41Q2,5,B17,82
9,PPF41Q3B,5,GYM3,70
9,PPF41Q3B,5,GYM3,65
9,MGF41H,5,205,93
9,HGF81QTD,5,313,55
11,MGF41QQF,5,211,65
11,BCF41T,5,322,91
11,PPF41Q2G,5,GYM1,97
11,SEF41,5,113,77
9,HUF41QT,5,334A,80
10,MGF41QGF,5,207,79
12,EQF41QQY,5,328A,100
11,MPF41UQJ,5,223,87
9,HGF81QQD,5,314,75
11,EEFG9QTR,5,350,65
9,PHF41H3,5,B17,90
9,PPF41Q2G,5,GYM2,100
9,PPF41Q2B,5,GYM3,65
9,PPF41Q3B,5,GYM3,65
10,SCF41,5,139,79
9,SDF41H,5,247,90
9,PPF41Q3G,5,GYM2,45
10,AUFC1TA,5,204,99
11,SHFC3TM,5,122,95
11,PPF41Q2B,5,GYM3,90
11,PPF41Q3B,5,GYM3,90
9,PPF41Q3B,5,GYM3,85
9,PPF41Q3G,5,GYM1,90
12,HQFC9TH,5,213,90
9,SWF41QT,5,249,65
10,HGF85QF,5,116,71
9,PPF41Q3B,5,GYM3,90
10,SCF41,5,139,69
11,PPF41Q2G,5,GYM1,95
11,PPF41Q3G,5,GYM2,100
11,PPF41Q2B,5,GYM3,95
11,PPF41Q3B,5,GYM3,80
9,HGF85QF,5,116,65
12,PPF41Q2G,5,GYM1,80
9,SHFC3TM,5,122,65
9,SLF41QB,5,229,78
10,SCF41QG,5,141,65
9,MGF41,5,205,88
9,SLF41QB,5,229,89
9,HGF82HGD,5,315,93
10,EEF85QF,5,346,88
12,SDF85TV,5,206,95
10,SCF41,5,341,87
11,MCF82UBD,5,225,82
9,SDF41,5,247,82
9,HGF81QGD,5,313,83
9,MGF41QWF,5,105,55
9,HGF82HGD,5,315,96
11,SCF41,5,138,67
10,HUF41QW,5,326,75
9,HGF81QQD,5,314,87
10,HUF41UQX,5,316,90
10,HUF41,5,228,75
9,FSFC1H,5,114,90
10,MRF41,5,107,73
9,SCF41QG,5,141,89
10,PPF41Q3G,5,GYM2,93
9,HGF81QF,5,325,81
12,PPF41Q2B,5,GYM3,90
9,HGF82XHD,5,323,92
12,HQFC9TH,5,213,90
10,FSFC1,5,114,55
9,HGF81QQD,5,321,55
10,FSFC1,5,114,85
12,HRF41XA,5,311,83
10,SHFC3TM,5,122,82
10,SCF41,5,341,80
10,MRF41,5,107,81
11,SEF41,5,113,70
9,EEFG1HB,5,334B,92
11,EEFGDUQF,5,330,87
10,SWF41QT,5,249,75
10,HUF41HG,5,334A,93
10,MKFC1TC,5,108,79
9,SWF41QT,5,249,80
12,SDF81UVT,5,332,76
10,HUF41QT,5,334A,83
10,SCF41H,5,341,91
9,MEF41,5,214,73
9,EEFG1QB,5,334B,72
10,HGF85QF,5,116,67
10,HUF41QW,5,326,65
10,BCF41T,5,322,85
10,PPF41Q3B,5,GYM3,95
9,HUF41QW,5,326,85
11,PPF41Q2B,5,GYM3,100
11,PPF41Q3B,5,GYM3,95
9,EEF85QFW,5,346,73
9,HGF82XHD,5,323,82
9,MEF82QTD,5,221,65
10,PPF41Q2B,5,GYM3,100
10,PPF41Q3B,5,GYM3,75
10,EEF85QF,5,346,88
9,EEF85QF,5,346,89
11,PPF41Q2B,5,GYM3,100
11,PPF41Q3B,5,GYM3,90
11,EEFGDH,5,348,90
9,HGF81QQD,5,314,84
11,PPF41Q2G,5,GYM1,87
11,PPF41Q3G,5,GYM2,90
11,SEF41,5,113,76
11,HRF41XA,5,311,87
9,HGF81QQD,5,321,70
11,SWF41UVX,5,215,73
9,MEF41,5,214,65
10,MRF41QQF,5,103,65
9,EEFG1QB,5,334B,78
12,MCF82UBD,5,225,94
10,SCF41H,5,341,90
11,HRF41XA,5,311,86
9,HGF81QTD,5,313,55
12,EEF85QF,5,346,76
10,MKFC1TC,5,108,55
9,HGF81HF,5,325,92
10,BCF41T,5,322,95
10,PPF41Q3G,5,GYM1,93
12,EEFGDUQF,5,330,45
10,EEFGD,5,348,65
9,PHF41Q2,5,B17,84
9,PPF41Q3B,5,GYM3,100
10,EEFG5QH,5,331,82
12,PPF41Q2B,5,GYM3,70
10,PPF41Q2B,5,GYM3,75
10,PPF41Q3B,5,GYM3,75
11,SHFC7TM,5,248,90
9,PHF41Q2,5,B17,65
9,PPF41Q3B,5,GYM3,70
10,PPF41Q3G,5,GYM1,90
11,PPF41Q2G,5,GYM2,97
11,PPF41Q3G,5,GYM1,85
11,EEFGDUQF,5,330,83
11,HBF41X,5,324,86
12,PPF41Q2B,5,GYM3,90
10,MRF41,5,104,85
10,EEFG9QGR,5,350,45
11,MGF41,5,205,65
11,EEFG9UQX,5,125,93
11,SPF41,5,231,71
10,PPF41Q2B,5,GYM3,100
10,PPF41Q3B,5,GYM3,95
12,MQF41QQY,5,204A,100
11,SWF41UVX,5,215,89
9,SLF41QB,5,229,81
12,MCF82UBD,5,225,81
11,SHFC3TM,5,122,87
9,EEF81QFW,5,126,55
9,PPF41Q3G,5,GYM2,88
10,MRF41,5,107,88
11,PPF41Q2B,5,GYM3,100
11,PPF41Q3B,5,GYM3,80
9,PPF41Q3B,5,GYM3,75
10,SHFC3TM,5,122,90
11,MRF41,5,104,87
12,PPF41Q2G,5,GYM2,100
9,EEFG9QG,5,250,88
10,SHFC3TM,5,122,88
10,PPF41Q2B,5,GYM3,80
12,SDF85TV,5,206,91
9,SDF41H,5,247,97
11,EEFGDUQF,5,330,97
11,SDF81UVT,5,332,87
10,HUF41UQX,5,316,85
11,EEFGDH,5,348,94
9,EEFG9QWR,5,B6,67
11,SWF41UVX,5,215,55
11,SDF81UVT,5,332,85
10,HFF41H,5,124,92
11,HRF41XA,5,311,89
11,SWF41UVX,5,215,80
11,MRF41,5,107,78
9,SLF41QB,5,229,83
9,MEF82QGD,5,221,65
9,HFF41,5,124,65
10,SCF41H,5,341,90
9,HGF81QQD,5,314,81
9,HGF82QGD,5,315,78
9,SDF41H,5,247,90
10,HUF41UQX,5,316,93
11,SCF41QT,5,141,85
10,MGF41QTF,5,207,75
10,SPF41,5,238,81
11,MRF41,5,104,77
9,PPF41Q3B,5,GYM3,85
12,PPF41Q2G,5,GYM1,90
10,MRF41,5,104,73
12,HGF82QGD,5,315,80
10,SCF41H,5,341,96
10,EEFG5H,5,146,92
9,MEF81QGD,5,203,65
10,HUF41H,5,228,90
11,EEF81QF,5,126,80
11,MCF82UBD,5,225,94
10,EEFG5H,5,146,95
11,MRF41,5,107,77
12,SWF41UVX,5,215,85
11,MRF41QQF,5,103,72
9,MEF81QGD,5,203,86
12,PPF41Q2G,5,GYM2,94
9,MGF41H,5,205,98
11,HRF41XA,5,311,95
9,HGF81QF,5,325,55
9,SWF41QG,5,249,84
10,PQF41Q2Y,5,251,100
10,PQF41Q3Y,5,251,100
10,BCF41T,5,322,88
9,HGF82HGD,5,315,90
10,MGF41HGF,5,207,98
9,PHF41Q2,5,B17,88
9,PPF41Q3B,5,GYM3,95
11,HBF41X,5,324,73
11,EEFGDUQF,5,330,88
11,AUFC1TA,5,204,90
11,BCF41T,5,322,88
11,PPF41Q3B,5,GYM3,70
10,SCF41,5,139,55
11,FFFC5,5,111,84
9,EEFG1QB,5,334B,76
10,EEFG5H,5,146,93
10,MRF41,5,104,83
9,HGF81QQD,5,314,88
11,PPF41Q2B,5,GYM3,90
11,PPF41Q3B,5,GYM3,90
11,EEFGDH,5,348,90
10,SCF41H,5,341,90
11,EEFG9UQX,5,125,92
9,HGF81HQD,5,314,96
12,MCF82UBD,5,225,86
12,SWF41UVX,5,215,73
10,SPF41,5,231,84
9,HGF85QF,5,116,78
10,MGF41,5,205,83
9,MEF81QGD,5,203,65
10,SEF41,5,113,68
9,PPF41Q3B,5,GYM3,90
10,SWF41QT,5,249,88
12,HQFC9TH,5,213,85
9,PHF41H2,5,B17,96
9,PPF41Q3B,5,GYM3,100
11,FFFC5,5,111,70
10,MKFC1TC,5,108,100
9,MEF81QGD,5,203,76
9,MEF41,5,214,45
9,EEFG5QG,5,336,68
9,PHF41H3,5,B17,91
9,PPF41Q2G,5,GYM1,92
12,HFF41,5,124,87
10,SCF41,5,138,55
10,SCF41QT,5,141,87
12,EEF85HF,5,346,90
11,BCF41T,5,322,94
12,MPF41UQS,5,219,89
9,MKF41H,5,106,100
10,BCF41T,5,322,86
10,PPF41Q3B,5,GYM3,100
10,MGF41,5,205,74
9,HGF81QQD,5,321,89
10,EEF81HF,5,126,96
9,MEF41,5,214,87
9,HUF41,5,228,55
12,HFF41,5,124,45
9,MEF41QG,5,208,75
10,SCF41,5,338,66
11,FFFC5,5,111,79
11,PPF41Q2G,5,GYM1,80
11,PPF41Q3G,5,GYM2,75
10,HUF41UQX,5,316,87
9,EEFG5QH,5,331,79
11,FFFC5,5,111,65
12,PQF41Q2Y,5,251,100
12,PQF41Q3Y,5,251,100
11,PPF41Q2B,5,GYM3,90
11,PPF41Q3B,5,GYM3,90
10,SCF41,5,338,55
9,MEF41QT,5,208,75
10,SCF41,5,338,66
10,SCF41HG,5,141,90
10,MGF41QTF,5,207,83
11,EEFGD,5,348,79
10,HGF81QWD,5,333,45
10,SEF41,5,113,70
10,EEFG5QH,5,331,88
10,HGF85QF,5,116,73
10,BCF41T,5,322,80
10,PPF41Q2B,5,GYM3,70
10,MRF41QQF,5,103,65
10,PPF41Q3B,5,GYM3,90
9,HGF81QQD,5,321,65
9,EEFG5QG,5,336,80
11,EEFG9,5,347,55
9,FSFC1,5,114,80
10,PPF41Q2G,5,GYM2,100
10,PPF41Q3G,5,GYM1,95
12,HBF41X,5,324,70
9,HGF81QWD,5,333,85
9,EEFG5QT,5,336,65
10,HFF41,5,124,87
9,HGF85QF,5,116,80
12,MCF82UBD,5,225,94
12,SHFC7TM,5,248,90
12,SDF85TV,5,206,95
9,HGF81HQD,5,321,94
12,SDF85TV,5,206,93
10,EEFG5QG,5,336,85
9,MEF41HG,5,208,90
10,SPF41H,5,238,95
10,EEFG5,5,146,74
9,HGF82QGD,5,315,80
11,EEFG9,5,347,81
10,MGF41QTF,5,207,78
10,EEF81HF,5,126,100
12,SDF85TV,5,206,94
12,PPF41Q2G,5,GYM2,100
12,HRF41XA,5,311,81
11,EEFG9H,5,347,93
9,HGF81QQD,5,321,85
9,HGF82HGD,5,315,90
9,SDF41H,5,247,90
11,SPF41,5,238,73
9,HGF82XHD,5,323,82
12,PPF41Q2G,5,GYM1,90
11,EEFGDUQF,5,330,80
10,MGF41HQF,5,211,90
11,MRF41QQF,5,103,72
10,PPF41Q2B,5,GYM3,55
10,PPF41Q3B,5,GYM3,65
12,PQF41Q2Y,5,251,100
12,PQF41Q3Y,5,251,100
10,SCF41,5,139,75
10,EEFG5QH,5,331,85
11,EEFG9,5,246,68
11,EEFGDUQF,5,330,79
10,MKFC1TC,5,108,72
10,PPF41Q2G,5,GYM2,94
10,PPF41Q3G,5,GYM2,96
12,SPF41,5,231,67
11,SPF41H,5,231,92
10,AUFC1TA,5,204,89
11,MRF41,5,107,69
11,HBF41X,5,324,94
10,HUF41H,5,228,92
10,SCF41,5,338,76
12,MQF41QQY,5,204A,100
10,HGF85HF,5,116,91
9,HGF85QF,5,116,82
10,PPF41Q2G,5,GYM2,94
10,PPF41Q3G,5,GYM1,90
10,HGF81QF,5,325,80
12,MPF41UQS,5,219,70
9,HGF81QQD,5,321,75
9,SLF41QB,5,229,85
12,SPF41,5,238,80
9,HGF81HQD,5,321,90
9,FFFC5,5,111,73
10,EEFG5HG,5,336,90
9,MKF41H,5,106,95
10,SWF41QG,5,249,87
11,EEFG9QG,5,250,82
9,PPF41Q3B,5,GYM3,45
9,HGF81QGD,5,313,81
12,MPF41UQS,5,219,88
9,HGF82XHD,5,323,87
11,EEFG9,5,246,80
9,HGF85QF,5,116,74
10,PPF41Q2G,5,GYM1,70
10,PPF41Q3G,5,GYM1,75
10,SCF41,5,338,70
9,FSFC1,5,114,55
11,SHFC7TM,5,248,80
10,SCF41H,5,341,92
10,PPF41Q3B,5,GYM3,45
11,SPF41H,5,231,91
11,SHFC7TM,5,248,75
10,SCF41H,5,338,95
9,MEF41,5,214,55
9,EEFG9QTR,5,350,70
11,MRF41,5,107,77
10,EEF85QF,5,346,88
12,SQF41QQY,5,233,100
9,MKF41H,5,106,97
9,PHF41H3,5,B17,90
9,PPF41Q2B,5,GYM3,95
12,SHFC7TM,5,248,85
9,HGF81QQD,5,314,72
12,HQFC9TH,5,213,94
11,EEFGDUQF,5,330,79
9,HGF81QQD,5,321,80
11,SWF41QG,5,249,79
9,SHFC3TM,5,122,68
9,PPF41Q2B,5,GYM3,100
9,PPF41Q3B,5,GYM3,100
12,HQFC9TH,5,213,88
10,MRF41H,5,107,94
11,HFF41,5,124,65
12,SHFC7TM,5,248,80
11,MPF41UQJ,5,223,67
9,FSFC1,5,114,89
11,SDF81UVT,5,332,55
10,SCF41,5,139,89
11,EEFG9UQX,5,125,91
11,MRF41,5,107,80
9,AUFC1TA,5,204,89
10,EEFG5QH,5,331,82
11,PPF41Q2B,5,GYM3,95
11,PPF41Q3B,5,GYM3,100
10,BCF41T,5,322,80
9,EEFG9QGR,5,350,84
11,PPF41Q2G,5,GYM2,90
11,PPF41Q3G,5,GYM2,94
9,HUF41,5,228,70
11,SHFC7TM,5,248,80
10,MGF41HGF,5,207,91
12,SDF85TV,5,206,94
12,SDF85TV,5,206,95
12,EEFGDUQF,5,330,65
12,HBF41X,5,324,90
10,SHFC3TM,5,122,94
12,SDF85TV,5,206,90
9,MKF41H,5,106,92
11,MRF41,5,107,89
10,EEF85HF,5,346,98
9,HGF81HQD,5,314,94
11,EEFGDH,5,348,96
9,MEF82HTD,5,221,90
10,PPF41Q3B,5,GYM3,90
10,HUF41H,5,228,95
9,HGF82QTD,5,315,80
10,SCF41,5,341,85
10,MGF41QQF,5,211,87
11,HUF41,5,228,85
11,SPF41,5,231,83
10,EEFG5QH,5,331,81
10,PPF41Q2G,5,GYM2,91
11,EEFG9UQX,5,125,94
9,PHF41Q3,5,B17,87
9,PPF41Q2G,5,GYM1,70
11,SWF41UVX,5,215,66
10,MKFC1TC,5,108,90
9,MEF41QG,5,208,78
9,MEF41QG,5,208,65
11,SPF41H,5,238,95
10,EEFG9QGR,5,350,88
11,EEF81HF,5,126,95
9,HGF81QF,5,325,80
10,SWF41UVX,5,215,55
11,MRF41QQF,5,103,66
10,SCF41QG,5,141,73
9,MGF41,5,205,84
9,PHF41Q2,5,B17,82
10,HUF41UQX,5,316,85
9,AUFC1TA,5,204,84
12,PPF41Q2B,5,GYM3,65
10,EEFG5QH,5,331,83
9,MEF82QTD,5,221,68
10,HUF41UQX,5,316,88
9,FSFC1,5,114,80
9,MEF82QGD,5,221,79
10,SHFC7TM,5,248,65
10,EEFG5HT,5,336,90
12,PPF41Q2G,5,GYM1,94
9,EEFG1QB,5,334B,45
9,HGF82HTD,5,315,90
9,HGF82XHD,5,323,85
11,EEFG9,5,246,55
10,SCF41,5,341,71
11,MRF41,5,107,85
9,EEF85QF,5,346,78
12,PQF41Q2Y,5,251,100
12,PQF41Q3Y,5,251,100
10,PPF41Q3B,5,GYM3,90
12,MPF41UQS,5,219,72
12,PPF41Q2B,5,GYM3,90
11,EEFGDUQF,5,330,81
9,PHF41H2,5,B17,90
9,PPF41Q3B,5,GYM3,100
11,EEFG9,5,347,86
11,EEFG9UQX,5,125,92
11,MRF41QQF,5,103,79
9,MEF81QGD,5,203,55
10,EEFG5QT,5,336,79
10,SEF41,5,113,83
9,SDF41H,5,247,94
12,PPF41Q2B,5,GYM3,90
9,HGF82HGD,5,315,95
9,HUF41QG,5,334A,84
12,HQFC9TH,5,213,90
9,EEFG5QT,5,336,76
12,HBF41X,5,324,92
10,SCF41QT,5,141,86
11,MPF41UQJ,5,223,65
11,SWF41QG,5,249,84
10,BCF41T,5,322,95
10,PPF41Q2G,5,GYM1,96
11,SPF41H,5,238,95
9,MEF41,5,214,88
12,PPF41Q2B,5,GYM3,85
12,MGF41QGF,5,207,45
9,EEFG1QB,5,334B,72
10,EEFG5H,5,146,93
10,HGF85QF,5,116,65
10,AUFC1TA,5,204,83
12,EEFGDUQF,5,330,80
12,EEFGDUQF,5,330,70
11,HBF41X,5,324,83
11,EEFGDUQF,5,330,86
10,MRF41H,5,107,92
12,MPF41UQS,5,219,70
9,EEFG1QB,5,334B,80
11,HRF41XA,5,311,93
12,PPF41Q2G,5,GYM2,100
10,PPF41Q2G,5,GYM2,100
10,PPF41Q3G,5,GYM2,100
11,HBF41X,5,324,80
11,SPF41,5,231,85
10,EEFG5HH,5,331,92
10,HUF41UQX,5,316,94
9,PHF41H2,5,B17,92
9,PPF41Q3G,5,GYM1,95
10,PPF41Q2G,5,GYM2,100
10,PPF41Q3G,5,GYM2,97
10,MKFC1TC,5,108,90
12,HBF41X,5,324,86
11,MRF41,5,107,89
11,EEFG9UQX,5,125,92
10,MRF41,5,104,83
9,SLF41QB,5,229,82
11,SHFC7TM,5,248,85
9,SLF41QB,5,229,86
9,HGF82HGD,5,315,90
9,MEF41QG,5,208,68
9,SLF41QB,5,229,70
9,HGF81QTD,5,313,68
12,MPF41UQS,5,219,72
10,FFFC5,5,111,55
11,PPF41Q2B,5,GYM3,100
9,PHF41H2,5,B17,97
9,PPF41Q3B,5,GYM3,100
11,EEFG9UQX,5,125,95
10,SPF41H,5,238,90
10,FSFC1,5,114,74
10,SHFC3TM,5,122,74
9,MEF41,5,214,69
12,HQFC9TH,5,213,88
11,MKFC1TC,5,108,79
10,SHFC3TM,5,122,76
10,EEFG9QWR,5,B6,68
11,EEFG9,5,246,86
12,MPF41UQS,5,219,85
10,SCF41HG,5,141,90
9,MKF41H,5,106,96
10,MRF41QQF,5,103,75
11,PPF41Q2G,5,GYM1,45
10,SCF41,5,138,85
10,SCF41,5,338,81
11,BCF41T,5,322,96
10,PPF41Q2B,5,GYM3,90
10,PPF41Q3B,5,GYM3,90
12,SDF85TV,5,206,90
9,PPF41Q2B,5,GYM3,95
9,PPF41Q3B,5,GYM3,95
11,SPF41H,5,231,94
11,EEFG9UQX,5,125,88
11,PPF41Q3B,5,GYM3,90
11,SPF41,5,231,87
10,SCF41,5,138,55
9,PPF41Q2B,5,GYM3,45
9,PPF41Q3B,5,GYM3,45
9,SDF41,5,247,86
9,HGF82XHD,5,323,74
10,MGF41HGF,5,207,95
11,PPF41Q2B,5,GYM3,45
10,MGF41,5,205,75
9,HGF81HQD,5,314,90
10,HUF41UQX,5,316,87
12,PPF41Q2G,5,GYM1,70
9,HGF81HWD,5,333,90
9,SEF41,5,113,55
11,MPF41UQJ,5,223,67
11,MPF41UQJ,5,223,74
10,SCF41,5,139,80
11,SHFC3TM,5,122,86
12,PPF41Q2G,5,GYM2,79
10,HUF41UQX,5,316,87
11,EEFG9,5,347,65
9,AUFC1TA,5,204,83
9,SCF41,5,341,85
11,PPF41Q2B,5,GYM3,90
11,PPF41Q3B,5,GYM3,90
10,SCF41,5,139,79
10,SCF41QT,5,141,69
9,EEF85QF,5,346,87
9,HGF81QQD,5,314,89
11,SWF41UVX,5,215,86
11,PPF41Q2B,5,GYM3,90
11,EEFG9HG,5,250,91
9,HGF82XHD,5,323,100
10,EEFG5H,5,146,92
9,PHF41Q2,5,B17,65
9,PPF41Q3B,5,GYM3,65
9,HGF82XHD,5,323,93
10,SEF41,5,113,85
10,PPF41Q2B,5,GYM3,100
10,PPF41Q3B,5,GYM3,100
9,MEF41HG,5,208,92
10,EEFG5HH,5,331,90
9,PHF41Q2,5,B17,89
9,PPF41Q3B,5,GYM3,95
12,SDF85TV,5,206,94
11,BCF41T,5,322,93
11,PPF41Q2B,5,GYM3,95
11,MRF41QQF,5,103,65
9,MEF41QG,5,208,84
11,PPF41Q2B,5,GYM3,100
11,PPF41Q3B,5,GYM3,100
12,PQF41Q2Y,5,251,100
12,PQF41Q3Y,5,251,100
10,SCF41H,5,341,95
10,MKFC1TC,5,108,100
9,EEFG1QB,5,334B,80
9,MEF81QGD,5,203,65
12,MCF82UBD,5,225,88
9,EEFG1QB,5,334B,75
10,SCF41H,5,338,93
11,HRF41XA,5,311,76
10,MGF41QQF,5,211,83
10,EEFG5QG,5,336,80
9,MEF41,5,214,67
11,SPF41,5,231,83
11,EEFG9,5,347,79
10,MRF41QQF,5,103,80
9,HGF82XHD,5,323,55
9,MEF41,5,214,45
9,MEF81QGD,5,203,55
10,SCF41H,5,341,91
12,SDF85TV,5,206,88
9,PHF41Q3,5,B17,65
9,PPF41Q2B,5,GYM3,75
11,FFFC5,5,111,75
9,SLF41QB,5,229,88
9,EEFG1QB,5,334B,70
9,PHF41Q2,5,B17,87
9,PPF41Q3B,5,GYM3,90
12,HQFC9TH,5,213,85
12,PPF41Q2B,5,GYM3,90
12,PPF41Q3B,5,GYM3,90
10,HUF41H,5,228,93
9,HGF82XHD,5,323,75
12,HQFC9TH,5,213,82
10,SCF41,5,139,86
11,MRF41QQF,5,103,66
10,AUFC1TA,5,204,87
11,BCF41T,5,322,80
11,PPF41Q2B,5,GYM3,75
10,SCF41H,5,338,92
10,EEFG9QT,5,250,88
11,EEFG9H,5,246,93
10,SCF41H,5,338,90
10,PPF41Q2B,5,GYM3,90
10,PPF41Q3B,5,GYM3,90
10,EEFG9QG,5,250,88
9,MGF41,5,205,69
11,BCF41T,5,322,91
11,PPF41Q2G,5,GYM2,93
11,EEFGDUQF,5,330,45
9,MGF41HGF,5,207,94
10,MGF41HQF,5,211,92
11,EEFG9H,5,347,91
11,SPF41H,5,238,95
11,MPF41UQJ,5,223,77
9,HGF81QF,5,325,88
12,PPF41Q2G,5,GYM2,45
10,HFF41,5,124,79
10,HGF85QF,5,116,82
10,PPF41Q3B,5,GYM3,65
10,SCF41,5,338,84
12,HBF41X,5,324,86
9,MEF41HT,5,208,90
10,PPF41Q2G,5,GYM2,45
10,PPF41Q3G,5,GYM2,45
12,PPF41Q2G,5,GYM2,100
9,HGF81QQD,5,314,87
9,HGF81QQD,5,321,75
10,SCF41HT,5,141,95
10,SPF41H,5,238,90
10,AUFC1TA,5,204,91
9,HGF81QF,5,325,70
10,BCF41T,5,322,96
10,PPF41Q3B,5,GYM3,100
9,HGF82QGD,5,315,75
9,HGF81HF,5,325,94
11,HBF41X,5,324,90
12,PQF41Q2Y,5,251,100
12,MPF41UQS,5,219,82
12,SWF41UVX,5,215,55
12,SCF41,5,341,78
10,HUF41QT,5,334A,82
9,MEF82QGD,5,221,83
9,EEFG1QB,5,334B,78
11,FFFC5,5,111,79
10,SCF41,5,139,78
9,HGF81QQD,5,321,72
10,SCF41HG,5,141,93
12,HQFC9TH,5,213,90
10,SCF41,5,138,82
12,MPF41UQS,5,219,88
9,SWF41QT,5,249,55
11,HFF41,5,124,82
10,HUF41QG,5,334A,55
12,MKFC1TC,5,108,95
10,SWF41QT,5,249,82
10,MGF41HQF,5,211,93
10,MGF41QTF,5,207,84
11,SDF81UVT,5,332,90
12,HUF41,5,228,75
10,BCF41T,5,322,97
10,PPF41Q3B,5,GYM3,100
9,SDF41H,5,247,92
9,EEFG9QG,5,250,89
9,HGF82XHD,5,323,97
10,SCF41H,5,341,90
11,EEFG9HG,5,250,91
9,FSFC1,5,114,45
9,PHF41Q2,5,B17,65
9,PPF41Q3B,5,GYM3,90
10,EEF81QF,5,126,86
10,HGF85QF,5,116,79
9,HGF81HF,5,325,95
10,HGF85QF,5,116,85
10,MKFC1TC,5,108,80
11,SPF41H,5,231,94
10,PPF41Q2B,5,GYM3,65
10,PPF41Q3B,5,GYM3,65
11,BCF41T,5,322,88
11,PPF41Q2G,5,GYM2,97
10,MKFC1TC,5,108,88
10,SCF41,5,138,89
10,MKFC1TC,5,108,89
11,MKFC1TC,5,108,92
9,SDF41,5,247,80
9,MRF41H,5,107,90
11,SPF41H,5,238,90
10,SEF41,5,113,55
9,HGF85QF,5,116,65
11,SWF41QG,5,249,89
10,MGF41QQF,5,211,65
11,EEFG9QWR,5,B6,85
9,SDF41,5,247,87
11,EEFG9QGR,5,350,68
11,MPF41UQJ,5,223,89
11,HBF41X,5,324,94
9,SLF41HB,5,229,90
12,PPF41Q2B,5,GYM3,90
10,MRF41,5,104,84
9,PPF41Q3B,5,GYM3,100
9,SLF41QB,5,229,85
9,PHF41Q2,5,B17,66
9,PPF41Q3B,5,GYM3,80
9,MEF41QT,5,208,68
12,SHFC7TM,5,248,85
10,PPF41Q2B,5,GYM3,90
10,PPF41Q3B,5,GYM3,90
11,EEFG9UQX,5,125,92
9,MEF41QG,5,208,66
12,PPF41Q2B,5,GYM3,65
10,HGF85QF,5,116,79
9,HGF82HTD,5,315,90
10,PPF41Q2B,5,GYM3,90
10,PPF41Q3B,5,GYM3,90
12,MPF41UQS,5,219,84
9,SEF41,5,113,68
9,MGF41QQF,5,211,72
12,SDF85TV,5,206,89
9,HGF81HF,5,325,92
9,MKF41H,5,106,93
10,PPF41Q3B,5,GYM3,90
11,SCF41,5,341,77
10,SCF41,5,139,72
9,SDF41H,5,247,93
9,HGF81QQD,5,314,75
9,HGF81HWD,5,333,92
10,SHFC3TM,5,122,95
11,SDF81UVT,5,332,87
10,HFF41,5,124,88
10,AUFC1TA,5,204,80
10,EEF81HF,5,126,92
9,MKF41H,5,106,98
9,EEF81HF,5,126,93
10,SCF41H,5,341,90
9,MEF41,5,214,87
9,EEF81QF,5,126,84
9,MEF41QG,5,208,77
9,EEFG1QB,5,334B,72
10,SCF41,5,338,74
10,EEFG5H,5,146,90
11,EEF85QF,5,346,84
11,PPF41Q2G,5,GYM1,92
11,PPF41Q3G,5,GYM1,95
12,EEF81QF,5,126,87
9,MEF82QGD,5,221,87
10,EEFG5,5,146,81
11,MEF41QG,5,208,65
9,MKF41H,5,106,92
9,HGF81QF,5,325,80
11,EEF85QF,5,346,84
10,MKFC1TC,5,108,93
11,MPF41UQJ,5,223,74
10,MRF41H,5,104,92
9,HGF81QWD,5,333,70
9,BCF41T,5,322,85
9,PPF41Q3G,5,GYM1,85
12,PPF41Q2G,5,GYM1,90
10,HGF85HF,5,116,93
9,PPF41Q2G,5,GYM1,75
9,PPF41Q3G,5,GYM2,91
9,HGF81QF,5,325,65
10,SCF41,5,341,85
11,SCF41,5,338,87
11,SWF41HG,5,249,92
10,AUFC1TA,5,204,79
10,SWF41QT,5,249,80
11,EEFG9QGR,5,350,88
11,SPF41,5,238,85
9,MEF81QTD,5,203,65
10,MRF41,5,104,84
11,BCF41T,5,322,97
12,HRF41XA,5,311,95
10,SCF41H,5,138,93
10,HFF41,5,124,82
12,EEFGDUQF,5,330,65
10,SCF41,5,139,88
9,EEFG5,5,146,77
11,FFFC5,5,111,55
12,HBF41X,5,324,55
9,HGF81QGD,5,313,75
12,PPF41Q2B,5,GYM3,90
11,HFF41H,5,124,90
10,SCF41,5,139,88
12,HQFC9TH,5,213,91
10,HUF41H,5,228,90
11,MKFC1TC,5,108,100
11,EEFGDUQF,5,330,88
9,MEF41,5,214,69
9,MKF41,5,106,85
11,FFFC5H,5,111,96
9,MEF81QTD,5,203,65
9,PPF41Q3B,5,GYM3,45
12,HBF41X,5,324,70
12,SDF85TV,5,206,91
9,MGF41H,5,205,91
12,HBF41X,5,324,89
10,BCF41T,5,322,88
10,PPF41Q3B,5,GYM3,100
12,PPF41Q2G,5,GYM1,88
11,EEF81HFW,5,126,92
10,SCF41QG,5,141,80
10,HFF41H,5,124,92
9,AUFC1TA,5,204,45
11,PPF41Q3G,5,GYM2,80
11,PPF41Q2B,5,GYM3,100
11,PPF41Q3B,5,GYM3,95
10,AUFC1TA,5,204,71
10,MRF41H,5,107,98
9,EEFG1QB,5,334B,78
9,MKF41H,5,106,100
9,SCF41QG,5,141,65
10,PPF41Q2B,5,GYM3,65
10,PPF41Q3B,5,GYM3,80
10,SWF41QT,5,249,65
11,HFF41,5,124,89
12,MCF82UBD,5,225,88
11,MCF82UBD,5,225,93
10,SCF41,5,139,75
11,SPF41H,5,238,95
9,HGF81HQD,5,321,94
9,MGF41QWF,5,105,87
10,MKFC1TC,5,108,92
10,HUF41H,5,228,90
9,HFF41,5,124,86
10,AUFC1TA,5,204,89
9,HGF82QTD,5,315,80
10,HUF41UQX,5,316,88
10,BCF41T,5,322,55
10,PPF41Q2B,5,GYM3,65
12,MCF82UBD,5,225,91
9,MGF41QWF,5,105,67
11,SDF81UVT,5,332,88
11,SEF41,5,113,75
11,SPF41H,5,231,90
9,MEF81QGD,5,203,81
11,EEFG9H,5,246,92
9,MEF82QTD,5,221,74
11,PPF41Q3G,5,GYM2,90
11,EEFG9,5,347,80
11,SDF81UVT,5,332,94
11,HUF41QW,5,326,75
10,SCF41QT,5,141,82
11,EEFG9UQX,5,125,94
11,MPF41UQJ,5,223,82
12,MCF82UBD,5,225,71
9,HUF41QG,5,334A,80
10,MGF41,5,205,79
10,MKFC1TC,5,108,95
10,SWF41QT,5,249,66
11,SCF41QT,5,141,85
10,BCF41T,5,322,97
10,PPF41Q3B,5,GYM3,100
10,EEFG5QH,5,331,89
11,SWF41UVX,5,215,80
11,SCF41,5,138,65
12,HRF41XA,5,311,85
9,MGF41,5,205,65
10,MRF41,5,104,74
9,BCF41T,5,322,68
9,PPF41Q3B,5,GYM3,90
9,MEF82QGD,5,221,82
9,MEF82QGD,5,221,77
12,SHFC7TM,5,248,85
9,HGF81QQD,5,321,74
12,PPF41Q2B,5,GYM3,55
9,MEF81QGD,5,203,71
11,SEF41H,5,113,93
10,EEFG5HH,5,331,91
9,HUF41QW,5,326,75
12,SCF41,5,139,55
11,PPF41Q2B,5,GYM3,100
11,MRF41QQF,5,103,65
9,EEFG9QWR,5,B6,74
11,EEFG9UQX,5,125,90
9,PPF41Q3G,5,GYM2,80
10,SCF41,5,138,72
10,EEFG5QT,5,336,71
11,SWF41UVX,5,215,75
9,SLF41QB,5,229,82
9,PPF41Q3G,5,GYM2,45
11,EEFG9HT,5,250,95
12,PPF41Q2B,5,GYM3,70
9,EEFG9QWR,5,B6,77
9,MGF41,5,205,71
10,AUFC1TA,5,204,90
9,FSFC1,5,114,87
12,SDF85TV,5,206,89
10,SCF41QT,5,141,72
9,SDF41,5,247,80
10,SLF41QB,5,229,79
9,MEF82QGD,5,221,55
11,PPF41Q2B,5,GYM3,90
11,EEFG9QTR,5,350,80
9,HGF82XHD,5,323,96
9,EEFG1QB,5,334B,71
9,MEF81QGD,5,203,66
11,SDF81UVT,5,332,68
11,EEFG9HT,5,250,95
11,EEFGDH,5,348,90
9,SDF41,5,247,82
11,MRF41,5,107,81
9,HGF82QTD,5,315,85
10,EEFG9HG,5,250,90
10,PHF41Q3,5,B17,45
11,EEFG9,5,347,86
11,EEFG9HT,5,250,93
9,EEFG9,5,246,55
10,SHFC3TM,5,122,73
10,SCF41,5,138,88
10,EEF81HF,5,126,91
11,HQFC9TH,5,213,80
10,SHFC3TM,5,122,89
11,AUFC1TA,5,204,96
9,FSFC1,5,114,55
9,FSFC1H,5,114,95
11,EEFGDUQF,5,330,90
9,PPF41Q3G,5,GYM1,65
10,PPF41Q3B,5,GYM3,85
9,MEF41HG,5,208,92
10,EEFG5QH,5,331,77
10,EEFG9QT,5,250,85
9,HGF81QTD,5,313,55
11,EEFG9,5,347,67
10,HGF81QQD,5,314,45
11,FFFC5,5,111,55
9,HGF81HF,5,325,90
9,SDF41H,5,247,94
12,AUFC1TA,5,204,90
10,FFFC5,5,111,55
11,HRF41XA,5,311,89
12,SDF85TV,5,206,87
11,EEF85QFW,5,346,45
9,MKF41H,5,106,100
9,MGF41,5,205,83
12,MPF41UQS,5,219,70
11,FFFC5,5,111,67
11,EEFG9UQX,5,125,93
11,SWF41HG,5,249,92
12,MPF41UQS,5,219,65
11,PPF41Q2B,5,GYM3,45
11,EEFG9HG,5,250,96
9,MEF81QGD,5,203,65
11,PPF41Q2G,5,GYM2,96
12,HQFC9TH,5,213,90
12,SHFC7TM,5,248,70
9,MEF81QGD,5,203,55
10,PPF41Q2B,5,GYM3,65
10,PPF41Q3B,5,GYM3,65
11,SPF41,5,231,89
10,AUFC1TA,5,204,90
12,MCF82UBD,5,225,86
10,EEFG5,5,146,87
9,HUF41QW,5,326,75
12,SWF41UVX,5,215,65
9,MEF41,5,214,78
11,MPF41UQJ,5,223,65
11,SPF41H,5,238,90
12,EEFGDUQF,5,330,82
12,SDF85TV,5,206,96
9,EEF85QFW,5,346,45
9,HGF81HGD,5,313,90
10,SCF41,5,138,55
10,MKFC1TC,5,108,77
11,SDF81UVT,5,332,70
11,SWF41UVX,5,215,73
10,EEFG5,5,146,83
11,EEF85QF,5,346,83
12,SHFC7TM,5,248,80
10,HFF41H,5,124,93
9,AUFC1TA,5,204,90
9,MEF81QTD,5,203,66
11,EEFG9HG,5,250,96
10,EEFG5,5,146,89
9,SDF41H,5,247,94
11,EEFG9,5,246,87
12,PPF41Q2B,5,GYM3,90
12,PPF41Q2B,5,GYM3,90
9,HGF81HF,5,325,90
9,HGF81QQD,5,321,80
11,EEFG9H,5,246,93
11,PPF41Q2G,5,GYM2,100
11,PPF41Q3G,5,GYM1,95
9,EEFG5QT,5,336,81
11,SCF41,5,338,55
11,EEFG9,5,347,83
9,PPF41Q3B,5,GYM3,80
10,MKFC1TC,5,108,84
11,MRF41,5,107,88
11,FFFC5,5,111,68
10,EEFG9,5,246,65
11,EEFG9QG,5,250,65
11,HFF41,5,124,83
9,MGF41,5,205,65
9,MKF41H,5,106,100
9,HUF41,5,228,88
9,HGF82XHD,5,323,91
9,SLF41QB,5,229,87
9,MEF41,5,214,65
10,SCF41QG,5,141,82
12,MPF41UQS,5,219,78
12,MKF41QQY,5,319,75
11,EEFG9,5,246,77
11,EEF85QF,5,346,45
9,PHF41H2,5,B17,98
9,PPF41Q3G,5,GYM1,98
10,PPF41Q3G,5,GYM2,85
9,MEF81QTD,5,203,70
10,MRF41QQF,5,103,65
11,EEFG9,5,347,72
11,EEFG9QTR,5,350,65
10,MKFC1TC,5,108,88
11,HGF85QF,5,116,55
11,SPF41,5,231,78
9,MEF41,5,214,65
11,EEFG9UQX,5,125,86
11,PPF41Q2G,5,GYM1,80
11,PPF41Q3G,5,GYM2,96
9,EEFGD,5,348,71
11,FFFC5H,5,111,99
10,FFFC5H,5,111,94
9,FSFC1H,5,114,93
11,PPF41Q3G,5,GYM1,85
10,EEFG5QH,5,331,85
10,EEF81HF,5,126,98
10,SHFC3TM,5,122,92
10,EEFG5HG,5,336,90
11,SCF41,5,138,71
9,SWF41QG,5,249,83
9,PHF41H2,5,B17,98
9,PPF41Q3B,5,GYM3,95
10,SCF41,5,139,74
12,EEFG9QTR,5,350,67
11,HRF41XA,5,311,66
10,EEFG5,5,146,87
10,HUF41QT,5,334A,86
10,SCF41QG,5,141,70
11,EEFGDH,5,348,95
10,MGF41QGF,5,207,74
10,EEFG5HH,5,331,92
9,HGF81QGD,5,313,65
9,MEF82QGD,5,221,89
11,MPF41UQJ,5,223,77
10,SCF41QT,5,141,82
9,EEFG9QWR,5,B6,78
11,HRF41XA,5,311,75
11,BCF41T,5,322,96
11,PPF41Q2G,5,GYM1,95
9,HGF82QGD,5,315,85
9,HGF82QGD,5,315,85
10,MGF41H,5,205,95
10,SCF41H,5,138,94
9,HGF85QF,5,116,65
10,SCF41,5,338,75
12,PPF41Q2B,5,GYM3,90
12,PPF41Q3B,5,GYM3,90
10,SCF41,5,138,88
9,MEF82QGD,5,221,65
9,SHFC3TM,5,122,90
9,EEF81QF,5,126,83
9,SDF41H,5,247,96
9,SCF41QG,5,141,85
9,PPF41Q2G,5,GYM2,45
9,PPF41Q3B,5,GYM3,100
12,PPF41Q2G,5,GYM1,94
10,MGF41,5,205,71
9,EEFG5,5,146,65
11,HUF41QT,5,334A,65
9,EEFG5,5,146,75
10,PPF41Q2G,5,GYM1,85
10,PPF41Q3G,5,GYM1,85
9,MEF41QG,5,208,55
9,HUF41,5,228,45
12,MPF41UQS,5,219,65
10,HUF41UQX,5,316,91
10,PPF41Q3B,5,GYM3,75
10,HUF41HG,5,334A,90
10,MRF41H,5,104,100
9,HGF81QQD,5,321,65
10,HUF41QG,5,334A,86
12,MPF41UQS,5,219,92
9,HGF81HQD,5,314,90
11,SPF41,5,238,85
11,SDF81UVT,5,332,85
9,EEFG1QB,5,334B,77
11,HBF41X,5,324,88
11,SHFC3TM,5,122,84
10,EEFG9QG,5,250,89
9,HGF81QF,5,325,68
9,SDF41,5,247,80
12,PPF41Q2G,5,GYM2,96
9,HGF81QTD,5,313,70
10,SCF41HG,5,141,91
10,MRF41QQF,5,103,75
11,MGF41QQF,5,211,75
9,PHF41Q3,5,B17,67
10,HUF41UQX,5,316,95
11,MRF41,5,107,66
9,MEF81QGD,5,203,86
10,EEFG5QG,5,336,88
10,MKFC1TC,5,108,91
12,SHFC7TM,5,248,85
9,HGF85QF,5,116,76
10,EEFG5QH,5,331,84
12,PPF41Q2G,5,GYM2,96
9,PPF41Q3G,5,GYM2,65
11,HBF41X,5,324,85
9,EEFGD,5,348,69
11,FFFC5,5,111,86
11,SPF41,5,231,86
10,EEFG5H,5,146,90
9,MGF41,5,205,87
9,SWF41UVX,5,215,55
11,FFFC5,5,111,81
12,HQFC9TH,5,213,85
11,SPF41H,5,238,90
11,SPF41,5,231,89
11,EEFG9,5,246,85
9,HGF81QQD,5,321,75
12,EEFGDUQF,5,330,82
9,HGF82XHD,5,323,88
9,SLF41QB,5,229,87
10,HUF41QW,5,326,75
10,MRF41H,5,107,96
10,HUF41UQX,5,316,84
11,EEFGDH,5,348,96
12,EQF41QQY,5,328A,100
12,PQF41Q2Y,5,251,100
12,PQF41Q3Y,5,251,100
12,PPF41Q2B,5,GYM3,80
12,SDF85TV,5,206,90
12,EEF85QF,5,346,87
10,EEFG9,5,347,72
11,HBF41X,5,324,98
10,MRF41,5,107,74
11,SDF81UVT,5,332,84
10,EEFG5,5,146,85
10,HUF41H,5,228,90
10,SCF41H,5,338,90
11,SWF41UVX,5,215,76
10,MGF41HQF,5,211,93
9,EEFG9QGR,5,350,65
11,EEFG9,5,347,86
9,MEF41QT,5,208,82
9,PPF41Q3B,5,GYM3,75
10,PPF41Q2B,5,GYM3,65
10,PPF41Q3B,5,GYM3,65
11,SDF81UVT,5,332,89
12,PPF41Q2G,5,GYM2,90
11,BCF41T,5,322,94
11,PPF41Q2B,5,GYM3,90
12,PPF41Q2G,5,GYM2,45
9,HGF85QF,5,116,70
9,MEF41,5,214,55
10,EEFG9QGR,5,350,65
11,FFFC5,5,111,55
9,HGF82HGD,5,315,90
9,EEFG1QB,5,334B,65
12,MPF41UQS,5,219,78
9,MEF41,5,214,65
10,SCF41,5,341,86
9,PPF41Q2B,5,GYM3,90
9,PPF41Q3B,5,GYM3,90
10,MRF41QQF,5,103,65
9,MEF82QGD,5,221,65
9,HGF81QF,5,325,87
12,SEF41,5,113,65
12,PPF41Q2G,5,GYM2,100
10,HUF41UQX,5,316,89
12,SHFC7TM,5,248,85
12,PPF41Q3G,5,GYM1,80
11,SDF81UVT,5,332,85
11,EEFGD,5,348,65
10,SCF41H,5,138,95
9,HGF81QTD,5,313,55
11,SEF41,5,113,75
10,EEFG5,5,146,65
9,FSFC1,5,114,55
11,EEFG9,5,246,72
12,SDF85TV,5,206,89
9,FSFC1,5,114,84
9,HGF81HWD,5,333,90
10,SCF41,5,138,88
10,PPF41Q2B,5,GYM3,90
10,PPF41Q3B,5,GYM3,90
11,PPF41Q2B,5,GYM3,90
10,EEFG5,5,146,82
9,FSFC1,5,114,45
9,HGF81QGD,5,313,75
12,BCF41T,5,322,96
10,SPF41H,5,238,95
11,SPF41H,5,238,90
11,MPF41UQJ,5,223,70
9,EEFG9QGR,5,350,45
11,HRF41XA,5,311,77
10,HUF41UQX,5,316,91
9,EEFG9QG,5,250,87
11,HBF41X,5,324,87
12,PPF41Q2G,5,GYM1,95
9,PPF41Q2B,5,GYM3,90
11,HRF41XA,5,311,69
10,MGF41HTF,5,207,100
10,EEFG5QH,5,331,75
9,SDF41,5,247,66
12,MCF82UBD,5,225,93
10,EEF81QF,5,126,65
9,EEF81QF,5,126,85
11,MRF41,5,107,55
12,MPF41UQS,5,219,93
11,EEFG9,5,347,85
10,MGF41HTF,5,207,93
10,MKFC1TC,5,108,87
10,EEFG5QH,5,331,77
10,MRF41QQF,5,103,65
12,SDF85TV,5,206,93
9,HGF81QQD,5,314,86
10,HUF41QG,5,334A,85
10,MKFC1TC,5,108,68
11,BCF41T,5,322,86
11,PPF41Q2G,5,GYM2,91
9,HGF81QTD,5,313,55
11,MPF41UQJ,5,223,82
11,SWF41QT,5,249,45
9,MGF41QGF,5,207,82
11,EEFGD,5,348,80
9,EEFG5,5,146,66
11,SDF81UVT,5,332,96
12,PQF41Q2Y,5,251,100
12,PQF41Q3Y,5,251,100
10,SCF41,5,138,78
9,HUF41QW,5,326,85
9,HGF81QQD,5,314,74
12,HQFC9TH,5,213,92
10,PPF41Q3G,5,GYM2,88
9,MEF82QTD,5,221,81
10,HUF41QT,5,334A,82
12,PPF41Q2B,5,GYM3,85
9,HGF81QQD,5,314,78
9,MEF81QTD,5,203,65
11,FFFC5H,5,111,99
10,HGF85QF,5,116,71
10,MRF41H,5,104,93
9,HGF81HQD,5,314,90
9,HGF82XHD,5,323,83
11,BCF41T,5,322,70
11,PPF41Q3G,5,GYM1,90
9,SDF41H,5,247,95
11,EEFG9,5,246,84
10,SCF41HG,5,141,98
10,SCF41,5,341,82
10,MKFC1TC,5,108,81
11,HQFC9TH,5,213,94
10,PPF41Q2B,5,GYM3,65
10,SHFC3TM,5,122,73
9,HGF81HGD,5,313,94
10,BCF41T,5,322,91
10,PPF41Q2B,5,GYM3,90
10,HUF41,5,228,85
11,SWF41QG,5,249,88
10,SHFC7TM,5,248,80
10,MGF41QQF,5,211,72
11,SDF81UVT,5,332,86
12,SHFC7TM,5,248,65
10,MGF41,5,205,65
9,PPF41Q2G,5,GYM2,100
9,PPF41Q3G,5,GYM2,100
10,MGF41,5,205,89
11,HBF41X,5,324,87
10,SCF41H,5,139,93
10,SCF41,5,338,86
12,PPF41Q2B,5,GYM3,90
11,EEFG9UQX,5,125,85
11,MRF41,5,107,78
11,SCF41,5,338,55
9,FSFC1,5,114,70
9,HUF41QG,5,334A,87
12,SDF81UVT,5,332,85
10,EEFG9QWR,5,B6,71
10,EEFG5QH,5,331,82
9,PPF41Q3G,5,GYM2,55
9,SLF41QB,5,229,81
10,MGF41HQF,5,211,95
11,SEF41,5,113,83
12,SDF85TV,5,206,92
10,MGF41QTF,5,207,79
9,PHF41Q3,5,B17,45
10,SCF41,5,338,73
11,PPF41Q3G,5,GYM1,93
9,HGF82XHD,5,323,83
9,EEFG9QWR,5,B6,72
10,MKF41H,5,106,95
12,HBF41X,5,324,85
9,HGF81HWD,5,333,92
10,MGF41QGF,5,207,89
9,EEFG5QG,5,336,85
11,EEFG9UQX,5,125,86
10,SCF41,5,338,89
9,HGF81HGD,5,313,92
11,SPF41,5,231,78
9,HGF82XHD,5,323,83
10,EEFG5QH,5,331,85
12,MPF41UQS,5,219,70
12,PQF41Q2Y,5,251,100
12,PQF41Q3Y,5,251,100
10,SHFC3TM,5,122,80
9,HGF81QF,5,325,85
9,HGF81QTD,5,313,65
10,SCF41,5,338,79
9,MEF41,5,214,82
10,SCF41,5,138,55
11,MKF41Q3Y,5,319,100
11,MRF41,5,107,85
11,EEFGDUQF,5,330,65
11,EEF81QF,5,126,55
11,MPF41UQJ,5,223,81
9,SWF41UVX,5,215,55
9,PHF41Q2,5,B17,77
9,PPF41Q3G,5,GYM1,85
9,MEF81QTD,5,203,65
12,HQFC9TH,5,213,84
12,MQF41QQY,5,204A,100
9,HGF81QGD,5,313,77
11,EEFG9QWR,5,B6,70
9,MKF41H,5,106,100
10,SHFC3TM,5,122,80
10,SCF41QG,5,141,85
11,PQF41Q2Y,5,251,100
11,PQF41Q3Y,5,251,100
10,SEF41,5,113,70
9,SHFC3TM,5,122,79
10,EEFG9QWR,5,B6,86
12,PPF41Q2B,5,GYM3,90
12,PPF41Q3B,5,GYM3,70
10,SHFC7TM,5,248,75
10,PPF41Q3B,5,GYM3,65
10,MRF41H,5,107,92
9,SLF41QB,5,229,75
11,EEFG9,5,347,89
9,HGF81QWD,5,333,85
9,PHF41Q2,5,B17,88
9,PPF41Q3G,5,GYM1,95
10,EEFGDH,5,348,92
9,MGF41QWF,5,105,55
11,MGF41QQF,5,211,70
10,HFF41H,5,124,90
11,EEFG9,5,246,80
12,PPF41Q2B,5,GYM3,65
9,EEF81QF,5,126,67
9,HGF81HQD,5,314,95
11,SPF41,5,238,70
11,FFFC5,5,111,87
9,EEFG9QWR,5,B6,74
11,EEFG9,5,347,76
9,MEF41,5,214,55
9,MEF82QTD,5,221,82
12,PPF41Q2G,5,GYM1,90
9,HGF81QQD,5,314,76
11,HGF81QQD,5,321,80
11,EEFG9,5,347,55
9,HGF81QQD,5,314,86
9,FSFC1H,5,114,96
12,PPF41Q2B,5,GYM3,90
10,PPF41Q3B,5,GYM3,65
10,HFF41,5,124,86
11,MRF41,5,104,75
11,EEFG9,5,347,81
11,EEFG9,5,347,72
11,EEFG9UQX,5,125,85
10,HUF41H,5,228,90
11,FFFC5,5,111,79
11,SEF41,5,113,67
9,HGF85QF,5,116,70
9,PHF41Q2,5,B17,71
9,PPF41Q3B,5,GYM3,95
10,EEFG5QH,5,331,73
12,BCF41T,5,322,94
12,HQFC9TH,5,213,85
12,SWF41UVX,5,215,45
12,SHFC7TM,5,248,90
11,MRF41QQF,5,103,65
10,SCF41,5,138,79
11,MRF41,5,104,65
9,MKF41H,5,106,90
9,HGF81HWD,5,333,96
9,HGF81HWD,5,333,91
9,HGF82XHD,5,323,88
10,MGF41QTF,5,207,80
10,HUF41H,5,228,92
9,MGF41,5,205,80
9,MEF81QTD,5,203,45
9,PHF41Q3,5,B17,55
11,HFF41H,5,124,92
9,HGF85QF,5,116,72
9,PPF41Q3G,5,GYM2,79
9,HGF81QQD,5,314,76
12,EEFGDUQF,5,330,89
12,PPF41Q2B,5,GYM3,45
12,PQF41Q3Y,5,251,100
11,SCF41QT,5,141,55
10,FSFC1H,5,114,98
9,FSFC1,5,114,69
10,HUF41QW,5,326,45
11,PPF41Q3B,5,GYM3,90
10,PPF41Q2G,5,GYM1,85
10,PPF41Q3G,5,GYM1,85
11,EEFGDUQF,5,330,65
9,PHF41H3,5,B17,94
9,PPF41Q2G,5,GYM2,100
10,BCF41T,5,322,85
10,PPF41Q3B,5,GYM3,95
9,MEF82HGD,5,221,96
12,BCF41T,5,322,85
12,MPF41UQS,5,219,83
10,MRF41QQF,5,103,78
12,PPF41Q2G,5,GYM2,97
9,HGF81QQD,5,314,67
12,PPF41Q2G,5,GYM2,55
9,PHF41Q3,5,B17,74
11,EEFG9H,5,246,93
10,PPF41Q2B,5,GYM3,80
10,PPF41Q3B,5,GYM3,70
9,PPF41Q2G,5,GYM2,97
9,SWF41QT,5,249,65
9,FSFC1,5,114,77
10,MKFC1TC,5,108,84
9,EEFG5QT,5,336,74
9,HGF82XHD,5,323,84
10,SEF41,5,113,84
12,MRF41QQF,5,103,71
10,SCF41H,5,341,94
11,EEFG9,5,246,79
12,EQF41QQY,5,328A,100
11,EEFGD,5,348,85
9,MKF41,5,106,82
10,EEFG5QT,5,336,74
9,SCF41HG,5,141,98
10,HUF41QT,5,334A,75
9,HGF82QTD,5,315,85
10,SCF41H,5,338,90
9,PPF41Q2B,5,GYM3,45
11,MRF41QQF,5,103,70
11,SWF41UVX,5,215,55
11,SDF81UVT,5,332,90
10,PPF41Q2B,5,GYM3,90
10,PPF41Q3B,5,GYM3,90
10,SHFC3TM,5,122,78
10,MKFC1TC,5,108,88
11,SDF81UVT,5,332,90
9,PHF41Q3,5,B17,76
9,PHF41H2,5,B17,90
9,PPF41Q3B,5,GYM3,100
9,PPF41Q3B,5,GYM3,95
9,EEFG1QB,5,334B,81
9,HUF41QT,5,334A,45
12,FQF41QQY,5,111,100
9,MEF82QGD,5,221,88
9,PPF41Q3B,5,GYM3,65
12,SDF85TV,5,206,90
10,MGF41,5,205,85
11,SCF41QT,5,141,73
11,HBF41X,5,324,92
11,MKFC1TC,5,108,90
9,MEF81QGD,5,203,71
11,SHFC7TM,5,248,80
12,MCF82UBD,5,225,87
9,EEFG9QTR,5,350,45
11,HRF41XA,5,311,85
9,AUFC1TA,5,204,84
9,HGF81QQD,5,321,65
12,PPF41Q2G,5,GYM2,90
12,PPF41Q3G,5,GYM2,91
10,BCF41T,5,322,80
10,PPF41Q3G,5,GYM1,90
9,PHF41H2,5,B17,98
9,PPF41Q3B,5,GYM3,100
10,MRF41,5,104,78
9,HGF82XHD,5,323,70
10,SHFC3TM,5,122,95
11,HRF41XA,5,311,87
11,MPF41UQJ,5,223,65
9,SDF41H,5,247,99
9,SDF41H,5,247,90
12,PPF41Q2B,5,GYM3,95
9,PHF41H3,5,B17,94
9,PPF41Q2B,5,GYM3,90
11,SPF41H,5,238,95
11,EEFG9UQX,5,125,97
12,MCF82UBD,5,225,90
9,HGF81QTD,5,313,55
11,PPF41Q2B,5,GYM3,90
10,EEFG5QH,5,331,88
11,PPF41Q3G,5,GYM1,88
10,SCF41,5,138,81
9,MGF41HWF,5,105,100
12,EEF85HF,5,346,91
9,HGF81QGD,5,313,76
12,HQF41QQY,5,317,99
9,HGF81QF,5,325,55
10,EEFG9,5,246,76
10,HUF41UQX,5,316,96
10,MPF41UQJ,5,223,98
11,MPF41UQJ,5,223,76
10,EEFG5QG,5,336,85
9,SLF41HB,5,229,90
10,MRF41,5,104,81
9,HGF82XHD,5,323,88
10,EEFG5,5,146,82
10,SWF41HG,5,249,90
11,EEFG9,5,347,81
10,SCF41,5,139,65
12,BCF41T,5,322,78
11,SPF41,5,231,80
11,SDF41,5,247,65
10,HUF41UQX,5,316,88
9,SLF41QB,5,229,71
9,EEFG1QB,5,334B,70
12,MPF41UQS,5,219,65
9,FSFC1,5,114,82
10,SHFC3TM,5,122,88
9,EEF85QF,5,346,84
9,MGF41QWF,5,105,79
10,HUF41UQX,5,316,83
10,FSFC1,5,114,86
10,PPF41Q2G,5,GYM2,100
10,PPF41Q3G,5,GYM1,91
11,EEFG9QWR,5,B6,65
10,EEFG5,5,146,75
10,SWF41QG,5,249,88
10,PPF41Q2B,5,GYM3,90
11,HFF41H,5,124,91
12,PPF41Q2B,5,GYM3,90
12,PPF41Q2B,5,GYM3,95
11,MKF41QQY,5,319,45
9,MKF41,5,106,88
11,MKFC1TC,5,108,94
10,SPF41,5,231,86
12,SQF41QQY,5,233,100
11,EEFG9QG,5,250,89
11,HRF41XA,5,311,66
10,BCF41T,5,322,93
10,PPF41Q2B,5,GYM3,90
9,EEFG1QB,5,334B,70
10,SPF41H,5,238,90
9,EEFG1QB,5,334B,70
9,MEF81QTD,5,203,72
11,PPF41Q3B,5,GYM3,55
9,MEF82QGD,5,221,79
9,MEF41QT,5,208,45
11,MGF41QWF,5,105,55
10,SCF41,5,138,80
11,SEF41,5,113,84
11,SEF41,5,113,71
12,PPF41Q2B,5,GYM3,90
12,EEF85QF,5,346,89
10,SHFC3TM,5,122,88
10,MRF41QQF,5,103,82
10,PPF41Q2G,5,GYM1,75
10,PPF41Q3G,5,GYM1,80
9,SEF41,5,113,69
11,EEF85QF,5,346,88
9,HGF82XHD,5,323,93
9,MKF41H,5,106,94
12,MPF41UQS,5,219,93
9,MEF81QGD,5,203,71
9,MEF41QG,5,208,68
10,MGF41QQF,5,211,45
9,HUF41,5,228,73
10,MRF41,5,107,80
9,BCF41T,5,322,45
9,PPF41Q3B,5,GYM3,45
10,EEFG9,5,246,72
11,MRF41QQF,5,103,55
9,MEF41HT,5,208,95
10,MGF41QGF,5,207,88
10,EEFG5HT,5,336,90
11,BCF41T,5,322,95
11,PPF41Q3G,5,GYM1,97
9,PPF41Q2B,5,GYM3,90
9,PPF41Q3B,5,GYM3,90
10,MGF41HGF,5,207,100
10,SWF41UVX,5,215,76
9,PHF41Q3,5,B17,88
9,PPF41Q2G,5,GYM2,97
10,PPF41Q2B,5,GYM3,90
9,MEF41,5,214,65
12,HRF41XA,5,311,76
11,MGF41QQF,5,211,73
11,EEFG9QTR,5,350,65
10,SCF41,5,139,65
10,MGF41,5,205,55
9,HGF81QQD,5,321,65
10,SCF41H,5,341,91
10,HUF41QT,5,334A,80
11,SEF41,5,113,75
9,HGF82XHD,5,323,97
10,EEFG9QT,5,250,55
12,HQFC9TH,5,213,87
9,MKFC1TC,5,108,76
11,SPF41,5,231,78
12,HFF41,5,124,88
11,EEFG9QGR,5,350,68
12,HQFC9TH,5,213,84
9,FSFC1,5,114,84
11,MPF41UQJ,5,223,78
12,PPF41Q2G,5,GYM1,95
12,PPF41Q2B,5,GYM3,90
9,EEFG1QB,5,334B,80
10,EEF85HF,5,346,92
10,BCF41T,5,322,91
10,PPF41Q3B,5,GYM3,95
10,MRF41,5,107,87
10,MRF41H,5,107,92
12,PPF41Q2B,5,GYM3,100
12,PPF41Q3B,5,GYM3,90
12,BCF41T,5,322,65
9,HGF81HQD,5,321,90
9,HGF82XHD,5,323,88
9,PHF41Q2,5,B17,73
9,PPF41Q3G,5,GYM2,100
11,SPF41,5,231,88
12,SHFC7TM,5,248,75
11,BCF41T,5,322,88
11,PPF41Q3B,5,GYM3,85
10,EEFGD,5,348,76
10,MRF41,5,104,76
10,MGF41HQF,5,211,95
11,HBF41X,5,324,93
9,HGF81QQD,5,314,55
9,EEFG9,5,246,65
11,EEFGD,5,348,82
11,HFF41,5,124,75
12,MCF82UBD,5,225,81
10,HGF85QF,5,116,78
10,HUF41QW,5,326,70
10,EEFG5HG,5,336,90
10,HUF41,5,228,85
9,HGF81HQD,5,321,92
11,EEF81QF,5,126,89
11,SHFC7TM,5,248,85
9,HGF82XHD,5,323,77
9,FSFC1H,5,114,91
11,EEFGD,5,348,45
11,MPF41UQJ,5,223,80
11,PPF41Q2G,5,GYM1,95
11,PPF41Q3G,5,GYM2,100
11,EEFG9,5,246,74
9,HGF82QGD,5,315,85
10,EEFG9,5,246,74
11,SHFC3TM,5,122,91
11,MRF41QQF,5,103,80
9,HGF82XHD,5,323,86
12,MPF41UQJ,5,223,77
11,EEFGD,5,348,88
11,HFF41,5,124,86
9,HGF82QGD,5,315,85
9,EEFG9,5,246,76
10,SCF41,5,139,73
10,MGF41,5,205,55
10,SCF41,5,138,85
9,HGF81QWD,5,333,65
10,EEFG5HH,5,331,90
9,FSFC1H,5,114,92
9,SDF41,5,247,86
10,MGF41QTF,5,207,65
9,MEF41,5,214,67
10,MRF41,5,107,81
12,SHFC7TM,5,248,75
11,HBF41X,5,324,80
9,EEFG9,5,347,45
10,MGF41HQF,5,211,93
11,PPF41Q2B,5,GYM3,75
9,MEF41QG,5,208,82
9,EEFG1QB,5,334B,80
11,EEFG9H,5,246,93
9,HGF81QF,5,325,88
11,EEFG9H,5,347,90
10,SHFC7TM,5,248,70
9,PPF41Q3G,5,GYM1,65
10,SCF41H,5,138,96
10,EEFG9QGR,5,350,80
10,PPF41Q2B,5,GYM3,80
9,FSFC1,5,114,68
10,SCF41,5,341,78
9,PHF41H3,5,B17,92
9,PPF41Q2G,5,GYM1,90
10,HUF41UQX,5,316,96
10,MGF41HGF,5,207,96
11,EEF81QF,5,126,55
10,SHFC3TM,5,122,91
11,BCF41T,5,322,90
11,PPF41Q2B,5,GYM3,90
9,MKF41H,5,106,94
12,SCF41,5,138,45
10,HUF41UQX,5,316,96
10,SCF41,5,338,65
11,EEFG9HG,5,250,91
11,SHFC7TM,5,248,80
9,EEFG1QB,5,334B,86
9,MEF41,5,214,72
9,HGF82XHD,5,323,91
11,EEFG9UQX,5,125,88
11,SDF81UVT,5,332,90
9,MEF41HT,5,208,90
10,EEFG5HH,5,331,91
9,HGF81QQD,5,321,78
10,SWF41QG,5,249,88
9,AUFC1TA,5,204,90
11,EEFG9QTR,5,350,70
9,PPF41Q3G,5,GYM1,65
10,HUF41,5,228,85
10,EEFG5,5,146,88
10,HUF41UQX,5,316,84
11,SDF81UVT,5,332,74
9,MGF41QWF,5,105,55
11,MGF41QGF,5,207,81
9,HGF81QQD,5,314,82
10,MGF41HGF,5,207,92
9,HGF81QWD,5,333,70
12,MGF41QQF,5,211,72
9,MEF82QTD,5,221,65
9,SWF41QT,5,249,86
10,PPF41Q3G,5,GYM2,97
11,EEF85QFW,5,346,72
10,PPF41Q2B,5,GYM3,55
10,HUF41HG,5,334A,94
11,HRF41XA,5,311,80
12,SWF41UVX,5,215,45
12,HRF41XA,5,311,93
9,HGF82QTD,5,315,75
10,SCF41H,5,341,91
11,EEF85QFW,5,346,81
11,BCF41T,5,322,88
11,PPF41Q3G,5,GYM2,93
11,PPF41Q3G,5,GYM2,100
9,SLF41QB,5,229,84
11,SCF41QT,5,141,76
11,HFF41H,5,124,91
10,SCF41H,5,338,92
11,MRF41QQF,5,103,70
10,SCF41,5,338,81
11,EEFG9HG,5,250,93
9,PHF41Q3,5,B17,83
9,MGF41,5,205,85
10,HUF41H,5,228,90
9,PPF41Q3G,5,GYM2,97
9,HGF82QGD,5,315,75
11,EEFG9,5,246,87
10,PPF41Q3B,5,GYM3,45
9,EEFG9,5,347,70
9,EEFG5,5,146,65
11,SPF41,5,238,85
10,EEFG9QGR,5,350,70
9,SEF41,5,113,73
11,EEFG9UQX,5,125,89
11,SDF81UVT,5,332,86
9,FSFC1,5,114,78
11,EEFG9QTR,5,350,83
10,PPF41Q2B,5,GYM3,90
10,PPF41Q3B,5,GYM3,90
12,BCF41T,5,322,95
11,EEF85QF,5,346,83
12,PPF41Q2G,5,GYM2,94
11,HBF41X,5,324,87
10,PPF41Q2G,5,GYM2,78
10,PPF41Q3G,5,GYM2,76
9,MKF41,5,106,87
11,FFFC5H,5,111,91
11,SPF41,5,238,65
10,HUF41UQX,5,316,95
10,MGF41QQF,5,211,72
10,BCF41T,5,322,75
11,HRF41XA,5,311,79
9,EEFG5QT,5,336,70
9,HGF85QF,5,116,75
11,FFFC5,5,111,73
10,PPF41Q2G,5,GYM1,93
10,PPF41Q3G,5,GYM1,94
9,MEF41,5,214,76
9,SEF41,5,113,45
10,SCF41HG,5,141,94
11,PPF41Q2B,5,GYM3,100
11,PPF41Q3B,5,GYM3,95
12,PPF41Q2B,5,GYM3,55
11,HFF41H,5,124,92
12,MPF41UQS,5,219,65
11,EEFG9H,5,246,90
11,SDF81UVT,5,332,90
10,EEFG5HG,5,336,91
11,HBF41X,5,324,84
10,HUF41QG,5,334A,88
10,HUF41,5,228,80
12,MCF82UBD,5,225,88
11,SWF41UVX,5,215,77
10,PPF41Q2B,5,GYM3,90
10,PPF41Q3B,5,GYM3,85
9,MEF41HT,5,208,97
12,HRF41XA,5,311,88
12,MPF41UQS,5,219,74
11,MRF41,5,104,78
11,MPF41UQJ,5,223,84
11,MRF41H,5,104,90
9,PHF41H2,5,B17,93
9,PPF41Q3G,5,GYM1,90
12,SQF41QQY,5,233,100
10,MRF41,5,104,78
9,MEF41QG,5,208,84
11,MPF41UQJ,5,223,97
11,EEF81QF,5,126,86
12,BCF41T,5,322,91
12,PPF41Q3B,5,GYM3,100
10,HFF41,5,124,65
9,EEF81QF,5,126,73
9,SLF41QB,5,229,70
9,FSFC1,5,114,78
11,SWF41HG,5,249,92
10,HUF41QW,5,326,65
11,SDF81UVT,5,332,85
9,EEFG5,5,146,73
12,MPF41UQS,5,219,83
10,AUFC1TA,5,204,95
11,EEFG9UQX,5,125,93
9,MEF82HGD,5,221,91
10,MRF41,5,104,81
11,EEFG9UQX,5,125,88
10,MRF41,5,104,70
12,MPF41UQS,5,219,85
9,PPF41Q3B,5,GYM3,95
10,HFF41,5,124,69
11,SHFC7TM,5,248,80
11,EEFG9,5,246,80
11,MPF41UQJ,5,223,82
10,EEFG5,5,146,70
10,HUF41HG,5,334A,92
11,AUFC1TA,5,204,45
11,FFFC5H,5,111,93
11,BCF41T,5,322,95
11,PPF41Q3G,5,GYM2,100
10,HUF41UQX,5,316,83
11,EEFG9QGR,5,350,84
9,MRF41QQF,5,103,65
10,MKFC1TC,5,108,55
9,PHF41H2,5,B17,92
9,PPF41Q3B,5,GYM3,100
12,SQF41QQY,5,233,100
11,SPF41H,5,238,95
11,HBF41X,5,324,91
12,MPF41UQS,5,219,78
9,MGF41,5,205,65
9,MEF41QT,5,208,55
9,HUF41QT,5,334A,55
11,EEFGD,5,348,83
12,SHFC7TM,5,248,75
10,EEFG5QH,5,331,89
12,HBF41X,5,324,86
11,EEFG9HGR,5,350,90
10,MRF41H,5,107,95
9,HGF81HF,5,325,92
10,SCF41,5,338,83
10,HRF41XA,5,311,97
10,SCF41H,5,139,92
10,HUF41,5,228,75
12,HRF41XA,5,311,92
10,SCF41,5,139,88
9,HGF85QF,5,116,65
11,EEF85QF,5,346,79
11,EEFG9QT,5,250,85
11,MPF41UQJ,5,223,97
10,SCF41,5,338,80
11,MRF41,5,104,85
11,MRF41QQF,5,103,85
11,EEF81HF,5,126,99
9,HGF81QF,5,325,65
12,MCF82UBD,5,225,89
10,MKFC1TC,5,108,96
9,HGF81HF,5,325,100
9,EEF81QF,5,126,79
10,EEFG5QH,5,331,86
11,MCF82UBD,5,225,78
11,EEF81QF,5,126,85
11,PPF41Q2B,5,GYM3,75
11,SPF41H,5,238,90
9,SDF41H,5,247,96
10,PPF41Q2G,5,GYM1,85
10,PPF41Q3G,5,GYM1,94
12,EQF41QQY,5,328A,100
11,EEF85HF,5,346,93
12,PPF41Q2B,5,GYM3,90
10,SCF41,5,338,79
9,EEF81HF,5,126,94
11,BCF41T,5,322,93
11,PPF41Q2G,5,GYM1,95
9,HGF81HGD,5,313,96
11,EEFG9UQX,5,125,92
11,MPF41UQJ,5,223,88
11,EEFG9HGR,5,350,93
10,HUF41QG,5,334A,85
10,HGF85QF,5,116,84
11,EEFG9,5,347,55
9,EEF85QF,5,346,89
10,SHFC7TM,5,248,80
9,PPF41Q2B,5,GYM3,90
11,PPF41Q2B,5,GYM3,65
11,SPF41H,5,231,93
11,AUFC1TA,5,204,88
12,PPF41Q2G,5,GYM1,93
10,BCF41T,5,322,90
10,PPF41Q3B,5,GYM3,95
12,PPF41Q2B,5,GYM3,55
12,MCF82UBD,5,225,94
12,PPF41Q2G,5,GYM2,100
10,EEFG5QH,5,331,80
11,SCF41,5,139,55
9,SDF41H,5,247,93
12,HRF41XA,5,311,86
9,SLF41QB,5,229,87
9,HGF81QQD,5,314,89
11,HRF41XA,5,311,83
10,SPF41H,5,238,95
12,PPF41Q2B,5,GYM3,90
11,MRF41H,5,104,92
11,EEFG9UQX,5,125,93
10,MGF41QQF,5,211,83
10,MGF41QQF,5,211,65
12,SDF85TV,5,206,92
9,SDF41,5,247,80
11,EEFG9,5,347,85
10,SCF41,5,139,65
11,PPF41Q3B,5,GYM3,90
10,HGF85QF,5,116,86
12,PPF41Q2G,5,GYM2,100
10,MRF41H,5,104,90
11,EEFGDUQF,5,330,75
10,MGF41HQF,5,211,93
11,MRF41H,5,107,93
12,PPF41Q2G,5,GYM1,95
11,SCF41,5,139,55
10,SCF41H,5,341,90
11,EEFGD,5,348,81
11,MPF41UQJ,5,223,74
9,HGF82QGD,5,315,65
11,PPF41Q2B,5,GYM3,90
12,PQF41Q2Y,5,251,100
12,PQF41Q3Y,5,251,100
10,MRF41QQF,5,103,71
10,HUF41UQX,5,316,97
12,PPF41Q3B,5,GYM3,70
9,PPF41Q3B,5,GYM3,85
10,BCF41T,5,322,86
11,FFFC5,5,111,75
9,MGF41QQF,5,211,45
11,MCF82UBD,5,225,89
11,EEFG9UQX,5,125,94
10,SWF41HG,5,249,93
10,HUF41QG,5,334A,85
9,HGF81QQD,5,321,72
10,SCF41,5,341,70
10,HUF41HG,5,334A,90
10,SCF41HG,5,141,97
11,SPF41,5,231,84
9,MEF82HGD,5,221,97
10,HGF85QF,5,116,75
10,HFF41,5,124,68
10,HGF85QF,5,116,73
9,MEF41,5,214,55
9,HGF81HF,5,325,90
10,MKFC1TC,5,108,90
11,SDF81UVT,5,332,93
11,SDF81UVT,5,332,86
10,PPF41Q3G,5,GYM2,88
12,EEF81QF,5,126,70
9,PHF41H2,5,B17,97
9,PPF41Q3G,5,GYM1,93
11,HBF41X,5,324,92
10,HFF41,5,124,82
10,SCF41H,5,139,97
9,MGF41H,5,205,100
11,MPF41UQS,5,219,88
10,BCF41T,5,322,96
10,PPF41Q2G,5,GYM2,97
10,AUFC1TA,5,204,89
10,HUF41UQX,5,316,80
9,MGF41H,5,205,94
11,BCF41T,5,322,97
11,PPF41Q3G,5,GYM1,88
10,HGF85HF,5,116,92
12,PQF41Q2Y,5,251,100
12,PQF41Q3Y,5,251,100
9,HGF82QGD,5,315,88
12,BCF41T,5,322,75
12,EQF41QQY,5,328A,100
11,SCF41,5,338,80
9,HGF81QF,5,325,87
12,PPF41Q2B,5,GYM3,55
10,EEFG5QG,5,336,80
10,HGF85HF,5,116,91
9,HGF81QGD,5,313,70
9,SDF41H,5,247,93
10,MRF41H,5,104,91
12,HBF41X,5,324,83
9,PHF41Q2,5,B17,70
9,PPF41Q3G,5,GYM1,85
9,PHF41Q3,5,B17,66
9,MEF82HGD,6,203,93
9,EEFG1QB,6,334B,69
9,FJFC1H,6,126,91
10,SHFC3TM,6,122,90
9,UEFG5,6,B27,65
9,MEF41QG,6,105,81
10,HUF41QG,6,323,45
11,FSFC9,6,116,89
9,SLF85QT,6,229,69
9,HFF41QW,6,329B,72
11,HQFC5TH,6,315,81
10,EEFGD,6,349,65
9,MEF81QGD,6,103,55
10,HGF81QGD,6,325,45
9,PPF41Q2G,6,GYM2,95
9,PPF41Q3G,6,GYM2,100
9,PPF41Q3G,6,GYM2,85
10,FSFC5H,6,228,90
12,FSF41UQX,6,123,88
9,HGF82QQD,6,321,88
10,FSFC1H,6,114,98
9,SDF41H,6,247,94
11,SHFC3TM,6,122,93
10,EEFGDUQV,6,204,75
9,FFFC1,6,111,65
9,FFFC1,6,111,55
9,FJFC1H,6,126,98
9,EEFG1QB,6,334B,78
11,HTF41X,6,334A,92
12,EQF41QQY,6,328A,100
9,HGF82QGD,6,313,71
9,HFF41,6,311,45
10,PPF41Q2G,6,GYM1,95
10,PPF41Q3G,6,GYM2,97
11,EEFG9,6,250,78
10,FMFC5H,6,115,92
9,SLF41,6,331,55
11,EEFGDHG,6,246,90
12,FSFC9,6,116,68
12,EEFGDUQX,6,347,80
12,EEFGDUQX,6,347,86
12,AQF41QQY,6,216B,100
9,PHF41Q2,6,107,55
9,PPF41Q3B,6,GYM3,90
10,FLFC5,6,121,76
12,EEFGDUQV,6,204,92
9,EEFG5,6,146,82
10,FLFC5,6,121,77
11,SEF41,6,113,75
9,FFFC1,6,111,86
11,FSFC5,6,228,70
10,EEFGD,6,349,65
10,PPF41Q2B,6,GYM3,90
10,PPF41Q3B,6,GYM3,90
11,PPF41Q2G,6,GYM2,90
11,PPF41Q3G,6,GYM2,85
10,SCF41,6,139,77
9,MEF41,6,205,55
9,HGF82HQD,6,321,91
11,FSFC9,6,116,65
9,HGF81HQD,6,316,97
9,HGF81QQD,6,324,71
11,HQFC1TH,6,326,81
11,HFF41,6,311,86
9,FFFC1,6,111,74
11,PPF41Q2G,6,GYM2,95
11,PPF41Q3G,6,GYM2,97
12,PPF41Q2G,6,GYM2,95
9,PHF41Q3,6,107,70
9,PPF41Q2G,6,GYM2,97
12,SBF41UQX,6,338,70
9,SEF41,6,113,70
11,SPF41,6,231,89
9,FSFC1,6,114,88
9,PHF41Q3,6,107,65
9,PPF41Q2B,6,GYM3,100
10,EEFG5,6,223,89
9,MEF41,6,205,55
11,SDF81UVT,6,332,87
11,HTF41X,6,334A,92
9,PPF41Q2G,6,GYM2,100
9,PPF41Q3G,6,GYM2,93
9,SLF41H,6,331,95
9,EEFG1QB,6,334B,81
11,SDF81UVT,6,332,77
11,FSFC9,6,116,65
11,AUFC5UAT,6,232,99
11,SBF41UQX,6,338,90
11,EEFG9UQX,6,249,88
10,HQFC1TH,6,326,85
9,FFFC1,6,111,73
10,FLFC5,6,121,84
11,PPF41Q3B,6,GYM3,90
10,EEFG9UQX,6,249,93
9,MEF41QG,6,105,55
9,EEFG1QB,6,334B,65
9,FSFC1,6,114,79
12,SBF41UQX,6,338,82
9,FFFC1H,6,111,93
11,FSFC5,6,228,75
9,PPF41Q3G,6,GYM2,55
10,PPF41Q3G,6,GYM2,85
12,SHFC7TM,6,248,85
11,SPF41,6,231,77
11,SDF81UVT,6,332,90
9,HGF82QTD,6,313,71
9,MEF81QGD,6,103,65
10,HQFC1TH,6,326,94
11,EEFGD,6,349,75
12,PPF41Q2B,6,GYM3,80
9,MEF81QGD,6,103,55
11,SDF81UVT,6,332,90
9,MEF41QT,6,105,65
10,SCF41QG,6,141,65
12,PPF41Q2G,6,GYM2,84
10,FSFC9,6,116,88
11,HTF41X,6,334A,92
9,HGF81QQD,6,324,71
10,EEFG5QG,6,336,85
11,UEFG5H,6,B27,90
10,HUF41QG,6,323,86
10,UEFG5,6,B27,77
10,EEFG5H,6,223,92
11,AUFC5UAT,6,232,85
9,FJFC1H,6,126,98
10,HQFC1TH,6,326,80
10,HQFC1TH,6,326,88
11,HQFC5TH,6,315,82
10,UEFG5,6,B27,84
10,SEF41,6,113,78
11,SDF81UVT,6,332,90
9,FJFC1,6,126,65
9,MEF81QGD,6,103,71
11,FSF41UQX,6,123,100
11,EEFG9,6,250,69
9,FFFC1,6,111,89
11,FKFC5H,6,124,94
9,HGF82QGD,6,313,65
11,PPF41Q2B,6,GYM3,90
11,PPF41Q3B,6,GYM3,100
9,FSFC1H,6,114,91
11,SPF41,6,231,82
11,EEFG9UQX,6,249,91
9,MEF41QG,6,105,74
11,EEFGD,6,349,80
10,HUF41H,6,221,94
9,SLF85QG,6,229,70
10,FMFC5,6,115,85
10,MEF41,6,205,87
10,PPF41Q2G,6,GYM2,94
10,PPF41Q3G,6,GYM1,90
11,HQFC1TH,6,326,88
9,HGF81QQD,6,316,83
9,HQFC1TH,6,326,87
12,ULFC9TP,6,B39,87
9,EEFGDHF,6,346,90
11,EEFG9H,6,250,94
9,MEF81QGD,6,103,74
11,PPF41Q3G,6,GYM1,90
10,HUF41H,6,221,97
9,SDF41,6,247,88
9,FSFC5H,6,228,92
12,SBF41UQX,6,338,93
12,PPF41Q2B,6,GYM3,90
12,EEFGDUQJ,6,348,72
11,SPF41,6,231,85
9,MEF81QTD,6,103,65
10,SPF41H,6,238,90
9,SDF41,6,247,88
10,PPF41Q2G,6,GYM2,100
10,PPF41Q3G,6,GYM2,100
10,EEFGDQT,6,246,78
11,SHFC7TM,6,248,65
9,EEFG5,6,146,73
9,EEFG5,6,146,55
9,SLF85QG,6,229,74
11,HQFC5TH,6,315,80
9,HGF82QQD,6,321,78
11,EEFGD,6,349,70
9,HGF82QQD,6,314,80
10,FMFC5H,6,215,94
11,SEF41,6,113,78
9,SLF85QT,6,229,71
9,FSFC1,6,114,73
9,HGF81QQD,6,316,71
9,HGF81QQD,6,324,65
9,EEFG1QB,6,334B,55
9,HGF82QQD,6,314,76
10,UEFG5,6,B27,83
12,PPF41Q2B,6,GYM3,90
12,SBF41UQX,6,338,86
9,FJFC1H,6,126,93
10,PPF41Q2G,6,GYM2,97
10,PPF41Q3G,6,GYM1,90
11,HUF41,6,221,76
10,EEFG5H,6,223,91
11,EEFGDQT,6,246,73
9,EEFG1QWB,6,350,65
10,FJFC1,6,126,75
10,SPF41,6,231,84
9,FSFC5,6,228,85
9,FJFC1,6,126,65
10,MRF41,6,225,89
11,SBF41UQX,6,338,87
9,SHFC3TM,6,122,85
11,EEFG9H,6,250,92
10,EEFG5HG,6,336,90
10,EEFGD,6,349,76
11,SEF41,6,113,70
12,PPF41Q2G,6,GYM2,100
9,FFFC1,6,111,76
11,FSFC5,6,125,80
12,PPF41Q2G,6,GYM2,70
12,FQF41QQY,6,216B,85
10,HUF41HG,6,323,91
11,SEF41,6,113,70
9,FJFC1,6,126,69
10,HUF41,6,221,88
10,EEFG9UQX,6,249,82
9,FSF41UQX,6,123,100
10,UEFG5H,6,B27,91
9,EEFG1QB,6,334B,76
9,FFFC1H,6,111,94
10,SEF41,6,341,70
11,SHFC3TM,6,122,90
12,SBF41UQX,6,338,90
12,PPF41Q2B,6,GYM3,95
11,EEFGDQT,6,246,87
11,MRF41,6,225,55
9,SCF41,6,138,74
9,EEFG1QB,6,334B,85
9,HGF81QQD,6,316,79
12,PPF41Q3G,6,GYM2,82
9,HUF41QT,6,323,65
10,UEFG5H,6,B27,90
12,PPF41Q2G,6,GYM2,75
9,HGF82QQD,6,314,88
9,HUF41,6,221,70
9,HGF82QGD,6,313,70
10,UEFG5,6,B27,87
9,FFFC1,6,111,65
9,SDF41H,6,247,94
12,PPF41Q2B,6,GYM3,85
9,MEF81HGD,6,103,90
10,EEFG5QW,6,330,80
11,SBF41UQX,6,338,82
9,SLF85QG,6,229,65
9,MEF41QG,6,105,66
9,FJFC1,6,126,67
11,EEFGDUQV,6,204,99
9,MEF41QT,6,105,65
10,PPF41Q3B,6,GYM3,75
9,MEF41QG,6,105,69
12,SBF41UQX,6,338,98
11,SDF81UVT,6,332,77
10,FSFC1H,6,114,94
12,EEFGDUQV,6,204,100
10,SEF41,6,113,55
9,SLF41,6,331,65
12,PPF41Q2B,6,GYM3,100
10,SEF41,6,113,73
12,EEFGDUQX,6,347,68
9,EEFG1QWB,6,350,67
11,EEFGDUQV,6,204,95
10,SCF41,6,138,73
9,SLF85QT,6,229,70
9,HGF82QQD,6,321,80
12,ULFC9TP,6,B39,84
11,FSFC5,6,228,55
9,HUF41,6,211,71
10,SHFC7TM,6,248,65
11,PPF41Q2B,6,GYM3,75
11,PPF41Q3B,6,GYM3,65
9,HFF41HW,6,329B,92
9,SHFC3TM,6,122,97
12,FQF41QQY,6,216B,100
9,MEF41,6,205,71
9,FSFC5,6,228,70
9,FSFC1,6,114,76
12,PPF41Q2B,6,GYM3,90
9,UEFG5,6,B27,45
10,SEF41,6,113,73
10,PPF41Q2G,6,GYM2,90
10,PPF41Q3G,6,GYM1,75
10,HUF41QT,6,323,75
11,EEFGDUQJ,6,348,55
9,MEF81QGD,6,103,77
11,EEFGDUQJ,6,348,75
11,SHFC3TM,6,122,100
12,HQF41QQY,6,317,90
9,MEF81QGD,6,103,55
10,FSF41UQX,6,123,99
10,FLFC5,6,121,65
9,HGF81QQD,6,324,85
11,HTF41X,6,334A,84
12,EEFGDUQJ,6,348,75
10,UEFG5,6,B27,72
9,HGF82QQD,6,321,84
9,HUF41,6,221,73
9,SLF85QG,6,229,74
11,EEFG9,6,250,81
9,HUF41,6,211,65
9,MEF41QT,6,105,73
10,FSFC9,6,116,65
10,HUF41,6,211,45
9,SLF85QT,6,229,55
11,PPF41Q2B,6,GYM3,75
11,PPF41Q3B,6,GYM3,75
9,EEFG5QT,6,336,71
9,SDF41,6,247,87
9,EEFG1QWB,6,350,82
10,HGF81QTD,6,325,65
10,SHFC3TM,6,122,65
11,SDF81UVT,6,332,94
10,EEFGDQG,6,246,77
12,EEFGDUQJ,6,348,90
9,EEFG1QWB,6,350,80
12,PPF41Q2B,6,GYM3,90
10,EEFG5QG,6,336,80
11,HTF41X,6,334A,93
9,HGF82QQD,6,314,89
9,PPF41Q2B,6,GYM3,95
9,PPF41Q3B,6,GYM3,90
12,SBF41UQX,6,338,96
9,MEF41,6,205,55
11,AUFC5UAT,6,232,89
9,SHFC7TM,6,248,65
9,SLF85QG,6,229,81
12,EEFGDUQX,6,347,85
10,SCF41,6,139,55
11,EEFG9UQX,6,249,95
10,MRF41,6,225,88
12,PPF41Q2B,6,GYM3,65
10,HUF41,6,211,86
11,MRF41,6,225,71
9,HGF82QQD,6,321,87
11,AUFC5UAT,6,232,80
11,SEF41,6,341,83
9,MEF41H,6,205,92
9,MEF41QG,6,105,69
9,HGF81QTD,6,325,80
12,PPF41Q3B,6,GYM3,90
10,HUF41,6,221,89
11,HQFC5TH,6,315,73
10,FSFC9,6,116,65
10,EEFG5H,6,146,90
9,HGF82QQD,6,321,89
10,EEFG5,6,223,86
10,SHFC3TM,6,122,85
11,EEFGDUQV,6,204,85
12,ULFC9TP,6,B39,85
11,HQFC5TH,6,315,78
10,HQFC1TH,6,326,90
12,PPF41Q2B,6,GYM3,90
9,HGF82QWD,6,333,80
12,PPF41Q2B,6,GYM3,90
10,SCF41H,6,138,98
9,EEFG1QB,6,334B,80
9,HGF82QWD,6,333,55
12,AUFC5UAT,6,232,73
10,FMFC5H,6,115,97
10,FLFC5H,6,121,96
10,HUF41,6,221,89
9,HGF81QQD,6,316,89
9,PHF41H2,6,107,91
9,PPF41Q3G,6,GYM2,97
11,PPF41Q3G,6,GYM2,90
11,PPF41Q2B,6,GYM3,90
11,PPF41Q3B,6,GYM3,90
11,EEFG9,6,250,87
11,SQF41QQY,6,233,65
12,EEFGDUQV,6,204,66
11,FMFC5H,6,115,98
12,PPF41Q3B,6,GYM3,90
10,PPF41Q3G,6,GYM2,100
10,PPF41Q2G,6,GYM2,100
10,PPF41Q3G,6,GYM1,90
9,HGF82QWD,6,333,65
9,PHF41H3,6,107,95
9,PPF41Q2B,6,GYM3,90
10,FMFC5H,6,115,100
10,HFF41,6,311,71
12,SPF41H,6,238,95
10,FMFC5H,6,115,98
9,HGF81QQD,6,324,82
10,HUF41,6,211,80
11,PPF41Q2B,6,GYM3,90
11,PPF41Q3B,6,GYM3,100
12,PPF41Q2G,6,GYM2,100
9,PHF41H2,6,107,93
9,PPF41Q3G,6,GYM1,95
12,PPF41Q2G,6,GYM2,100
11,AUFC5UAT,6,232,95
10,EEFGDQF,6,346,83
10,FSFC9,6,116,68
9,PPF41Q3G,6,GYM2,95
12,ULFC9TP,6,B39,86
10,EEFG5HG,6,336,93
11,EEFGDHG,6,246,91
9,SDF41,6,247,84
9,SLF41,6,331,83
10,FSFC9,6,116,70
9,HGF81HQD,6,324,95
10,FMFC5H,6,115,92
11,AUFC5UAT,6,232,91
9,HGF82HQD,6,314,92
10,PPF41Q3G,6,GYM2,100
9,EEFGDQF,6,346,78
9,EEFGDQF,6,346,86
9,EEFGDQF,6,346,89
11,SHFC7TM,6,248,90
9,SLF41H,6,331,97
9,SLF41H,6,331,91
12,EEFGDUQX,6,347,76
11,SPF41,6,231,88
9,SDF41,6,247,81
11,SDF81UVT,6,332,99
9,SLF41H,6,331,95
12,PPF41Q2G,6,GYM2,95
9,EEFG1QB,6,334B,80
11,SPF41,6,231,83
11,HQFC5TH,6,315,85
9,SLF41,6,331,89
10,PPF41Q3G,6,GYM2,100
11,EEFG9UQX,6,249,93
10,EEFG5H,6,223,95
11,HQFC5TH,6,315,87
12,SQF41QQY,6,233,100
10,SEF41H,6,341,90
11,SPF41,6,231,85
12,EEFGDHG,6,246,90
10,EEFG5,6,146,87
9,FSFC5,6,228,85
9,HGF82QGD,6,313,83
9,SDF41,6,247,89
9,SHFC3TM,6,122,91
10,SEF41H,6,341,90
9,MEF41HG,6,105,96
12,EEFGDUQV,6,204,70
11,SPF41,6,231,81
9,HGF82QGD,6,313,65
9,EEFG1QB,6,334B,76
9,EEFGDQF,6,346,84
10,EEFG5,6,223,87
9,PPF41Q3G,6,GYM2,95
9,HGF81QQD,6,316,82
10,HUF41QG,6,323,83
11,FKFC5,6,124,87
9,HGF81QQD,6,316,83
12,EEFGDUQV,6,204,90
12,EEFGDUQX,6,347,90
12,PPF41Q2G,6,GYM1,98
9,HGF82QQD,6,321,84
10,UEFG5,6,B27,78
11,SBF41UQX,6,338,90
12,PPF41Q3G,6,GYM2,100
12,SQF41QQY,6,233,100
12,EEFGDUQX,6,347,80
11,SDF81UVT,6,332,96
10,SPF41,6,231,89
10,SEF41H,6,341,94
10,FSFC9,6,116,65
10,HQFC1TH,6,326,90
12,FQF41QQY,6,216B,100
12,EEFGDUQX,6,347,83
12,ULFC9TP,6,B39,86
10,FSFC1,6,114,71
10,SCF41QT,6,141,65
9,PHF41Q2,6,107,70
9,PPF41Q3G,6,GYM1,85
10,EEFG5,6,223,86
9,EEFG5QW,6,330,84
10,EEFG5,6,223,88
9,HGF81QTD,6,325,65
9,HGF82HGD,6,313,92
9,FFFC1,6,111,69
10,EEFG5H,6,223,94
12,EEFGDUQX,6,347,80
10,EEFG9UQX,6,249,45
12,PPF41Q2G,6,GYM1,85
9,HGF81QQD,6,324,55
12,PPF41Q2G,6,GYM2,94
12,ULFC9TP,6,B39,85
9,HGF82QGD,6,313,66
9,HFF41HW,6,329B,94
11,EEFG9H,6,250,91
9,SLF85QG,6,229,76
11,EEFGDHG,6,246,90
12,SHFC7TM,6,248,80
10,MRF41,6,225,85
9,MEF81QTD,6,103,55
12,FSF41UQX,6,123,90
12,SBF41UQX,6,338,74
10,FSFC9,6,116,82
10,HFF41H,6,311,90
11,FSF41UQX,6,123,90
10,EEFG5H,6,223,95
9,MEF82QTD,6,203,67
11,HTF41X,6,334A,91
11,SEF41,6,341,82
9,EEFG5,6,146,45
10,PPF41Q2G,6,GYM2,93
10,PPF41Q3G,6,GYM1,85
10,UEFG5,6,B27,86
9,HGF82QGD,6,313,65
9,FFFC1,6,111,78
10,HUF41QG,6,323,85
10,HGF81QGD,6,325,85
12,HQF41QQY,6,317,99
9,SCF41QT,6,141,65
10,FLFC5H,6,121,100
9,HGF82QGD,6,313,73
11,EEFGDQT,6,246,88
11,FSFC5,6,125,85
10,HUF41HG,6,323,90
11,FSFC5,6,125,65
10,FSFC9,6,116,75
10,PPF41Q2G,6,GYM2,90
10,PPF41Q3G,6,GYM2,90
9,EEFG5QW,6,330,82
9,HGF82QQD,6,321,78
12,AQF41QQY,6,216B,100
11,SPF41,6,238,78
11,EEFGDHG,6,246,90
9,HGF82QQD,6,321,81
12,HFF41,6,311,90
10,FSFC5,6,228,75
9,HGF81QTD,6,325,71
11,EEFGD,6,349,86
10,SHFC3TM,6,122,93
10,FSFC9,6,116,65
11,EEFGDUQV,6,204,77
11,EEFG9UQX,6,249,93
9,EEFG1QB,6,334B,80
11,HTF41X,6,334A,95
12,SBF41UQX,6,338,89
10,FLFC5,6,121,88
12,PPF41Q2B,6,GYM3,95
12,PPF41Q2B,6,GYM3,100
10,HQFC1TH,6,326,89
12,SBF41UQX,6,338,92
11,EEFGDQG,6,246,65
10,HFF41,6,311,83
11,SPF41,6,238,85
9,HGF82QWD,6,333,55
10,SHFC7TM,6,248,65
11,SBF41UQX,6,338,90
9,HGF81HQD,6,324,95
12,PPF41Q2G,6,GYM1,95
10,FSFC1H,6,114,99
10,SCF41,6,138,83
10,SEF41,6,341,85
9,SLF85QT,6,229,73
9,MEF81QTD,6,103,73
9,FSFC1,6,114,79
10,PHF41Q2,6,107,76
10,PPF41Q3B,6,GYM3,85
10,EEFG5,6,146,85
11,EEFG9UQX,6,249,84
10,PPF41Q3B,6,GYM3,100
12,PQF41Q2Y,6,251,100
12,PQF41Q3Y,6,251,100
9,HGF82QTD,6,313,65
9,SDF41,6,247,85
10,HFF41HW,6,329B,100
10,EEFG5QT,6,336,87
10,FLFC5,6,121,80
9,EEFG1QWB,6,350,82
9,FFFC1,6,111,74
12,ULFC9TP,6,B39,82
9,MEF82QTD,6,203,67
9,SLF41H,6,331,90
11,PPF41Q2G,6,GYM2,100
11,PPF41Q3G,6,GYM2,100
11,PPF41Q2G,6,GYM2,70
11,PPF41Q3G,6,GYM2,68
11,HFF41,6,311,85
11,AUFC5UAT,6,232,87
9,FSFC1,6,114,68
9,EEFG1QB,6,334B,65
10,HUF41,6,211,65
9,HFF41HW,6,329B,100
9,MEF82QTD,6,203,45
9,MEF41QG,6,105,65
11,EEFG9UQX,6,249,91
10,EEFG5H,6,223,96
10,HFF41,6,311,81
10,EEFG5HG,6,336,90
10,SPF41H,6,238,90
10,PPF41Q2G,6,GYM1,98
10,PPF41Q3G,6,GYM2,87
11,EEFG9UQX,6,249,99
9,SLF41H,6,331,97
11,EEFGDQF,6,346,74
9,SLF41H,6,331,95
9,HUF41,6,221,87
11,PPF41Q2G,6,GYM1,95
11,PPF41Q3G,6,GYM2,97
9,MEF82QTD,6,203,55
9,HGF81QQD,6,316,65
9,MEF41QT,6,105,55
9,MEF41,6,205,74
9,FMFC5H,6,215,98
10,MRF41,6,225,55
9,PHF41H2,6,107,93
9,PPF41Q3B,6,GYM3,90
10,MRF41H,6,225,98
9,PHF41Q2,6,107,86
9,PPF41Q3G,6,GYM2,100
9,MEF82QGD,6,203,73
9,HGF82QGD,6,313,86
9,MEF41QG,6,105,67
9,FLFC5,6,121,89
11,SPF41,6,231,89
10,FSFC5,6,228,55
10,SPF41,6,238,79
9,FSFC5,6,228,80
11,EEFG9UQX,6,249,86
12,EEFGDUQJ,6,348,84
9,HGF82QQD,6,314,82
12,SHFC7TM,6,248,75
9,SDF41,6,247,85
11,FFFC1,6,111,80
10,HUF41H,6,211,91
9,SLF85QG,6,229,45
12,EEFGDUQV,6,204,96
10,UEFG5,6,B27,83
9,HGF82HQD,6,314,94
10,HUF41QG,6,323,85
9,FSFC5,6,125,75
9,FSFC1,6,114,88
12,ULFC9TP,6,B39,84
11,SDF81UVT,6,332,92
9,SDF41,6,247,89
9,HGF82QTD,6,313,55
11,HTF41X,6,334A,95
9,MEF41,6,205,55
11,EEFG9,6,250,82
9,SLF85QT,6,229,78
12,EEFGDUQX,6,347,82
10,SPF41,6,231,72
11,SEF41,6,113,65
12,PPF41Q2B,6,GYM3,70
11,SPF41,6,231,76
9,HGF82QQD,6,314,75
9,MEF81QGD,6,103,87
10,HFF41,6,311,86
9,HGF81QQD,6,324,88
10,FMFC5,6,115,78
9,SLF85QG,6,229,45
9,SLF85QG,6,229,82
10,PPF41Q3B,6,GYM3,90
11,EEFGDQT,6,246,86
9,SLF41,6,331,68
9,SLF85QG,6,229,80
9,FSFC5,6,125,86
9,HGF81QTD,6,325,71
10,FMFC5,6,215,89
11,HTF41X,6,334A,95
11,SHFC7TM,6,248,75
9,SLF41,6,331,65
9,MEF41,6,205,65
10,PPF41Q3B,6,GYM3,80
9,PHF41H3,6,107,94
9,PPF41Q2G,6,GYM2,100
9,PHF41H3,6,107,94
9,PHF41H3,6,107,92
9,FFFC1,6,111,67
10,HUF41,6,221,86
10,PPF41Q2B,6,GYM3,90
10,PPF41Q3B,6,GYM3,90
12,EQF41QQY,6,328A,100
10,HFF41,6,311,78
12,PPF41Q2G,6,GYM1,95
11,EEFG9UQX,6,249,95
9,PHF41Q3,6,107,65
9,PPF41Q2B,6,GYM3,90
9,HGF82QGD,6,313,83
9,EEFG1QWB,6,350,80
9,FSFC5,6,125,77
11,PPF41Q3G,6,GYM2,70
10,FSFC5,6,125,68
9,HGF82QQD,6,314,87
10,HQFC1TH,6,326,85
10,EEFG5,6,223,85
9,HGF81HQD,6,316,93
10,HQFC1TH,6,326,80
9,PHF41H3,6,107,94
9,PPF41Q2G,6,GYM1,98
10,FSFC5,6,228,80
9,MEF81QTD,6,103,65
9,PPF41Q3B,6,GYM3,90
12,PPF41Q2B,6,GYM3,90
10,EEFG5QW,6,330,87
9,HGF82QQD,6,321,55
10,HUF41,6,211,71
9,PHF41H3,6,107,93
9,PPF41Q2G,6,GYM1,98
12,EEFGDUQX,6,347,88
9,MEF41H,6,205,100
10,FSFC1,6,114,71
10,SHFC3TM,6,122,95
9,PHF41H2,6,107,90
9,PPF41Q3B,6,GYM3,90
11,EEFGD,6,349,67
10,SCF41QT,6,141,65
10,EEFGDQFW,6,346,74
12,PPF41Q2G,6,GYM2,90
10,EEFG5HW,6,330,92
12,AUFC5UAT,6,232,85
11,PPF41Q3B,6,GYM3,65
9,FSFC5H,6,125,91
10,HUF41HT,6,323,90
10,EEFG5H,6,146,94
9,EEFG5,6,146,72
9,SEF41,6,341,80
10,HUF41,6,211,83
10,HUF41,6,221,88
11,SPF41,6,238,77
9,EEFG5QW,6,330,89
9,HGF81QQD,6,324,75
9,PHF41H3,6,107,98
9,PPF41Q2G,6,GYM2,100
10,SHFC3TM,6,122,100
9,FSFC5H,6,228,90
11,SHFC3TM,6,122,90
11,SDF81UVT,6,332,87
9,HGF82QQD,6,314,84
11,FSFC5H,6,125,91
9,PPF41Q3G,6,GYM2,80
10,SCF41QG,6,141,82
11,UEFG5H,6,B27,97
11,PPF41Q3G,6,GYM2,100
9,HGF82QQD,6,321,70
11,FMFC5,6,215,89
9,FJFC1,6,126,83
10,HUF41,6,221,75
12,PQF41Q2Y,6,251,100
12,PQF41Q3Y,6,251,100
9,SDF41,6,247,84
10,FMFC5H,6,115,96
11,SPF41H,6,238,95
9,HGF82QTD,6,313,55
12,FSF41UQX,6,123,80
9,MEF81QGD,6,103,88
9,FSFC5,6,125,80
10,HUF41,6,211,65
9,SDF41,6,247,83
12,ULFC9TP,6,B39,83
9,PHF41Q2,6,107,65
9,PPF41Q3B,6,GYM3,90
10,HFF41QW,6,329B,84
10,SCF41H,6,138,96
11,FSF41UQX,6,123,90
10,HFF41,6,311,82
10,HUF41,6,221,55
11,EEFGDUQJ,6,348,65
11,HTF41X,6,334A,95
11,FSFC5,6,125,80
9,FSFC5,6,228,85
12,EEFGDUQV,6,204,93
11,EEFGDUQV,6,204,100
9,EEFG1QB,6,334B,66
9,SLF85QG,6,229,84
10,SPF41H,6,238,100
11,MRF41,6,225,65
9,HFF41,6,311,88
10,SCF41QT,6,141,74
12,ULFC9TP,6,B39,78
11,SBF41UQX,6,338,84
11,FMFC5H,6,115,99
10,EEFG5H,6,223,93
12,PPF41Q2G,6,GYM2,100
9,FFFC1,6,111,74
10,FSFC5H,6,228,100
11,SPF41,6,238,82
11,SBF41UQX,6,338,90
ST,HGF81QGD,6,325,80
10,MRF41,6,225,82
11,SDF81UVT,6,332,91
12,PPF41Q2G,6,GYM2,70
9,HFF41QW,6,329B,76
11,SPF41H,6,238,90
10,MRF41,6,225,80
11,SDF81UVT,6,332,87
11,EEFGD,6,349,86
11,EEFG9,6,250,84
9,EEFG1QB,6,334B,72
9,PHF41H3,6,107,90
9,PPF41Q2B,6,GYM3,65
9,PPF41Q3G,6,GYM1,80
10,FMFC5H,6,215,94
11,ULFC9TP,6,B39,85
9,HGF82QQD,6,314,81
12,EEFGDHG,6,246,91
9,HGF81QQD,6,324,88
10,HQFC1TH,6,326,88
9,PHF41Q3,6,107,89
9,PPF41Q2G,6,GYM2,93
11,HQFC1TH,6,326,78
11,MRF41,6,225,88
9,FFFC1,6,111,65
10,HUF41QT,6,323,76
10,HUF41HG,6,323,92
11,HQFC5TH,6,315,76
9,MEF41,6,205,55
12,HQF41QQY,6,317,99
10,AUFC5UAT,6,232,98
12,PPF41Q2B,6,GYM3,90
9,MEF82QGD,6,203,65
11,PPF41Q3B,6,GYM3,65
11,PPF41Q3G,6,GYM1,90
10,HFF41,6,311,65
9,HGF81QQD,6,316,84
11,PPF41Q2B,6,GYM3,90
11,PPF41Q3B,6,GYM3,90
12,PPF41Q2B,6,GYM3,85
10,SCF41QT,6,141,77
11,HQFC5TH,6,315,76
9,EEFG1QWB,6,350,82
9,MEF82QGD,6,203,86
12,SBF41UQX,6,338,85
9,FSFC5H,6,228,91
9,PHF41Q3,6,107,77
9,PPF41Q2B,6,GYM3,90
9,SLF85QG,6,229,83
12,PPF41Q2B,6,GYM3,90
12,UQF41QQY,6,216B,65
11,SBF41UQX,6,338,84
11,EEFGDQG,6,246,75
10,HFF41QW,6,329B,88
10,PPF41Q3G,6,GYM1,95
11,SPF41H,6,231,91
11,AUFC5UAT,6,232,66
12,ULFC9TP,6,B39,67
10,FKFC5,6,124,66
11,PPF41Q2G,6,GYM2,80
11,PPF41Q3G,6,GYM2,90
9,MEF81QGD,6,103,88
10,MRF41H,6,225,95
10,SPF41H,6,238,95
9,HGF82QQD,6,314,88
11,SHFC7TM,6,248,65
9,HGF81QGD,6,325,80
12,PPF41Q2G,6,GYM2,69
11,HTF41X,6,334A,93
12,PPF41Q2G,6,GYM2,90
9,HGF82HQD,6,314,96
12,EEFGDUQX,6,347,91
9,FMFC5,6,115,75
9,MEF82QGD,6,203,65
10,HQFC5TH,6,315,78
9,FJFC1,6,126,87
12,MRF41,6,225,75
9,FFFC1,6,111,77
9,FLFC5,6,121,65
10,PPF41Q2B,6,GYM3,45
10,MRF41H,6,225,92
9,MEF82QGD,6,203,76
9,SLF85QG,6,229,73
9,FSFC5,6,125,88
12,SBF41UQX,6,338,89
10,HGF81QGD,6,325,82
10,EEFGD,6,349,65
10,PPF41Q3G,6,GYM2,78
10,MRF41,6,225,88
12,PPF41Q2G,6,GYM1,95
11,PPF41Q2G,6,GYM1,95
11,PPF41Q3G,6,GYM2,100
12,ULFC9TP,6,B39,88
9,FJFC1H,6,126,98
10,SCF41QG,6,141,86
9,HGF82QQD,6,321,89
10,SCF41H,6,139,95
9,FJFC1H,6,126,96
9,SLF41,6,331,55
9,FFFC1,6,111,77
12,EEFGD,6,349,45
10,SCF41HG,6,141,94
10,FLFC5,6,121,65
9,FSFC9,6,116,70
11,SEF41,6,113,84
9,FLFC5,6,121,88
11,FSFC5H,6,125,93
10,EEFG5,6,223,80
11,FSF41UQX,6,123,94
10,HQFC5TH,6,315,80
10,EEFG5,6,223,82
10,PPF41Q2B,6,GYM3,90
10,PPF41Q3B,6,GYM3,90
11,EEFG9UQX,6,249,80
9,HGF81QGD,6,325,70
10,HGF82QWD,6,333,45
10,FLFC5H,6,121,97
10,FMFC5,6,115,77
12,PPF41Q2B,6,GYM3,90
11,AUFC5UAT,6,232,76
10,EEFG5,6,223,81
9,HGF82QQD,6,321,65
9,SHFC3TM,6,122,80
9,HGF82QWD,6,333,85
9,PPF41Q3B,6,GYM3,55
9,EEFG5H,6,223,92
12,ULFC9TP,6,B39,91
12,SPF41H,6,238,95
9,HGF82HQD,6,321,94
12,PPF41Q3G,6,GYM2,100
10,PPF41Q2B,6,GYM3,95
10,PPF41Q3B,6,GYM3,85
9,FJFC1H,6,126,91
10,EEFG5H,6,223,95
11,FMFC5H,6,215,97
11,PPF41Q2G,6,GYM2,97
11,PPF41Q3G,6,GYM1,85
10,SCF41QT,6,141,77
10,FMFC5H,6,115,96
12,SQF41QQY,6,233,100
12,ULFC9TP,6,B39,88
11,FSFC9,6,116,88
12,FQF41QQY,6,216B,100
11,SBF41UQX,6,338,88
9,HGF82QQD,6,321,85
9,EEFG5QW,6,330,86
9,SDF41,6,247,86
9,FSFC1,6,114,69
11,MRF41,6,225,55
9,SLF41H,6,331,97
12,HFF41H,6,311,92
9,HGF81QQD,6,316,85
11,HUF41,6,211,71
10,PPF41Q2G,6,GYM1,95
10,PPF41Q3G,6,GYM1,90
10,EEFG5,6,223,80
11,FMFC5H,6,215,97
12,PPF41Q2B,6,GYM3,90
10,MRF41,6,225,86
10,HUF41,6,211,77
10,HQFC1TH,6,326,90
11,FMFC5,6,215,81
11,MRF41,6,225,75
10,SCF41,6,138,74
10,HUF41,6,221,80
12,PPF41Q2B,6,GYM3,55
11,EEFG9UQX,6,249,90
10,EEFGDQF,6,346,83
11,PPF41Q2G,6,GYM2,80
11,PPF41Q3G,6,GYM2,80
11,FSFC9H,6,116,95
10,FMFC5,6,115,80
10,UEFG5,6,B27,78
10,HUF41,6,211,81
9,SDF41H,6,247,96
10,PPF41Q2B,6,GYM3,100
10,PPF41Q3B,6,GYM3,100
9,EEFGDQF,6,346,86
11,SBF41UQX,6,338,90
12,PPF41Q2G,6,GYM2,94
9,HGF82QQD,6,321,75
9,EEFG1QB,6,334B,73
9,HGF82HQD,6,321,90
9,SHFC3TM,6,122,98
11,SBF41UQX,6,338,84
10,HUF41,6,211,87
11,HTF41X,6,334A,65
9,HGF82QGD,6,313,81
12,EQF41QQY,6,328A,90
12,SHFC7TM,6,248,75
12,HQFC5TH,6,315,85
10,EEFG5,6,146,83
10,SCF41HG,6,141,93
10,EEFG5,6,223,80
10,HQFC1TH,6,326,90
10,SCF41,6,138,79
10,SCF41HG,6,141,94
11,EEFGDQG,6,246,70
12,PPF41Q2B,6,GYM3,90
10,HQFC1TH,6,326,95
9,SLF85QT,6,229,74
12,SDF81UVT,6,332,88
11,SHFC7TM,6,248,85
9,FSFC5,6,125,85
10,SHFC3TM,6,122,90
12,SBF41UQX,6,338,85
9,HGF81QQD,6,324,83
9,HGF82QQD,6,314,72
9,MEF41,6,205,74
11,FSFC5,6,125,77
10,UEFG5,6,B27,86
9,HGF82QQD,6,321,80
11,EEFG9,6,250,73
9,HGF81QGD,6,325,70
9,HGF81QTD,6,325,73
9,FSF41UQX,6,123,90
10,FSFC9,6,116,70
10,FKFC5H,6,124,98
11,EEFGDUQV,6,204,95
10,UEFG5,6,B27,88
11,SEF41H,6,341,96
9,FMFC5,6,215,72
11,EEFG9UQX,6,249,94
10,EEFG5QT,6,336,80
11,SHFC7TM,6,248,75
9,EEFG5QG,6,336,83
11,SEF41,6,113,83
10,SCF41QG,6,141,83
9,HGF81QQD,6,316,79
10,FMFC5,6,115,89
12,HQF41QQY,6,317,99
12,SQF41QQY,6,233,100
10,PPF41Q2G,6,GYM2,100
10,PPF41Q3G,6,GYM1,90
12,ULFC9TP,6,B39,91
12,EEFGDUQV,6,204,90
9,PHF41H3,6,107,96
9,PPF41Q2G,6,GYM2,100
9,HGF82HQD,6,314,94
11,FMFC5H,6,215,100
10,SPF41,6,231,78
10,EEFG5HG,6,336,93
12,FQF41QQY,6,216B,100
10,SCF41QG,6,141,78
11,SCF41QG,6,141,84
10,EEFG9,6,250,87
10,FLFC5H,6,121,95
10,HUF41,6,211,65
11,AUFC5UAT,6,232,99
10,SPF41H,6,238,90
9,SDF41,6,247,80
12,PPF41Q2G,6,GYM2,85
9,HGF81QQD,6,324,55
9,FJFC1,6,126,88
9,HUF41,6,221,45
11,HTF41X,6,334A,90
9,SLF85QG,6,229,65
11,SDF81UVT,6,332,91
10,UEFG5H,6,B27,100
9,EEFGDQF,6,346,80
10,PPF41Q3G,6,GYM2,65
10,EEFG5H,6,146,90
9,PHF41H3,6,107,95
9,PPF41Q2B,6,GYM3,100
9,EEFG1HWB,6,350,90
10,SEF41,6,113,80
12,EEFGDQT,6,246,45
10,FLFC5H,6,121,93
10,HQFC1TH,6,326,88
9,PHF41Q2,6,107,70
9,PPF41Q3B,6,GYM3,90
10,HFF41,6,311,45
10,SCF41QT,6,141,80
12,PPF41Q3G,6,GYM2,100
12,EEFGDUQX,6,347,80
9,HGF81QGD,6,325,45
9,FJFC1,6,126,80
10,SPF41,6,231,82
10,FLFC5H,6,121,100
10,EEFG5,6,146,83
11,SPF41H,6,238,90
9,PPF41Q2B,6,GYM3,95
9,PPF41Q3B,6,GYM3,90
12,PPF41Q2B,6,GYM3,90
10,SCF41HG,6,141,92
12,EEFGDUQJ,6,348,83
11,SPF41H,6,231,97
11,FSFC9,6,116,75
9,MEF82QGD,6,203,55
9,MEF41QT,6,105,65
10,HUF41,6,211,77
11,HQFC5TH,6,315,76
11,EEFG9UQX,6,249,75
10,FSFC9H,6,116,95
10,SCF41H,6,138,94
9,SDF41,6,247,88
11,PPF41Q2G,6,GYM1,75
10,FMFC5,6,215,81
11,EEFGDHG,6,246,91
10,FSFC9H,6,116,90
12,SBF41UQX,6,338,84
11,EEFG9UQX,6,249,96
12,HFF41,6,311,84
9,SDF41H,6,247,96
11,SDF81UVT,6,332,94
12,PPF41Q3G,6,GYM1,70
10,EEFG5H,6,146,93
9,PPF41Q3G,6,GYM2,91
10,PPF41Q2G,6,GYM2,100
11,SPF41,6,238,85
11,SBF41UQX,6,338,90
10,HQFC1TH,6,326,89
9,EEFG1QB,6,334B,86
9,EEFG1QB,6,334B,87
11,HTF41X,6,334A,85
9,UEFG5,6,B27,89
9,HGF81QQD,6,324,80
9,EEFG1QB,6,334B,65
9,HGF82QTD,6,313,68
10,PPF41Q3B,6,GYM3,90
12,HQFC5TH,6,315,71
11,EEFGDUQJ,6,348,70
12,EEFGDUQX,6,347,75
10,HQFC1TH,6,326,95
10,SCF41QG,6,141,69
10,HUF41H,6,221,90
12,ULFC9TP,6,B39,90
10,HUF41QT,6,323,86
9,SLF85QT,6,229,79
10,HFF41HW,6,329B,98
11,SBF41UQX,6,338,90
12,PPF41Q3B,6,GYM3,85
10,MRF41,6,225,85
9,PHF41Q2,6,107,87
9,PPF41Q3B,6,GYM3,100
10,EEFG5H,6,223,93
10,FKFC5H,6,124,92
10,PPF41Q3G,6,GYM1,90
11,FMFC5H,6,215,97
12,PPF41Q2B,6,GYM3,90
9,SLF41H,6,331,96
12,EQF41QQY,6,328A,100
11,EEFG9UQX,6,249,91
11,HQFC5TH,6,315,87
11,EEFGDHG,6,246,90
11,SDF81UVT,6,332,92
9,SLF41,6,331,88
10,SCF41,6,138,73
12,FQF41QQY,6,216B,100
11,EEFGD,6,349,45
10,SCF41,6,139,68
9,HGF82HQD,6,314,90
10,FLFC5,6,121,68
12,ULFC9TP,6,B39,91
9,HGF82HWD,6,333,90
9,EEFG5,6,223,81
12,EEFGDUQX,6,347,90
10,FKFC5,6,124,87
11,SHFC7TM,6,248,80
11,EEFGDH,6,349,90
12,FQF41QQY,6,216B,100
10,SPF41H,6,238,90
11,HUF41,6,221,75
9,PPF41Q3B,6,GYM3,90
11,SEF41,6,341,85
11,HTF41X,6,334A,88
10,EEFG5HG,6,336,90
10,EEFG5QT,6,336,81
9,SLF41,6,331,79
9,HGF82QQD,6,314,89
11,FSFC5,6,125,89
9,EEFGDQFW,6,346,81
11,FKFC5,6,124,65
9,PHF41H3,6,107,96
9,PPF41Q2G,6,GYM1,98
10,FLFC5,6,121,65
11,HTF41X,6,334A,90
9,MEF41HG,6,105,94
10,PPF41Q2G,6,GYM2,100
10,PPF41Q3G,6,GYM2,100
10,UEFG5H,6,B27,92
10,SPF41,6,231,83
11,FSFC5,6,125,86
12,PQF41Q2Y,6,251,100
12,PQF41Q3Y,6,251,100
11,HTF41X,6,334A,80
9,FJFC1,6,126,71
11,SPF41,6,231,86
12,PPF41Q2B,6,GYM3,95
10,HUF41H,6,221,93
9,HGF81QQD,6,324,80
10,MRF41,6,225,88
9,MEF82QGD,6,203,65
12,ULFC9TP,6,B39,91
9,FJFC1H,6,126,93
11,SPF41,6,238,80
11,PPF41Q2G,6,GYM2,91
11,PPF41Q3G,6,GYM2,100
9,FFFC1,6,111,55
9,FFFC1,6,111,72
10,HUF41,6,221,86
11,SPF41,6,231,83
10,UEFG5,6,B27,71
12,PPF41Q2B,6,GYM3,75
11,SPF41H,6,238,95
10,FMFC5H,6,215,98
12,PPF41Q2G,6,GYM2,97
11,MRF41H,6,225,92
10,SPF41H,6,238,90
11,EEFGDUQJ,6,348,88
10,SCF41,6,139,77
10,HUF41,6,211,65
9,HUF41,6,211,65
9,MEF82QGD,6,203,55
10,HUF41HT,6,323,95
12,PPF41Q2B,6,GYM3,100
9,FFFC1,6,111,75
10,HUF41QT,6,323,86
9,EEFG1QB,6,334B,82
9,MEF81QGD,6,103,76
9,FSFC5H,6,228,97
12,EEFGDUQX,6,347,72
12,EEFGDQG,6,246,73
9,PHF41Q2,6,107,89
9,PPF41Q3B,6,GYM3,95
12,PPF41Q2G,6,GYM2,100
10,FMFC5H,6,215,100
10,SEF41,6,113,71
11,ULFC9TP,6,B39,88
10,EEFG5QG,6,336,88
11,AUFC5UAT,6,232,73
10,HUF41,6,221,88
10,UEFG5,6,B27,89
9,MEF81QTD,6,103,70
10,HUF41QT,6,323,87
10,EEFG5,6,146,86
9,FSFC5,6,125,82
11,SEF41,6,113,45
9,SDF41,6,247,76
10,FKFC5,6,124,70
11,FKFC5,6,124,88
10,PHF41Q3,6,107,74
10,PPF41Q2B,6,GYM3,90
12,PPF41Q2G,6,GYM2,65
9,PPF41Q2G,6,GYM1,95
9,PPF41Q3G,6,GYM1,95
10,SCF41,6,139,75
10,SCF41QT,6,141,66
12,FKFC9H,6,124,94
9,PHF41H2,6,107,90
9,PPF41Q3B,6,GYM3,90
12,SBF41UQX,6,338,96
9,HUF41QG,6,323,55
9,HGF82QQD,6,314,87
9,HGF82QQD,6,321,75
10,PPF41Q2B,6,GYM3,100
10,PPF41Q3B,6,GYM3,90
9,MEF41,6,205,77
10,SCF41HT,6,141,93
12,PPF41Q2G,6,GYM2,100
9,SLF41H,6,331,91
11,SPF41H,6,231,91
12,EEFGDUQX,6,347,75
12,PPF41Q2G,6,GYM2,100
12,FSF41UQX,6,123,65
10,EEFG5QT,6,336,88
11,HFF41H,6,311,90
10,HUF41H,6,221,92
9,HGF82QQD,6,321,72
10,AUFC5UAT,6,232,97
12,SPF41H,6,238,100
11,EEFGDUQJ,6,348,88
11,HUF41,6,211,65
10,PPF41Q3G,6,GYM2,55
12,EEFGDUQV,6,204,89
10,EEFG5QG,6,336,85
10,SCF41QG,6,141,65
10,SCF41QT,6,141,80
12,FSF41UQX,6,123,75
10,FMFC5H,6,215,97
10,SPF41H,6,238,90
9,HGF81HQD,6,324,90
10,FMFC5H,6,215,100
10,HQFC1TH,6,326,91
10,EEFG5QT,6,336,79
11,FMFC5H,6,115,98
9,HUF41,6,221,88
10,UEFG5H,6,B27,90
9,MEF41,6,205,65
10,FMFC5H,6,115,93
9,FJFC1H,6,126,99
10,SCF41,6,138,84
11,SDF81UVT,6,332,98
11,SPF41,6,231,81
10,PPF41Q2G,6,GYM2,95
10,PPF41Q3G,6,GYM2,90
10,FMFC5H,6,115,100
12,ULFC9TP,6,B39,88
9,EEFGDQF,6,346,89
9,PPF41Q2G,6,GYM1,95
9,PPF41Q3G,6,GYM2,94
11,EEFG9UQX,6,249,88
10,FSFC9,6,116,72
10,FSFC9,6,116,55
10,EEFGDHF,6,346,91
11,PPF41Q2G,6,GYM2,91
11,PPF41Q3G,6,GYM2,91
10,FMFC5H,6,215,97
10,HUF41,6,211,66
11,SCF41QT,6,141,55
9,HGF81HQD,6,324,90
11,SEF41H,6,341,90
11,SHFC7TM,6,248,90
11,SDF81UVT,6,332,94
9,HGF81HGD,6,325,92
12,ULFC9TP,6,B39,85
10,SEF41H,6,341,93
10,EEFG5HG,6,336,90
9,MEF41,6,205,74
9,EEFG1QB,6,334B,66
9,FSFC1,6,114,75
9,EEFGDQFW,6,346,82
11,SHFC7TM,6,248,90
10,SHFC3TM,6,122,93
12,PPF41Q2G,6,GYM2,100
10,MEF41,6,205,83
11,EEFGDUQJ,6,348,82
9,HGF81QQD,6,316,65
12,PQF41Q2Y,6,251,100
12,PQF41Q3Y,6,251,100
10,EEFGDQF,6,346,87
9,SHFC3TM,6,122,97
10,FMFC5,6,115,89
9,EEFGDHF,6,346,90
10,HUF41,6,211,82
9,HGF81QTD,6,325,77
10,FMFC5H,6,215,94
9,HGF82QQD,6,314,75
11,HFF41,6,311,87
9,HGF82HWD,6,333,92
12,PPF41Q3B,6,GYM3,90
11,FMFC5H,6,215,99
10,PPF41Q3G,6,GYM2,97
10,EEFGDHF,6,346,90
10,SCF41,6,138,82
9,HGF81HQD,6,324,90
9,FJFC1H,6,126,95
9,FJFC1H,6,126,98
11,EEFGD,6,349,68
10,HUF41QG,6,323,88
10,SCF41HG,6,141,96
10,UEFG5,6,B27,86
11,PPF41Q2G,6,GYM2,85
11,PPF41Q3G,6,GYM2,95
10,MRF41H,6,225,99
9,HGF81QQD,6,316,75
9,PHF41Q2,6,107,69
9,PPF41Q3B,6,GYM3,65
10,SCF41,6,139,75
11,HQFC5TH,6,315,86
10,UEFG5H,6,B27,98
10,SPF41,6,231,83
9,HGF82QWD,6,333,70
10,SPF41,6,231,86
9,FMFC5,6,215,87
9,EEFGDQF,6,346,85
9,SLF41,6,331,65
9,SLF41,6,331,88
10,EEFGDQF,6,346,86
11,HTF41X,6,334A,94
12,FSF41UQX,6,123,90
10,EEFGDQT,6,246,65
10,PPF41Q3B,6,GYM3,90
9,PHF41H2,6,107,98
9,PPF41Q3B,6,GYM3,90
10,HQFC1TH,6,326,87
11,EEFGDQG,6,246,67
11,EEFG9UQX,6,249,91
11,PPF41Q3G,6,GYM2,99
9,MEF82QTD,6,203,65
10,HUF41,6,221,88
11,PPF41Q2G,6,GYM2,90
11,PPF41Q3G,6,GYM2,80
12,PPF41Q2G,6,GYM2,100
10,FMFC5H,6,215,91
10,SCF41,6,139,55
12,EEFGDUQV,6,204,65
11,PPF41Q2B,6,GYM3,80
11,PPF41Q3B,6,GYM3,70
9,FSFC1H,6,114,98
9,HGF82QGD,6,313,75
12,EEFGDUQV,6,204,55
11,FSFC5,6,125,72
10,HUF41HG,6,323,91
12,PQF41Q2Y,6,251,100
12,PQF41Q3Y,6,251,100
10,EEFG5HG,6,336,92
9,PPF41Q2G,6,GYM1,90
11,SDF41H,6,247,93
11,FMFC5H,6,115,99
9,HGF81QQD,6,324,80
9,HGF81QQD,6,316,80
11,EEFG9UQX,6,249,95
9,MEF82QTD,6,203,65
9,SLF85QG,6,229,45
12,EEFGDUQX,6,347,75
12,PPF41Q2B,6,GYM3,100
12,EEFGDUQX,6,347,90
9,SDF41H,6,247,97
10,SCF41HG,6,141,100
12,AQF41QQY,6,216B,100
10,SCF41HG,6,141,96
11,AUFC5UAT,6,232,91
10,HUF41HG,6,323,90
9,PPF41Q2B,6,GYM3,55
9,PPF41Q3B,6,GYM3,55
11,PPF41Q2G,6,GYM2,94
12,PPF41Q3B,6,GYM3,95
10,PPF41Q3B,6,GYM3,95
11,SEF41,6,113,77
11,EEFGDQT,6,246,87
10,PPF41Q2B,6,GYM3,75
10,PPF41Q3B,6,GYM3,85
10,SCF41HG,6,141,96
9,MEF81QGD,6,103,84
9,HGF81HQD,6,316,91
9,EEFG1QWB,6,350,82
11,HQFC5TH,6,315,73
11,EEFG9H,6,250,91
12,PPF41Q2B,6,GYM3,90
11,PPF41Q2B,6,GYM3,90
11,SBF41UQX,6,338,85
9,HGF82HQD,6,321,94
10,FMFC5H,6,115,95
10,SCF41,6,138,78
9,MEF41QT,6,105,70
12,PPF41Q2B,6,GYM3,90
10,SEF41,6,341,79
12,PPF41Q3B,6,GYM3,90
9,HGF81QQD,6,324,85
11,AUFC5UAT,6,232,93
10,FLFC5H,6,121,90
11,SCF41,6,139,55
9,PPF41Q3B,6,GYM3,90
9,EEFG1QWB,6,350,70
11,EEFG9,6,250,89
9,MEF82QGD,6,203,81
11,SHFC3TM,6,122,97
10,HUF41,6,221,77
11,SDF81UVT,6,332,87
11,SCF41,6,139,55
9,PHF41Q3,6,107,65
9,PPF41Q2G,6,GYM1,95
11,EEFG9,6,250,85
11,EEFGDQFW,6,346,72
10,EEFG5QT,6,336,85
11,HTF41X,6,334A,92
12,PPF41Q2B,6,GYM3,90
10,SCF41,6,138,86
10,HUF41H,6,221,90
12,PPF41Q2B,6,GYM3,85
11,AUFC5UAT,6,232,87
11,PPF41Q2G,6,GYM2,95
9,PHF41H3,6,107,96
9,PPF41Q2B,6,GYM3,90
10,FLFC5,6,121,86
11,EEFG9UQX,6,249,73
9,EEFG5,6,146,81
12,PPF41Q3B,6,GYM3,55
10,FMFC5,6,215,79
11,EEFGDQG,6,246,82
12,PPF41Q3B,6,GYM3,55
9,MEF41,6,205,65
9,PHF41H2,6,107,93
9,PPF41Q3B,6,GYM3,100
9,SLF41,6,331,68
12,MKF41QQY,6,319,100
9,HGF82QQD,6,321,74
9,MEF82QGD,6,203,71
10,SCF41H,6,139,95
9,EEFG5QW,6,330,78
12,SHFC7TM,6,248,80
11,SEF41,6,341,80
9,SLF85QT,6,229,71
9,HGF81QQD,6,316,88
10,MEF41QT,6,105,70
11,EEFGDUQJ,6,348,80
9,EEFG1QB,6,334B,88
12,FSF41UQX,6,123,65
9,SLF41,6,331,55
9,HGF81QQD,6,324,74
11,FSFC5,6,125,68
11,PPF41Q2G,6,GYM1,85
9,MEF41,6,205,55
9,HFF41HW,6,329B,95
11,FSFC5,6,125,74
12,EEFGDUQX,6,347,92
10,UEFG5,6,B27,80
9,HGF81QTD,6,325,75
9,MEF41QG,6,105,65
10,HFF41H,6,311,92
11,AUFC5UAT,6,232,73
9,MEF41QG,6,105,86
9,FFFC1,6,111,71
9,MEF82QGD,6,203,66
11,AUFC5UAT,6,232,88
12,SHFC7TM,6,248,85
11,EEFG9,6,250,79
9,MEF41H,6,205,96
11,HTF41X,6,334A,90
10,EEFGD,6,349,76
11,EEFGDUQV,6,204,99
11,FSF41UQX,6,123,90
9,HGF81QGD,6,325,55
10,HUF41,6,221,88
10,EEFG5H,6,146,90
10,SCF41H,6,138,94
11,HQFC5TH,6,315,65
11,SCF41QT,6,141,69
9,PHF41Q3,6,107,55
9,MEF41,6,205,72
11,HQFC5TH,6,315,71
9,EEFG5QT,6,336,79
11,SHFC7TM,6,248,80
10,SCF41QG,6,141,75
9,HGF82QTD,6,313,55
12,PPF41Q2B,6,GYM3,65
9,MEF81QTD,6,103,55
10,HGF82QQD,6,314,45
11,SHFC7TM,6,248,75
9,EEFGDQFW,6,346,85
9,HGF81QQD,6,316,87
12,PPF41Q3G,6,GYM2,85
9,FSF41UQX,6,123,55
12,PPF41Q2G,6,GYM1,95
11,HFF41HW,6,329B,90
9,FSFC5,6,228,75
12,PPF41Q2G,6,GYM2,75
11,EEFGDQG,6,246,77
11,FSFC9,6,116,65
12,ULFC9TP,6,B39,82
9,MEF82QGD,6,203,65
12,PPF41Q2B,6,GYM3,90
9,MEF82QGD,6,203,55
10,FKFC9,6,124,65
11,FSF41UQX,6,123,98
9,PHF41Q3,6,107,65
9,PPF41Q2B,6,GYM3,90
10,FMFC5,6,115,86
11,HQFC5TH,6,315,76
9,EEFG9,6,250,68
12,PPF41Q2G,6,GYM1,95
10,FSFC9H,6,116,96
9,EEFG5QW,6,330,88
9,EEFG1QB,6,334B,74
12,FSFC9,6,116,65
9,PPF41Q2B,6,GYM3,65
9,HGF82HGD,6,313,90
10,SCF41,6,138,76
11,EEFGDUQJ,6,348,80
10,SCF41,6,139,55
12,HTF41X,6,334A,90
11,UEFG5,6,B27,85
10,HUF41H,6,211,91
10,EEFG5H,6,146,90
9,SEF41,6,113,55
9,PHF41Q2,6,107,65
9,PPF41Q3G,6,GYM1,95
9,SLF85QG,6,229,77
9,MEF82QTD,6,203,66
12,HQFC5TH,6,315,78
11,SEF41H,6,113,93
10,HUF41QG,6,323,86
9,FSFC5H,6,125,92
11,EEFGDUQJ,6,348,83
12,ULFC9TP,6,B39,90
9,SLF41H,6,331,91
10,FKFC5,6,124,84
12,PPF41Q2G,6,GYM2,85
9,HGF82QQD,6,321,80
11,PPF41Q3G,6,GYM2,90
11,EEFG9UQX,6,249,93
9,SLF85QT,6,229,72
11,EEFGDQG,6,246,88
9,MEF81QGD,6,103,45
10,EEFG5QT,6,336,79
11,EEFGDUQV,6,204,91
11,PPF41Q2G,6,GYM1,85
11,PPF41Q3G,6,GYM1,85
11,SEF41H,6,341,95
11,EEFGDUQV,6,204,45
9,MEF41QT,6,105,70
12,PPF41Q2B,6,GYM3,100
9,PPF41Q3G,6,GYM1,95
9,FFFC1,6,111,72
9,HFF41H,6,311,92
10,PPF41Q2G,6,GYM1,95
10,PPF41Q3G,6,GYM2,100
9,EEFG1QB,6,334B,73
12,PPF41Q3B,6,GYM3,90
11,EEFGDUQJ,6,348,90
11,FKFC5,6,124,55
9,FSFC5H,6,228,95
10,SCF41,6,139,55
9,MEF82QTD,6,203,70
10,EEFG5,6,223,89
11,EEFGDUQJ,6,348,76
12,FSF41UQX,6,123,88
11,SCF41QT,6,141,68
10,SCF41,6,138,85
10,SPF41H,6,238,95
11,SDF81UVT,6,332,92
9,FFFC1,6,111,79
11,SPF41,6,231,80
11,EEFGDQG,6,246,77
9,SLF85QG,6,229,45
9,FSFC1,6,114,66
10,HQFC1TH,6,326,92
10,HUF41H,6,211,91
9,FSFC1,6,114,78
9,EEFGDQFW,6,346,68
11,EEFGD,6,349,89
9,FSFC1,6,114,82
9,SDF41H,6,247,96
10,FSFC1H,6,114,95
12,SHFC7TM,6,248,75
10,FMFC5H,6,115,90
11,SDF81UVT,6,332,93
11,EEFGD,6,349,65
10,HFF41,6,311,77
9,HGF82QGD,6,313,65
9,HGF81QQD,6,316,83
11,AUFC5UAT,6,232,90
10,SHFC3TM,6,122,98
9,PPF41Q2G,6,GYM1,95
9,PPF41Q3G,6,GYM2,88
11,SDF81UVT,6,332,94
12,SQF41QQY,6,233,100
11,EEFG9UQX,6,249,97
11,SDF81UVT,6,332,99
9,MEF41,6,205,73
9,FJFC1,6,126,84
10,SCF41H,6,139,92
9,FJFC1H,6,126,95
9,SLF85QG,6,229,72
10,EEFGDQF,6,346,85
12,PPF41Q2G,6,GYM1,95
9,HGF81QQD,6,324,85
9,MEF41,6,205,67
12,EEFGDUQV,6,204,78
10,HUF41QT,6,323,55
9,HGF81QQD,6,316,67
9,MEF41QG,6,105,55
9,PHF41H2,6,107,94
9,PPF41Q3G,6,GYM2,99
9,PHF41H2,6,107,93
9,PPF41Q3G,6,GYM1,95
9,FSFC5H,6,228,90
11,EEFG9,6,250,87
9,SEF41,6,341,80
9,HGF81QQD,6,316,85
11,PPF41Q2G,6,GYM2,91
9,HGF81QGD,6,325,80
11,PPF41Q2B,6,GYM3,65
9,PPF41Q3G,6,GYM2,80
10,HUF41,6,211,80
9,MEF41QG,6,105,55
10,UEFG5,6,B27,88
10,SCF41,6,138,89
10,PPF41Q3G,6,GYM2,100
9,HGF82QQD,6,321,65
10,FKFC5H,6,124,90
9,HGF82HQD,6,314,90
11,SPF41,6,238,80
11,EEFG9H,6,250,91
11,SHFC7TM,6,248,85
9,FMFC5,6,215,55
9,FFFC1,6,111,69
9,PPF41Q3G,6,GYM2,100
12,ULFC9TP,6,B39,90
12,ULFC9TP,6,B39,88
11,FSFC5,6,125,87
9,HGF82QTD,6,313,70
10,FMFC5H,6,215,97
10,EEFGDUQV,6,204,77
11,SCF41,6,139,65
9,HGF81QQD,6,324,70
10,SCF41H,6,138,100
11,EEFGD,6,349,85
9,MEF82QGD,6,203,86
9,PHF41Q2,6,107,89
9,PPF41Q3B,6,GYM3,100
10,UEFG5,6,B27,75
9,MEF41QG,6,105,80
10,FLFC5H,6,121,90
12,SHFC7TM,6,248,72
9,SEF41,6,113,55
11,PPF41Q2B,6,GYM3,100
11,PPF41Q3B,6,GYM3,90
9,PHF41Q2,6,107,88
9,PPF41Q3G,6,GYM1,95
11,EEFG9H,6,250,91
10,FSFC1,6,114,82
12,PPF41Q2B,6,GYM3,55
11,SEF41,6,113,74
11,EEFGD,6,349,82
9,SLF85QT,6,229,70
9,MEF81QGD,6,103,80
12,MRF41,6,225,75
10,HFF41,6,311,67
12,SHFC7TM,6,248,65
11,HFF41H,6,311,94
11,FSF41UQX,6,123,92
9,HGF82QQD,6,321,75
9,EEFG1QB,6,334B,69
11,HTF41X,6,334A,90
10,SCF41,6,138,79
10,EEFG5QW,6,330,86
9,PHF41H3,6,107,98
9,PPF41Q2G,6,GYM1,95
10,SPF41H,6,238,100
10,SHFC3TM,6,122,100
11,FKFC5H,6,124,96
12,EEFGDUQX,6,347,88
12,FKFC9H,6,124,91
9,EEFG1QB,6,334B,45
12,EEFGDUQV,6,204,98
9,PPF41Q2G,6,GYM2,45
11,PPF41Q2G,6,GYM1,85
10,SEF41,6,341,89
10,SEF41,6,113,74
11,SDF81UVT,6,332,96
10,SCF41,6,139,69
11,SPF41,6,231,80
10,FMFC5,6,115,80
10,EEFG5,6,146,83
10,UEFG5H,6,B27,92
9,FFFC1,6,111,72
9,EEFG5,6,146,55
10,EEFGDUQJ,6,348,55
11,SPF41H,6,238,95
11,EEFG9H,6,250,90
9,HFF41HW,6,329B,96
9,HGF81QQD,6,316,69
10,HUF41,6,221,85
11,SHFC7TM,6,248,70
9,MEF41QG,6,105,81
12,EEFGDUQX,6,347,88
9,MEF41H,6,205,93
10,EEFGD,6,349,80
9,SLF41,6,331,65
9,EEFGDQF,6,346,82
9,MEF81QTD,6,103,76
12,PPF41Q2G,6,GYM2,55
10,HQFC1TH,6,326,87
10,EEFG5,6,223,88
12,PQF41Q2Y,6,251,100
11,SPF41,6,231,77
11,SHFC3TM,6,122,92
9,HGF82QTD,6,313,55
11,FSF41UQX,6,123,80
10,FSFC1,6,114,82
11,HQFC1TH,6,326,70
12,FJFC1,6,126,80
9,MEF41H,6,205,90
9,HGF82HWD,6,333,90
10,HFF41H,6,311,90
10,EEFG5QG,6,336,85
11,SHFC7TM,6,248,80
10,FSFC1H,6,114,95
9,HFF41QW,6,329B,65
9,HGF82QGD,6,313,75
12,PPF41Q2G,6,GYM2,85
11,HQFC5TH,6,315,78
9,EEFG5,6,223,45
9,EEFG5QT,6,336,69
9,SEF41,6,341,88
9,HGF81QQD,6,324,65
11,EEFGDUQJ,6,348,80
10,SCF41QG,6,141,68
9,HUF41QG,6,323,55
12,HFF41H,6,311,94
10,SCF41,6,138,65
11,SEF41,6,113,88
11,SEF41,6,341,89
10,SCF41,6,138,76
12,PPF41Q2B,6,GYM3,100
10,FLFC5H,6,121,96
9,SDF41H,6,247,94
10,HTF41X,6,334A,85
9,HGF82QQD,6,314,86
10,EEFG5QG,6,336,85
10,FSFC9,6,116,55
11,SHFC7TM,6,248,80
9,HGF82QTD,6,313,55
11,SPF41H,6,238,90
9,HUF41,6,211,68
11,SHFC7TM,6,248,80
9,SEF41H,6,341,92
11,EEFG9UQX,6,249,91
10,EEFG5HG,6,336,93
9,HGF81QQD,6,316,89
9,UEFG5,6,B27,77
9,HGF82QQD,6,314,74
12,PPF41Q2G,6,GYM2,78
10,EEFGDQG,6,246,72
9,SEF41,6,113,65
9,PHF41H2,6,107,93
9,PPF41Q3B,6,GYM3,80
10,PPF41Q2B,6,GYM3,90
10,PPF41Q3B,6,GYM3,70
9,MEF41HG,6,105,95
9,HGF82QQD,6,314,78
9,MEF82QTD,6,203,65
11,SPF41H,6,231,91
12,PPF41Q2G,6,GYM2,94
10,SHFC3TM,6,122,96
10,EEFG5H,6,223,91
9,PHF41H3,6,107,93
9,PPF41Q2B,6,GYM3,100
9,HGF82HQD,6,314,90
9,PHF41H3,6,107,91
9,PPF41Q2G,6,GYM2,91
11,FSFC5,6,228,85
9,HGF81QQD,6,324,80
10,SCF41,6,139,55
11,PPF41Q2G,6,GYM2,97
11,PPF41Q3G,6,GYM1,90
10,HGF81QGD,6,325,88
11,FSFC5,6,228,75
10,FMFC5H,6,115,93
10,SHFC3TM,6,122,92
11,HTF41X,6,334A,91
10,HUF41QG,6,323,45
10,FMFC5H,6,215,92
9,HGF82HGD,6,313,94
11,EEFG9,6,250,84
10,SCF41,6,139,82
9,FJFC1H,6,126,98
10,EEFG5,6,223,85
11,HTF41X,6,334A,90
11,EEFG9H,6,250,91
9,SDF41H,6,247,94
9,PPF41Q3G,6,GYM2,91
10,EEFG5H,6,146,96
10,EEFGD,6,349,80
ST,HGF81HGD,6,325,93
11,EEFG9,6,250,81
10,EEFG5,6,146,85
9,SLF41H,6,331,90
12,ULFC9TP,6,B39,88
10,PPF41Q3G,6,GYM1,95
11,HQFC5TH,6,315,80
11,EEFGD,6,349,86
12,PPF41Q2B,6,GYM3,90
9,EEFG5HW,6,330,90
11,HTF41X,6,334A,92
10,EEFG5H,6,146,90
9,HGF81QQD,6,316,80
9,PPF41Q3B,6,GYM3,90
9,MEF81QGD,6,103,74
12,PPF41Q2G,6,GYM1,95
10,SHFC7TM,6,248,80
10,MRF41,6,225,75
9,EEFG1QB,6,334B,84
10,UEFG5,6,B27,76
11,UEFG5,6,B27,86
10,HUF41,6,211,65
12,EEFGDUQV,6,204,95
9,MEF41,6,205,84
10,EEFG5QW,6,330,87
11,EEFG9UQX,6,249,92
9,PHF41H2,6,107,95
9,PPF41Q3G,6,GYM1,90
11,SDF81UVT,6,332,90
9,SHFC3TM,6,122,70
9,HGF82HWD,6,333,92
10,SCF41,6,139,55
11,SPF41,6,231,83
9,HGF82HGD,6,313,92
9,EEFGDUQV,6,204,76
9,HGF81QQD,6,324,87
9,MEF81QTD,6,103,45
9,PHF41H2,6,107,90
9,PPF41Q3G,6,GYM1,90
10,FLFC5H,6,121,96
10,EEFG5H,6,223,90
9,HGF82QTD,6,313,65
10,PPF41Q2G,6,GYM2,100
10,PPF41Q3G,6,GYM2,100
10,EEFG9UQX,6,249,83
10,FSFC9,6,116,72
9,PHF41Q3,6,107,82
9,PPF41Q2G,6,GYM2,73
11,SHFC3TM,6,122,90
10,FSFC5,6,125,76
11,FSF41UQX,6,123,90
9,MEF82QTD,6,203,65
12,PPF41Q2G,6,GYM2,94
11,SDF81UVT,6,332,75
9,HGF82QGD,6,313,77
11,FJFC1,6,126,65
10,MEF41,6,205,80
10,HUF41,6,221,78
9,SEF41,6,113,72
10,PPF41Q2B,6,GYM3,100
10,PPF41Q3B,6,GYM3,90
10,SEF41H,6,341,90
10,FLFC5H,6,121,95
9,EEFG1QB,6,334B,72
11,AUFC5UAT,6,232,86
9,HGF82QWD,6,333,85
9,MEF81QTD,6,103,70
10,SEF41,6,113,88
10,SCF41,6,139,65
9,EEFG5QT,6,336,65
10,FMFC5H,6,115,99
11,SEF41H,6,341,94
10,HTF41X,6,334A,90
9,HGF82HQD,6,314,95
10,FKFC5,6,124,65
11,FSFC5,6,125,78
9,HFF41QW,6,329B,85
11,EEFGDUQJ,6,348,65
9,SLF41,6,331,55
11,FSF41UQX,6,123,80
9,PHF41H3,6,107,90
9,PPF41Q2G,6,GYM2,100
12,PPF41Q2G,6,GYM2,85
12,PPF41Q3G,6,GYM2,85
12,FSFC9,6,116,65
12,PQF41Q2Y,6,251,100
12,PQF41Q3Y,6,251,100
9,HGF82QQD,6,314,76
11,HGF82QQD,6,321,80
10,HUF41,6,221,84
11,PPF41Q2G,6,GYM2,45
11,PPF41Q3G,6,GYM2,55
11,FSFC5,6,228,65
9,HGF82QQD,6,314,86
ST,HGF81QGD,6,325,70
11,HQFC5TH,6,315,86
10,EEFG5,6,146,88
11,FSF41UQX,6,123,90
11,EEFGD,6,349,82
9,FSFC1,6,114,79
11,HTF41X,6,334A,85
10,SHFC3TM,6,122,97
10,SEF41,6,113,80
11,EEFGDUQJ,6,348,70
11,EEFGDQT,6,246,85
9,MEF81QGD,6,103,65
10,HFF41,6,311,72
12,PPF41Q2G,6,GYM1,70
12,FSF41UQX,6,123,100
10,UEFG5,6,B27,89
12,PPF41Q2B,6,GYM3,80
12,PPF41Q3B,6,GYM3,80
12,FQF41QQY,6,216B,100
11,EEFGD,6,349,80
11,HQFC5TH,6,315,85
11,FSFC5,6,228,85
12,PPF41Q3G,6,GYM2,55
9,HGF81QTD,6,325,86
9,MEF41QT,6,105,86
9,HGF82HWD,6,333,96
9,HGF82HWD,6,333,91
11,EEFGDQT,6,246,83
10,PPF41Q3G,6,GYM2,97
10,SCF41,6,139,79
10,EEFG9,6,250,82
9,PHF41H2,6,107,98
9,PPF41Q3B,6,GYM3,90
9,MEF82QTD,6,203,45
11,SPF41H,6,238,90
9,EEFGDQF,6,346,76
9,UEFG5,6,B27,80
9,HGF82QQD,6,314,76
12,AUFC5UAT,6,232,91
12,PPF41Q2G,6,GYM2,79
12,PPF41Q2G,6,GYM2,85
11,EEFGDQT,6,246,86
9,FFFC1,6,111,65
10,SCF41,6,139,73
9,SEF41,6,341,77
10,EEFG5QW,6,330,66
12,ULFC9TP,6,B39,67
10,FSFC9,6,116,68
11,SCF41,6,138,55
9,FSFC1,6,114,77
10,HUF41HG,6,323,97
9,FFFC1,6,111,81
12,SEF41,6,341,82
12,PPF41Q2B,6,GYM3,100
10,UEFG5H,6,B27,95
9,MEF41QT,6,105,45
9,HGF82QQD,6,314,67
9,FSFC1,6,114,77
11,SHFC7TM,6,248,95
9,HGF81QTD,6,325,86
10,FSFC5,6,125,45
10,SHFC3TM,6,122,95
10,FLFC5H,6,121,92
9,SEF41,6,113,67
9,HUF41QT,6,323,65
9,FSFC1,6,114,73
9,PHF41H2,6,107,90
9,PPF41Q3G,6,GYM1,95
11,SHFC7TM,6,248,80
10,PPF41Q3G,6,GYM2,96
10,FSFC1H,6,114,98
11,HQFC1TH,6,326,81
12,PPF41Q2G,6,GYM1,65
12,PPF41Q2B,6,GYM3,100
11,SDF81UVT,6,332,72
9,PHF41Q3,6,107,87
9,PPF41Q2B,6,GYM3,90
10,PPF41Q2B,6,GYM3,65
10,PPF41Q3B,6,GYM3,70
12,PPF41Q2G,6,GYM2,100
11,EEFGD,6,349,78
10,UEFG5H,6,B27,100
9,HFF41,6,311,45
11,FSFC5,6,228,65
11,AUFC5UAT,6,232,87
11,EEFG9UQX,6,249,95
10,SPF41,6,238,85
11,FSFC5,6,125,80
9,FSFC5H,6,228,90
10,PPF41Q3B,6,GYM3,95
12,PPF41Q2B,6,GYM3,75
12,PPF41Q3B,6,GYM3,80
11,PPF41Q2G,6,GYM1,65
9,PHF41Q3,6,107,82
9,PPF41Q2G,6,GYM1,98
12,PPF41Q2G,6,GYM2,85
9,HGF81QQD,6,324,80
9,SLF41,6,331,45
12,PPF41Q3B,6,GYM3,95
10,SCF41,6,139,65
9,MEF82QGD,6,203,71
10,UEFG5H,6,B27,91
9,PHF41H2,6,107,90
9,PPF41Q3B,6,GYM3,100
10,FKFC5,6,124,88
12,PPF41Q2B,6,GYM3,90
11,SEF41H,6,341,90
9,FSFC1H,6,114,95
11,EEFG9UQX,6,249,94
9,SEF41,6,341,81
9,HGF82QQD,6,321,65
12,PPF41Q2G,6,GYM2,97
11,PPF41Q2G,6,GYM2,100
11,PPF41Q3G,6,GYM2,100
10,PPF41Q3G,6,GYM2,65
9,FSFC5,6,228,80
10,SCF41,6,139,77
9,PHF41Q3,6,107,80
9,PPF41Q2B,6,GYM3,100
10,HUF41HT,6,323,95
11,EEFG9UQX,6,249,94
10,HFF41HW,6,329B,96
9,FSFC5H,6,125,90
9,FSFC5,6,125,80
12,PPF41Q2G,6,GYM1,95
9,MEF41,6,205,65
12,EEFGDUQX,6,347,92
9,SDF41H,6,247,95
11,SDF81UVT,6,332,95
9,FFFC1,6,111,65
9,PHF41H2,6,107,91
9,PPF41Q3B,6,GYM3,100
11,HQFC5TH,6,315,94
12,MKF41QQY,6,319,100
12,EEFGDUQV,6,204,99
10,SCF41H,6,138,91
9,HGF82QTD,6,313,55
11,SEF41,6,113,68
10,FLFC5H,6,121,93
11,UEFG5,6,B27,86
9,EEFG1QWB,6,350,86
9,HGF82QGD,6,313,76
12,PPF41Q2G,6,GYM2,85
10,UEFG5,6,B27,86
9,PHF41Q2,6,107,65
9,PPF41Q3B,6,GYM3,65
9,FMFC5,6,115,77
10,FMFC5H,6,115,92
10,PPF41Q2G,6,GYM2,90
10,PPF41Q3G,6,GYM2,90
10,MRF41H,6,225,99
10,EEFG9UQX,6,249,98
11,FKFC5H,6,124,96
10,SCF41,6,139,65
12,HFF41,6,311,45
9,EEFG1HB,6,334B,90
12,EEFGDUQX,6,347,88
9,SCF41,6,138,89
10,FKFC5H,6,124,91
10,EEFG5HG,6,336,90
11,SDF81UVT,6,332,82
12,PPF41Q2G,6,GYM2,100
11,PPF41Q2G,6,GYM2,88
11,PQF41Q3Y,6,251,100
10,SCF41,6,138,89
10,HUF41QG,6,323,85
9,EEFG1QB,6,334B,65
12,FSF41UQX,6,123,70
10,HUF41H,6,221,91
9,SLF85QG,6,229,82
9,PPF41Q2B,6,GYM3,70
9,PPF41Q3B,6,GYM3,65
10,PPF41Q2G,6,GYM2,100
10,HUF41HG,6,323,92
11,HFF41QW,6,329B,77
10,EEFG5,6,223,88
10,SCF41,6,139,84
12,ULFC9TP,6,B39,85
9,PHF41Q2,6,107,86
9,PPF41Q3B,6,GYM3,100
11,FSFC5,6,228,80
10,EEFG5H,6,223,90
12,PPF41Q3B,6,GYM3,95
11,PPF41Q2G,6,GYM1,95
11,PPF41Q3G,6,GYM2,97
11,PPF41Q3B,6,GYM3,85
10,SCF41,6,138,85
12,PQF41Q2Y,6,251,100
12,PQF41Q3Y,6,251,100
9,SDF41,6,247,86
9,MEF82QTD,6,203,72
9,FJFC1,6,126,84
9,HFF41,6,311,45
12,PQF41Q2Y,6,251,100
12,PQF41Q3Y,6,251,100
11,FSFC5,6,125,77
11,PPF41Q2G,6,GYM1,70
10,FKFC5,6,124,80
11,EEFGDQG,6,246,79
10,HUF41H,6,221,92
11,SPF41H,6,238,90
12,FKFC9H,6,124,94
10,HUF41QG,6,323,87
10,FSFC9,6,116,76
9,PPF41Q3G,6,GYM1,90
10,FKFC5,6,124,78
9,EEFGD,6,349,85
11,PPF41Q3B,6,GYM3,75
9,HGF81HQD,6,324,90
9,MEF82QGD,6,203,71
11,FKFC5H,6,124,97
9,HGF81QQD,6,324,75
10,FKFC9,6,124,45
12,PPF41Q2G,6,GYM1,95
10,UEFG5H,6,B27,97
9,FSFC1,6,114,45
10,HUF41QG,6,323,67
10,SEF41,6,113,78
11,PPF41Q3G,6,GYM2,100
10,SCF41QT,6,141,73
11,EEFG9UQX,6,249,97
10,PPF41Q2G,6,GYM1,45
9,SLF85QT,6,229,71
10,HUF41,6,211,78
10,HQF41QQY,6,317,99
9,EEFGDQF,6,346,79
10,EEFG5,6,146,66
9,FFFC1,6,111,81
12,PPF41Q2G,6,GYM2,90
11,SEF41,6,113,74
11,SEF41,6,341,84
11,SEF41,6,341,89
12,PPF41Q2G,6,GYM2,65
10,EEFG5H,6,146,93
9,HGF82QQD,6,321,65
10,EEFG5,6,223,89
11,PPF41Q2G,6,GYM2,90
10,FSFC5,6,125,45
12,EEFGDUQX,6,347,88
9,MEF41,6,205,65
10,HUF41,6,211,82
11,EEFGDUQJ,6,348,85
12,PPF41Q2G,6,GYM2,100
11,AUFC5UAT,6,232,92
12,EEFGDUQX,6,347,78
11,FSFC5,6,125,77
9,SDF41H,6,247,97
11,PPF41Q2G,6,GYM1,85
10,FKFC9H,6,124,99
12,PPF41Q2B,6,GYM3,70
10,SCF41H,6,138,100
12,EEFGDUQX,6,347,70
12,PPF41Q2G,6,GYM2,83
12,PPF41Q2B,6,GYM3,90
12,PPF41Q3B,6,GYM3,85
9,HGF82HQD,6,321,90
9,FJFC1,6,126,83
12,PPF41Q3B,6,GYM3,70
10,PPF41Q2B,6,GYM3,90
10,PPF41Q3B,6,GYM3,90
11,EEFG9,6,250,73
10,HFF41,6,311,72
10,FMFC5H,6,115,94
9,FSFC1,6,114,81
11,MRF41H,6,225,91
9,HGF82QQD,6,314,55
9,SEF41,6,341,73
11,EEFGDUQJ,6,348,70
12,PPF41Q2G,6,GYM1,95
10,EEFGDHF,6,346,91
10,FJFC1,6,126,65
10,MRF41H,6,225,91
10,UEFG5H,6,B27,92
10,PPF41Q3G,6,GYM2,100
9,HGF82HQD,6,321,92
11,PPF41Q2G,6,GYM2,55
11,HUF41,6,211,70
11,PPF41Q3B,6,GYM3,100
9,PHF41H2,6,107,95
9,PPF41Q3G,6,GYM1,98
11,ULFC9TP,6,B39,84
11,EEFGDUQJ,6,348,70
9,FJFC1,6,126,89
10,EEFG5,6,146,65
12,PPF41Q2G,6,GYM1,95
11,SEF41,6,341,84
11,SDF81UVT,6,332,93
11,PPF41Q2B,6,GYM3,90
9,FFFC1,6,111,65
10,FSFC9,6,116,88
10,UEFG5,6,B27,88
10,EEFGDUQJ,6,348,70
10,FSFC9,6,116,65
9,HGF82QWD,6,333,65
10,MRF41H,6,225,95
10,UEFG5,6,B27,86
9,MEF81QGD,6,103,70
9,PHF41H3,6,107,92
10,EEFG5,6,146,89
11,PPF41Q2G,6,GYM2,85
9,PPF41Q2B,6,GYM3,55
9,MEF81QTD,6,103,82
10,EEFG5,6,146,84
11,FLFC5,6,121,45
9,FFFC1,6,111,78
9,SLF85QG,6,229,87
9,HGF81QTD,6,325,70
9,SLF41,6,331,86
11,MRF41H,6,225,93
10,SHFC3TM,6,122,91
9,HGF81QTD,6,325,65
11,EEFGD,6,349,85
12,FSF41UQX,6,123,85
10,UEFG5H,6,B27,95
12,PPF41Q2B,6,GYM3,70
10,ULFC9TP,6,B39,82
10,HUF41,6,211,81
10,SCF41HG,6,141,97
10,FSFC5,6,125,89
11,PPF41Q2B,6,GYM3,45
10,PPF41Q2B,6,GYM3,90
10,PPF41Q3B,6,GYM3,90
11,EEFGDUQJ,6,348,70
9,FSFC5,6,228,85
9,SHFC3TM,6,122,85
12,PQF41Q3Y,6,251,100
10,FLFC5H,6,121,97
10,HQFC1TH,6,326,65
11,PPF41Q2G,6,GYM1,45
11,MRF41,6,225,85
9,SLF41H,6,331,97
9,MEF41QT,6,105,65
10,FLFC5H,6,121,96
9,HGF81HQD,6,316,97
9,PPF41Q3B,6,GYM3,100
9,HGF81QQD,6,324,80
10,SHFC3TM,6,122,100
11,EEFG9,6,250,86
9,MEF41QT,6,105,70
9,PHF41H3,6,107,95
9,PPF41Q2G,6,GYM2,100
9,HGF82QQD,6,321,78
10,HFF41,6,311,86
11,HFF41,6,311,80
11,EEFGDUQV,6,204,82
12,ULFC9TP,6,B39,84
12,PPF41Q2B,6,GYM3,65
11,EEFG9,6,250,89
11,EEFGDUQJ,6,348,70
10,SCF41,6,138,82
10,HQFC1TH,6,326,90
9,FSFC5,6,228,85
11,PPF41Q3G,6,GYM1,90
9,HGF82QQD,6,314,82
9,HGF82QWD,6,333,70
9,EEFG1QWB,6,350,85
12,PPF41Q2B,6,GYM3,100
10,HFF41H,6,311,90
11,PPF41Q2B,6,GYM3,90
11,PPF41Q3B,6,GYM3,75
10,HUF41H,6,221,93
12,FSF41UQX,6,123,65
10,SEF41,6,113,45
10,UEFG5H,6,B27,90
11,SPF41,6,231,88
9,FSFC1,6,114,75
12,EEFGDUQV,6,204,90
9,MEF41QT,6,105,55
10,UEFG5H,6,B27,94
11,AUFC5UAT,6,232,83
11,SEF41,6,113,83
9,EEFG1QB,6,334B,87
10,AUFC5UAT,6,232,83
10,EEFG5HG,6,336,91
12,EEFGDUQV,6,204,91
11,SDF81UVT,6,332,94
9,FSFC1,6,114,73
9,HGF81QQD,6,316,87
10,UEFG5H,6,B27,98
9,EEFG1QWB,6,350,75
9,PPF41Q2B,6,GYM3,95
9,PPF41Q3B,6,GYM3,90
9,PPF41Q2G,6,GYM2,70
9,PPF41Q3G,6,GYM2,65
9,HUF41QT,6,323,65
10,SEF41H,6,341,90
9,SHFC3TM,6,122,90
11,HQFC5TH,6,315,85
9,HGF81QQD,6,324,70
10,UEFG5,6,B27,85
11,EEFG9H,6,250,94
12,FSF41UQX,6,123,90
12,SBF41UQX,6,338,79
11,EEFGDUQJ,6,348,75
10,FSFC5,6,228,55
9,PHF41Q2,6,107,81
9,PPF41Q3B,6,GYM3,90
11,FSFC5,6,228,70
11,EEFGDUQJ,6,348,91
10,HQFC1TH,6,326,92
10,FMFC5,6,215,55
9,HGF81QQD,6,316,79
10,EEFG9,6,250,69
12,PQF41Q2Y,6,251,100
9,PPF41Q2G,6,GYM1,80
9,PPF41Q3G,6,GYM1,70
11,SEF41,6,113,74
9,SDF41,6,247,86
11,PPF41Q2G,6,GYM2,97
11,PPF41Q3G,6,GYM2,93
10,FMFC5H,6,115,93
12,EQF41QQY,6,328A,95
9,EEFG9,6,250,45
10,UEFG5H,6,B27,95
11,SEF41H,6,341,90
11,EEFG9,6,250,88
12,EEFGDUQX,6,347,75
10,MRF41H,6,225,92
11,HQFC5TH,6,315,89
12,PPF41Q2B,6,GYM3,85
10,EEFGDQF,6,346,87
12,PPF41Q2B,6,GYM3,90
11,EEFG9,6,250,82
9,HGF81HTD,6,325,93
12,SBF41UQX,6,338,96
11,EEFGD,6,349,81
9,PPF41Q3G,6,GYM1,95
11,PPF41Q3B,6,GYM3,90
9,MEF41,6,205,65
9,FSFC5,6,228,80
10,SCF41,6,138,82
9,HGF81QQD,6,316,76
11,FSFC9H,6,116,99
11,SHFC7TM,6,248,90
10,SEF41,6,113,65
10,HUF41HG,6,323,91
9,SLF41,6,331,55
9,PPF41Q2G,6,GYM2,97
9,PPF41Q3G,6,GYM1,90
11,HTF41X,6,334A,88
9,SDF41,6,247,74
9,EEFG1QB,6,334B,65
9,HGF81QTD,6,325,65
11,EEFGD,6,349,71
9,MEF81QGD,6,103,65
9,MEF41,6,205,55
10,FMFC5H,6,215,97
12,SPF41,6,238,85
10,FMFC5H,6,215,100
11,HQFC5TH,6,315,76
10,PPF41Q3G,6,GYM1,90
11,FKFC5H,6,124,92
12,PQF41Q2Y,6,251,100
9,FJFC1H,6,126,97
10,EEFG5H,6,146,93
11,FSFC5,6,125,82
ST,HGF81HGD,6,325,92
9,EEFG5QW,6,330,82
10,PPF41Q3B,6,GYM3,90
11,EEFGDQG,6,246,80
9,EEFG5HG,6,336,90
11,SCF41,6,138,69
11,EEFGDUQJ,6,348,80
9,MEF81QTD,6,103,65
10,SHFC7TM,6,248,65
11,SBF41UQX,6,338,89
10,FMFC5,6,215,78
11,EEFGDQT,6,246,83
10,HGF81QGD,6,325,86
11,EEFG9UQX,6,249,93
11,EEFGDUQX,6,347,80
12,SBF41UQX,6,338,90
11,EEFGDUQV,6,204,92
10,HQFC1TH,6,326,85
9,FLFC5,6,121,84
10,SEF41,6,341,86
9,FMFC5H,6,215,100
9,SLF85QG,6,229,73
12,PPF41Q2B,6,GYM3,90
11,SDF81UVT,6,332,97
11,HQFC5TH,6,315,85
10,HQFC1TH,6,326,91
12,PPF41Q2G,6,GYM1,95
9,FFFC1,6,111,82
9,PPF41Q2G,6,GYM2,75
9,PPF41Q3B,6,GYM3,70
11,AUFC5UAT,6,232,70
10,PPF41Q3G,6,GYM2,100
12,EEFGDUQV,6,204,91
10,FLFC5H,6,121,97
9,EEFGDHF,6,346,90
10,MRF41H,6,225,99
10,FSFC9H,6,116,99
11,AUFC5UAT,6,232,97
12,ULFC9TP,6,B39,85
9,MEF41QG,6,105,87
11,PPF41Q2B,6,GYM3,100
11,PPF41Q3B,6,GYM3,90
12,EEFGDUQJ,6,348,90
10,HQFC1TH,6,326,85
9,SLF41,6,331,67
11,PPF41Q2B,6,GYM3,90
9,MEF81QTD,6,103,70
11,SHFC7TM,6,248,80
11,SBF41UQX,6,338,95
10,EEFG5QG,6,336,88
11,SPF41H,6,238,95
11,FMFC5H,6,115,97
11,FMFC5H,6,215,100
9,PHF41Q2,6,107,65
9,PPF41Q3B,6,GYM3,90
12,PPF41Q2G,6,GYM2,100
10,SCF41,6,139,87
9,PPF41Q2G,6,GYM1,95
9,PPF41Q3G,6,GYM2,100
9,MEF81QGD,6,103,55
10,FLFC5,6,121,80
10,SCF41,6,139,55
11,SPF41H,6,238,95
11,HUF41,6,211,80
11,EEFGDUQJ,6,348,95
10,FMFC5H,6,115,99
9,MEF41HG,6,105,100
12,PPF41Q2G,6,GYM1,95
10,PPF41Q2G,6,GYM1,95
10,PPF41Q3G,6,GYM2,100
9,HGF82HGD,6,313,96
10,EEFG5QT,6,336,86
12,SQF41QQY,6,233,65
11,EEFGDH,6,349,94
11,HQFC5TH,6,315,89
12,PPF41Q2B,6,GYM3,90
10,SCF41,6,139,75
11,EEFGDUQJ,6,348,55
11,EEFGDQG,6,246,89
9,PPF41Q2G,6,GYM1,95
9,PPF41Q3G,6,GYM2,100
10,HUF41,6,221,86
9,HGF81QQD,6,316,78
11,EEFG9H,6,250,95
11,HTF41X,6,334A,91
12,EEFGDUQX,6,347,75
10,EEFG5H,6,146,91
12,MKF41QQY,6,319,75
12,FQF41QQY,6,216B,100
10,SPF41,6,231,88
9,FSFC1,6,114,70
11,EEFGDUQJ,6,348,75
12,EEFGDUQX,6,347,82
9,EEFG1QB,6,334B,75
9,HGF82QQD,6,314,89
11,SPF41H,6,231,93
10,FMFC5H,6,215,100
11,SPF41,6,231,87
11,HQFC5TH,6,315,89
10,HFF41,6,311,82
9,HGF81HQD,6,316,90
11,SCF41QG,6,141,70
10,HUF41,6,211,86
10,FMFC5H,6,115,94
11,FMFC5,6,215,87
10,EEFGDQF,6,346,82
11,PPF41Q2G,6,GYM1,95
9,PHF41H3,6,107,93
9,PPF41Q2B,6,GYM3,90
10,SCF41H,6,138,100
11,HQFC5TH,6,315,78
9,SHFC3TM,6,122,85
10,SCF41,6,138,65
10,FMFC5H,6,115,95
11,HTF41X,6,334A,88
12,EQF41QQY,6,328A,100
11,ULFC9TP,6,B39,88
10,HQFC1TH,6,326,92
11,SLF85QG,6,229,85
12,FSF41UQX,6,123,65
10,AUFC5UAT,6,232,90
10,HQFC1TH,6,326,94
9,HGF81QTD,6,325,81
10,PPF41Q2G,6,GYM2,85
11,EEFGDUQV,6,204,85
9,SEF41,6,341,45
9,EEFGDQF,6,346,86
11,SPF41H,6,238,95
11,EEFG9H,6,250,90
11,HQFC5TH,6,315,85
10,SHFC3TM,6,122,100
10,HUF41H,6,221,96
11,EEFGD,6,349,70
10,EEFG5QG,6,336,85
9,HGF82QQD,6,321,72
10,EEFG5HG,6,336,90
9,HGF81QQD,6,316,88
10,EEFG5QT,6,336,85
12,PPF41Q2G,6,GYM2,65
11,SDF81UVT,6,332,91
9,HGF81HQD,6,324,98
10,EEFGDQF,6,346,76
10,SLF41,6,331,76
10,SCF41,6,139,55
9,SLF41,6,331,65
9,PPF41Q2B,6,GYM3,100
9,PPF41Q3B,6,GYM3,90
9,MEF41,6,205,75
10,EEFG5,6,146,89
10,HUF41HG,6,323,95
9,PHF41Q3,6,107,83
9,PPF41Q2G,6,GYM2,100
11,EEFGDUQV,6,204,98
11,HFF41H,6,311,93
11,EEFGD,6,349,73
9,SDF41H,6,247,92
9,FJFC1H,6,126,99
10,SCF41H,6,139,90
12,PPF41Q3B,6,GYM3,90
10,MRF41,6,225,88
9,FJFC1H,6,126,97
10,SCF41,6,138,80
9,SDF41,6,247,87
10,MRF41H,6,225,93
12,SQF41QQY,6,233,100
12,EEFGDUQX,6,347,82
9,HGF81HQD,6,316,91
10,HUF41,6,211,45
11,EEFGD,6,349,85
9,EEFGDQF,6,346,84
9,HGF82QGD,6,313,70
9,SDF41,6,247,85
10,EEFG5,6,146,85
9,HGF81QQD,6,324,65
9,FKFC1,7,124,85
9,MGF41HQF,7,107,93
10,HUF41QT,7,313,72
9,SEF41,7,341,80
9,SLF41,7,332,75
10,SCF41,7,141,45
11,SPF41H,7,238,90
9,PPF41Q3G,7,GYM2,68
9,PPF41Q3B,7,GYM3,65
11,PPF41Q2G,7,GYM2,97
10,FLFC9,7,121,45
9,MEF82QGD,7,103,55
10,HGF82QGD,7,325,45
9,HGF81QF,7,250,85
9,HGF81QF,7,250,83
10,SWF41QT,7,231,86
9,FSFC5H,7,125,90
10,EEFG5,7,249,65
10,MRF41QQF,7,104,65
10,MGF41,7,203,65
9,AWF81,7,222,81
9,AWF81H,7,222,94
9,MEF41,7,219,86
11,MRF41QQF,7,104,65
12,MPF41UQS,7,205,85
9,MEF81QGD,7,211,69
12,SBF41UQX,7,338,96
9,HUF41,7,228,45
11,HQFC5TH,7,315,100
10,PPF41Q2B,7,GYM3,95
9,PPF41Q2B,7,GYM3,65
9,PWF41Q3B,7,POOL,55
10,HFF41,7,314,45
11,PPF41Q2B,7,GYM3,100
11,PPF41Q3B,7,GYM3,90
11,PPF41Q3B,7,GYM3,100
12,MRF41,7,105,75
9,PHF41H3,7,B17,91
12,MQF41QQY,7,204A,100
9,PPF41Q3B,7,GYM3,55
9,PWF41Q2B,7,POOL,45
9,PPF41Q2B,7,GYM3,45
9,PPF41Q3B,7,GYM3,45
9,AWF81,7,222,75
9,AUFC1TA,7,204,95
10,HQFC1TH,7,326,87
12,PPF41Q2G,7,GYM2,94
9,AQF41UVT,7,206,75
10,HUF41,7,228,81
10,SWF41HG,7,231,92
10,HQFC1TH,7,326,86
11,AUFC1TA,7,204,55
10,MQF41QGF,7,106,89
11,SHFC7TM,7,248,80
9,PPF41Q3B,7,GYM3,90
9,MEF41H,7,219,92
9,SHF81H,7,331,93
9,HUF41QT,7,313,70
9,HGF82HQD,7,316,97
9,HGF82QQD,7,324,71
11,MPF41UQJ,7,207,88
11,MRF41,7,225,85
9,SLF41QGB,7,226,85
9,MEF41,7,219,65
11,FLFC9,7,121,65
9,HGF81QTD,7,311,65
12,PPF41Q2G,7,GYM2,94
9,HUF41,7,213,70
11,MKFC5UCT,7,108,65
9,SHFC1TM,7,149,87
9,SHF81H,7,331,93
10,SCF41,7,138,67
11,ULFC5TP,7,B39,83
9,SKF41QT,7,247,80
9,HGF81XHD,7,323,82
11,PPF41Q3G,7,GYM2,72
9,SHF81,7,331,80
11,MKFC5UCT,7,108,68
9,SLF41QGB,7,226,78
10,HQFC1TH,7,326,85
11,FMFC5,7,215,70
11,SKF41QT,7,247,73
9,HGF81QGD,7,311,72
9,PHF41Q3,7,B17,75
12,SBF41UQX,7,338,92
9,HGF81QF,7,250,78
12,PPF41Q2B,7,GYM3,100
9,SLF41HGB,7,226,99
9,HGF81QTD,7,311,86
10,MQF41QGF,7,106,89
11,MRF41QQF,7,104,65
9,PHF41Q3,7,B17,80
9,MEF82QGD,7,103,65
10,PPF41Q3B,7,GYM3,95
11,AUFC5UAT,7,232,78
12,ULFC5TP,7,B39,73
10,HUF41QT,7,313,74
9,MEF82QGD,7,103,55
11,PPF41Q2G,7,GYM2,95
11,PPF41Q3G,7,GYM2,94
9,SLF41QTB,7,226,65
10,PPF41Q2B,7,GYM3,85
10,PPF41Q3B,7,GYM3,90
11,SKF41HG,7,247,90
12,HFF41QG,7,330,77
9,HGF82QQD,7,324,71
10,SEF41,7,341,77
11,PPF41Q2G,7,GYM2,80
11,PPF41Q3G,7,GYM2,85
10,FSFC5,7,125,65
10,MGF41QTF,7,214,70
10,MGF41,7,203,84
11,MRF41QQF,7,104,65
9,MEF41HG,7,208,97
11,MQF41QTF,7,106,78
11,MPF41UQJ,7,207,92
10,SBF41UQX,7,338,85
10,PPF41Q2B,7,GYM3,100
10,PPF41Q3B,7,GYM3,100
11,MPF41UQJ,7,207,91
9,HGF81QTD,7,311,65
9,MEF82QGD,7,103,71
11,PPF41Q2G,7,GYM2,91
11,PPF41Q3G,7,GYM2,100
11,MKFC1TC,7,322,94
9,SLF41QB,7,229,81
10,MRF41,7,223,88
9,SHFC1TM,7,149,93
11,SHFC7TM,7,248,80
9,PHF41Q3,7,B17,80
11,SHFC7TM,7,248,80
11,MRF41,7,105,80
11,MRF41H,7,225,90
11,SKF41QG,7,247,80
11,MRF41,7,223,65
10,HFF41,7,314,88
9,HUF41,7,333,55
10,HUF41,7,228,85
10,AUFC1TA,7,204,94
11,MPF41UQJ,7,207,84
9,HGF82QQD,7,316,83
9,MRF41QQF,7,104,82
9,MQF41HGF,7,106,100
11,HQFC5TH,7,315,89
9,MEF82QGD,7,103,74
11,ULFC5TP,7,B39,96
9,PHF41H3,7,B17,93
9,PPF41Q2B,7,GYM3,90
12,PPF41Q2G,7,GYM2,75
11,AQF41UVT,7,206,94
12,MKF41QQY,7,319,100
11,PPF41Q2G,7,GYM2,90
9,MEF82QTD,7,103,65
10,HFF41,7,314,80
9,SLF41HGB,7,226,92
10,FMFC5,7,215,78
10,PPF41Q2G,7,GYM2,88
11,MQF41QTF,7,106,86
9,MEF41,7,219,67
9,HUF41QG,7,313,70
11,SWF41QG,7,231,89
11,SEF41,7,341,85
9,MEF41,7,219,80
9,FSFC5,7,125,89
9,FSFC1H,7,114,90
10,MGF41HGF,7,214,95
11,SWF41QG,7,231,84
11,HUF41H,7,333,95
10,FSFC9H,7,123,92
9,EEFG5QW,7,350,68
11,MKFC5UCT,7,108,45
9,PHF41Q3,7,B17,74
9,PPF41Q2B,7,GYM3,95
9,HGF82QQD,7,316,71
9,HGF82QQD,7,324,65
10,HUF41,7,228,85
9,MEF81QGD,7,211,80
12,SHFC7TM,7,248,80
9,MEF41QG,7,208,70
12,PPF41Q2G,7,GYM2,85
10,HUF41,7,228,85
11,MPF41UQJ,7,207,93
9,SLF41QB,7,229,86
10,MRF41,7,223,55
11,PPF41Q3B,7,GYM3,80
10,HGF85HF,7,321,92
11,SWF41QT,7,231,83
9,MEF81QWD,7,328B,66
10,HFF41QG,7,330,89
9,SHF81,7,331,81
10,AQF41UVT,7,206,97
9,EEFG5,7,249,72
11,MRF41QQF,7,104,70
10,MRF41,7,225,70
11,PPF41Q2G,7,GYM2,97
11,PPF41Q3G,7,GYM2,85
12,SPF41H,7,238,90
9,SHF81H,7,331,98
11,MQF41HTF,7,106,90
10,SKF41HG,7,247,90
12,HQF41QQY,7,317,95
9,MEF41QT,7,208,72
10,FSFC9H,7,123,100
9,SLF41H,7,332,94
10,MRF41H,7,225,90
9,AWF81,7,222,85
10,SKF41QT,7,247,71
9,SLF41QGB,7,226,88
10,PPF41Q3B,7,GYM3,85
9,HFF41QT,7,330,65
11,MGF41QQF,7,107,65
11,ULFC5TP,7,B39,86
12,SHFC7TM,7,248,90
12,SPF41H,7,238,90
9,MEF41QT,7,208,45
11,AUFC5UAT,7,232,76
11,PPF41Q2G,7,GYM2,85
11,PPF41Q3G,7,GYM2,85
11,MEF41HG,7,208,92
9,HGF82QQD,7,316,79
9,SKF41QT,7,247,68
10,PPF41Q2B,7,GYM3,90
10,PPF41Q3B,7,GYM3,95
12,SBF41UQX,7,338,76
10,PPF41Q3B,7,GYM3,75
10,PWF41Q2B,7,POOL,85
9,SLF41QTB,7,226,69
9,MEF82HGD,7,103,90
10,FSFC1,7,114,75
11,MKFC1TC,7,322,87
9,SHFC1TM,7,149,65
10,HQFC1TH,7,326,93
9,SLF41,7,332,85
9,EEFG1QB,7,349,80
9,PHF41Q2,7,B17,70
9,PPF41Q3B,7,GYM3,65
9,PHF41H2,7,B17,97
9,PPF41Q3B,7,GYM3,100
9,HUF41,7,333,45
9,PHF41Q3,7,B17,87
9,HGF81QF,7,250,65
10,SCF41,7,138,68
10,HFF41QT,7,330,68
10,FMF41X,7,115,93
9,HGF81XHD,7,323,55
12,MKF41QQY,7,319,100
11,FLFC9,7,121,45
11,SWF41HG,7,231,90
9,MEF81QWD,7,328B,55
9,PHF41Q3,7,B17,65
9,MEF81HGD,7,211,97
10,AQF41UVT,7,206,83
9,MQF41QWF,7,221,75
9,FSFC1,7,114,84
12,MPF41UQS,7,205,75
12,HFF41QG,7,330,86
10,PPF41Q3B,7,GYM3,85
11,HGF85QF,7,321,55
9,EEFG5QW,7,350,82
9,HUF41QT,7,313,88
10,AQF41UVT,7,206,92
9,EEFG1QB,7,349,81
10,MRF41,7,225,85
9,HFF41,7,314,77
9,MEF81HWD,7,328B,91
9,PPF41Q2B,7,GYM3,45
9,PPF41Q3B,7,GYM3,45
10,AQF41UVT,7,206,76
10,SWF41QT,7,231,88
10,SCF41,7,138,88
11,FMF41X,7,115,86
11,PPF41Q3B,7,GYM3,65
11,PWF41Q2B,7,POOL,85
9,MEF82QGD,7,103,77
11,SHFC7TM,7,248,90
11,SWF41QG,7,231,87
11,SCF41,7,138,55
12,SBF41UQX,7,338,80
11,HFF41,7,314,83
9,MEF82QGD,7,103,55
10,PPF41Q2G,7,GYM2,100
10,PPF41Q3G,7,GYM2,100
10,MGF41,7,203,79
10,PPF41Q3G,7,GYM2,45
9,HGF82QQD,7,324,85
11,MRF41,7,223,55
10,HUF41,7,213,80
9,HGF81QTD,7,311,79
12,MGF41QTF,7,214,70
9,SLF41,7,332,65
9,HUF41,7,228,72
11,PWF41Q3B,7,POOL,90
9,SLF41QTB,7,226,67
9,PHF41Q3,7,B17,74
9,PPF41Q2B,7,GYM3,90
10,HFF41,7,314,86
10,HUF41H,7,333,93
9,MGF41QTF,7,214,45
11,ULFC5TP,7,B39,72
9,HFF41QT,7,330,81
9,FSFC5,7,125,87
9,AWF81,7,222,75
10,HGF82QTD,7,325,65
10,PPF41Q2G,7,GYM2,45
10,PPF41Q3G,7,GYM2,55
9,MEF81QWD,7,328B,66
9,PHF41H2,7,B17,92
9,PPF41Q3G,7,GYM2,100
9,SEF41,7,341,76
12,FMF41X,7,115,94
9,SHFC1TM,7,149,97
9,FSFC1,7,114,72
11,SPF41,7,238,80
9,MQF41QGF,7,106,66
9,HGF81QTD,7,311,65
12,MPF41UQJ,7,207,70
9,PPF41Q3G,7,GYM2,85
10,MGF41QGF,7,214,72
10,MGF41,7,203,80
11,FSFC9,7,123,85
10,FMFC5H,7,215,100
10,EEFG5H,7,249,95
9,HUF41,7,213,71
12,FMFC9,7,116,72
9,EEFG1QB,7,349,81
11,SEF41,7,341,87
9,MEF81HGD,7,211,91
11,SKF41QT,7,247,84
11,HFF41QG,7,330,65
9,PHF41H3,7,B17,91
9,PPF41Q2B,7,GYM3,100
9,SLF41QGB,7,226,76
9,HGF82QTD,7,325,80
10,MKFC1TC,7,322,79
10,FMFC5H,7,215,97
11,MPF41UQJ,7,207,82
11,MRF41,7,105,85
10,AQF41UVT,7,206,91
10,AQF41UVT,7,206,90
10,AQF41UVT,7,206,90
10,AUFC1TA,7,204,98
9,MGF41,7,203,72
10,HUF41,7,333,85
10,HUF41QT,7,313,65
11,MRF41,7,105,65
11,HFF41,7,314,83
12,PPF41Q2G,7,GYM2,90
11,FLFC9H,7,121,93
12,FQF41QQY,7,216B,100
9,PHF41Q3,7,B17,65
9,PPF41Q2B,7,GYM3,90
11,PPF41Q3G,7,GYM2,80
9,PHF41H2,7,B17,97
9,PPF41Q3G,7,GYM2,97
11,SHFC7TM,7,248,80
12,FMFC9,7,116,45
10,AUFC5UAT,7,232,92
10,PPF41Q2G,7,GYM2,100
10,PPF41Q3G,7,GYM2,100
10,SCF41,7,138,83
11,SBF41UQX,7,338,90
9,HGF82QQD,7,316,89
9,MGF41,7,203,79
11,MRF41,7,223,55
11,SCF41H,7,141,91
11,MRF41QQF,7,104,85
11,FMFC9H,7,116,95
12,FKFC1,7,124,88
11,MKFC5UCT,7,108,75
11,MKFC5UCT,7,108,78
12,SBF41UQX,7,338,95
10,HFF41HG,7,330,92
9,PHF41Q2,7,B17,65
9,PPF41Q3B,7,GYM3,65
10,HUF41QW,7,329B,88
11,SEF41,7,341,88
12,FMFC9H,7,116,94
9,HGF82QQD,7,324,82
10,MKFC1TC,7,322,83
10,MRF41,7,105,80
11,PPF41Q3B,7,GYM3,75
11,PWF41Q2B,7,POOL,92
12,FMF41X,7,115,96
9,HGF81XHD,7,323,80
11,MRF41,7,223,65
10,EEFG5,7,249,86
11,MKFC5UCT,7,108,80
9,EEFG1QB,7,349,77
12,FMF41X,7,115,95
10,AQF41UVT,7,206,99
10,FMF41X,7,115,96
9,EEFG1QB,7,349,79
11,FQF41QQY,7,216B,100
9,SLF41H,7,332,93
9,MEF41H,7,219,90
10,EEFG5,7,249,71
9,HGF82HQD,7,324,95
10,HGF85QF,7,321,83
11,FMFC5H,7,215,92
9,MEF41HG,7,208,97
10,SCF41,7,138,75
10,MGF41HQF,7,107,92
10,FMFC5H,7,111,98
12,MPF41UQS,7,205,90
9,SLF41,7,332,80
9,MQF41QGF,7,106,75
11,FMFC9H,7,116,98
9,HGF81XHD,7,323,95
9,HGF81HF,7,250,93
12,SBF41UQX,7,338,85
11,MRF41H,7,105,90
9,SLF41,7,332,88
11,SPF41H,7,238,100
11,HQFC5TH,7,315,95
11,FLFC9H,7,121,99
10,HQFC1TH,7,326,92
11,FMFC5H,7,215,99
10,AQF41UVT,7,206,92
11,MQF41QGF,7,106,86
12,SBF41UQX,7,338,93
12,MPF41UQS,7,205,85
11,MPF41UQJ,7,207,93
10,HFF41QG,7,330,85
9,EEFG1HB,7,349,92
9,MEF41H,7,219,94
10,HQFC1TH,7,326,93
9,SLF41HB,7,229,90
9,SLF41,7,332,65
9,AWF81,7,222,80
10,HUF41,7,228,76
11,HQFC5TH,7,315,93
11,MRF41,7,223,65
9,FKFC1,7,124,84
11,HQFC5TH,7,315,97
9,FKFC1H,7,124,93
10,PPF41Q2B,7,GYM3,90
10,PWF41Q3B,7,POOL,90
9,SLF41QB,7,229,87
9,HGF82QQD,7,316,82
10,AUFC1TA,7,204,77
11,ULFC5TP,7,B39,94
10,PPF41Q2B,7,GYM3,90
10,PWF41Q3B,7,POOL,90
9,HGF82QQD,7,316,83
11,HQFC1TH,7,326,68
12,MPF41UQS,7,205,92
12,MQF41QQY,7,204A,100
9,FKFC1H,7,124,97
10,MRF41,7,223,80
10,HUF41QG,7,313,70
10,EEFG5,7,249,65
11,HQFC5TH,7,315,98
12,HQF41QQY,7,317,99
12,PPF41Q2G,7,GYM2,100
10,MGF41QQF,7,107,81
9,HGF81XHD,7,323,90
11,ULFC5TP,7,B39,83
9,AWF81,7,222,76
11,PPF41Q2B,7,GYM3,55
10,HUF41H,7,333,93
12,PPF41Q2G,7,GYM2,95
10,SWF41QT,7,231,65
10,EEFG5QW,7,350,78
9,MEF81QWD,7,328B,87
10,MKFC1TC,7,322,89
9,AUFC1TA,7,204,87
9,AWF81,7,222,75
9,HGF82QTD,7,325,65
12,SHFC7TM,7,248,80
9,HGF81QGD,7,311,72
10,SCF41,7,138,73
12,MQF41QQY,7,204A,100
10,ULFC5TP,7,B39,45
12,FLFC9,7,121,65
9,HGF82QQD,7,324,55
12,MPF41UQS,7,205,85
9,AWF81,7,222,78
11,PPF41Q3B,7,GYM3,100
9,PQF41Q2Y,7,251,100
9,PQF41Q3Y,7,251,100
9,PPF41Q2B,7,GYM3,65
11,PPF41Q2G,7,GYM2,94
11,PPF41Q3G,7,GYM2,84
9,MGF41,7,203,71
9,MEF82QTD,7,103,55
10,SCF41H,7,141,94
11,FSFC5,7,125,87
11,PPF41Q2B,7,GYM3,55
10,SCF41,7,138,69
10,HUF41,7,213,80
9,SHF81,7,331,84
9,PHF41Q2,7,B17,87
9,PPF41Q3B,7,GYM3,95
10,HFF41,7,314,84
10,HGF82QGD,7,325,85
11,SHFC7TM,7,248,70
12,MPF41UQS,7,205,73
9,PPF41Q3B,7,GYM3,70
9,MEF81QGD,7,211,81
11,PPF41Q2B,7,GYM3,90
11,PWF41Q3B,7,POOL,92
10,HUF41H,7,228,90
11,SCF41,7,141,71
11,PPF41Q3G,7,GYM2,70
9,PHF41Q2,7,B17,86
9,PPF41Q3B,7,GYM3,95
10,HUF41QT,7,313,74
10,HFF41QT,7,330,75
9,MQF41QWF,7,221,70
12,FQF41QQY,7,216B,100
11,AUFC1TA,7,204,89
11,ULFC5TP,7,B39,96
9,MGF41,7,203,55
12,AWF81,7,222,87
12,SHFC7TM,7,248,95
10,SCF41,7,141,78
9,HGF81QTD,7,311,45
9,HGF82QTD,7,325,71
11,FSFC9,7,123,85
10,MGF41QQF,7,107,55
11,SEF41,7,341,70
9,MEF41HG,7,208,97
9,FKFC1,7,124,73
10,ULFC5TP,7,B39,79
10,PPF41Q3G,7,GYM2,45
11,MPF41UQJ,7,207,94
10,HUF41,7,228,77
10,EEFG5QW,7,350,84
12,SBF41UQX,7,338,93
12,SBF41UQX,7,338,78
9,SLF41,7,332,55
10,SCF41,7,138,80
11,AUFC5UAT,7,232,65
10,MGF41QTF,7,214,86
10,PPF41Q3B,7,GYM3,55
10,HFF41QT,7,330,73
11,AUFC5UAT,7,232,82
9,MEF81QWD,7,328B,45
9,HGF82HQD,7,324,95
9,SHFC1TM,7,149,91
10,MQF41QTF,7,106,69
10,AQF41UVT,7,206,95
ST,HUF41QG,7,313,70
9,PHF41Q2,7,B17,86
9,PPF41Q3B,7,GYM3,90
10,MKFC1TC,7,322,55
9,PHF41Q2,7,B17,70
9,PPF41Q3B,7,GYM3,90
9,MEF82QTD,7,103,73
10,FSFC1,7,114,79
10,SEF41,7,341,84
11,MKFC1TC,7,322,77
11,MRF41,7,225,55
10,FSFC9,7,123,70
12,PPF41Q2G,7,GYM2,90
9,MEF81QTD,7,211,55
10,EEFG5HW,7,350,90
9,AWF81,7,222,80
9,HGF81QGD,7,311,81
9,SLF41QTB,7,226,68
10,AQF41UVT,7,206,96
9,HGF81XHD,7,323,90
11,SPF41H,7,238,100
11,HFF41,7,314,69
9,AWF81,7,222,87
11,FSFC9H,7,123,95
11,AUFC5UAT,7,232,76
9,MGF41,7,203,55
12,PPF41Q2B,7,GYM3,75
9,MEF41HT,7,208,90
9,SLF41QTB,7,226,71
10,AUFC1TA,7,204,55
9,HUF41QW,7,329B,75
11,MRF41,7,223,65
9,HGF81QTD,7,311,70
9,EEFG1QB,7,349,83
11,FLFC9,7,121,81
10,FSFC1H,7,114,90
11,AUFC5UAT,7,232,93
10,MGF41QQF,7,107,88
11,MPF41UQJ,7,207,98
9,SLF41H,7,332,99
11,FMF41X,7,115,89
12,PPF41Q3B,7,GYM3,80
12,PWF41Q2B,7,POOL,92
9,HGF81XHD,7,323,84
10,SCF41H,7,141,90
10,MPF41UQJ,7,207,97
10,MGF41,7,203,55
9,EEFG5,7,249,65
12,HFF41QG,7,330,65
9,MEF81QWD,7,328B,78
11,SPF41,7,238,73
9,HGF81QTD,7,311,55
11,SEF41,7,341,77
9,HGF82QQD,7,316,65
10,MGF41QTF,7,214,83
9,PPF41Q3B,7,GYM3,65
9,SLF41,7,332,86
9,HGF81HF,7,250,90
10,SKF41HG,7,247,93
12,PPF41Q2G,7,GYM2,67
9,EEFG1QB,7,349,73
10,AQF41UVT,7,206,95
9,SHFC1TM,7,149,81
9,AWF81,7,222,83
9,SHF81,7,331,86
9,MEF41,7,219,88
9,SKF41QG,7,247,87
10,HFF41QG,7,330,65
11,SKF41QG,7,247,82
10,MRF41,7,223,77
9,HGF81QGD,7,311,87
11,MRF41,7,105,70
12,HQF41QQY,7,317,99
9,AWF81,7,222,65
10,HUF41,7,333,80
9,EEFG1HB,7,349,93
11,MPF41UQJ,7,207,84
11,MGF41QQF,7,107,65
10,SCF41,7,138,89
12,MPF41UQS,7,205,72
12,HQFC5TH,7,315,97
9,MGF41,7,203,55
12,PPF41Q3B,7,GYM3,100
11,PPF41Q2G,7,GYM2,100
11,PPF41Q3G,7,GYM2,97
9,SHFC1TM,7,149,65
9,MEF81QTD,7,211,65
9,SLF41H,7,332,90
12,PPF41Q2G,7,GYM2,100
10,HFF41,7,314,83
10,FMFC5,7,111,88
11,MRF41QQF,7,104,65
11,SHFC7TM,7,248,85
9,AWF81,7,222,76
11,PWF41Q3B,7,POOL,80
9,MEF82QGD,7,103,87
9,HUF41QW,7,329B,45
10,HUF41HG,7,313,92
9,HGF82QQD,7,324,88
10,EEFG5,7,249,65
9,HGF81QF,7,250,45
9,PWF41Q3B,7,POOL,65
10,SWF41HG,7,231,91
11,HFF41,7,314,87
9,FSFC1H,7,114,92
9,EEFG1HB,7,349,91
12,PPF41Q2G,7,GYM2,94
9,HGF82QTD,7,325,71
10,SCF41,7,141,65
9,HGF81XHD,7,323,78
10,FMFC5,7,111,85
11,HQFC5TH,7,315,90
9,MEF41,7,219,65
9,HGF81QF,7,250,67
9,PPF41Q2B,7,GYM3,70
9,PPF41Q3B,7,GYM3,70
9,SHF81,7,331,84
9,EEFG1HB,7,349,91
9,HGF81XHD,7,323,86
9,PPF41Q2G,7,GYM2,100
9,MEF81QWD,7,328B,81
10,SCF41,7,138,76
10,FMFC9H,7,116,90
12,SQF41QQY,7,233,100
12,FMFC9H,7,116,98
11,HQFC5TH,7,315,97
9,MEF41,7,219,68
9,SHFC1TM,7,149,90
9,PHF41Q2,7,B17,81
9,PPF41Q3G,7,GYM2,65
12,PPF41Q2B,7,GYM3,100
9,SHF81H,7,331,96
10,MRF41H,7,105,97
10,FMFC5,7,215,55
9,HGF82HQD,7,316,93
9,SLF41QB,7,229,83
10,HFF41HG,7,330,92
9,HGF81XHD,7,323,80
10,SEF41,7,341,78
9,FSFC1,7,114,79
9,MEF82QTD,7,103,65
9,MGF41,7,203,81
10,HUF41QW,7,329B,70
9,MEF41,7,219,76
10,EEFG5,7,249,75
9,SHF81H,7,331,95
12,PPF41Q2B,7,GYM3,90
9,SHFC1TM,7,149,96
10,SLF41,7,332,66
9,SHFC1TM,7,149,82
10,FSFC9,7,123,80
11,MQF41QGF,7,106,73
10,AUFC1TA,7,204,70
10,MGF41QTF,7,214,75
10,HUF41QT,7,313,65
12,PPF41Q3G,7,GYM2,100
9,MGF41,7,203,73
11,HFF41QG,7,330,86
9,SEF41,7,341,70
9,HGF85QF,7,321,55
9,PPF41Q3B,7,GYM3,80
10,MGF41QTF,7,214,67
10,FMFC5,7,111,89
11,HQFC5TH,7,315,97
9,EEFG1QB,7,349,84
9,MEF41QG,7,208,78
10,MGF41QQF,7,107,79
10,EEFG5QW,7,350,72
10,AUFC1TA,7,204,95
9,MQF41QWF,7,221,83
11,FSFC1H,7,114,93
9,HGF82QQD,7,324,75
9,MQF41QWF,7,221,65
9,MGF41,7,203,80
9,SLF41QTB,7,226,65
10,EEFG5,7,249,65
9,MEF41HG,7,208,92
10,HGF81HF,7,250,90
9,PHF41H3,7,B17,94
9,PPF41Q2G,7,GYM2,100
11,MRF41QQF,7,104,70
9,MEF41HG,7,208,90
9,HUF41,7,213,86
10,HUF41QG,7,313,83
11,HQFC5TH,7,315,93
9,MEF81QGD,7,211,66
9,PHF41Q3,7,B17,65
9,PPF41Q2B,7,GYM3,90
10,FMF41X,7,115,91
9,FSFC5,7,125,86
12,FMFC9H,7,116,99
10,MRF41,7,223,85
11,MKFC5UCT,7,108,75
9,MEF81QTD,7,211,65
12,PPF41Q2B,7,GYM3,100
10,MGF41,7,203,55
9,MEF82QGD,7,103,88
10,MGF41,7,203,73
12,SHFC7TM,7,248,55
9,AWF81,7,222,74
10,PPF41Q3B,7,GYM3,55
9,FSFC5,7,125,83
10,HQFC1TH,7,326,88
9,SLF41QTB,7,226,77
10,EEFG5QW,7,350,55
10,HUF41H,7,213,95
9,MEF81QWD,7,328B,65
10,HUF41,7,228,80
11,FSFC5,7,125,88
11,SEF41H,7,341,93
11,HQFC5TH,7,315,98
10,SCF41H,7,138,90
11,FSFC5,7,125,75
11,MPF41UQS,7,205,75
9,SLF41QB,7,229,75
9,AWF81,7,222,79
12,SBF41UQX,7,338,91
11,AUFC1TA,7,204,76
11,SEF41H,7,341,94
10,EEFG5QW,7,350,77
10,HUF41QT,7,313,65
11,HQFC5TH,7,315,95
12,MPF41UQS,7,205,88
9,PPF41Q3B,7,GYM3,85
9,PWF41Q2B,7,POOL,75
11,MKFC1TC,7,322,94
11,MKFC5UCT,7,108,70
10,FMFC5H,7,215,92
10,HUF41,7,228,75
9,PHF41H2,7,B17,94
9,PPF41Q3G,7,GYM2,100
10,PPF41Q2B,7,GYM3,100
10,PPF41Q3B,7,GYM3,100
9,MGF41H,7,203,93
11,HFF41H,7,314,91
11,MRF41,7,105,82
11,FSFC9H,7,123,98
ST,HGF82QGD,7,325,80
10,HQFC1TH,7,326,91
11,FSFC5,7,125,84
9,HUF41QW,7,329B,55
11,MPF41UQJ,7,207,55
11,MPF41UQS,7,205,72
11,FSFC9,7,123,88
11,ULFC5TP,7,B39,90
9,EEFG1QB,7,349,68
9,SHFC1TM,7,149,81
9,AWF81,7,222,76
9,HGF82QQD,7,324,88
9,EEFG1QB,7,349,86
11,HQFC5TH,7,315,80
11,MKFC5UCT,7,108,73
9,PHF41Q3,7,B17,65
9,PPF41Q2B,7,GYM3,65
11,HQFC5TH,7,315,93
11,MPF41UQJ,7,207,86
9,FSFC1,7,114,65
10,HQFC1TH,7,326,89
10,HUF41H,7,333,98
10,FSFC9,7,123,88
9,PHF41Q3,7,B17,85
9,PPF41Q2G,7,GYM2,95
10,SCF41,7,138,73
11,FMFC9H,7,116,95
11,SPF41H,7,238,100
10,EEFG5,7,249,74
9,HGF82QQD,7,316,84
10,SCF41H,7,141,91
11,FLFC9,7,121,70
11,FLFC9H,7,121,90
12,MPF41UQS,7,205,88
10,HUF41,7,333,85
9,MEF81QWD,7,328B,65
9,SLF41HGB,7,226,94
9,SHF81H,7,331,96
9,MEF81QTD,7,211,75
11,MKFC5UCT,7,108,85
9,PHF41Q2,7,B17,65
9,PPF41Q3G,7,GYM2,85
12,SPF41H,7,238,95
11,ULFC5TP,7,B39,91
10,PPF41Q2G,7,GYM2,70
11,PPF41Q2B,7,GYM3,80
10,EEFG5QW,7,350,68
9,AWF81,7,222,85
10,SCF41,7,138,73
9,MEF81QTD,7,211,75
11,PPF41Q2G,7,GYM2,66
11,HQFC5TH,7,315,88
11,PPF41Q2G,7,GYM2,85
11,PPF41Q3G,7,GYM2,90
12,PPF41Q2B,7,GYM3,80
11,ULFC5TP,7,B39,91
9,MEF82QGD,7,103,88
10,SWF41HG,7,231,93
10,FMFC5H,7,215,93
9,SHFC1TM,7,149,88
11,AUFC1TA,7,204,84
9,HGF82QGD,7,325,80
11,PPF41Q3G,7,GYM2,82
12,MRF41QQF,7,104,65
10,FMFC5,7,215,84
11,MRF41H,7,105,92
9,SHF81H,7,331,96
12,PPF41Q2B,7,GYM3,90
10,HUF41HG,7,313,91
10,FLFC9,7,121,65
9,HGF81QGD,7,311,85
10,PPF41Q3G,7,GYM2,95
9,PPF41Q2G,7,GYM2,55
9,PPF41Q3G,7,GYM2,55
10,SWF41QT,7,231,70
11,MQF41QTF,7,106,87
10,SCF41H,7,141,92
9,SLF41,7,332,88
9,PPF41Q3B,7,GYM3,45
9,HFF41QG,7,330,65
9,MGF41,7,203,79
12,SPF41,7,238,85
10,HGF82QGD,7,325,82
10,PPF41Q3B,7,GYM3,70
10,MGF41QQF,7,107,68
10,HUF41QT,7,313,86
10,FMFC5H,7,111,99
12,MPF41UQS,7,205,87
11,FMFC9H,7,116,99
10,FMFC5H,7,111,90
10,HGF85QF,7,321,65
9,PHF41H3,7,B17,94
9,PPF41Q2G,7,GYM2,100
9,HGF81HGD,7,311,90
9,HGF81QGD,7,311,84
9,EEFG1QB,7,349,69
10,FMFC5,7,111,84
9,HUF41,7,213,89
11,MQF41QTF,7,106,77
10,HQFC1TH,7,326,83
9,SCF41,7,141,85
11,HFF41QT,7,330,65
11,ULFC5TP,7,B39,82
11,SEF41,7,341,83
9,PHF41Q3,7,B17,66
9,PPF41Q2B,7,GYM3,95
10,PPF41Q2B,7,GYM3,65
10,PPF41Q3B,7,GYM3,65
10,MRF41,7,223,67
11,ULFC5TP,7,B39,89
9,HGF82QGD,7,325,70
10,HUF41,7,333,65
10,PPF41Q2G,7,GYM2,45
10,FMFC5,7,111,75
10,MKFC1TC,7,322,90
11,AUFC1TA,7,204,93
10,HUF41,7,213,88
9,SHFC1TM,7,149,74
11,MGF41,7,203,45
9,PHF41Q2,7,B17,82
9,PPF41Q3G,7,GYM2,100
10,MRF41H,7,225,99
12,PWF41Q2B,7,POOL,92
9,PPF41Q2G,7,GYM2,100
9,PPF41Q3G,7,GYM2,97
9,PWF41Q2B,7,POOL,65
10,SLF41,7,332,85
12,PPF41Q2G,7,GYM2,100
9,SLF41,7,332,67
12,SQF41QQY,7,233,100
10,MRF41,7,223,55
9,HGF81HGD,7,311,92
10,AQF41UVT,7,206,91
11,MKFC5UCT,7,108,65
10,HUF41QG,7,313,85
9,FKFC1,7,124,76
10,HGF85HF,7,321,100
11,ULFC5TP,7,B39,90
ST,HUF41QG,7,313,75
12,PPF41Q3B,7,GYM3,90
12,MPF41UQJ,7,207,88
11,HQFC5TH,7,315,87
9,AWF81H,7,222,94
9,FMFC5,7,215,73
9,HGF81QGD,7,311,87
11,PPF41Q3B,7,GYM3,90
11,PWF41Q2B,7,POOL,90
9,MEF41H,7,219,94
9,HGF82QQD,7,316,85
10,FMFC5H,7,215,91
10,MRF41,7,223,65
10,MQF41QGF,7,106,65
10,FSFC9,7,123,82
10,FMFC5,7,111,89
10,MRF41,7,225,85
11,MKFC5UCT,7,108,78
10,FMFC5,7,215,78
12,SQF41QQY,7,233,65
11,MPF41UQJ,7,207,94
10,SCF41,7,141,82
11,SBF41UQX,7,338,70
10,HUF41,7,333,85
10,MKFC1TC,7,322,75
9,SLF41HB,7,229,94
10,FSFC1H,7,114,93
11,FMFC9H,7,116,100
10,HGF85QF,7,321,79
10,PWF41Q2B,7,POOL,92
10,PWF41Q3B,7,POOL,90
9,FSFC5H,7,125,90
9,FKFC1H,7,124,96
10,AUFC1TA,7,204,89
9,PHF41H3,7,B17,94
9,PPF41Q2B,7,GYM3,100
11,MRF41,7,225,87
10,HUF41,7,213,45
10,PWF41Q2B,7,POOL,92
10,PWF41Q3B,7,POOL,85
9,FKFC1H,7,124,93
12,SBF41UQX,7,338,86
9,MEF41H,7,219,90
11,MRF41,7,223,87
12,PQF41Q2Y,7,251,100
12,PQF41Q3Y,7,251,100
9,MGF41QQF,7,107,84
12,MPF41UQS,7,205,68
10,MGF41QTF,7,214,89
10,FMFC5H,7,111,90
10,HGF85QF,7,321,83
9,SLF41QTB,7,226,65
11,FMFC5H,7,111,94
10,MRF41QQF,7,104,80
10,PWF41Q2B,7,POOL,90
10,HUF41H,7,213,100
11,FMFC5H,7,215,100
11,MGF41QGF,7,214,80
9,PPF41Q2B,7,GYM3,100
9,PPF41Q3B,7,GYM3,95
9,MQF41HWF,7,221,90
9,SLF41QB,7,229,82
10,HUF41,7,213,77
12,PPF41Q2G,7,GYM2,100
9,FSFC5,7,125,81
9,HGF82QQD,7,324,83
9,SHFC1TM,7,149,81
9,HGF81XHD,7,323,80
11,SEF41H,7,341,90
10,MGF41HGF,7,214,98
9,AWF81,7,222,84
11,FLFC9,7,121,65
9,HGF82QGD,7,325,70
9,HGF82QTD,7,325,73
12,PPF41Q2B,7,GYM3,85
11,MQF41QGF,7,106,65
9,PPF41Q3G,7,GYM2,94
11,MGF41QQF,7,107,55
10,HGF85HF,7,321,92
11,SBF41UQX,7,338,88
10,HUF41H,7,213,98
11,ULFC5TP,7,B39,92
9,HFF41,7,314,73
10,MRF41,7,105,70
10,SEF41,7,341,86
9,MGF41QQF,7,107,55
11,MRF41HQF,7,104,90
9,HGF82QQD,7,316,79
10,SCF41,7,141,81
12,MPF41UQS,7,205,84
12,PPF41Q2B,7,GYM3,90
10,HUF41,7,333,85
12,PPF41Q2B,7,GYM3,90
10,SCF41H,7,141,92
9,SLF41QB,7,229,70
11,HFF41,7,314,88
10,SCF41H,7,141,97
9,MGF41,7,203,85
11,HFF41HG,7,330,90
9,SLF41QTB,7,226,79
10,HFF41,7,314,84
10,FSFC9H,7,123,90
12,FMF41X,7,115,88
9,MEF41HT,7,208,95
10,MRF41,7,225,85
10,FMFC5H,7,111,98
11,FMFC5H,7,215,100
10,MKFC5UCT,7,108,55
10,HQFC1TH,7,326,90
10,MQF41QGF,7,106,82
11,SPF41H,7,238,100
9,HGF81QTD,7,311,86
9,PHF41H3,7,B17,94
9,PPF41Q2G,7,GYM2,80
9,HGF82QQD,7,324,55
9,PHF41H2,7,B17,94
9,PPF41Q3B,7,GYM3,100
9,PPF41Q3B,7,GYM3,55
11,HQFC5TH,7,315,82
9,FMFC9,7,116,65
11,MPF41UQJ,7,207,95
10,MRF41,7,105,82
11,SEF41,7,341,87
10,MGF41,7,203,55
9,SHF81H,7,331,95
10,HQFC1TH,7,326,85
9,PPF41Q2G,7,GYM2,85
9,PPF41Q3G,7,GYM2,85
10,HQFC1TH,7,326,93
9,PHF41Q3,7,B17,89
9,PPF41Q2G,7,GYM2,100
10,SWF41HG,7,231,91
9,PPF41Q2G,7,GYM2,100
9,PPF41Q3G,7,GYM2,94
10,PPF41Q2B,7,GYM3,45
10,PPF41Q3B,7,GYM3,65
9,HGF82QGD,7,325,45
10,MRF41,7,105,83
9,PPF41Q2B,7,GYM3,100
9,PPF41Q3B,7,GYM3,100
10,SPF41H,7,238,90
11,PPF41Q2B,7,GYM3,65
10,MKFC1TC,7,322,84
9,SEF41,7,341,72
10,AQF41UVT,7,206,86
12,MQF41QQY,7,204A,100
12,SBF41UQX,7,338,93
11,MPF41UQJ,7,207,76
9,HGF81XHD,7,323,84
11,MKFC5UCT,7,108,83
11,FLFC9H,7,121,100
11,AUFC5UAT,7,232,83
10,SWF41QT,7,231,88
10,MRF41QQF,7,104,70
9,SLF41HB,7,229,90
9,FSFC5,7,125,83
9,MGF41QQF,7,107,73
9,AUFC1TA,7,204,45
12,PQF41Q2Y,7,251,100
12,PQF41Q3Y,7,251,100
11,PPF41Q2G,7,GYM2,97
11,PPF41Q3G,7,GYM2,87
11,FLFC9,7,121,70
10,HUF41H,7,228,98
11,PPF41Q3G,7,GYM2,95
9,SLF41QB,7,229,78
10,MRF41H,7,225,99
12,HFF41H,7,314,94
9,FKFC1H,7,124,93
11,SHFC7TM,7,248,65
10,HFF41,7,314,88
10,HUF41,7,333,65
12,SHFC7TM,7,248,90
12,PPF41Q2B,7,GYM3,90
11,MKFC1TC,7,322,100
10,MRF41H,7,225,90
11,SHFC7TM,7,248,90
10,SPF41H,7,238,95
12,PWF41Q2B,7,POOL,90
12,PWF41Q3B,7,POOL,90
9,MEF81QGD,7,211,85
9,PHF41H3,7,B17,93
9,PPF41Q2G,7,GYM2,100
10,MKFC1TC,7,322,93
11,SPF41,7,238,78
11,FSFC9,7,123,85
10,PPF41Q2G,7,GYM2,100
10,PPF41Q3G,7,GYM2,100
10,EEFG5H,7,249,98
9,MEF81QWD,7,328B,87
10,SWF41HG,7,231,91
9,HGF81XHD,7,323,90
10,EEFG5,7,249,89
12,PPF41Q2G,7,GYM2,95
11,SKF41HG,7,247,90
11,SHFC7TM,7,248,90
9,SHFC1TM,7,149,89
11,FSFC5,7,125,85
9,SHF81H,7,331,96
11,MKFC5UCT,7,108,80
9,SHF81H,7,331,90
9,FMFC5,7,111,82
9,HGF82QQD,7,324,80
9,MEF81QGD,7,211,67
9,MEF81QTD,7,211,82
10,SWF41QT,7,231,82
12,PPF41Q2G,7,GYM2,79
12,MPF41UQS,7,205,66
9,SHFC1TM,7,149,90
11,SPF41H,7,238,90
ST,HUF41QG,7,313,74
10,MGF41QQF,7,107,55
9,FKFC1H,7,124,93
12,PPF41Q2B,7,GYM3,100
12,PPF41Q2G,7,GYM2,95
11,PPF41Q2G,7,GYM2,65
11,PPF41Q3G,7,GYM2,65
9,HGF85QF,7,321,68
10,PPF41Q2B,7,GYM3,45
10,PPF41Q3B,7,GYM3,45
11,SPF41H,7,238,95
9,EEFG1QB,7,349,80
10,HUF41H,7,213,95
10,HUF41,7,228,80
10,FKFC1H,7,124,100
10,HUF41,7,213,72
12,SBF41UQX,7,338,89
9,HGF81XHD,7,323,75
9,SLF41QGB,7,226,80
11,PPF41Q3G,7,GYM2,94
11,FLFC9H,7,121,100
11,MKFC5UCT,7,108,70
10,MGF41QGF,7,214,83
9,FKFC1H,7,124,93
9,MEF41,7,219,83
10,FKFC1H,7,124,99
9,MEF41,7,219,89
10,HQFC1TH,7,326,85
12,SBF41UQX,7,338,90
11,MKFC5UCT,7,108,70
11,HFF41QG,7,330,78
10,AQF41UVT,7,206,84
11,MRF41QQF,7,104,82
11,MRF41H,7,225,96
10,MRF41,7,225,85
9,HGF81XHD,7,323,92
11,MQF41QTF,7,106,88
11,ULFC5TP,7,B39,86
10,HUF41H,7,213,100
9,MKFC1TC,7,322,71
9,HUF41QW,7,329B,75
11,SHFC7TM,7,248,80
11,HFF41QG,7,330,88
9,PHF41H3,7,B17,100
9,PPF41Q2G,7,GYM2,100
9,FSFC5,7,125,87
10,SWF41HG,7,231,92
10,PHF41H3,7,B17,97
10,PPF41Q2G,7,GYM2,100
9,SLF41QGB,7,226,70
11,HQFC5TH,7,315,90
9,PHF41H3,7,B17,97
9,PPF41Q2G,7,GYM2,100
10,FMFC5H,7,111,92
10,FMFC5H,7,215,100
9,HGF81XHD,7,323,78
9,HGF81XHD,7,323,84
12,PPF41Q2B,7,GYM3,90
11,PPF41Q3B,7,GYM3,100
11,PPF41Q2B,7,GYM3,100
11,PPF41Q3B,7,GYM3,85
9,EEFG1QB,7,349,74
11,MPF41UQJ,7,207,87
10,MKFC1TC,7,322,98
10,FMFC5H,7,111,90
9,HGF82QQD,7,324,80
10,HUF41H,7,333,94
9,PHF41H3,7,B17,94
9,PPF41Q2G,7,GYM2,100
12,PPF41Q2G,7,GYM2,95
9,MEF41H,7,219,96
10,PWF41Q2B,7,POOL,92
10,PWF41Q3B,7,POOL,92
11,FSFC5,7,125,78
9,HGF81QGD,7,311,77
9,SHF81,7,331,87
11,MRF41,7,105,80
10,SWF41QT,7,231,87
12,HQF41QQY,7,317,99
11,MRF41,7,223,77
10,HUF41,7,333,84
9,HGF81QF,7,250,78
10,MRF41,7,223,84
9,PPF41Q2G,7,GYM2,55
9,PPF41Q3G,7,GYM2,55
9,EEFG1QB,7,349,65
10,HFF41QG,7,330,87
9,EEFG1QB,7,349,74
12,MPF41UQS,7,205,68
10,FSFC9H,7,123,96
11,ULFC5TP,7,B39,83
9,MEF82QGD,7,103,76
9,PHF41H2,7,B17,98
9,PPF41Q3G,7,GYM2,85
9,HFF41,7,314,78
10,SCF41,7,141,55
10,EEFG5,7,249,76
11,PPF41Q2G,7,GYM2,88
11,MRF41QQF,7,104,55
10,MGF41QQF,7,107,80
9,MEF82QTD,7,103,70
10,PPF41Q2B,7,GYM3,100
10,PWF41Q3B,7,POOL,90
11,MRF41H,7,225,94
10,AQF41UVT,7,206,89
10,SCF41,7,141,79
10,MRF41H,7,225,90
11,MQF41HGF,7,106,98
9,SLF41QB,7,229,77
11,SHFC7TM,7,248,85
10,SLF41QB,7,229,70
11,MRF41H,7,225,94
11,SPF41,7,238,85
9,SLF41H,7,332,94
10,MRF41QQF,7,104,65
10,MKFC1TC,7,322,87
12,PPF41Q2G,7,GYM2,90
9,FSFC1,7,114,83
10,MQF41QTF,7,106,74
9,PPF41Q3G,7,GYM2,55
9,MEF41QG,7,208,65
9,FKFC1H,7,124,96
10,PPF41Q2B,7,GYM3,100
10,PPF41Q3B,7,GYM3,100
10,EEFG5,7,249,68
9,FKFC1H,7,124,96
10,MRF41,7,225,75
12,SBF41UQX,7,338,93
9,SHF81,7,331,65
9,FKFC1H,7,124,99
11,FMFC5H,7,111,93
9,EEFG1QB,7,349,79
9,FSFC1,7,114,86
10,FMFC5,7,111,83
9,MEF81QGD,7,211,85
10,HUF41H,7,213,100
10,EEFG5H,7,249,95
11,MPF41UQJ,7,207,98
9,MEF41QT,7,208,68
11,PPF41Q2B,7,GYM3,70
11,PPF41Q3B,7,GYM3,70
10,SWF41QG,7,231,68
10,HUF41,7,213,79
11,PPF41Q2B,7,GYM3,70
11,PWF41Q3B,7,POOL,80
12,FMFC9,7,116,87
10,HUF41H,7,228,95
10,MRF41,7,105,86
9,HGF82HQD,7,324,90
9,MGF41QQF,7,107,65
9,SLF41H,7,332,95
10,MKFC1TC,7,322,93
10,PPF41Q3G,7,GYM2,100
10,PPF41Q2B,7,GYM3,100
10,PPF41Q3B,7,GYM3,100
10,PPF41Q2B,7,GYM3,100
10,PPF41Q3B,7,GYM3,90
9,SLF41,7,332,65
10,HGF85HF,7,321,95
10,FMFC5H,7,215,94
9,SLF41H,7,332,96
10,SCF41,7,141,69
10,FMFC5,7,215,77
11,PPF41Q3B,7,GYM3,100
10,AUFC5UAT,7,232,66
11,MPF41UQJ,7,207,90
10,PWF41Q2B,7,POOL,95
10,PWF41Q3B,7,POOL,93
11,FMF41X,7,115,94
9,PPF41Q2G,7,GYM2,100
9,PPF41Q3G,7,GYM2,100
10,MRF41,7,225,85
9,SKF41QT,7,247,68
10,HGF85HF,7,321,96
10,MKFC1TC,7,322,93
9,HGF82HQD,7,324,90
11,MQF41QGF,7,106,76
11,FSFC9H,7,123,90
11,HUF41H,7,228,94
9,HGF82HGD,7,325,92
10,AUFC5UAT,7,232,76
9,FKFC1H,7,124,95
9,FKFC1,7,124,88
11,MRF41,7,225,65
10,FMFC5H,7,111,92
10,HGF85HF,7,321,94
11,SPF41H,7,238,95
11,MRF41,7,223,55
9,HGF82QQD,7,316,65
12,MPF41UQS,7,205,68
10,SCF41,7,138,72
9,SHFC1TM,7,149,92
10,HGF85QF,7,321,80
9,HUF41,7,228,80
9,SWF41QG,7,231,78
12,SPF41H,7,238,95
10,HGF85QF,7,321,74
10,MQF41HGF,7,106,100
9,HGF82QTD,7,325,77
9,PHF41H2,7,B17,98
9,PPF41Q3G,7,GYM2,100
10,MKFC1TC,7,322,92
11,FMF41X,7,115,96
10,HGF85QF,7,321,89
9,PHF41H2,7,B17,99
9,PPF41Q3G,7,GYM2,100
11,FMFC5H,7,111,99
9,MEF41QT,7,208,68
10,HGF85HF,7,321,94
10,SCF41,7,141,67
10,HGF85QF,7,321,85
9,HGF82HQD,7,324,90
9,HGF81HF,7,250,97
10,MKFC1TC,7,322,100
9,EEFG1QB,7,349,86
9,HGF81HF,7,250,92
9,PHF41Q3,7,B17,89
9,PPF41Q2B,7,GYM3,90
11,FMFC5H,7,215,99
9,MEF41,7,219,70
11,SKF41QG,7,247,70
11,MRF41,7,223,88
12,FMFC9H,7,116,100
9,SLF41QGB,7,226,80
10,HUF41QG,7,313,85
11,SKF41QG,7,247,82
10,FSFC9H,7,123,95
9,HGF82QQD,7,316,75
9,MEF41,7,219,83
11,PPF41Q2B,7,GYM3,100
11,PPF41Q3B,7,GYM3,90
10,FMFC5H,7,215,96
11,FLFC9,7,121,87
10,MRF41,7,223,55
10,FSFC9H,7,123,93
10,MRF41H,7,223,92
9,MQF41QWF,7,221,75
9,SLF41H,7,332,99
12,MPF41UQS,7,205,88
10,SKF41QG,7,247,82
9,SLF41QB,7,229,65
9,HGF81QF,7,250,86
10,HGF85HF,7,321,94
11,FMF41X,7,115,98
11,FLFC9,7,121,75
12,SHFC7TM,7,248,90
10,SWF41QT,7,231,81
10,HUF41QW,7,329B,85
9,HGF81XHD,7,323,94
10,SCF41H,7,141,90
11,MQF41HGF,7,106,100
11,AQF41UVT,7,206,91
11,SPF41,7,238,84
9,SLF41QTB,7,226,77
12,FMF41X,7,115,98
10,PPF41Q2B,7,GYM3,90
10,PPF41Q3B,7,GYM3,100
10,HUF41,7,213,70
12,FSFC1,7,114,70
10,HUF41HG,7,313,91
9,MEF41QT,7,208,65
9,EEFG1QB,7,349,86
9,SHF81H,7,331,90
10,MGF41,7,203,67
10,AQF41UVT,7,206,90
9,HGF81QF,7,250,65
11,FSFC9,7,123,83
9,HGF82QQD,7,324,80
9,HGF82QQD,7,316,80
11,MRF41,7,223,72
9,EEFG1QB,7,349,75
9,HGF81HGD,7,311,100
10,HUF41H,7,228,95
12,AUFC5UAT,7,232,95
10,MRF41,7,105,85
11,PPF41Q2G,7,GYM2,100
11,PPF41Q3G,7,GYM2,100
11,PPF41Q2G,7,GYM2,85
11,PPF41Q3G,7,GYM2,99
10,HFF41,7,314,88
10,MGF41QGF,7,214,80
9,MEF41QT,7,208,45
12,HQF41QQY,7,317,99
10,AUFC1TA,7,204,97
11,MQF41HGF,7,106,91
10,FMFC5,7,215,55
9,MEF82QGD,7,103,84
9,HGF82HQD,7,316,91
9,HQFC1TH,7,326,87
10,SWF41QG,7,231,45
9,MEF81QWD,7,328B,55
11,FLFC9H,7,121,99
10,MGF41QTF,7,214,55
11,ULFC5TP,7,B39,89
12,FMF41X,7,115,95
11,FMF41X,7,115,96
10,PPF41Q2B,7,GYM3,90
10,PPF41Q3B,7,GYM3,85
9,PPF41Q2G,7,GYM2,100
9,PPF41Q3G,7,GYM2,100
9,PHF41Q3,7,B17,76
9,PPF41Q2B,7,GYM3,85
10,PPF41Q2G,7,GYM2,100
10,PPF41Q3G,7,GYM2,95
9,SWF41QG,7,231,86
10,MGF41QGF,7,214,88
10,PPF41Q2G,7,GYM2,100
10,PPF41Q3G,7,GYM2,97
10,PPF41Q3B,7,GYM3,65
12,SBF41UQX,7,338,96
9,HGF82QQD,7,324,85
11,PWF41Q3B,7,POOL,88
10,HQFC1TH,7,326,83
11,FLFC9,7,121,67
9,MEF41,7,219,65
11,PPF41Q2B,7,GYM3,95
11,PPF41Q3B,7,GYM3,90
11,SBF41UQX,7,338,92
9,SLF41QB,7,229,73
11,MRF41H,7,225,91
9,SLF41QTB,7,226,69
10,MEF41QG,7,208,81
11,AQF41UVT,7,206,85
11,PPF41Q2G,7,GYM2,93
11,PPF41Q3G,7,GYM2,91
9,MEF81QWD,7,328B,67
11,PPF41Q2B,7,GYM3,100
11,FLFC9H,7,121,94
9,SLF41,7,332,55
10,AUFC1TA,7,204,91
10,SHFC1TM,7,149,87
12,MPF41UQS,7,205,69
11,FMFC5,7,111,76
9,MEF81QGD,7,211,82
10,AUFC1TA,7,204,99
10,MRF41,7,223,65
11,MRF41,7,225,75
11,MRF41,7,225,65
12,PPF41Q2G,7,GYM2,90
9,PPF41Q2B,7,GYM3,85
9,PWF41Q3B,7,POOL,90
10,HUF41QG,7,313,82
11,FSFC5,7,125,71
9,FSFC5,7,125,77
12,PPF41Q2B,7,GYM3,95
12,PPF41Q2B,7,GYM3,95
9,PHF41H2,7,B17,94
9,PPF41Q3B,7,GYM3,85
11,AUFC5UAT,7,232,93
10,MRF41H,7,105,90
9,MQF41QWF,7,221,66
12,HFF41QT,7,330,72
11,HGF85QF,7,321,77
11,FSFC5,7,125,82
9,HUF41QW,7,329B,70
11,MKFC5UCT,7,108,80
9,HFF41,7,314,65
9,HGF82QQD,7,316,88
10,MRF41,7,105,55
12,SHFC7TM,7,248,80
10,SWF41QT,7,231,80
11,SHFC7TM,7,248,80
9,AWF81,7,222,82
12,PPF41Q2B,7,GYM3,80
9,MEF41,7,219,70
9,HGF82QQD,7,324,74
11,MKFC1TC,7,322,55
12,PPF41Q3B,7,GYM3,65
9,MQF41QWF,7,221,74
9,FSFC5,7,125,79
11,AUFC5UAT,7,232,68
10,PPF41Q2G,7,GYM2,85
10,PPF41Q3G,7,GYM2,80
9,SHF81H,7,331,100
9,HGF82QTD,7,325,75
9,PHF41H2,7,B17,92
9,PPF41Q3G,7,GYM2,90
10,MGF41QQF,7,107,79
9,SLF41QGB,7,226,55
10,SPF41,7,238,82
11,SKF41QT,7,247,78
9,PHF41Q2,7,B17,89
9,PPF41Q3B,7,GYM3,100
9,SHFC1TM,7,149,79
9,SLF41QB,7,229,76
11,PPF41Q2G,7,GYM2,100
11,PPF41Q3G,7,GYM2,100
12,FSFC9,7,123,82
9,HGF81QGD,7,311,87
11,PPF41Q2B,7,GYM3,95
11,PPF41Q3B,7,GYM3,85
9,SHF81H,7,331,91
10,ULFC5TP,7,B39,85
11,SPF41H,7,238,95
11,AUFC5UAT,7,232,90
11,AUFC5UAT,7,232,90
9,HGF82QGD,7,325,55
10,SEF41,7,341,89
10,FSFC9H,7,123,98
10,HGF85HF,7,321,91
11,PPF41Q2G,7,GYM2,45
10,HFF41QG,7,330,89
9,SLF41QGB,7,226,55
9,SLF41QB,7,229,72
11,MRF41,7,223,67
10,HFF41,7,314,80
11,PPF41Q2B,7,GYM3,100
11,PPF41Q3B,7,GYM3,80
9,SLF41QB,7,229,66
10,HQFC1TH,7,326,84
10,MGF41QGF,7,214,72
9,FSFC1,7,114,68
9,MEF82QTD,7,103,55
11,MKFC5UCT,7,108,70
9,FSFC1H,7,114,99
9,HGF82QQD,7,316,87
12,AWF81,7,222,81
10,PPF41Q2B,7,GYM3,65
10,PPF41Q3B,7,GYM3,65
11,AUFC5UAT,7,232,98
9,MQF41QQY,7,204A,45
12,SQF41QQY,7,233,100
11,PWF41Q3B,7,POOL,45
9,SLF41QB,7,229,88
9,SHF81H,7,331,92
11,MKFC5UCT,7,108,68
11,HFF41QG,7,330,84
11,MRF41HQF,7,104,90
9,SLF41QGB,7,226,55
12,PPF41Q2G,7,GYM2,100
9,SLF41QGB,7,226,55
10,HUF41,7,333,55
9,MEF81QWD,7,328B,55
10,HUF41,7,333,80
11,FLFC9,7,121,78
9,SEF41,7,341,88
9,PPF41Q3B,7,GYM3,70
12,PPF41Q2G,7,GYM2,95
9,PPF41Q3B,7,GYM3,90
11,SBF41UQX,7,338,78
11,MKFC5UCT,7,108,68
12,PPF41Q2G,7,GYM2,82
9,HUF41QW,7,329B,45
9,MEF81HGD,7,211,94
10,PPF41Q2B,7,GYM3,100
10,PWF41Q3B,7,POOL,90
11,SWF41QG,7,231,88
11,SHFC7TM,7,248,85
10,HUF41QG,7,313,72
10,EEFG5,7,249,65
12,PPF41Q2G,7,GYM2,100
12,PPF41Q2G,7,GYM2,88
10,MRF41,7,105,88
10,HQFC1TH,7,326,80
12,PQF41Q2Y,7,251,100
12,PQF41Q3Y,7,251,100
9,MEF81QGD,7,211,76
9,MEF81QTD,7,211,80
9,PPF41Q2G,7,GYM2,100
9,PPF41Q3G,7,GYM2,100
12,MRF41,7,105,55
11,PPF41Q3G,7,GYM2,87
10,MRF41,7,223,65
9,PHF41H3,7,B17,90
9,PPF41Q2B,7,GYM3,100
9,SHF81H,7,331,94
10,HGF85QF,7,321,77
11,AUFC5UAT,7,232,85
11,FSFC5,7,125,88
9,MEF82QGD,7,103,45
10,FSFC5,7,125,65
10,FMFC5,7,215,89
11,FSFC9H,7,123,90
11,SCF41,7,138,68
10,FSFC5,7,125,84
11,HUF41QG,7,313,45
11,ULFC5TP,7,B39,92
9,FSFC1,7,114,80
12,MPF41UQS,7,205,70
9,HGF81XHD,7,323,82
9,EEFG1QB,7,349,81
9,HGF81QGD,7,311,87
9,FKFC1,7,124,55
9,MEF41H,7,219,95
10,HGF81HF,7,250,90
9,SHF81H,7,331,91
9,HGF81QGD,7,311,89
10,MGF41QQF,7,107,76
12,PWF41Q2B,7,POOL,90
11,SEF41,7,341,88
10,EEFG5,7,249,81
9,SLF41QTB,7,226,73
11,HQFC5TH,7,315,85
11,PPF41Q3B,7,GYM3,70
11,PWF41Q2B,7,POOL,90
10,MKFC1TC,7,322,97
9,HGF81HGD,7,311,96
9,AWF81,7,222,73
11,MKFC5UCT,7,108,67
11,MQF41HGF,7,106,92
9,PPF41Q2B,7,GYM3,65
11,MKFC5UCT,7,108,73
9,SHF81,7,331,82
10,AQF41UVT,7,206,72
9,HGF81HGD,7,311,93
11,SKF41QG,7,247,85
10,MRF41,7,225,85
10,AUFC1TA,7,204,89
10,FMFC9H,7,116,100
10,HUF41H,7,333,90
9,SHFC1TM,7,149,88
10,HUF41H,7,228,98
9,SKF41QT,7,247,70
9,HUF41QG,7,313,87
12,PPF41Q2B,7,GYM3,65
11,SCF41,7,141,73
10,AQF41UVT,7,206,82
10,HFF41QT,7,330,71
10,PPF41Q3B,7,GYM3,80
11,HGF85QF,7,321,55
10,MRF41QQF,7,104,82
9,HGF82QQD,7,316,83
10,HUF41QT,7,313,77
9,EEFG5QW,7,350,68
11,MPF41UQJ,7,207,93
11,MRF41,7,223,83
9,SHFC1TM,7,149,85
9,AWF81H,7,222,97
10,HQFC1TH,7,326,95
9,SKF41QG,7,247,65
12,MPF41UQS,7,205,65
9,HGF82QQD,7,324,85
9,HUF41,7,228,88
12,MQF41QQY,7,204A,100
10,HQFC1TH,7,326,92
10,PPF41Q3B,7,GYM3,70
9,HGF82QQD,7,316,67
9,SEF41,7,341,75
9,HGF81HF,7,250,93
9,MGF41,7,203,66
9,HGF81XHD,7,323,87
9,MEF41HG,7,208,90
9,FMFC9,7,116,85
9,EEFG5QW,7,350,78
10,SCF41,7,141,83
11,MPF41UQJ,7,207,70
9,MEF41QG,7,208,85
9,HGF82QQD,7,316,85
11,MQF41QGF,7,106,82
9,HGF82QGD,7,325,80
11,SHFC7TM,7,248,65
10,HFF41QG,7,330,70
9,PHF41Q3,7,B17,81
9,PPF41Q2B,7,GYM3,80
9,SKF41QG,7,247,70
12,PPF41Q2B,7,GYM3,95
10,FSFC5,7,125,88
10,SEF41,7,341,77
10,MGF41HGF,7,214,90
9,FKFC1,7,124,67
9,MEF41H,7,219,98
11,HFF41,7,314,89
11,MRF41,7,223,55
9,SHFC1TM,7,149,80
11,MKFC5UCT,7,108,65
10,MGF41QGF,7,214,75
9,MEF81QGD,7,211,71
9,HGF85QF,7,321,65
9,SLF41QB,7,229,73
11,AUFC5UAT,7,232,89
9,MEF81QTD,7,211,67
10,HUF41QG,7,313,78
10,SCF41,7,141,82
11,SHFC7TM,7,248,75
9,HGF82QQD,7,324,70
10,HQFC1TH,7,326,94
9,SLF41QGB,7,226,83
9,MEF41QG,7,208,78
10,EEFG5H,7,249,90
9,HFF41,7,314,69
11,ULFC5TP,7,B39,94
9,HUF41,7,213,45
11,MKFC1TC,7,322,95
9,MEF41,7,219,76
9,HGF81XHD,7,323,84
9,HGF85QF,7,321,84
11,AUFC5UAT,7,232,91
11,MQF41HGF,7,106,100
9,PPF41Q2B,7,GYM3,80
9,PPF41Q3B,7,GYM3,75
9,MEF82QGD,7,103,80
10,SCF41,7,141,80
11,FLFC9,7,121,86
9,FKFC1,7,124,70
12,PPF41Q3B,7,GYM3,95
9,MEF41HG,7,208,91
9,SHFC1TM,7,149,85
11,HQFC5TH,7,315,85
10,HUF41H,7,333,95
10,MQF41QWF,7,221,79
9,AWF81H,7,222,96
10,HUF41H,7,228,96
10,FSFC9,7,123,88
11,MKFC1TC,7,322,100
12,SBF41UQX,7,338,90
9,PPF41Q3B,7,GYM3,55
9,HUF41,7,228,45
12,MPF41UQS,7,205,70
10,HUF41,7,213,88
10,FLFC9,7,121,55
11,MRF41H,7,105,92
10,EEFG5,7,249,81
10,SCF41,7,138,76
10,EEFG5,7,249,87
11,HQFC5TH,7,315,84
10,HUF41,7,228,88
9,PPF41Q2B,7,GYM3,70
9,PPF41Q3B,7,GYM3,65
11,SKF41QG,7,247,87
12,PPF41Q2G,7,GYM2,75
12,PPF41Q3G,7,GYM2,75
9,SLF41QTB,7,226,79
10,MQF41QGF,7,106,83
11,MKFC5UCT,7,108,67
9,EEFG5QW,7,350,70
9,HGF82QQD,7,316,69
10,PPF41Q3G,7,GYM2,90
11,MRF41QQF,7,104,55
9,SHFC1TM,7,149,73
11,AUFC5UAT,7,232,75
12,PPF41Q2G,7,GYM2,90
9,HUF41QG,7,313,71
10,HQFC1TH,7,326,88
9,MEF82QTD,7,103,76
10,SCF41,7,138,67
10,HQFC1TH,7,326,75
11,MRF41QQF,7,104,80
11,MQF41QGF,7,106,55
10,FSFC9H,7,123,98
9,PPF41Q3B,7,GYM3,70
11,AUFC5UAT,7,232,77
11,FLFC9,7,121,76
10,MEF41,7,219,65
9,MEF41QT,7,208,65
11,MGF41QQF,7,107,55
12,PPF41Q2B,7,GYM3,80
10,SCF41,7,138,55
11,HQF41QQY,7,317,99
10,SCF41,7,138,73
9,MEF81QWD,7,328B,55
9,MEF81QGD,7,211,76
12,SHFC7TM,7,248,85
10,MRF41H,7,105,95
11,FLFC9H,7,121,95
11,HQFC5TH,7,315,94
9,SLF41,7,332,55
9,SKF41QT,7,247,79
11,ULFC5TP,7,B39,91
10,MRF41,7,105,88
9,EEFG5,7,249,65
11,MRF41,7,105,75
9,HGF82QQD,7,324,65
11,MRF41,7,105,80
12,MPF41UQS,7,205,67
10,HUF41HW,7,329B,95
10,HQFC1TH,7,326,85
9,PPF41Q2B,7,GYM3,75
9,PPF41Q3B,7,GYM3,65
10,FMFC5H,7,111,98
9,HGF81HF,7,250,92
11,HQFC5TH,7,315,90
12,SBF41UQX,7,338,85
10,SWF41QT,7,231,85
10,SCF41H,7,138,92
9,SLF41QB,7,229,65
12,SBF41UQX,7,338,95
10,SEF41,7,341,82
10,HUF41,7,333,83
10,HUF41H,7,333,95
9,PHF41Q3,7,B17,68
9,HUF41QW,7,329B,80
9,EEFG5,7,249,65
11,SKF41HG,7,247,90
10,HUF41,7,333,87
9,HGF82QQD,7,316,89
9,EEFG5HW,7,350,90
9,MEF41,7,219,65
10,HFF41,7,314,75
9,HGF85QF,7,321,55
12,SHFC7TM,7,248,85
9,SHF81H,7,331,97
9,SHFC1TM,7,149,80
9,HGF81QTD,7,311,70
11,SHFC7TM,7,248,90
10,FSFC1,7,114,89
10,SCF41H,7,138,94
9,HGF81XHD,7,323,91
9,SHFC1TM,7,149,85
9,HGF82QQD,7,324,80
10,PPF41Q3B,7,GYM3,65
10,HGF82QGD,7,325,88
11,PPF41Q2B,7,GYM3,95
11,PPF41Q3B,7,GYM3,95
10,MGF41HGF,7,214,95
10,SCF41,7,138,74
10,HUF41,7,213,89
11,MKFC5UCT,7,108,80
10,HUF41H,7,228,90
9,AWF81,7,222,89
10,AQF41UVT,7,206,85
11,AUFC5UAT,7,232,84
9,PHF41H2,7,B17,98
9,PPF41Q3G,7,GYM2,100
9,AWF81H,7,222,97
10,SCF41H,7,138,99
10,HUF41,7,213,87
10,SCF41,7,141,65
ST,HGF82HGD,7,325,93
12,SCF41,7,141,72
9,HGF81HF,7,250,96
12,PPF41Q2G,7,GYM2,90
11,MRF41,7,225,70
10,HUF41H,7,228,94
10,FSFC9,7,123,85
11,FLFC9,7,121,87
11,AUFC5UAT,7,232,91
9,PWF41Q2B,7,POOL,95
9,PWF41Q3B,7,POOL,92
11,FMFC5,7,111,69
10,MRF41H,7,105,90
11,PPF41Q2G,7,GYM2,70
9,HGF82QQD,7,316,80
9,FMFC5,7,215,55
9,MEF82QGD,7,103,74
12,MPF41UQS,7,205,77
9,MEF81QGD,7,211,55
10,EEFG5,7,249,65
10,AQF41UVT,7,206,83
12,PPF41Q2G,7,GYM2,100
9,SLF41QB,7,229,65
9,MEF81QWD,7,328B,45
11,AQF41UVT,7,206,92
9,HGF81XHD,7,323,84
10,HUF41,7,213,78
9,PHF41H2,7,B17,98
9,PPF41Q3B,7,GYM3,95
10,SCF41,7,138,69
12,PWF41Q2B,7,POOL,65
12,AQF41QQY,7,216B,100
9,SLF41,7,332,84
10,EEFG5,7,249,75
9,MKFC1TC,7,322,55
11,ULFC5TP,7,B39,92
10,HUF41H,7,213,94
9,MEF41QG,7,208,72
9,HGF82QQD,7,324,87
9,MEF82QTD,7,103,45
11,MPF41UQJ,7,207,87
10,HQFC1TH,7,326,90
9,FSFC1,7,114,82
9,MEF81QTD,7,211,55
10,FMFC5H,7,111,99
10,HGF81HF,7,250,95
9,SHF81H,7,331,90
11,HQFC5TH,7,315,75
9,MEF81QTD,7,211,65
11,AUFC5UAT,7,232,83
11,MQF41QGF,7,106,83
10,MGF41QQF,7,107,77
12,PPF41Q2B,7,GYM3,90
11,FSFC9,7,123,65
11,MKFC5UCT,7,108,73
9,HUF41QT,7,313,80
9,MEF81QWD,7,328B,68
9,HGF81QTD,7,311,68
11,PWF41Q2B,7,POOL,98
11,PWF41Q3B,7,POOL,95
12,PPF41Q2B,7,GYM3,100
9,FKFC1,7,124,80
11,MQF41QWF,7,221,74
9,PHF41H2,7,B17,100
9,PPF41Q3G,7,GYM2,100
10,MRF41QQF,7,104,66
10,HUF41,7,213,87
11,PPF41Q2B,7,GYM3,95
10,MGF41QQF,7,107,81
10,MQF41QWF,7,221,85
10,MGF41QQF,7,107,45
10,HQFC1TH,7,326,96
9,FSFC1,7,114,83
9,MEF82QTD,7,103,70
10,PPF41Q3G,7,GYM2,91
9,HGF81QTD,7,311,45
11,FQF41QQY,7,216B,65
10,AUFC1TA,7,204,99
9,HGF81QF,7,250,83
10,HQFC5TH,7,315,72
9,FKFC1,7,124,86
10,HUF41,7,333,85
11,SEF41,7,341,86
9,MQF41QWF,7,221,65
11,SEF41,7,341,85
11,HFF41,7,314,89
12,SHFC7TM,7,248,65
9,MEF81QTD,7,211,65
10,FLFC9,7,121,55
11,MQF41QGF,7,106,45
11,PPF41Q2B,7,GYM3,65
11,PPF41Q3B,7,GYM3,65
9,FSFC1,7,114,82
9,MEF41QT,7,208,84
ST,HGF82QGD,7,325,70
12,MGF41,7,203,65
11,MRF41,7,225,88
10,MQF41QWF,7,221,66
10,MRF41HQF,7,104,90
11,SCF41,7,141,75
9,SHFC1TM,7,149,81
11,SHFC1TM,7,149,65
11,MRF41QQF,7,104,70
10,EEFG5H,7,249,93
9,MEF82QGD,7,103,65
9,SHFC1TM,7,149,84
12,SQF41QQY,7,233,100
10,SCF41H,7,141,90
11,AUFC5UAT,7,232,79
10,HUF41,7,213,72
11,FLFC9,7,121,65
11,SBF41UQX,7,338,82
9,HGF82QTD,7,325,86
9,PHF41Q3,7,B17,86
9,PPF41Q2B,7,GYM3,90
11,MQF41HTF,7,106,90
9,SLF41H,7,332,93
10,SEF41,7,341,83
9,SHFC1TM,7,149,88
9,MEF81QWD,7,328B,55
11,MPF41UQJ,7,207,94
9,HUF41,7,228,77
9,MEF41,7,219,68
12,SBF41UQX,7,338,90
11,PPF41Q3B,7,GYM3,70
9,SHF81,7,331,71
9,MEF41QT,7,208,76
11,FSFC1,7,114,65
10,MRF41,7,105,75
9,SLF41QB,7,229,65
10,HUF41H,7,333,90
9,PWF41Q2B,7,POOL,92
9,PWF41Q3B,7,POOL,88
9,PPF41Q2B,7,GYM3,65
9,PPF41Q3B,7,GYM3,45
9,SHF81,7,331,79
9,SLF41QTB,7,226,65
11,FSFC5H,7,125,98
9,HGF82QTD,7,325,86
10,MGF41QQF,7,107,45
10,FSFC1,7,114,81
10,HQFC1TH,7,326,87
9,MEF41,7,219,65
9,EEFG1QB,7,349,68
10,SWF41HG,7,231,90
10,MKFC1TC,7,322,87
10,PPF41Q2G,7,GYM2,100
10,MGF41QGF,7,214,83
11,HQFC5TH,7,315,90
12,MPF41UQS,7,205,90
9,EEFG1QB,7,349,84
10,MGF41QTF,7,214,78
9,HGF81XHD,7,323,87
10,PPF41Q2B,7,GYM3,70
10,PPF41Q3B,7,GYM3,65
11,SEF41,7,341,84
9,PPF41Q3G,7,GYM2,85
10,MRF41H,7,225,99
11,SEF41H,7,341,92
11,FSFC5H,7,125,95
11,MKFC1TC,7,322,100
10,MRF41,7,223,65
10,SCF41,7,141,77
10,HUF41,7,213,82
11,MRF41QQF,7,104,75
9,FKFC1,7,124,84
10,HFF41QG,7,330,82
9,HUF41,7,213,86
9,FKFC1H,7,124,99
12,AWF81,7,222,78
9,HGF81XHD,7,323,70
9,SLF41QTB,7,226,45
12,MKF41QQY,7,319,100
9,HGF82QQD,7,324,80
9,HGF85QF,7,321,55
12,SBF41UQX,7,338,91
10,HUF41H,7,333,95
11,MRF41QQF,7,104,65
11,MPF41UQJ,7,207,81
11,SKF41HG,7,247,93
9,SLF41QB,7,229,70
10,MGF41QQF,7,107,75
9,FKFC1,7,124,77
10,EEFG5,7,249,68
11,MRF41,7,105,55
12,PPF41Q2G,7,GYM2,100
9,SLF41QB,7,229,65
9,MQF41QTF,7,106,45
9,MGF41QGF,7,214,67
9,FKFC1,7,124,75
11,FSFC9H,7,123,90
10,SCF41,7,141,87
10,MGF41QGF,7,214,80
10,HUF41QW,7,329B,80
11,FLFC9,7,121,55
9,EEFG1QB,7,349,84
12,SBF41UQX,7,338,85
9,HUF41,7,228,65
12,SBF41UQX,7,338,98
9,FSFC5H,7,125,90
11,FSFC5H,7,125,90
9,HGF81QGD,7,311,80
9,FSFC5,7,125,80
11,PPF41Q3G,7,GYM2,100
12,SPF41H,7,238,100
10,HGF85HF,7,321,90
9,MEF81QTD,7,211,55
11,ULFC5TP,7,B39,45
11,MPF41UQS,7,205,90
10,EEFG5,7,249,83
9,FKFC1,7,124,83
12,FMF41X,7,115,97
12,HQFC5TH,7,315,90
10,HUF41H,7,228,90
9,SHF81,7,331,80
10,HUF41H,7,333,90
11,PPF41Q2G,7,GYM2,100
11,PPF41Q3G,7,GYM2,85
10,MGF41QQF,7,107,81
12,PPF41Q2B,7,GYM3,55
9,AWF81,7,222,82
12,PPF41Q2G,7,GYM2,100
10,SPF41,7,238,83
12,SHFC7TM,7,248,65
9,MGF41H,7,203,94
10,HUF41,7,213,81
10,MRF41QQF,7,104,75
10,HUF41H,7,213,91
11,MKF41QQY,7,319,100
12,SBF41UQX,7,338,98
10,AQF41UVT,7,206,80
9,MEF81QGD,7,211,65
9,AWF81,7,222,77
9,HGF81QGD,7,311,80
10,FKFC1H,7,124,99
9,HUF41,7,333,65
9,HUF41QW,7,329B,65
10,HQFC1TH,7,326,92
10,EEFG5,7,249,88
10,MRF41,7,105,70
11,PPF41Q2B,7,GYM3,65
11,PPF41Q3B,7,GYM3,65
10,HUF41,7,228,83
10,FSFC9,7,123,86
10,AQF41UVT,7,206,89
11,ULFC5TP,7,B39,87
12,SBF41UQX,7,338,89
11,MGF41QQF,7,107,45
11,HFF41,7,314,87
10,ULFC5TP,7,B39,98
12,MKF41QQY,7,319,100
11,SCF41,7,138,74
11,HQFC5TH,7,315,93
9,MEF41QG,7,208,88
10,HUF41H,7,333,95
9,MEF41HG,7,208,96
9,PHF41H2,7,B17,93
9,PPF41Q3G,7,GYM2,100
9,SLF41QGB,7,226,67
9,FSFC1,7,114,55
12,PPF41Q2G,7,GYM2,78
11,MGF41,7,203,65
10,HUF41H,7,228,90
10,PPF41Q2B,7,GYM3,100
10,PPF41Q3B,7,GYM3,100
11,MPF41UQJ,7,207,99
11,PPF41Q2G,7,GYM2,100
11,PPF41Q3G,7,GYM2,100
12,MPF41UQS,7,205,75
10,MGF41HGF,7,214,95
10,PPF41Q3G,7,GYM2,97
9,MGF41,7,203,77
9,SKF41HG,7,247,90
11,MRF41QQF,7,104,65
9,PHF41H2,7,B17,100
9,PPF41Q3G,7,GYM2,95
9,HGF82HQD,7,324,90
9,EEFG1QB,7,349,69
11,SHFC7TM,7,248,75
9,HGF82QQD,7,324,75
12,FMF41X,7,115,97
9,SLF41H,7,332,93
10,PPF41Q3G,7,GYM2,100
10,HQFC1TH,7,326,97
10,EEFG5,7,249,65
11,SHFC7TM,7,248,65
9,FSFC1H,7,114,98
12,HFF41QT,7,330,45
10,HUF41,7,213,87
11,SPF41H,7,238,95
10,MGF41HTF,7,214,95
11,AUFC5UAT,7,232,91
10,HFF41QG,7,330,45
9,HGF85QF,7,321,55
10,HFF41,7,314,84
9,HGF85QF,7,321,89
9,MGF41,7,203,69
10,MGF41QGF,7,214,72
11,PPF41Q2B,7,GYM3,85
11,PPF41Q3B,7,GYM3,80
9,SLF41QB,7,229,55
12,FSFC9H,7,123,90
11,ULFC5TP,7,B39,88
11,PPF41Q2G,7,GYM2,91
11,PPF41Q3G,7,GYM2,91
11,FSFC5,7,125,75
11,MQF41QTF,7,106,78
12,MPF41UQS,7,205,65
10,AUFC1TA,7,204,77
10,HUF41H,7,228,92
9,MGF41,7,203,55
10,MGF41,7,203,80
10,MGF41QTF,7,214,82
11,FLFC9,7,121,65
9,PHF41H2,7,B17,100
9,PPF41Q3G,7,GYM2,100
9,EEFG5,7,249,65
10,AQF41UVT,7,206,89
11,HQFC5TH,7,315,90
11,MRF41QQF,7,104,65
11,SBF41UQX,7,338,87
12,MPF41UQS,7,205,85
11,ULFC5TP,7,B39,87
9,HGF81QGD,7,311,85
11,FSFC9H,7,123,93
11,MGF41QQF,7,107,66
10,SCF41,7,138,85
12,MPF41UQS,7,205,65
10,AQF41UVT,7,206,91
10,MKFC1TC,7,322,91
10,PPF41Q2G,7,GYM2,100
10,PPF41Q3G,7,GYM2,100
10,SWF41HG,7,231,91
12,PPF41Q2G,7,GYM2,95
12,MKF41QQY,7,319,100
9,FSFC1H,7,114,94
9,FSFC5,7,125,84
12,FMFC9,7,116,55
11,FSFC9,7,123,88
10,FMFC5,7,111,68
11,FSFC9,7,123,78
11,FSFC1,7,114,65
10,MGF41QGF,7,214,45
10,HFF41QG,7,330,87
10,AUFC1TA,7,204,91
9,MEF41QT,7,208,76
11,HUF41HG,7,313,94
11,FMFC5H,7,215,95
10,FMFC5H,7,215,95
10,AUFC1TA,7,204,92
10,FMFC5H,7,215,93
10,MRF41,7,223,87
9,FSFC5H,7,125,90
11,FQF41QQY,7,216B,80
11,FMFC5H,7,111,98
11,MRF41HQF,7,104,92
9,MEF41,7,219,85
9,SHF81H,7,331,96
11,SHFC7TM,7,248,90
11,FSFC1H,7,114,99
11,PPF41Q2B,7,GYM3,95
11,PPF41Q3B,7,GYM3,80
11,PPF41Q2B,7,GYM3,100
11,PPF41Q3B,7,GYM3,100
11,PPF41Q2B,7,GYM3,90
11,PWF41Q3B,7,POOL,90
9,PHF41H2,7,B17,100
9,PPF41Q3G,7,GYM2,100
9,MEF41HG,7,208,95
10,PPF41Q2G,7,GYM2,100
10,PPF41Q3G,7,GYM2,100
10,PPF41Q3B,7,GYM3,70
10,AUFC1TA,7,204,97
9,EEFG5QW,7,350,83
10,SCF41H,7,138,95
10,FMFC5,7,111,84
9,MEF82QGD,7,103,70
9,PPF41Q2G,7,GYM2,100
10,SWF41QG,7,231,75
9,HGF81XHD,7,323,70
9,HUF41,7,333,55
9,MEF82QTD,7,103,82
11,HUF41,7,333,55
9,SLF41QGB,7,226,84
9,PHF41H2,7,B17,94
9,PPF41Q3G,7,GYM2,88
9,MKFC1TC,7,322,84
9,HGF82QTD,7,325,70
11,FLFC9,7,121,78
9,MEF41,7,219,87
11,MKFC5UCT,7,108,73
10,MGF41QGF,7,214,65
9,HGF82QTD,7,325,65
11,FSFC9,7,123,85
12,MKFC1TC,7,322,92
12,PPF41Q2B,7,GYM3,75
10,FSFC5,7,125,83
9,SHF81,7,331,83
10,EEFG5,7,249,73
9,FSFC1H,7,114,99
10,MRF41H,7,225,94
11,HUF41,7,333,55
10,HUF41H,7,213,100
9,SLF41QB,7,229,79
9,SLF41QB,7,229,85
9,SWF41QG,7,231,84
10,MRF41H,7,105,92
11,PPF41Q3G,7,GYM2,55
11,MRF41,7,223,76
9,HGF81XHD,7,323,87
9,FSFC1,7,114,76
10,HQFC1TH,7,326,89
9,HGF82HQD,7,316,97
9,HGF81XHD,7,323,87
9,HGF82QQD,7,324,80
9,SLF41H,7,332,99
10,MGF41QQF,7,107,78
11,MRF41,7,223,78
9,SHFC1TM,7,149,88
9,SHFC1TM,7,149,89
10,SCF41H,7,138,95
9,AWF81H,7,222,97
11,MPF41UQS,7,205,96
9,MEF81QGD,7,211,82
10,AQF41UVT,7,206,84
9,PPF41Q3B,7,GYM3,95
11,SKF41QT,7,247,65
12,MGF41QQF,7,107,72
9,SLF41,7,332,55
11,ULFC5TP,7,B39,95
10,FMFC5,7,111,72
11,MRF41QQF,7,104,65
9,SEF41,7,341,81
9,HGF81QTD,7,311,45
11,HQFC5TH,7,315,88
9,SHFC1TM,7,149,93
10,SCF41,7,141,79
9,FSFC1,7,114,73
9,MEF41HT,7,208,90
11,AUFC1TA,7,204,69
10,MRF41,7,105,70
11,MKFC5UCT,7,108,75
12,PWF41Q2B,7,POOL,88
9,MEF41,7,219,71
12,PPF41Q2B,7,GYM3,95
9,PHF41Q3,7,B17,65
9,PPF41Q2B,7,GYM3,90
11,MQF41QWF,7,221,73
11,FLFC9,7,121,82
9,MEF41HG,7,208,95
11,MKFC1TC,7,322,72
11,MRF41,7,105,85
10,MRF41,7,225,80
10,FMFC5H,7,111,90
9,HGF82QQD,7,316,87
9,PHF41H2,7,B17,91
9,PPF41Q3B,7,GYM3,70
10,FMFC5H,7,111,92
9,FSFC1,7,114,66
9,PHF41Q3,7,B17,65
11,PPF41Q3G,7,GYM2,84
10,HFF41QT,7,330,45
9,SCF41,7,138,88
9,HUF41,7,228,65
9,PPF41Q3G,7,GYM2,80
11,MRF41,7,223,68
10,HQFC5TH,7,315,91
9,HUF41,7,213,76
11,FSFC5H,7,125,93
11,MPF41UQJ,7,207,91
9,HGF82QQD,7,324,70
11,SKF41QT,7,247,77
10,EEFG5,7,249,73
12,SBF41UQX,7,338,77
12,PPF41Q2B,7,GYM3,100
11,FLFC9H,7,121,97
9,EEFG1QB,7,349,75
11,SKF41HT,7,247,91
11,SEF41H,7,341,97
10,PPF41Q3G,7,GYM2,97
9,HGF82QQD,7,316,79
ST,HUF41QG,7,313,80
10,SCF41,7,141,45
11,HQFC1TH,7,326,88
9,FSFC1,7,114,55
9,SWF41QG,7,231,77
11,MGF41QGF,7,214,75
9,SLF41QB,7,229,83
11,MRF41QQF,7,104,65
12,PPF41Q2G,7,GYM2,94
9,FKFC1H,7,124,94
10,EEFG5,7,249,88
11,SPF41H,7,238,100
11,HFF41,7,314,84
11,MRF41H,7,105,98
10,PPF41Q2G,7,GYM2,100
10,PPF41Q3G,7,GYM2,100
11,MPF41UQJ,7,207,95
10,MGF41QGF,7,214,55
12,FQF41QQY,7,216B,100
10,SKF41QG,7,247,76
12,SQF41QQY,7,233,100
11,MPF41UQJ,7,207,83
10,HGF85QF,7,321,71
12,AQF41QQY,7,216B,100
9,HGF82HTD,7,325,93
12,FMF41X,7,115,96
11,FMFC9,7,116,89
9,HGF81XHD,7,323,84
11,FMFC9H,7,116,100
11,ULFC5TP,7,B39,92
9,HGF81QF,7,250,45
12,FMF41X,7,115,94
9,HGF82QQD,7,316,76
11,SPF41H,7,238,95
11,FMFC9,7,116,82
12,FQF41QQY,7,216B,100
10,FMF41X,7,115,84
10,FMFC5H,7,215,98
9,HGF81QF,7,250,65
9,HGF81HF,7,250,92
11,SPF41H,7,238,100
9,HGF81QF,7,250,82
9,SHF81H,7,331,95
9,SHF81,7,331,68
11,SKF41HG,7,247,90
9,HGF82QTD,7,325,65
10,MQF41QWF,7,221,71
11,SPF41,7,238,84
9,MEF82QGD,7,103,65
9,PPF41Q2B,7,GYM3,70
9,PPF41Q3B,7,GYM3,65
10,PWF41Q3B,7,POOL,90
12,FMF41X,7,115,93
10,MRF41,7,225,86
10,AUFC1TA,7,204,99
11,HFF41,7,314,84
12,SEF41,7,341,70
9,SLF41HGB,7,226,92
10,FMFC5,7,111,85
11,AUFC5UAT,7,232,88
ST,HGF82HGD,7,325,92
10,PPF41Q3G,7,GYM2,84
12,PPF41Q2B,7,GYM3,100
9,HUF41QW,7,329B,70
11,FSFC1,7,114,65
9,SWF41QG,7,231,86
11,FSFC9,7,123,70
11,MPF41UQJ,7,207,78
9,MEF82QTD,7,103,65
10,SEF41,7,341,86
10,HGF82QGD,7,325,86
12,PPF41Q2B,7,GYM3,90
11,PPF41Q2G,7,GYM2,95
11,PPF41Q3G,7,GYM2,96
10,MGF41,7,203,69
11,FMFC5H,7,111,97
9,HGF81XHD,7,323,80
9,HGF85QF,7,321,84
12,FMF41X,7,115,96
11,MPF41UQJ,7,207,98
11,SPF41H,7,238,100
10,SCF41H,7,138,91
12,AQF41QQY,7,216B,100
9,PHF41H2,7,B17,98
9,PPF41Q3B,7,GYM3,90
9,PPF41Q3B,7,GYM3,65
9,HGF81HGD,7,311,91
9,AWF81,7,222,78
9,MGF41QTF,7,214,45
11,MGF41,7,203,55
11,MRF41HQF,7,104,91
9,MEF41HG,7,208,96
10,MGF41HGF,7,214,98
10,AQF41UVT,7,206,98
10,HUF41H,7,333,97
10,PPF41Q2G,7,GYM2,100
11,PPF41Q2G,7,GYM2,100
11,PPF41Q3G,7,GYM2,100
9,SLF41QB,7,229,79
11,SKF41QT,7,247,72
12,SPF41H,7,238,100
9,HGF81QF,7,250,65
11,FMFC9,7,116,89
9,MEF82QTD,7,103,70
11,MQF41QTF,7,106,79
10,MKFC1TC,7,322,94
11,HUF41,7,228,83
12,FMF41X,7,115,95
10,HGF85QF,7,321,83
9,MEF82QGD,7,103,55
10,SCF41,7,138,80
10,HUF41,7,333,70
11,FMFC9H,7,116,92
11,PPF41Q3B,7,GYM3,75
10,HUF41,7,228,86
11,MPF41UQJ,7,207,96
9,HGF81HGD,7,311,91
10,HUF41QG,7,313,70
12,FMF41X,7,115,93
11,HFF41,7,314,87
9,HGF81HF,7,250,98
11,FMFC5H,7,215,100
9,AWF81H,7,222,94
10,FMFC5,7,215,80
11,HQFC5TH,7,315,91
12,FMFC9H,7,116,95
11,FMFC5H,7,215,98
10,PPF41Q2B,7,GYM3,95
10,PPF41Q3B,7,GYM3,100
11,SHFC7TM,7,248,80
9,HGF81HF,7,250,94
10,MRF41HQF,7,104,91
9,HGF82QQD,7,316,78
10,AQF41UVT,7,206,94
12,FMF41X,7,115,85
12,FMF41X,7,115,97
12,FMF41X,7,115,92
9,PPF41Q2B,7,GYM3,90
9,EEFG1QB,7,349,75
11,AUFC5UAT,7,232,76
10,HQFC1TH,7,326,91
9,PHF41H2,7,B17,98
9,PPF41Q3G,7,GYM2,100
12,MPF41UQS,7,205,85
9,MGF41,7,203,81
11,MKFC5UCT,7,108,72
10,AUFC1TA,7,204,91
11,SHFC7TM,7,248,85
11,MRF41H,7,225,97
9,HGF82HQD,7,316,90
10,FKFC1,7,124,84
12,SPF41H,7,238,100
9,MEF41H,7,219,96
11,SKF41QT,7,247,85
11,HQFC5TH,7,315,81
10,MKFC1TC,7,322,90
11,FMFC9H,7,116,95
11,MRF41,7,105,75
12,FMF41X,7,115,97
11,FMFC9H,7,116,100
9,SLF41H,7,332,92
11,PPF41Q3G,7,GYM2,76
9,FMFC5,7,215,55
10,HQFC1TH,7,326,79
10,HUF41HG,7,313,91
11,FLFC9,7,121,87
11,SWF41QG,7,231,65
11,MGF41QQF,7,107,55
11,AQF41UVT,7,206,93
9,SHFC1TM,7,149,71
11,MRF41QQF,7,104,65
12,PWF41Q2B,7,POOL,95
12,FMFC9,7,116,73
9,HGF82QTD,7,325,81
10,MGF41QQF,7,107,88
11,SEF41,7,341,89
9,HGF81HF,7,250,91
11,MRF41,7,223,68
11,HFF41H,7,314,92
10,MRF41H,7,225,91
11,FLFC9,7,121,65
10,MRF41H,7,225,94
9,MEF41,7,219,70
10,HUF41,7,213,89
9,HGF82QQD,7,316,88
10,AUFC1TA,7,204,94
10,HUF41QT,7,313,68
10,FMFC5H,7,111,99
9,HGF82HQD,7,324,98
10,FMF41X,7,115,96
10,PWF41Q3B,7,POOL,90
10,HGF85QF,7,321,72
10,PHF41Q2,7,B17,65
10,PPF41Q3G,7,GYM2,91
10,SCF41H,7,141,93
10,FMF41X,7,115,88
9,HGF81QF,7,250,65
9,SLF41H,7,332,90
10,SLF41QGB,7,226,65
9,HGF81QF,7,250,87
10,FSFC9H,7,123,93
10,SCF41H,7,138,93
9,SHF81H,7,331,91
11,SPF41H,7,238,100
11,SPF41H,7,238,90
10,FMFC9,7,116,88
11,HFF41,7,314,87
9,SLF41HB,7,229,90
11,MPF41UQJ,7,207,97
10,SWF41HG,7,231,91
10,HUF41QG,7,313,87
9,PHF41H2,7,B17,100
9,PPF41Q3G,7,GYM2,100
10,FMFC5H,7,215,100
12,MPF41UQS,7,205,83
10,HFF41,7,314,82
10,MRF41,7,223,78
9,SLF41HB,7,229,91
11,MKFC5UCT,7,108,77
10,MRF41H,7,225,95
12,FMF41X,7,115,84
10,HUF41H,7,228,95
12,FMFC9H,7,116,99
9,HGF82HQD,7,316,91
9,SLF41H,7,332,93
10,FMFC5H,7,111,97
10,SCF41,7,138,72
9,MEF81QGD,7,211,55
9,SLF41QB,7,229,87
10,FMFC5H,7,215,100
10,HUF41H,7,333,96
9,HGF82QQD,7,324,65
9,SLF41HGB,8,231,93
9,SCF41,8,139,76
10,EEFG9QTR,8,350,80
9,ULFC1TP,8,B39,72
9,EEFG1QF,8,146,80
10,EEFG9QGR,8,350,45
11,SDF81UVT,8,332,93
9,MQF41QWF,8,103,68
9,BCF41T,8,322,80
9,PPF41Q2B,8,GYM3,65
10,MGF41QQF,8,104,45
9,HGF81QGD,8,321,70
10,EEFGD,8,349,45
9,PPF41Q2G,8,GYM1,90
10,AUFC1TA,8,232,88
9,FSFC1H,8,113,90
10,MKFC1TC,8,108,89
9,HGF81HQD,8,213,92
11,FFFC5,8,111,69
10,MGF41QQF,8,104,65
10,PPF41Q2G,8,GYM2,95
10,UAF85Q3,8,235,77
10,FSFC1,8,113,75
9,HGF81QGD,8,321,70
9,SLF41QGB,8,226,70
11,SEF41H,8,341,92
9,MEF82QGD,8,211,69
12,MCF41UAX,8,223,91
9,MEF41,8,219,45
10,EEFG9,8,347,65
11,SCF41,8,138,82
11,SCF41,8,138,85
10,UEFG5H,8,B27,93
10,EEF81QF,8,249,45
11,EEFGDUGJ,8,B6,82
11,SEF41H,8,341,96
12,BCF41T,8,322,92
12,PPF41Q3B,8,GYM3,70
9,SLF41QGB,8,226,86
9,SEF41,8,341,45
9,HGF81QGD,8,321,65
9,MGF41HGF,8,214,96
10,PPF41Q3G,8,GYM2,85
10,UAF85H2,8,235,92
9,MGF41QQF,8,104,70
10,MGF41,8,207,65
10,PPF41Q3B,8,GYM3,90
10,UAF85H2,8,235,94
11,MRF41QQF,8,225,74
9,HGF81QQD,8,213,84
10,MKFC1TC,8,108,55
10,SWF41QT,8,229,67
11,EEFGDUGJ,8,B6,94
10,FLFC5H,8,122,90
9,EEFG1,8,330,78
9,UEFG1H,8,227,93
9,SLF41HTB,8,231,91
9,EEFG9QTR,8,350,77
11,EEFG9QGR,8,350,70
9,PHF41H2,8,147,100
9,PPF41Q3G,8,GYM2,100
9,UEFG1,8,227,77
11,BCF41T,8,322,98
11,PWF41Q2G,8,POOL,80
11,SDF81UVT,8,332,90
11,FFFC5,8,111,82
9,UEFG1,8,227,85
11,SCF41,8,141,77
9,HGF82QTD,8,311,65
9,FSFC5,8,125,73
9,EEFG5,8,126,73
9,MEF81QGD,8,221,69
9,HGF81QGD,8,321,80
10,AQF41UVT,8,206,80
9,HUF41,8,324,65
11,FSFC5,8,123,70
9,HFF41,8,316,89
9,HGF82XHD,8,323,82
11,EEFGDUTJ,8,B6,90
11,EEFGDUQJ,8,348,80
11,EEFG9UQX,8,336,96
11,EEFG9UQX,8,336,88
11,MCF41UAX,8,223,69
10,FLFC5,8,122,87
10,MGF41QGF,8,214,86
11,MQF41HQF,8,106,95
11,PPF41Q2B,8,GYM3,90
11,PPF41Q3B,8,GYM3,95
10,FFFC5,8,111,80
9,HGF82QGD,8,311,72
9,FMFC1,8,116,65
12,PPF41Q2G,8,GYM1,94
9,EEF81QF,8,249,82
12,HFF41H,8,316,90
11,EEFG9,8,347,72
9,HGF82QTD,8,311,86
10,SCF41,8,139,55
12,SHF83H,8,248,93
11,FSFC5,8,125,66
11,MRF41QQF,8,225,75
9,MEF81QTD,8,221,77
9,EEFG1,8,330,65
10,SCF41,8,139,68
10,FLFC5H,8,122,100
11,SPF41,8,238,85
10,PPF41Q2G,8,GYM2,90
10,UAF41H3,8,235,92
11,FSFC5,8,123,88
9,UEFG1,8,227,72
10,UEFG5H,8,B27,100
11,SDF81UVT,8,332,77
9,FSFC1,8,113,65
10,ULFC1TP,8,B39,85
11,EEFG9HGR,8,350,90
10,AQF41UVT,8,206,88
10,SWF41QT,8,229,87
11,SEF41,8,341,84
9,EEFG1HGB,8,246,90
10,FLFC5,8,122,78
11,SHFC3TM,8,B17,93
10,PPF41Q2G,8,GYM1,94
10,UAF85H3,8,235,92
11,EEFG9UQX,8,336,84
10,EEFG9QGR,8,350,80
10,MRF41,8,205,87
10,MKFC1TC,8,108,82
11,FSFC5H,8,123,95
9,HGF82QTD,8,311,65
9,FSFC1H,8,113,90
11,SEF41,8,313,80
11,EEFGDUQJ,8,348,75
9,HGF81QQD,8,314,87
10,PPF41Q3G,8,GYM2,100
10,UAF85H2,8,235,97
9,EEFG1HGB,8,246,90
11,EEFG9,8,347,73
11,SPF41,8,238,82
9,MEF81QGD,8,221,70
11,EEFG9,8,347,85
9,PHF41H3,8,147,100
9,PPF41Q2B,8,GYM3,90
11,FSFC9,8,114,65
11,FFFC5,8,111,79
11,HFF41H,8,316,90
9,EEFG1QGB,8,246,70
11,EEFG9QGR,8,350,65
11,BCF41T,8,322,95
11,PPF41Q3G,8,GYM1,95
10,FSFC1H,8,113,100
9,EEFG9,8,347,55
10,SCF41,8,139,65
10,EEFG5,8,346,85
11,EEFGDUQV,8,204,92
9,UEFG1,8,227,75
9,EEFG1,8,330,78
12,PPF41Q2G,8,GYM1,75
9,EEFG1QGB,8,246,70
11,PPF41Q2G,8,GYM2,95
10,AQF41UVT,8,206,95
9,FMFC1,8,116,85
9,PHF41H3,8,147,94
9,PPF41Q2B,8,GYM3,90
12,UAF85Q3,8,235,80
11,MCF41UAX,8,223,69
11,FFFC5H,8,111,98
9,SLF41QTB,8,226,65
10,AQF41UVT,8,206,93
10,SEF41H,8,341,93
9,FMFC1,8,116,79
10,MKFC1TC,8,108,71
9,ULFC1TP,8,B39,76
9,EEFG9QGR,8,350,65
9,MGF41QQF,8,104,75
11,PPF41Q2G,8,GYM2,100
11,PPF41Q3G,8,GYM1,93
9,FSFC1,8,113,85
9,SWF41QG,8,229,88
11,FFFC5,8,111,78
9,MEF41,8,219,82
10,EEFG5HG,8,250,90
11,PWF41Q2G,8,POOL,80
11,PWF41Q3G,8,POOL,70
11,HFF41,8,316,83
10,SHFC3TM,8,B17,91
9,UEFG5,8,B27,88
11,EEFG9QTR,8,350,81
11,MGF41QQF,8,104,45
9,HGF81QTD,8,321,75
9,MEF81QGD,8,221,65
10,SEF41,8,341,84
9,MEF82QGD,8,211,80
9,FSFC1,8,113,70
10,PPF41Q2G,8,GYM2,95
10,PPF41Q3G,8,GYM1,94
11,EEFG9UQX,8,336,90
9,HGF81QQD,8,314,78
10,UEFG5H,8,B27,95
11,MGF41QGF,8,214,65
11,PPF41Q2B,8,GYM3,95
11,UAF41Q3,8,235,80
9,MEF82QWD,8,328B,66
10,SEF41,8,313,68
10,FLFC5H,8,122,90
10,AQF41UVT,8,206,92
9,EEFG1QGB,8,246,85
9,SLF41QGB,8,231,71
11,SDF81UVT,8,332,88
9,SEF41,8,341,80
11,SHFC3TM,8,B17,94
10,HUF41,8,324,78
10,MGF41,8,203,55
11,EEFGDUQJ,8,348,75
12,MCF41UAX,8,223,76
11,PPF41Q3G,8,GYM1,95
11,UAF41Q2,8,235,75
10,SHFC3TM,8,B17,83
10,SCF41,8,139,79
11,EEFG9QGR,8,350,73
9,EEFG1QTB,8,246,80
10,UEFG5H,8,B27,93
10,HUF41H,8,324,94
10,EEFG5HG,8,250,90
9,FSFC1H,8,113,94
10,PPF41Q2B,8,GYM3,75
10,PPF41Q3B,8,GYM3,75
9,PHF41Q3,8,147,89
9,PPF41Q2G,8,GYM2,100
10,EEFG9QGR,8,350,65
9,PPF41Q2G,8,GYM2,80
9,PPF41Q3G,8,GYM1,65
11,PPF41Q2B,8,GYM3,90
11,PPF41Q3B,8,GYM3,90
11,EEFGDH,8,349,90
12,SHF83H,8,248,100
12,MQF41QQY,8,204A,100
9,SLF41QTB,8,231,45
11,SHFC3TM,8,B17,83
11,PPF41Q2B,8,GYM3,90
11,PPF41Q3B,8,GYM3,85
9,FSFC5,8,123,88
9,HGF81QQD,8,213,79
9,MGF41,8,203,73
9,PPF41Q2B,8,GYM3,80
9,UAF85H3,8,235,92
10,MGF41,8,207,65
12,EEFGDUGJ,8,B6,65
9,FJFC1,8,124,88
9,HFF41,8,316,55
9,UEFG1,8,227,73
10,EEFG5QT,8,250,81
9,SLF41HGB,8,226,93
9,SLF41QTB,8,231,68
10,PPF41Q2G,8,GYM1,90
10,UAF41H3,8,235,97
9,PHF41Q2,8,147,45
9,PPF41Q3G,8,GYM1,45
9,SHFC3TM,8,B17,75
9,PHF41Q2,8,147,79
9,PPF41Q3B,8,GYM3,90
9,MEF41,8,219,55
11,FMFC5H,8,115,98
9,MGF41H,8,207,95
9,UAF85Q2,8,235,45
9,UAF85Q3,8,235,55
10,MGF41QGF,8,214,73
11,SEF41,8,341,86
10,EEFG5,8,126,73
10,PPF41Q2G,8,GYM1,80
10,PPF41Q3G,8,GYM2,90
12,BCF41T,8,322,100
12,PPF41Q2B,8,GYM3,90
10,HFF41,8,316,65
9,HGF82XHD,8,323,55
12,EEFGDUQV,8,204,96
10,EEFGD,8,349,83
11,MRF41QQF,8,225,45
11,AQF41UVT,8,206,87
9,MEF82QWD,8,328B,55
9,MEF82HGD,8,211,97
11,FSFC9H,8,114,98
10,EEFG5QG,8,250,83
12,EEFGDUQV,8,204,89
11,MKFC1TC,8,108,55
9,AUFC1TA,8,232,70
12,PHF41H3,8,147,90
11,SWF41QG,8,229,65
9,MQF41QWF,8,103,78
10,PPF41Q3G,8,GYM1,97
10,UAF41H2,8,235,92
9,FMFC1,8,116,70
10,FLFC5H,8,122,90
9,MQF41QQF,8,106,80
9,MEF82HWD,8,328B,91
9,MQF41QQF,8,106,55
10,EEFG5QG,8,250,83
10,MRF41QQF,8,225,66
10,AUFC1TA,8,232,68
10,UEFG5H,8,B27,96
11,MRF41QQF,8,225,86
11,FFFC5,8,111,73
11,FSFC5H,8,123,90
11,EEFGDUQF,8,331,85
12,EEFGDUQF,8,331,88
11,SCF41,8,138,55
9,FSFC1,8,113,70
10,FLFC5,8,122,85
10,SCF41,8,139,55
10,MQF41QQF,8,106,70
9,MEF41,8,219,86
11,EEFGD,8,349,89
9,HGF82QTD,8,311,79
12,SHF83,8,248,85
9,FSFC5,8,123,80
9,MEF81QGD,8,221,55
11,MQF41QQF,8,106,82
9,PHF41Q3,8,147,65
9,EEFG1,8,330,55
9,HGF81QTD,8,321,75
9,HGF81QTD,8,321,76
10,EEFG5H,8,346,91
10,UEFG5H,8,B27,94
10,MQF41QQF,8,106,55
9,SWF41QT,8,229,55
9,PPF41Q3B,8,GYM3,45
10,SWF41QT,8,229,55
10,EEFG1QFW,8,146,45
11,FFFC9H,8,111,95
10,MGF41QQF,8,104,65
12,PPF41Q2B,8,GYM3,90
12,PPF41Q3B,8,GYM3,80
9,MEF82QWD,8,328B,66
10,SCF41,8,139,65
11,SEF41,8,313,75
9,EEFG1H,8,330,94
9,UEFG5H,8,B27,92
12,MCF41UAX,8,223,90
9,FSFC1H,8,113,92
9,HGF81QQD,8,213,65
11,PPF41Q2G,8,GYM2,100
11,PPF41Q3G,8,GYM2,85
9,EEFGDUQV,8,204,45
9,HGF82QTD,8,311,65
9,EEFGDUQF,8,331,75
10,EEFG9,8,347,55
10,SCF41,8,139,88
11,SDF81UVT,8,332,90
10,EEFG5,8,126,87
10,PPF41Q3G,8,GYM2,100
10,UAF85H2,8,235,98
9,EEFG5,8,126,55
10,SCF41,8,139,83
9,FSFC5,8,125,65
11,FSFC9,8,114,55
11,EEFG9UQX,8,336,99
9,MEF82HGD,8,211,91
11,MQF41HWF,8,103,95
11,MKFC1TC,8,108,65
9,UEFG1,8,227,67
10,SCF41,8,138,81
10,MGF41HQF,8,104,92
10,UEFG5H,8,B27,100
11,EEFG9UQX,8,336,87
11,EEFG9,8,347,85
10,MRF41HQF,8,225,91
10,SCF41,8,141,85
10,FMFC5H,8,115,99
10,PPF41Q2B,8,GYM3,90
10,PPF41Q3B,8,GYM3,90
9,FSFC5H,8,123,90
10,EEFG5QT,8,250,73
11,SWF41HG,8,229,91
11,SEF41,8,341,86
11,PPF41Q3G,8,GYM2,90
10,FLFC5H,8,122,93
11,FFFC5,8,111,81
12,SHF83H,8,248,93
12,EEFGDUQF,8,331,90
10,SHFC3TM,8,B17,88
9,UEFG1H,8,227,99
9,PHF41Q3,8,147,45
11,SWF41QT,8,229,85
10,PPF41Q2B,8,GYM3,90
10,PPF41Q3B,8,GYM3,90
10,MGF41,8,207,89
10,MGF41,8,207,73
11,PPF41Q2B,8,GYM3,95
11,PPF41Q3B,8,GYM3,85
9,FJFC1H,8,124,98
9,FJFC1H,8,124,93
11,EEFGD,8,349,69
11,SEF41H,8,341,95
11,BCF41T,8,322,90
11,PPF41Q3B,8,GYM3,90
10,FLFC5H,8,122,99
10,FLFC5H,8,122,99
9,EEFG1QFW,8,146,82
9,HGF81HGD,8,321,97
11,MQF41QQF,8,106,88
10,EEF81QF,8,249,70
12,EEF81HF,8,249,93
10,SCF41,8,141,75
9,FJFC1H,8,124,96
10,PPF41Q2G,8,GYM2,100
10,PPF41Q3G,8,GYM2,100
11,EEFG9,8,347,75
11,SPF41H,8,238,93
12,EEF81HF,8,249,90
9,HGF82XHD,8,323,80
11,EEFGDUGJ,8,B6,97
11,BCF41T,8,322,96
11,PPF41Q3G,8,GYM1,92
10,MGF41,8,203,75
10,MRF41H,8,205,90
11,EEFG9,8,347,82
9,FJFC1H,8,124,92
12,MCF41UAX,8,223,86
10,MGF41QQF,8,104,70
9,FJFC1,8,124,83
9,FJFC1H,8,124,95
10,MKFC1TC,8,108,91
10,MKFC1TC,8,108,80
10,UEFG5H,8,B27,100
10,EEFG5,8,346,88
12,PWF41Q2G,8,POOL,95
9,UEFG1,8,227,80
9,PPF41Q3G,8,GYM2,100
9,UAF85Q2,8,235,79
9,HGF82XHD,8,323,95
10,MGF41,8,207,67
12,PWF41Q2G,8,POOL,55
11,SDF81UVT,8,332,94
9,PPF41Q2B,8,GYM3,100
9,PPF41Q3B,8,GYM3,90
9,PHF41H3,8,147,100
9,PPF41Q2G,8,GYM2,100
9,UEFG1,8,227,83
9,FJFC1,8,124,89
10,SCF41H,8,141,96
11,SPF41,8,238,88
10,SCF41,8,139,86
11,SDF81UVT,8,332,80
11,EEFGDUQV,8,204,92
10,EEFGDH,8,349,90
11,BCF41T,8,322,92
11,PPF41Q3B,8,GYM3,90
12,PPF41Q2G,8,GYM1,94
10,SEF41H,8,313,94
9,PHF41H2,8,147,92
9,FJFC1,8,124,84
10,FLFC5H,8,122,99
9,HGF81HQD,8,314,95
9,PPF41Q2B,8,GYM3,90
9,UAF41Q3,8,235,66
9,PHF41H3,8,147,94
9,PPF41Q2G,8,GYM2,100
10,EEFG5,8,346,83
9,FMFC1H,8,116,93
11,PPF41Q2G,8,GYM2,95
11,UAF41H3,8,235,98
11,EEFG9UQX,8,336,79
9,UEFG1,8,227,87
9,HGF81HQD,8,314,93
9,FSFC5,8,125,82
10,SCF41,8,138,77
11,EEFGD,8,349,80
10,PPF41Q3B,8,GYM3,75
11,EEFGDUGJ,8,B6,86
12,MCF41UAX,8,223,55
10,SCF41H,8,141,99
10,PPF41Q2B,8,GYM3,90
10,PPF41Q3B,8,GYM3,90
10,MGF41QQF,8,104,70
12,EEFGDUQF,8,331,90
12,PPF41Q2B,8,GYM3,90
10,PPF41Q3G,8,GYM1,90
10,UAF85Q2,8,235,73
11,EEFG9,8,347,83
9,HGF82XHD,8,323,90
10,AQF41UVT,8,206,88
11,PPF41Q2G,8,GYM1,80
11,PPF41Q3G,8,GYM1,90
9,SLF41QTB,8,231,72
10,UEFG5H,8,B27,90
10,MGF41,8,203,70
12,SCF41,8,139,55
12,FQF41QQY,8,216B,100
10,PPF41Q3G,8,GYM2,55
10,MGF41QTF,8,214,65
9,MEF82QWD,8,328B,87
10,PPF41Q2B,8,GYM3,100
10,UAF41Q3,8,235,86
9,MQF41QWF,8,103,80
9,MGF41QQF,8,104,70
10,MGF41QQF,8,104,55
9,FMFC1,8,116,55
9,PHF41H3,8,147,94
9,PPF41Q2G,8,GYM1,90
12,SHF83H,8,248,100
9,HGF82QGD,8,311,72
12,BCF41T,8,322,90
9,MEF81QGD,8,221,78
12,EEFGDUTJ,8,B6,88
9,FSFC1,8,113,70
9,MGF41QWF,8,107,55
11,FSFC5,8,123,80
9,MQF41QWF,8,103,81
9,UEFG1H,8,227,97
12,SHF83H,8,248,95
10,PPF41Q2G,8,GYM2,100
10,UAF41H3,8,235,91
9,HGF81QTD,8,321,55
12,PQF41Q3Y,8,251,100
10,MKFC1TC,8,108,82
10,SDF81UVT,8,332,96
11,MRF41,8,205,78
10,FMFC5H,8,115,95
9,HGF81QTD,8,321,80
10,AUFC1TA,8,232,89
9,EEFG1QGB,8,246,85
10,SCF41,8,139,65
11,SHF83,8,248,75
12,EEFGDUQV,8,204,87
9,EEFG5QT,8,250,82
10,SPF41,8,238,84
9,MEF82QGD,8,211,81
11,EEFGDUQV,8,204,84
10,UEFG5H,8,B27,98
11,EEFGDUQF,8,331,80
10,SEF41H,8,341,97
10,EEFG5,8,346,85
9,FSFC5,8,125,67
10,EEFG5QT,8,250,76
10,AUFC1TA,8,232,80
9,ULFC1TP,8,B39,73
9,FSFC1H,8,113,94
9,UEFG1,8,227,86
12,MEF41,8,219,94
10,EEFG5,8,346,75
9,HGF82QTD,8,311,45
9,PPF41Q2G,8,GYM1,45
11,SEF41H,8,341,96
10,PPF41Q3G,8,GYM1,70
10,EEFG5,8,126,73
11,FSFC5,8,123,65
11,MRF41,8,205,78
9,FMFC1H,8,116,99
10,MQF41QQF,8,106,70
10,SEF41,8,341,86
11,PPF41Q2G,8,GYM2,100
11,PPF41Q3G,8,GYM2,75
10,MEF41,8,219,65
10,MGF41,8,207,83
10,ULFC1TP,8,B39,88
9,UEFG5,8,B27,65
10,SCF41H,8,141,95
10,MGF41H,8,203,91
11,MQF41QQF,8,106,70
10,SCF41,8,139,55
10,MQF41QQF,8,106,65
10,EEFG5QT,8,250,74
11,FSFC5,8,123,80
9,MEF82QWD,8,328B,45
10,SWF41QG,8,229,55
11,FFFC5,8,111,80
9,MEF41H,8,219,92
9,SLF41QGB,8,226,84
10,SHF83,8,248,70
ST,SCF41,8,138,70
9,FSFC1H,8,113,90
10,EEFG5QG,8,250,65
9,FSFC1,8,113,65
9,EEFG5QT,8,250,69
9,EEFG1QTB,8,246,83
9,MEF81QGD,8,221,76
10,HGF81QQD,8,213,69
10,FMFC1,8,116,75
11,BCF41T,8,322,96
11,PPF41Q3G,8,GYM2,80
12,PPF41Q3B,8,GYM3,65
12,UAF85Q2,8,235,72
11,EEFGDUQV,8,204,83
9,MEF82QTD,8,211,55
9,SLF41QGB,8,226,87
10,UEFG1,8,227,84
10,SHFC3TM,8,B17,88
10,SEF41,8,313,81
9,PHF41Q3,8,147,83
9,HGF82QGD,8,311,81
12,EEFGDUTJ,8,B6,65
9,PHF41Q2,8,147,70
9,PPF41Q3G,8,GYM1,70
10,FFFC5,8,111,88
9,HGF82XHD,8,323,90
11,MCF41UAX,8,223,86
11,PPF41Q2B,8,GYM3,65
9,FJFC1H,8,124,95
11,MRF41,8,205,67
11,EEFGDUQJ,8,348,82
11,SWF41QG,8,229,86
9,UEFG1,8,227,84
12,EEFGDUQV,8,204,45
9,EEFG1QTB,8,246,73
9,MEF81QTD,8,221,66
9,UEFG1,8,227,71
11,FSFC5,8,125,82
9,HGF82QTD,8,311,70
9,PHF41H2,8,147,94
9,PPF41Q3G,8,GYM1,90
10,UEFG5H,8,B27,100
10,AUFC1TA,8,232,96
11,PPF41Q2B,8,GYM3,100
11,PPF41Q3B,8,GYM3,100
10,FFFC5,8,111,78
10,AQF41UVT,8,206,86
10,MGF41HGF,8,214,90
9,MGF41H,8,203,94
9,PHF41Q2,8,147,89
9,PPF41Q3B,8,GYM3,90
12,MCF41UAX,8,223,75
9,HGF82XHD,8,323,84
10,PPF41Q3B,8,GYM3,90
10,SCF41,8,139,83
10,PWF41Q3G,8,POOL,80
10,UAF85Q2,8,235,78
9,EEFG1,8,330,86
9,MEF82QWD,8,328B,78
9,HGF82QTD,8,311,55
11,FFFC5,8,111,74
10,FMFC5,8,115,86
9,UEFG1,8,227,76
9,UAF85H3,8,235,97
10,FSFC9,8,114,78
9,FMFC1,8,116,70
10,SCF41H,8,141,100
9,FSFC1,8,113,85
9,MEF41,8,219,82
9,HGF81QGD,8,321,75
9,PHF41H2,8,147,97
9,PPF41Q3G,8,GYM2,85
11,BCF41T,8,322,100
10,EEFG9,8,347,55
11,HUF41,8,324,75
10,FMFC5H,8,115,94
9,HGF82QGD,8,311,87
11,SEF41H,8,341,96
12,SHF83H,8,248,100
9,FJFC1,8,124,68
10,AUFC1TA,8,232,66
9,PHF41Q3,8,147,87
9,PPF41Q2G,8,GYM2,85
9,EEFG1,8,330,88
11,HUF41,8,324,80
11,SEF41,8,313,76
10,AQF41UVT,8,206,93
12,PPF41Q2G,8,GYM2,85
10,PPF41Q2B,8,GYM3,90
10,PPF41Q3B,8,GYM3,90
9,MGF41H,8,207,92
12,PPF41Q2G,8,GYM1,95
10,SHFC3TM,8,B17,93
9,PHF41H2,8,147,92
9,PPF41Q3B,8,GYM3,90
9,MEF81QTD,8,221,78
11,HFF41H,8,316,91
9,MGF41QWF,8,107,55
9,HGF81QQD,8,213,86
9,MEF82QTD,8,211,65
11,EEFGDUQV,8,204,90
9,EEFG1,8,330,78
11,BCF41T,8,322,98
11,PPF41Q2G,8,GYM2,95
9,PPF41Q3G,8,GYM2,80
10,EEFG5,8,346,81
10,EEFG5,8,346,66
11,EEFGD,8,349,79
9,MEF41,8,219,66
11,PPF41Q3B,8,GYM3,90
9,SWF41QT,8,229,67
10,SHFC3TM,8,B17,55
9,MEF81QGD,8,221,45
9,MGF41QQF,8,104,45
10,PPF41Q2B,8,GYM3,90
11,FSFC5,8,123,68
11,MRF41,8,205,65
9,MQF41QQF,8,106,75
9,EEFG5,8,126,65
9,MGF41H,8,207,96
9,PPF41Q3B,8,GYM3,65
9,HGF82XHD,8,323,78
10,PPF41Q3G,8,GYM2,95
10,UAF85H2,8,235,91
11,BCF41T,8,322,95
9,EEFG1QF,8,146,70
9,MGF41QGF,8,214,80
9,EEFG1,8,330,78
9,PPF41Q2B,8,GYM3,90
9,PPF41Q3B,8,GYM3,85
10,ULFC1TP,8,B39,77
9,HGF82XHD,8,323,86
9,SLF41QGB,8,226,85
9,MEF82QWD,8,328B,81
10,PPF41Q2G,8,GYM1,90
10,PPF41Q3G,8,GYM1,92
10,EEFG1QF,8,146,65
12,PPF41Q2G,8,GYM1,95
10,HUF41,8,324,65
12,MCF41UAX,8,223,95
9,EEFG1QGB,8,246,75
9,FSFC1,8,113,70
12,EEFGDUTJ,8,B6,87
9,SLF41HGB,8,226,94
11,SDF81UVT,8,332,85
10,MGF41QWF,8,107,65
9,FSFC1,8,113,70
10,ULFC1TP,8,B39,79
9,PHF41H2,8,147,92
9,PPF41Q3B,8,GYM3,90
9,HGF81QQD,8,314,86
9,HGF82XHD,8,323,80
10,EEFGDUQF,8,331,82
9,PPF41Q3B,8,GYM3,90
9,SLF41QTB,8,226,68
10,AUFC1TA,8,232,65
9,FSFC1,8,113,70
10,UAF41H2,8,235,98
9,HGF81HQD,8,213,93
12,MCF41UAX,8,223,83
9,HGF81HQD,8,314,94
10,EEFG5,8,126,66
9,FSFC5,8,125,67
10,HUF41,8,324,85
11,SWF41QG,8,229,73
10,EEFG5QT,8,250,70
10,AUFC1TA,8,232,79
10,FMFC5H,8,115,95
11,SEF41H,8,313,93
10,UEFG5,8,B27,71
10,AQF41UVT,8,206,86
9,UEFG5H,8,B27,100
9,PPF41Q3B,8,GYM3,65
9,UAF41Q2,8,235,45
10,MGF41,8,203,55
9,EEFG9QTR,8,350,76
10,ULFC1TP,8,B39,83
10,MGF41,8,207,68
11,EEFGDUQF,8,331,88
9,FMFC1,8,116,80
9,FMFC1,8,116,83
10,EEF81QF,8,249,78
10,MQF41QWF,8,103,72
10,EEFG5HG,8,250,93
9,UEFG5,8,B27,86
11,SWF41HT,8,229,90
9,FSFC1,8,113,85
9,SHF83,8,248,85
9,PHF41Q2,8,147,55
9,PPF41Q3B,8,GYM3,80
9,PHF41H3,8,147,100
9,PPF41Q2G,8,GYM2,95
10,EEFG9QGR,8,350,76
9,FSFC5H,8,125,95
11,EEFGD,8,349,80
11,FFFC5,8,111,80
9,UEFG1,8,227,78
11,EEFGD,8,349,89
9,EEFG5,8,346,76
10,SHFC3TM,8,B17,88
11,EEFG9,8,347,65
9,MEF82QGD,8,211,66
11,EEFGDUQJ,8,348,80
9,HGF81HGD,8,321,94
12,PPF41Q2G,8,GYM1,95
12,UAF85H2,8,235,91
10,PPF41Q3B,8,GYM3,65
11,EEFG9UQX,8,336,88
9,MEF82QTD,8,211,65
10,SCF41,8,138,55
10,MKFC1TC,8,108,85
12,SHF83,8,248,80
9,SLF41QGB,8,231,65
10,MGF41QGF,8,214,45
10,SCF41H,8,141,92
9,UEFG1,8,227,75
10,FSFC1,8,113,45
10,FSFC9H,8,114,93
11,EEFGDUQF,8,331,83
9,MEF82QWD,8,328B,65
10,ULFC1TP,8,B39,69
11,EEFGDUGJ,8,B6,91
11,FSFC5,8,125,83
11,MRF41,8,205,69
10,FMFC5H,8,115,90
10,MGF41QQF,8,104,45
11,EEFGDUQF,8,331,80
11,SDF81UVT,8,332,88
11,EEFGD,8,349,89
9,HGF81HQD,8,314,90
10,MRF41H,8,205,94
11,SPF41H,8,238,91
12,EEFGDUQJ,8,348,90
11,FSFC5,8,123,75
9,PPF41Q2B,8,GYM3,70
9,PPF41Q3B,8,GYM3,80
9,MGF41QQF,8,104,70
10,AQF41UVT,8,206,91
11,SDF81UVT,8,332,84
10,MGF41HTF,8,214,92
10,EEFG5QT,8,250,70
11,BCF41T,8,322,98
11,PPF41Q2B,8,GYM3,90
9,HFF41,8,316,76
11,EEFGDUQF,8,331,88
11,EEFGDUQV,8,204,95
10,MRF41,8,205,87
10,EEFGDUQJ,8,348,65
9,EEFG1HGB,8,246,95
10,SHFC3TM,8,B17,94
9,HGF81HQD,8,213,98
11,SPF41,8,238,85
11,SDF81UVT,8,332,90
11,PPF41Q2G,8,GYM2,90
11,PPF41Q3G,8,GYM2,100
ST,EEFG1,8,330,80
11,SPF41,8,238,82
9,MQF41QWF,8,103,45
11,PPF41Q2G,8,GYM1,95
11,PWF41Q3G,8,POOL,65
11,MKFC1TC,8,108,81
10,EEFG5,8,126,74
11,SPF41,8,238,78
11,MRF41,8,205,65
11,FSFC5H,8,123,94
9,MEF41,8,219,65
9,FSFC5,8,123,68
10,EEFG5,8,126,81
9,PHF41H2,8,147,90
9,PPF41Q3B,8,GYM3,95
9,SLF41QGB,8,226,85
10,FLFC5,8,122,82
9,MEF41,8,219,65
11,EEFGDUQF,8,331,80
9,MGF41QWF,8,107,78
10,SHFC3TM,8,B17,65
10,MRF41,8,205,78
11,EEFGDUGJ,8,B6,87
11,EEFGDUQJ,8,348,82
9,SHFC3TM,8,B17,82
10,SWF41HG,8,229,96
10,PPF41Q2G,8,GYM2,100
10,PPF41Q3G,8,GYM2,100
10,SHFC3TM,8,B17,89
10,AQF41UVT,8,206,90
11,PPF41Q2B,8,GYM3,65
11,HFF41H,8,316,93
10,SCF41,8,138,77
9,FJFC1H,8,124,100
10,ULFC1TP,8,B39,100
11,EEFG9,8,347,66
11,EEFG9UQX,8,336,77
10,FSFC9,8,114,89
11,EEFGDH,8,349,90
9,MEF82QWD,8,328B,65
9,UEFG1,8,227,69
9,HGF81HQD,8,213,95
9,MEF82QTD,8,211,75
9,MEF81QGD,8,221,66
9,PPF41Q3G,8,GYM1,90
9,UAF85H2,8,235,94
12,FSFC9,8,114,83
11,EEFG9,8,347,75
10,MQF41QQF,8,106,75
11,EEFG9QGR,8,350,70
10,MQF41QWF,8,103,78
9,SLF41HGB,8,226,91
10,EEFG5,8,126,86
9,MEF82QTD,8,211,75
11,MQF41QWF,8,103,81
12,EEFGDUTJ,8,B6,78
10,MGF41QGF,8,214,88
11,EEFGDUQF,8,331,85
10,AQF41UVT,8,206,94
9,FSFC5,8,125,65
11,FSFC5,8,125,67
9,EEFG1H,8,330,90
11,FSFC5,8,125,65
10,UEFG5H,8,B27,95
11,FSFC9,8,114,85
9,MEF41H,8,219,95
10,FLFC5,8,122,88
9,SHFC3TM,8,B17,45
10,AUFC1TA,8,232,95
9,PHF41Q3,8,147,84
9,PPF41Q2G,8,GYM2,90
10,UAF41Q3,8,235,76
9,HGF82QGD,8,311,85
10,EEFGDUTJ,8,B6,93
12,EEFGDUQV,8,204,96
9,MEF41,8,219,81
9,EEFG1,8,330,78
10,FJFC1,8,124,55
11,EEFG9QTR,8,350,78
10,EEFG5,8,346,89
9,EEF81QF,8,249,88
9,EEFG1,8,330,55
10,PPF41Q2B,8,GYM3,65
10,PPF41Q3B,8,GYM3,75
10,PPF41Q2B,8,GYM3,90
10,UAF85Q3,8,235,65
10,SCF41,8,139,55
10,AUFC1TA,8,232,97
10,EEF81HF,8,249,90
12,FQF41QQY,8,216B,100
12,PPF41Q2G,8,GYM1,95
9,EEFG1QGB,8,246,85
10,AQF41UVT,8,206,90
10,SEF41,8,341,70
9,FSFC5,8,125,70
10,MGF41,8,203,82
9,HGF82HGD,8,311,90
9,SHFC3TM,8,B17,55
9,HGF82QGD,8,311,84
12,SCF41,8,141,45
9,UEFG1,8,227,74
10,EEFG5,8,126,80
10,PPF41Q3B,8,GYM3,90
10,UAF41Q2,8,235,80
9,MKFC1TC,8,108,72
11,EEFG9UQX,8,336,85
11,BCF41T,8,322,93
10,SCF41,8,139,79
11,EEFGDUTJ,8,B6,70
11,EEFGDUQV,8,204,75
10,FMFC5,8,115,82
11,EEFGDUQJ,8,348,85
9,EEFG1QTB,8,246,72
10,EEFGDUQJ,8,348,55
10,AQF41UVT,8,206,92
10,FJFC1,8,124,85
9,EEFG1,8,330,75
10,EEFGDUQJ,8,348,45
10,EEFG5,8,126,77
10,MGF41,8,207,84
10,MQF41QQY,8,204A,45
10,EEFG5,8,126,65
11,FSFC5,8,125,70
9,PHF41Q3,8,147,65
11,EEFGD,8,349,68
9,EEFG1QTB,8,246,70
10,HUF41H,8,324,90
9,EEFG1QFW,8,146,80
9,MRF41,8,205,86
9,MEF81QTD,8,221,45
10,SHFC3TM,8,B17,74
9,PPF41Q3G,8,GYM1,70
12,PPF41Q2B,8,GYM3,90
9,MGF41H,8,203,94
9,PPF41Q2B,8,GYM3,90
9,PPF41Q3B,8,GYM3,95
12,EEFGDUQJ,8,348,65
9,HGF82HGD,8,311,92
10,BCF41T,8,322,95
10,PWF41Q3G,8,POOL,93
11,EEFGDUQF,8,331,88
10,SCF41,8,138,86
9,SLF41QGB,8,226,85
11,UEFG5H,8,B27,94
10,SHFC3TM,8,B17,86
10,AQF41UVT,8,206,99
12,PWF41Q2G,8,POOL,92
11,EEFGDUQV,8,204,94
ST,SCF41,8,138,79
11,PPF41Q2G,8,GYM2,100
11,PPF41Q3G,8,GYM2,95
9,PPF41Q2G,8,GYM2,100
9,UAF41Q3,8,235,74
9,SLF41HGB,8,226,93
9,HGF82QGD,8,311,87
11,SDF81UVT,8,332,82
9,FSFC5,8,125,88
11,MRF41QQF,8,225,74
10,HUF41,8,324,55
11,EEFG9QGR,8,350,76
10,MRF41QQF,8,225,55
10,SCF41H,8,141,92
10,ULFC1TP,8,B39,78
10,SCF41H,8,141,94
11,SDF81UVT,8,332,81
11,SPF41,8,238,86
10,HUF41,8,324,70
10,SCF41,8,138,66
11,EEFG9,8,347,80
11,SPF41,8,238,89
10,SEF41,8,313,76
10,MGF41H,8,203,94
10,FMFC5H,8,115,96
12,PPF41Q2G,8,GYM1,95
9,HGF81HQD,8,314,94
9,MGF41,8,203,80
11,PPF41Q2G,8,GYM1,95
10,MGF41HQF,8,104,94
9,UEFG1,8,227,80
9,UEFG1,8,227,73
12,MCF41UAX,8,223,65
9,BCF41T,8,322,90
10,PPF41Q2B,8,GYM3,90
10,PPF41Q3B,8,GYM3,90
9,SLF41HGB,8,231,95
11,SPF41,8,238,82
10,MGF41QQF,8,104,45
10,FSFC9,8,114,88
11,EEFGDUGJ,8,B6,72
9,HUF41,8,324,55
12,PPF41Q2G,8,GYM2,95
9,PHF41H2,8,147,98
9,PPF41Q3G,8,GYM2,100
11,EEFGDUQJ,8,348,90
12,SHF83H,8,248,100
9,PPF41Q2B,8,GYM3,90
9,PPF41Q3B,8,GYM3,95
12,EEFGDUQF,8,331,82
10,FFFC5,8,111,65
10,MGF41,8,203,55
10,PWF41Q3G,8,POOL,93
10,UAF41H2,8,235,98
10,BCF41T,8,322,91
10,PPF41Q3B,8,GYM3,95
9,UEFG1,8,227,65
11,EEFGDUQJ,8,348,90
10,MRF41QQF,8,225,87
10,MGF41,8,203,72
11,MCF41UAX,8,223,86
11,PPF41Q2B,8,GYM3,90
11,PPF41Q3B,8,GYM3,90
12,PQF41Q2Y,8,251,100
12,PQF41Q3Y,8,251,100
10,FLFC5H,8,122,100
9,EEFG1,8,330,82
11,BCF41T,8,322,93
11,UAF85H2,8,235,90
9,HGF81HQD,8,314,90
10,FSFC5,8,123,65
12,MCF41UAX,8,223,68
9,HGF81HQD,8,213,94
9,FJFC1,8,124,75
9,FSFC1,8,113,70
9,HGF82XHD,8,323,80
10,SCF41,8,138,70
11,UAF41H3,8,235,92
11,UAF41Q2,8,235,81
9,PHF41Q3,8,147,65
9,ULFC1TP,8,B39,73
10,SCF41,8,138,87
11,EEFG9QGR,8,350,55
11,SWF41HG,8,229,93
9,HGF81QQD,8,213,72
10,EEF81QF,8,249,88
11,MRF41H,8,205,93
10,MRF41,8,205,74
9,MGF41QQF,8,104,55
10,SCF41,8,138,79
11,SDF81UVT,8,332,92
10,MGF41QQF,8,104,70
9,ULFC1TP,8,B39,69
11,FSFC5,8,123,70
9,UEFG5H,8,B27,95
10,BCF41T,8,322,90
10,PPF41Q3G,8,GYM1,85
9,PPF41Q2G,8,GYM2,90
9,PPF41Q3G,8,GYM2,90
10,PPF41Q2B,8,GYM3,80
10,UAF85Q3,8,235,82
12,MCF41UAX,8,223,88
10,SCF41,8,139,82
12,MRF41QQF,8,225,66
10,EEFG5HG,8,250,91
12,SQF41QQY,8,233,100
9,HGF81QQD,8,314,84
11,SDF81UVT,8,332,93
10,UEFG5H,8,B27,100
9,FMFC1H,8,116,97
11,SEF41H,8,341,97
9,PHF41Q3,8,147,88
9,PPF41Q2B,8,GYM3,90
10,PPF41Q2G,8,GYM1,70
9,SLF41QTB,8,231,72
10,HUF41,8,324,75
10,UEFG5H,8,B27,100
11,EEFGDUGJ,8,B6,86
10,HFF41,8,316,88
11,PWF41Q2G,8,POOL,90
11,PWF41Q3G,8,POOL,90
10,EEFG1QF,8,146,79
9,HGF82QTD,8,311,86
11,MRF41,8,205,80
10,FMFC5H,8,115,92
9,HGF81QQD,8,213,71
9,HGF81HGD,8,321,90
9,EEFG5,8,126,55
11,SEF41H,8,313,90
11,BCF41T,8,322,97
11,PPF41Q2G,8,GYM2,95
10,EEFG5H,8,126,90
11,SCF41H,8,141,94
9,FMFC1H,8,116,94
11,EEFG9UQX,8,336,72
9,FSFC1,8,113,75
9,SWF41QT,8,229,80
10,PPF41Q3B,8,GYM3,95
10,UAF85H2,8,235,94
9,EEFG1QTB,8,246,70
9,SLF41QGB,8,231,86
9,EEFG1QGB,8,246,70
10,MGF41QQF,8,104,45
10,MGF41QTF,8,214,78
9,MEF81QGD,8,221,45
9,SLF41QTB,8,231,70
10,FLFC5,8,122,88
9,EEFG1,8,330,82
10,MRF41,8,205,88
11,MRF41QQF,8,225,55
10,PPF41Q2B,8,GYM3,90
10,UAF41Q3,8,235,75
11,SDF81UVT,8,332,93
9,MQF41QQF,8,106,78
10,EEFG5,8,126,85
11,EEFGDUQJ,8,348,85
9,HGF82XHD,8,323,84
11,MRF41H,8,205,96
11,SPF41H,8,238,91
9,HGF81QGD,8,321,70
10,PPF41Q2G,8,GYM1,65
10,PPF41Q3G,8,GYM2,80
10,EEFG5,8,346,89
9,HGF81HQD,8,314,93
9,SLF41QGB,8,226,87
9,EEFG5,8,346,70
12,EEFGDUTJ,8,B6,86
10,PPF41Q3B,8,GYM3,90
10,UAF85Q2,8,235,70
10,AQF41UVT,8,206,93
11,SDF81UVT,8,332,96
9,HGF81QQD,8,314,83
10,HUF41,8,324,84
12,EEFGDUQF,8,331,65
11,EEFGDUQF,8,331,65
10,ULFC1TP,8,B39,82
10,EEFG1QF,8,146,65
10,SWF41QG,8,229,77
12,MCF41UAX,8,223,65
10,AQF41UVT,8,206,98
11,FSFC9,8,114,70
10,AUFC1TA,8,232,99
9,MEF82QGD,8,211,85
11,SPF41,8,238,86
12,EEFGDUGJ,8,B6,90
9,HGF81QQD,8,213,79
10,SCF41,8,141,84
11,BCF41T,8,322,93
11,PWF41Q3G,8,POOL,85
10,SCF41H,8,138,91
10,SCF41,8,138,89
9,MEF82QWD,8,328B,87
9,HGF82XHD,8,323,90
10,MGF41HGF,8,214,90
12,PPF41Q2G,8,GYM1,75
12,PWF41Q3G,8,POOL,88
11,FFFC5,8,111,88
10,SCF41H,8,141,90
11,EEFG9UQX,8,336,82
11,SEF41H,8,341,96
9,SLF41QGB,8,226,82
9,SEF41,8,313,78
9,MEF82QGD,8,211,67
9,MEF82QTD,8,211,82
11,PPF41Q3B,8,GYM3,90
11,UAF85H2,8,235,94
12,EQF41QQY,8,328A,95
9,HGF81HTD,8,321,90
11,PPF41Q3G,8,GYM2,95
11,PWF41Q2G,8,POOL,85
10,FLFC5,8,122,88
10,MGF41,8,207,68
ST,SCF41,8,138,76
10,EEFG5,8,346,72
9,HGF81HGD,8,321,93
11,SEF41,8,313,78
10,MGF41QTF,8,214,75
9,PPF41Q3G,8,GYM1,70
11,SDF81UVT,8,332,89
12,EEFGDUQJ,8,348,85
10,BCF41T,8,322,98
10,PPF41Q3B,8,GYM3,90
10,BCF41T,8,322,96
10,PWF41Q2G,8,POOL,92
11,MQF41QQF,8,106,65
10,MGF41H,8,207,98
11,EEFG9HGR,8,350,95
10,EEFGDUQF,8,331,75
9,HGF82XHD,8,323,75
9,EEF81QF,8,249,88
11,PWF41Q3G,8,POOL,93
11,SPF41,8,238,81
11,FMFC5H,8,115,90
10,PPF41Q2B,8,GYM3,85
10,UAF41Q3,8,235,79
9,MEF81QGD,8,221,45
9,HGF81QGD,8,321,86
10,UEFG5H,8,B27,96
12,HUF41,8,324,85
11,MQF41QQF,8,106,55
10,AUFC1TA,8,232,98
9,EEF81QFW,8,249,86
9,MEF81QGD,8,221,82
11,PPF41Q2B,8,GYM3,85
11,UAF85Q3,8,235,84
11,SHFC3TM,8,B17,86
11,EEFG9,8,347,83
10,FLFC5,8,122,86
11,EEFGD,8,349,76
9,SEF41,8,341,84
9,HGF82XHD,8,323,92
11,FFFC5,8,111,77
10,UEFG5H,8,B27,95
10,SHFC3TM,8,B17,69
9,FJFC1H,8,124,93
11,EEFGDH,8,349,90
9,MQF41QWF,8,103,78
11,SEF41,8,313,86
9,MGF41H,8,207,100
9,HGF81HQD,8,213,90
10,MGF41QGF,8,214,87
10,FSFC5H,8,125,98
9,EEFG1,8,330,65
11,SPF41,8,238,78
10,UEFG5H,8,B27,100
10,EEFG5HG,8,250,93
9,HGF82XHD,8,323,78
10,PPF41Q2B,8,GYM3,100
10,PPF41Q3B,8,GYM3,95
9,HGF82XHD,8,323,84
12,BCF41T,8,322,98
10,HUF41,8,324,83
10,EEFG5,8,346,88
9,FSFC5H,8,123,90
10,AQF41UVT,8,206,97
9,HGF81QGD,8,321,81
10,EEF81HF,8,249,99
11,EEFGDUQV,8,204,87
11,EEFGDUGJ,8,B6,78
9,HGF82QGD,8,311,77
9,PHF41Q3,8,147,85
9,PPF41Q2G,8,GYM1,80
10,EEFG5QG,8,250,75
11,PPF41Q3B,8,GYM3,90
10,MGF41QTF,8,214,87
12,PPF41Q2B,8,GYM3,90
11,PPF41Q2B,8,GYM3,100
11,PPF41Q3B,8,GYM3,95
10,UEFG5H,8,B27,98
9,FJFC1H,8,124,92
11,EEFG9UQX,8,336,89
10,EEFG9HGR,8,350,90
11,FSFC5,8,123,72
10,FFFC5,8,111,84
9,EEFG1,8,330,65
9,PPF41Q3B,8,GYM3,45
9,PHF41Q2,8,147,65
9,PPF41Q3B,8,GYM3,65
10,ULFC1TP,8,B39,90
10,PPF41Q3G,8,GYM1,94
11,SCF41,8,141,69
9,FSFC1,8,113,80
9,HGF81HGD,8,321,97
9,PPF41Q2B,8,GYM3,85
12,FQF41QQY,8,216B,75
10,FSFC9H,8,114,93
9,MGF41,8,203,55
12,EQF41QQY,8,328A,100
10,AUFC1TA,8,232,95
10,MKFC1TC,8,108,55
11,EEFGD,8,349,88
10,HUF41,8,324,70
10,SHFC3TM,8,B17,78
10,EEFG5,8,346,81
9,PHF41Q3,8,147,70
9,PPF41Q2B,8,GYM3,90
10,UEFG5H,8,B27,98
11,PPF41Q3G,8,GYM1,91
11,UAF85H2,8,235,100
10,EEFG5,8,346,81
10,UEFG5,8,B27,88
10,EEFGD,8,349,89
9,HGF81QQD,8,213,88
11,UEFG1,8,227,81
11,MGF41,8,207,45
9,HGF81QQD,8,314,75
10,SHFC3TM,8,B17,84
10,MGF41,8,207,65
11,SDF81UVT,8,332,94
11,EEFGDUQV,8,204,93
9,UEFG1,8,227,81
10,SEF41,8,313,73
10,PPF41Q2B,8,GYM3,90
10,PPF41Q3B,8,GYM3,90
10,EEFG9QTR,8,350,45
10,MGF41,8,207,72
12,SHF83H,8,248,93
9,HGF81HTD,8,321,90
10,EEFGDUTJ,8,B6,45
12,MCF41UAX,8,223,84
9,HFF41,8,316,65
9,UEFG1,8,227,81
10,FMFC5H,8,115,98
10,HUF41,8,324,83
10,MGF41H,8,203,92
12,MCF41UAX,8,223,88
9,SLF41QGB,8,226,75
11,PPF41Q3G,8,GYM2,100
10,MGF41QTF,8,214,85
9,PHF41Q3,8,147,87
9,PPF41Q2G,8,GYM1,90
9,UEFG1,8,227,72
11,EEFGDUQV,8,204,80
10,MKFC1TC,8,108,90
9,MEF82QGD,8,211,85
12,PQF41Q2Y,8,251,100
12,PQF41Q3Y,8,251,100
10,AQF41UVT,8,206,88
11,PPF41Q3B,8,GYM3,90
9,PPF41Q2B,8,GYM3,70
9,UAF85Q3,8,235,65
11,EEFG9,8,347,66
10,MGF41QGF,8,214,55
10,BCF41T,8,322,86
10,SHFC3TM,8,B17,82
11,FMFC5H,8,115,99
12,PHF41Q2,8,147,65
12,PPF41Q3B,8,GYM3,70
10,AQF41UVT,8,206,96
10,EEFGDUQV,8,204,99
9,MEF41,8,219,78
9,SWF41QG,8,229,87
9,PHF41H3,8,147,91
9,PPF41Q2G,8,GYM1,90
10,MGF41H,8,203,91
10,FLFC5H,8,122,100
10,FMFC5,8,115,89
11,MRF41QQF,8,225,77
9,PPF41Q3B,8,GYM3,65
10,FMFC5H,8,115,100
9,EEFG1QF,8,146,78
10,SCF41,8,141,79
10,PPF41Q3G,8,GYM1,70
10,UAF41Q2,8,235,82
10,EEF81QF,8,249,84
10,SCF41,8,138,55
11,SDF81UVT,8,332,90
10,FMFC5H,8,115,100
10,MKFC1TC,8,108,85
10,EEFG5,8,126,71
11,EEF81HF,8,249,91
9,PWF41Q2G,8,POOL,80
11,BCF41T,8,322,99
11,PPF41Q2B,8,GYM3,95
10,HUF41,8,324,65
10,MGF41,8,203,55
9,EEFG1QFW,8,146,77
10,ULFC1TP,8,B39,73
11,MRF41,8,205,80
10,PPF41Q2B,8,GYM3,90
10,UAF41Q3,8,235,85
10,PPF41Q2B,8,GYM3,90
10,UAF41Q3,8,235,65
11,MGF41QWF,8,107,84
11,FMFC5H,8,115,93
11,HFF41H,8,316,91
11,EEF81HF,8,249,99
11,EEFG9UQX,8,336,92
10,EEFG9,8,347,68
10,AQF41UVT,8,206,88
9,EEFG1QTB,8,246,65
9,FJFC1,8,124,69
11,EEFG9UQX,8,336,65
10,SCF41,8,139,75
12,EEFGDUQV,8,204,97
10,UEFG1,8,227,75
11,BCF41T,8,322,98
11,PPF41Q3G,8,GYM1,90
11,AQF41UVT,8,206,85
9,FMFC1,8,116,68
10,PPF41Q3B,8,GYM3,90
10,UAF41Q2,8,235,86
9,SLF41QTB,8,231,87
10,FMFC5H,8,115,92
9,MQF41QQF,8,106,80
10,PPF41Q3B,8,GYM3,90
10,UAF85Q2,8,235,74
9,PPF41Q3B,8,GYM3,90
10,SEF41,8,313,75
9,MEF81QTD,8,221,88
9,EEF81HF,8,249,96
10,SCF41,8,141,74
11,EEFGDUQF,8,331,80
10,EEF81HF,8,249,91
9,FMFC1H,8,116,100
9,FJFC1H,8,124,95
11,EEFGDUQV,8,204,94
10,SCF41H,8,139,93
11,PPF41Q3G,8,GYM2,85
10,ULFC1TP,8,B39,73
10,FMFC5H,8,115,92
10,PPF41Q2G,8,GYM1,90
10,UAF85Q3,8,235,88
9,FJFC1H,8,124,94
9,MGF41H,8,203,98
10,EEF81HF,8,249,91
9,PHF41Q2,8,147,80
9,PPF41Q3B,8,GYM3,100
9,HGF81HGD,8,321,92
11,BCF41T,8,322,92
11,PPF41Q2B,8,GYM3,90
9,FMFC1H,8,116,95
10,UEFG5H,8,B27,100
10,UEFG5H,8,B27,100
11,PPF41Q2G,8,GYM2,85
11,SPF41,8,238,79
12,PWF41Q2G,8,POOL,92
9,EEFG1HF,8,146,96
10,SPF41,8,238,88
11,SLF41QGB,8,231,65
10,SCF41H,8,139,97
9,FMFC1H,8,116,93
9,EEFG1QF,8,146,76
11,FMFC5H,8,115,100
11,EEFGDUQJ,8,348,75
10,EEFG5QG,8,250,84
9,EEFG1QFW,8,146,68
10,BCF41T,8,322,93
10,PPF41Q3G,8,GYM1,90
9,FMFC1H,8,116,90
12,EEFGDUQV,8,204,99
10,EEF81HF,8,249,96
9,EEFG1QF,8,146,67
9,MGF41,8,203,89
11,PPF41Q2G,8,GYM2,90
11,PPF41Q3G,8,GYM2,70
11,EEFGD,8,349,87
12,SHF83H,8,248,100
9,HGF82XHD,8,323,94
10,PPF41Q2B,8,GYM3,90
10,UAF85Q3,8,235,82
11,PPF41Q3G,8,GYM2,75
11,FSFC9H,8,114,98
11,FSFC5,8,125,87
10,AQF41UVT,8,206,90
11,EEFGDUQJ,8,348,83
10,MKFC1TC,8,108,90
10,PWF41Q3G,8,POOL,90
10,BCF41T,8,322,92
10,PWF41Q3G,8,POOL,93
9,SWF41QT,8,229,85
11,UAF85Q3,8,235,66
9,PHF41H2,8,147,91
9,PPF41Q3G,8,GYM1,85
12,EEFGDUQF,8,331,70
12,MGF41QTF,8,214,55
11,PPF41Q2B,8,GYM3,85
11,UAF85Q3,8,235,66
10,MKFC1TC,8,108,88
10,FMFC5H,8,115,98
9,EEFG1QF,8,146,67
11,EEFG9,8,347,76
11,HFF41H,8,316,95
9,SLF41QTB,8,226,74
9,HFF41,8,316,45
12,PPF41Q2B,8,GYM3,100
9,PHF41Q3,8,147,65
9,PPF41Q2B,8,GYM3,95
12,MCF41UAX,8,223,75
9,HGF82HGD,8,311,100
10,AQF41UVT,8,206,96
11,BCF41T,8,322,100
11,PWF41Q3G,8,POOL,90
11,FMFC5H,8,115,93
10,EEFG5HG,8,250,92
10,ULFC1TP,8,B39,72
9,SLF41QTB,8,226,66
12,FSFC9H,8,114,92
10,EEFG5,8,346,81
11,EEFG9,8,347,80
11,AUFC1TA,8,232,92
10,EEFG5QG,8,250,65
10,EEFG5H,8,346,96
9,MEF41H,8,219,98
9,FLFC5,8,122,72
10,SCF41,8,138,45
9,MEF82QWD,8,328B,55
11,EEFG9UQX,8,336,85
10,EEFG5QT,8,250,71
11,SCF41,8,141,80
12,EEF81HF,8,249,97
11,EEF81HF,8,249,94
10,EEF81QF,8,249,86
11,BCF41T,8,322,97
11,UAF85H3,8,235,92
9,FMFC1,8,116,74
10,EEFG5,8,126,77
10,UEFG5H,8,B27,98
9,EEFGDUGJ,8,B6,80
9,SLF41QTB,8,231,78
10,MGF41,8,203,72
10,EEFGD,8,349,67
9,UEFG1H,8,227,91
11,EEFGDUQV,8,204,91
10,MGF41,8,207,81
11,MRF41QQF,8,225,65
9,EEFG1QGB,8,246,65
9,FMFC1,8,116,55
11,EEFGDUQJ,8,348,80
11,EEFGDUQJ,8,348,83
11,ULFC1TP,8,B39,76
9,HGF81QQD,8,314,85
11,FFFC5,8,111,83
10,SEF41H,8,341,94
9,MEF82QWD,8,328B,67
11,FSFC5,8,123,82
10,SHFC3TM,8,B17,91
11,EEFGDUQV,8,204,96
11,EEFG9UQX,8,336,88
9,EEFG5QG,8,250,55
10,EEFG5,8,126,83
10,MGF41H,8,203,90
10,FSFC5,8,125,77
11,SEF41,8,313,82
9,MEF82QGD,8,211,82
10,MGF41,8,203,86
11,FFFC5H,8,111,90
11,FFFC5,8,111,85
12,MCF41UAX,8,223,70
9,EEFG1,8,330,75
10,EEFG5,8,126,66
11,SHFC3TM,8,B17,88
9,SEF41,8,341,83
9,EEFG1QGB,8,246,70
12,SHF83H,8,248,98
12,SHF83H,8,248,90
9,FSFC1,8,113,70
9,SLF41QGB,8,231,66
11,HFF41H,8,316,95
9,PPF41Q2B,8,GYM3,70
9,PPF41Q3B,8,GYM3,80
12,PPF41Q2B,8,GYM3,90
12,SHF83H,8,248,93
11,EEFGDUGJ,8,B6,90
11,EEFGDUGJ,8,B6,45
9,MQF41QWF,8,103,71
11,PPF41Q3B,8,GYM3,90
11,UAF85H2,8,235,97
9,MGF41QGF,8,214,55
9,PHF41H3,8,147,95
9,PPF41Q2G,8,GYM2,95
10,HUF41,8,324,68
12,SHF83H,8,248,91
10,PHF41H2,8,147,92
10,PPF41Q3G,8,GYM2,80
11,SHF83H,8,248,98
9,FSFC5,8,125,80
9,UEFG1,8,227,76
11,SEF41,8,313,65
12,UAF85Q2,8,235,45
9,HGF81QGD,8,321,65
9,PPF41Q2G,8,GYM1,95
9,UAF85Q3,8,235,68
9,PHF41Q3,8,147,89
9,PPF41Q2B,8,GYM3,90
11,SEF41,8,313,55
10,MGF41,8,203,67
9,SLF41HGB,8,231,92
10,MGF41QTF,8,214,65
9,SLF41QTB,8,231,65
10,FJFC1H,8,124,95
9,PPF41Q3G,8,GYM1,75
10,AUFC1TA,8,232,96
9,HGF81QQD,8,314,83
11,UEFG1,8,227,69
11,BCF41T,8,322,100
11,PPF41Q2G,8,GYM2,100
12,EEFGDUTJ,8,B6,88
11,FSFC5,8,125,65
9,HGF82QGD,8,311,87
9,SLF41QTB,8,231,77
10,SEF41,8,313,72
11,EEFG9UQX,8,336,97
11,EEFGDUQJ,8,348,80
11,FSFC5H,8,125,92
10,MGF41QQF,8,104,81
10,MKFC1TC,8,108,90
11,EEFGDUQV,8,204,45
10,MRF41,8,205,83
11,FSFC5H,8,125,92
9,HGF81QQD,8,314,75
9,MEF81QGD,8,221,65
10,PPF41Q2B,8,GYM3,90
10,UAF41Q3,8,235,74
11,FFFC5,8,111,72
9,HGF81QQD,8,314,80
10,PPF41Q2G,8,GYM1,80
10,PPF41Q3G,8,GYM1,90
9,MEF81QTD,8,221,65
9,SLF41QTB,8,226,65
11,SEF41,8,341,87
11,PPF41Q3B,8,GYM3,90
12,EEFGDUQF,8,331,85
10,BCF41T,8,322,90
11,EEFGDUQF,8,331,88
9,HGF81QQD,8,314,88
9,HGF81QQD,8,213,77
11,ULFC1TP,8,B39,87
11,FSFC5H,8,125,94
11,BCF41T,8,322,98
12,MCF41UAX,8,223,76
12,EEFGDUQF,8,331,88
11,SDF81UVT,8,332,95
9,MEF82QWD,8,328B,55
10,PPF41Q2B,8,GYM3,90
10,PPF41Q3B,8,GYM3,70
11,MRF41QQF,8,225,81
9,HFF41,8,316,85
10,PWF41Q2G,8,POOL,95
10,PWF41Q3G,8,POOL,93
12,EEFGDUQF,8,331,83
9,HGF81QQD,8,213,65
11,PPF41Q2B,8,GYM3,70
11,UAF85Q3,8,235,85
11,FFFC5H,8,111,91
9,MEF82HGD,8,211,94
10,FLFC5,8,122,87
10,MGF41HGF,8,214,92
11,MRF41,8,205,65
11,MRF41QQF,8,225,83
10,FSFC9,8,114,65
10,HFF41,8,316,75
11,FSFC5,8,123,88
10,PPF41Q2G,8,GYM2,85
12,PPF41Q2G,8,GYM1,90
9,MEF82QGD,8,211,76
9,MEF82QTD,8,211,80
9,EEFGDUQJ,8,348,75
9,EEFG1QTB,8,246,75
11,EEFGDUGJ,8,B6,95
10,BCF41T,8,322,94
10,PPF41Q2B,8,GYM3,80
9,HGF81HGD,8,321,91
11,SEF41,8,313,78
9,EEF81QF,8,249,86
10,PPF41Q3B,8,GYM3,90
10,UAF41Q2,8,235,68
9,FJFC1,8,124,86
11,SDF81UVT,8,332,95
9,PPF41Q2G,8,GYM2,100
9,PPF41Q3G,8,GYM2,90
11,MRF41,8,205,78
11,SEF41,8,313,85
9,HGF81QGD,8,321,55
10,UAF41Q3,8,235,74
10,PWF41Q3G,8,POOL,65
11,EEFG9UQX,8,336,92
10,EEFGD,8,349,83
11,EEFG9,8,347,72
11,FLFC5,8,122,45
9,SLF41QTB,8,226,85
9,HGF82XHD,8,323,82
9,UEFG1,8,227,82
9,HGF82QGD,8,311,87
9,MEF41,8,219,70
9,SCF41,8,138,81
9,PHF41H2,8,147,100
9,PPF41Q3G,8,GYM2,100
10,SCF41,8,138,88
9,HGF82QGD,8,311,89
10,EEFG5,8,346,80
11,FFFC5,8,111,77
11,MGF41QQF,8,104,45
9,MGF41,8,207,87
10,MGF41QQF,8,104,75
9,FJFC1,8,124,69
10,SCF41,8,138,68
12,BCF41T,8,322,98
10,EEFG5,8,126,71
10,MRF41H,8,205,91
11,BCF41T,8,322,98
11,PPF41Q3B,8,GYM3,75
9,HGF82HGD,8,311,96
9,SLF41QGB,8,231,83
11,EEFGDH,8,349,95
9,SLF41QGB,8,231,67
10,BCF41T,8,322,94
10,PPF41Q2B,8,GYM3,90
9,HGF82HGD,8,311,93
11,EEFGDUQF,8,331,65
10,FMFC5H,8,115,100
10,ULFC1TP,8,B39,78
10,SEF41,8,341,79
9,HGF81HQD,8,213,90
10,SCF41H,8,141,96
9,PPF41Q2B,8,GYM3,95
9,PPF41Q3B,8,GYM3,90
11,MRF41,8,205,65
9,MGF41QGF,8,214,86
9,FMFC1H,8,116,90
10,EEF81HF,8,249,97
11,EEFGDUQF,8,331,85
10,SCF41,8,141,85
10,PPF41Q3G,8,GYM2,80
10,UAF41Q2,8,235,65
10,MRF41QQF,8,225,69
11,BCF41T,8,322,93
11,PPF41Q3G,8,GYM1,90
11,EEFG9,8,347,45
10,MQF41QQF,8,106,85
10,FLFC5H,8,122,90
9,SLF41QGB,8,231,65
11,SPF41,8,238,76
9,MGF41QWF,8,107,76
11,BCF41T,8,322,96
11,PPF41Q3G,8,GYM1,100
11,SPF41H,8,238,90
9,SLF41QGB,8,226,81
9,SLF41QGB,8,226,88
10,HUF41,8,324,83
9,PHF41H2,8,147,90
9,PPF41Q3B,8,GYM3,90
10,FLFC5H,8,122,96
10,PPF41Q3B,8,GYM3,95
10,UAF41H2,8,235,94
12,PPF41Q2G,8,GYM1,85
9,FSFC5H,8,123,90
9,SWF41QG,8,229,88
10,FLFC5,8,122,88
10,EEFG5QT,8,250,69
9,PPF41Q2G,8,GYM1,70
9,PPF41Q3G,8,GYM2,95
9,FSFC1,8,113,70
9,HGF81HQD,8,213,91
9,HGF82XHD,8,323,87
9,SLF41HGB,8,231,90
9,MQF41QQF,8,106,65
9,SLF41QTB,8,226,75
10,AQF41UVT,8,206,83
11,EEFGDUGJ,8,B6,90
9,PPF41Q2B,8,GYM3,90
9,PPF41Q3B,8,GYM3,90
9,FSFC1,8,113,85
9,MGF41QQF,8,104,65
9,ULFC1TP,8,B39,76
10,MGF41QGF,8,214,77
9,SLF41QGB,8,231,55
12,EEFGDUQF,8,331,80
10,SPF41,8,238,85
10,EEFGDUQF,8,331,55
10,SPF41H,8,238,93
10,SCF41,8,138,83
11,SDF81UVT,8,332,90
9,MEF41,8,219,88
11,MRF41QQF,8,225,74
10,SCF41,8,141,55
9,MEF82QGD,8,211,71
9,MEF81QGD,8,221,55
9,HGF81QQD,8,314,70
9,FMFC1,8,116,80
12,FSFC5H,8,123,90
11,HFF41,8,316,85
9,MEF82QTD,8,211,67
10,MKFC1TC,8,108,93
10,EEFG9,8,347,82
11,EEFGDUQF,8,331,80
11,AQF41UVT,8,206,88
9,FJFC1,8,124,88
9,EEFG1QGB,8,246,85
10,FSFC9,8,114,55
10,HUF41H,8,324,90
9,PPF41Q3G,8,GYM2,95
9,UAF41Q2,8,235,76
10,MRF41H,8,205,92
9,EEFG1,8,330,55
11,EEFG9,8,347,80
9,FFFC5,8,111,45
11,EEFG9,8,347,72
9,FMFC1,8,116,75
11,EEFGDUQJ,8,348,75
10,EEFGDUQV,8,204,90
9,HGF82XHD,8,323,84
9,SEF41H,8,313,90
11,EEFG9,8,347,83
11,SEF41,8,313,77
9,BCF41T,8,322,70
9,UAF85Q2,8,235,65
9,SEF41,8,313,74
10,PPF41Q3B,8,GYM3,95
10,UAF41Q2,8,235,72
11,SDF81UVT,8,332,94
11,SDF81UVT,8,332,94
11,MRF41QQF,8,225,76
9,PHF41H3,8,147,96
9,PPF41Q2B,8,GYM3,95
9,PHF41H2,8,147,90
9,PPF41Q3G,8,GYM2,100
9,FJFC1,8,124,74
11,EEFGD,8,349,87
10,MRF41HQF,8,225,90
10,PPF41Q2B,8,GYM3,90
10,PPF41Q3B,8,GYM3,70
9,FSFC5H,8,123,98
10,BCF41T,8,322,97
10,PPF41Q3B,8,GYM3,90
10,SCF41,8,139,85
11,SPF41,8,238,87
12,MCF41UAX,8,223,69
9,EEFGDUQV,8,204,45
9,MQF41QQF,8,106,55
12,PPF41Q2B,8,GYM3,90
10,PPF41Q3G,8,GYM1,92
10,PWF41Q2G,8,POOL,88
11,FSFC5H,8,125,95
10,BCF41T,8,322,92
10,PPF41Q3G,8,GYM1,85
11,FSFC9,8,114,75
10,MKFC1TC,8,108,55
10,MRF41QQF,8,225,81
10,FSFC5H,8,125,94
11,PPF41Q2G,8,GYM2,100
11,PPF41Q3G,8,GYM1,93
10,SWF41QG,8,229,89
9,HFF41,8,316,68
11,MQF41HQF,8,106,95
12,EEF81HF,8,249,94
9,HFF41,8,316,69
10,UAF41Q3,8,235,68
11,BCF41T,8,322,99
11,PPF41Q3B,8,GYM3,90
10,MGF41QQF,8,104,55
9,SLF41QGB,8,226,78
9,UEFG1,8,227,75
11,PPF41Q2B,8,GYM3,90
9,PPF41Q3G,8,GYM1,70
10,FLFC5,8,122,85
9,FMFC1H,8,116,95
10,SCF41,8,138,71
9,EEFG1QF,8,146,85
9,MEF81QGD,8,221,79
9,PHF41Q2,8,147,81
9,PPF41Q3G,8,GYM2,80
10,MGF41,8,203,55
10,SEF41H,8,341,91
11,MRF41,8,205,86
11,FSFC5H,8,125,94
11,UAF85Q2,8,235,65
10,AQF41UVT,8,206,94
9,MEF81QTD,8,221,70
11,EEFG9,8,347,65
11,EEFGDUQJ,8,348,85
10,SLF41QGB,8,231,73
9,PHF41Q2,8,147,65
9,PPF41Q3B,8,GYM3,75
9,HGF81QQD,8,314,86
9,MGF41QWF,8,107,77
10,PPF41Q3G,8,GYM1,90
10,UAF41H2,8,235,98
10,HUF41,8,324,70
11,SHF83H,8,248,98
10,HUF41,8,324,73
9,MEF82QWD,8,328B,55
9,MEF82QGD,8,211,76
12,EEFGDH,8,349,97
10,MKFC1TC,8,108,96
11,SPF41,8,238,82
9,FLFC5,8,122,65
11,SEF41H,8,341,96
10,AUFC1TA,8,232,98
9,PPF41Q2B,8,GYM3,90
9,PPF41Q3B,8,GYM3,90
11,SWF41HG,8,229,94
9,MEF81QGD,8,221,70
11,AQF41UVT,8,206,84
10,SWF41HT,8,229,93
9,MQF41QQF,8,106,65
12,PPF41Q2B,8,GYM3,100
10,PPF41Q3G,8,GYM1,70
9,UEFG1,8,227,87
11,PPF41Q3B,8,GYM3,65
10,EEFG5QT,8,250,82
10,MGF41,8,207,71
9,HGF81HQD,8,314,93
10,FSFC9,8,114,85
12,BCF41T,8,322,98
9,MEF81QGD,8,221,45
10,PPF41Q2G,8,GYM1,80
10,PPF41Q3G,8,GYM1,85
10,FSFC9,8,114,55
10,SEF41H,8,341,95
11,PPF41Q3G,8,GYM2,76
9,MEF81QTD,8,221,65
11,EEFG9UQX,8,336,98
9,MQF41QWF,8,103,78
11,FFFC5,8,111,77
9,SHFC3TM,8,B17,55
11,SPF41H,8,238,95
9,MGF41,8,207,76
9,MQF41QWF,8,103,85
9,FJFC1,8,124,87
9,EEFG1QF,8,146,68
12,UEFG1,8,227,74
9,EEFG1QTB,8,246,65
10,SCF41,8,139,55
9,HGF81HGD,8,321,97
9,HGF82QTD,8,311,70
11,EEFG9UQX,8,336,97
10,UEFG5H,8,B27,100
9,HGF82XHD,8,323,91
9,FSFC5,8,125,82
9,MEF41,8,219,65
11,SDF81UVT,8,332,80
9,FSFC5,8,123,80
10,MRF41QQF,8,225,65
11,EEFGDH,8,349,94
10,PPF41Q2G,8,GYM2,100
10,PPF41Q3G,8,GYM2,95
11,EEFGDUQF,8,331,85
10,EEFG5H,8,346,93
10,EEFG5,8,346,77
10,MQF41QQF,8,106,45
9,PHF41H2,8,147,90
9,PPF41Q3G,8,GYM1,90
11,EEFGD,8,349,83
9,HGF81HGD,8,321,91
10,SCF41,8,141,83
11,EEFG9UQX,8,336,65
11,MRF41QQF,8,225,82
9,MGF41H,8,207,98
9,HGF81QQD,8,213,88
10,UEFG5H,8,B27,100
10,EEFG5,8,126,70
ST,EEFG1,8,330,88
11,FSFC9,8,114,85
12,SHF83H,8,248,96
10,SCF41,8,141,75
10,ULFC1TP,8,B39,90
10,MGF41H,8,203,90
10,MGF41HGF,8,214,95
11,EEFG9,8,347,80
9,MQF41QWF,8,103,83
11,PPF41Q2G,8,GYM1,80
11,PPF41Q3G,8,GYM1,85
10,SCF41H,8,141,95
9,EEFG1HGB,8,246,90
12,SPF41,8,238,76
10,MQF41QWF,8,103,78
10,SCF41H,8,141,92
9,MEF82QGD,8,211,55
9,FSFC1,8,113,85
11,MRF41QQF,8,225,65
10,PPF41Q2G,8,GYM2,85
10,UAF41H3,8,235,92
9,HGF81QQD,8,314,78
10,SWF41QT,8,229,86
9,MEF82QWD,8,328B,45
11,EEFGDUQV,8,204,90
9,HGF82XHD,8,323,84
10,UEFG5H,8,B27,96
11,MQF41HQF,8,106,95
9,FSFC5,8,125,83
9,MGF41QWF,8,107,66
10,FSFC9,8,114,65
9,MGF41QWF,8,107,66
10,PWF41Q2G,8,POOL,90
10,PWF41Q3G,8,POOL,90
9,FSFC9,8,114,55
11,PWF41Q3G,8,POOL,90
10,FSFC9H,8,114,94
9,FJFC1,8,124,88
9,EEFG5,8,126,55
9,FJFC1H,8,124,94
9,SLF41QTB,8,226,55
11,EEFG9UQX,8,336,77
9,MGF41,8,207,89
10,FMFC5H,8,115,90
9,EEF81QF,8,249,83
9,MEF82QTD,8,211,55
10,EEF81QF,8,249,88
10,SCF41,8,139,80
9,SLF41QGB,8,231,82
10,EEFG5,8,346,78
9,MEF82QTD,8,211,65
11,SEF41H,8,341,94
10,EEFG5,8,346,75
12,EEFGDUQV,8,204,55
11,SHF83,8,248,80
11,EEFGDUQV,8,204,92
9,AUFC1TA,8,232,65
9,MEF82QWD,8,328B,68
9,HGF82QTD,8,311,68
11,MGF41,8,207,79
9,FSFC5H,8,123,98
10,FSFC5,8,123,88
11,UAF41H2,8,235,98
11,UAF41H3,8,235,98
10,BCF41T,8,322,85
10,PPF41Q2B,8,GYM3,90
9,HUF41,8,324,65
10,FSFC5,8,125,77
12,EEFGDUQV,8,204,82
10,SHF83H,8,248,93
10,EEFGD,8,349,70
10,PWF41Q3G,8,POOL,95
11,PWF41Q2G,8,POOL,90
11,PWF41Q3G,8,POOL,88
9,MGF41QWF,8,107,66
9,EEFG1QTB,8,246,80
10,MGF41QGF,8,214,88
10,MQF41QQF,8,106,80
9,HGF82QTD,8,311,45
11,PPF41Q2G,8,GYM1,65
10,MGF41,8,203,78
11,MGF41,8,207,65
9,MEF41,8,219,55
10,SCF41,8,138,69
9,MEF41,8,219,83
10,SCF41,8,138,80
11,EEFG9,8,347,75
11,MGF41QQF,8,104,65
9,PPF41Q2G,8,GYM2,100
9,PPF41Q3G,8,GYM2,95
11,MKFC1TC,8,108,70
9,EEFG5QG,8,250,70
11,EEFGDUQJ,8,348,82
9,HGF81QTD,8,321,65
12,FSFC9,8,114,78
12,MRF41QQF,8,225,65
9,MEF82QTD,8,211,65
10,MGF41QGF,8,214,85
9,UEFG1,8,227,73
9,HGF81QTD,8,321,65
ST,EEFG1,8,330,69
12,MQF41HQF,8,106,92
11,SWF41HG,8,229,97
10,EEFG9QTR,8,350,65
10,ULFC1TP,8,B39,88
11,MRF41QQF,8,225,71
9,HGF81QQD,8,213,88
11,MGF41QQF,8,104,55
10,FSFC9H,8,114,95
10,PPF41Q3B,8,GYM3,90
11,MQF41QQF,8,106,86
11,EEFG9QTR,8,350,66
9,EEFG1QGB,8,246,80
10,PPF41Q2G,8,GYM2,75
10,UAF41H3,8,235,91
10,ULFC1TP,8,B39,90
12,BCF41T,8,322,65
12,SHF83H,8,248,94
11,EEFG9UQX,8,336,89
10,PWF41Q2G,8,POOL,93
10,UAF41Q3,8,235,73
11,PPF41Q3B,8,GYM3,90
11,UAF85Q2,8,235,70
11,EEFG9,8,347,80
9,FSFC1,8,113,85
9,HGF81QTD,8,321,85
9,MGF41HWF,8,107,92
9,MGF41QWF,8,107,84
11,FSFC1,8,113,75
9,MEF41,8,219,83
10,UEFG5H,8,B27,96
10,MGF41,8,203,88
10,EEFGDUQJ,8,348,70
9,HGF81QQD,8,213,85
9,SLF41QTB,8,226,45
9,MEF82QWD,8,328B,55
11,BCF41T,8,322,93
11,PPF41Q2G,8,GYM1,80
9,MGF41QGF,8,214,88
9,UEFG1,8,227,72
11,FFFC5,8,111,65
9,PHF41Q2,8,147,80
9,PPF41Q3B,8,GYM3,90
10,HUF41,8,324,80
9,ULFC1TP,8,B39,73
10,MGF41QWF,8,107,55
11,EEFG9QTR,8,350,45
10,SHFC3TM,8,B17,89
11,MGF41,8,203,55
9,HGF81QQD,8,314,78
10,ULFC1TP,8,B39,76
9,HGF81QQD,8,213,89
10,EEFG5,8,126,86
9,PPF41Q2B,8,GYM3,85
9,PPF41Q3B,8,GYM3,80
9,SLF41QTB,8,226,55
11,SHF83H,8,248,100
9,EEF81QFW,8,249,83
10,PPF41Q2B,8,GYM3,55
10,MGF41QQF,8,104,86
9,UEFG5H,8,B27,100
9,EEFG5QT,8,250,69
9,PHF41Q3,8,147,66
9,PPF41Q2B,8,GYM3,90
10,EEFG5QG,8,250,82
9,SHFC3TM,8,B17,66
9,EEFG1,8,330,86
10,FMFC5,8,115,88
10,FLFC5H,8,122,90
10,ULFC1TP,8,B39,74
11,PPF41Q2B,8,GYM3,90
11,PPF41Q3B,8,GYM3,90
12,BCF41T,8,322,100
11,EEFG9QGR,8,350,78
9,HGF82XHD,8,323,87
10,FSFC5,8,125,75
11,EEFG9QGR,8,350,78
9,SLF41QTB,8,231,89
10,HUF41H,8,324,92
9,SEF41,8,313,45
11,EEFGDUGJ,8,B6,90
11,UEFG1,8,227,73
11,SEF41,8,313,78
11,MCF41UAX,8,223,80
10,UEFG5H,8,B27,100
10,PPF41Q3B,8,GYM3,90
10,UAF85Q2,8,235,81
10,SCF41,8,141,67
11,SPF41,8,238,74
9,SLF41QGB,8,231,80
9,HGF81QQD,8,213,87
10,ULFC1TP,8,B39,89
9,ULFC1TP,8,B39,82
9,PHF41H2,8,147,92
9,PPF41Q3G,8,GYM2,100
12,SHF83H,8,248,90
11,MQF41HQF,8,106,91
9,HGF82XHD,8,323,70
9,MQF41QQF,8,106,65
10,AUFC1TA,8,232,88
11,EEFGDUQJ,8,348,70
11,MKFC1TC,8,108,88
11,FSFC9,8,114,68
9,HGF81QQD,8,314,72
10,EEFG5QG,8,250,86
9,EEFG1QGB,8,246,69
10,AUFC1TA,8,232,78
9,HGF81QQD,8,314,78
9,SWF41QT,8,229,45
11,BCF41T,8,322,97
11,PPF41Q2B,8,GYM3,90
9,PHF41Q2,8,147,67
9,PPF41Q3G,8,GYM1,80
12,MQF41HQF,8,106,90
11,UAF85Q3,8,235,86
10,HFF41,8,316,81
10,EEFG9QGR,8,350,45
9,MGF41,8,203,68
10,HUF41H,8,324,90
9,MGF41,8,203,71
10,PPF41Q3G,8,GYM1,90
10,UAF41Q2,8,235,88
11,EEFGDUQF,8,331,92
10,PPF41Q2B,8,GYM3,85
10,UAF41Q3,8,235,65
11,EEFGD,8,349,77
9,HGF81HQD,8,213,91
9,PHF41Q2,8,147,88
9,PPF41Q3G,8,GYM1,90
12,MCF41UAX,8,223,75
9,SEF41,8,313,55
12,SDF81UVT,8,332,99
9,HGF81QQD,8,213,85
11,EEFG9UQX,8,336,89
9,HGF82QGD,8,311,80
9,HGF81HQD,8,213,91
12,EEFGDUQF,8,331,90
12,PWF41Q2G,8,POOL,95
10,MKFC1TC,8,108,78
9,MEF82QTD,8,211,55
11,MQF41QQF,8,106,45
10,PPF41Q3G,8,GYM1,92
10,UAF85H2,8,235,98
11,SLF41HGB,8,231,91
10,FSFC9,8,114,68
9,PHF41Q3,8,147,89
9,UAF41Q2,8,235,69
12,MCF41UAX,8,223,80
9,UEFG1,8,227,71
10,SCF41H,8,141,91
9,SLF41QGB,8,231,76
9,MGF41QGF,8,214,85
10,PPF41Q3B,8,GYM3,80
10,UAF41H2,8,235,97
10,MRF41QQF,8,225,82
10,EEFG5H,8,126,91
10,SPF41H,8,238,94
12,UAF41Q2,8,235,67
12,UAF41Q3,8,235,65
9,FSFC5,8,123,85
10,HUF41,8,324,84
10,SCF41,8,141,80
10,MKFC1TC,8,108,55
11,FSFC5,8,125,66
10,MGF41QQF,8,104,88
12,SQF41QQY,8,233,100
11,SHF83H,8,248,95
10,MRF41,8,205,88
10,SCF41,8,141,68
9,MEF82QGD,8,211,65
9,FSFC1,8,113,70
9,HGF82QGD,8,311,80
10,SCF41,8,138,81
9,UAF41Q2,8,235,65
9,UAF41Q3,8,235,65
10,FLFC5,8,122,86
10,SWF41QG,8,229,87
10,SWF41HG,8,229,94
10,ULFC1TP,8,B39,84
10,MRF41,8,205,87
11,EEFGDH,8,349,91
12,MKF41QQY,8,319,99
11,EEFGD,8,349,45
9,HGF81QQD,8,213,89
11,BCF41T,8,322,90
11,UAF85H3,8,235,92
10,MRF41H,8,205,90
10,AQF41UVT,8,206,96
9,FMFC1H,8,116,92
9,EEFG1HTB,8,246,92
12,EEFGDUQV,8,204,89
11,SEF41,8,313,84
11,UEFG1,8,227,45
11,FFFC5,8,111,75
10,EEFG5,8,346,76
11,EEFG9UQX,8,336,95
11,EEFGDUQJ,8,348,80
12,PPF41Q2B,8,GYM3,90
10,SCF41,8,141,81
10,HFF41,8,316,80
9,HGF81HQD,8,213,96
10,EEFG5,8,126,65
9,AUFC1TA,8,232,81
11,PPF41Q2B,8,GYM3,80
9,MGF41H,8,203,95
9,FSFC5,8,123,80
9,PHF41Q2,8,147,65
9,PPF41Q3G,8,GYM2,85
11,PPF41Q2G,8,GYM2,85
11,UAF85H3,8,235,97
10,EEFG1QF,8,146,45
12,MCF41UAX,8,223,84
9,EEFG9QGR,8,350,80
10,EEFG5H,8,346,91
10,FLFC5H,8,122,94
9,SWF41QG,8,229,45
10,PPF41Q3B,8,GYM3,80
11,SHFC3TM,8,B17,55
9,PHF41H2,8,147,91
9,PPF41Q3G,8,GYM2,100
12,EEFGDUTJ,8,B6,75
11,EEFG9UQX,8,336,95
10,MQF41QQF,8,106,68
9,MEF81QTD,8,221,45
10,SCF41,8,138,73
9,PHF41Q2,8,147,87
9,PPF41Q3B,8,GYM3,90
9,HGF81HQD,8,213,90
10,SHFC3TM,8,B17,70
11,FSFC9,8,114,45
9,HGF81QQD,8,314,77
11,EEFG9QGR,8,350,88
11,EEFGDUQJ,8,348,80
11,EEFGDUGJ,8,B6,80
11,MGF41QTF,8,214,65
10,SCF41,8,139,55
9,FJFC1,8,124,76
10,UEFG5H,8,B27,93
9,MGF41H,8,207,100
10,MQF41QQF,8,106,55
10,HFF41,8,316,87
11,UEFG5H,8,B27,100
11,SEF41,8,313,65
11,BCF41T,8,322,98
11,PWF41Q2G,8,POOL,92
11,SEF41,8,341,87
9,HGF82QGD,8,311,85
11,EEFGDUQJ,8,348,84
9,FMFC1H,8,116,99
11,HFF41,8,316,65
10,PWF41Q3G,8,POOL,93
12,SPF41,8,238,73
10,FFFC5,8,111,89
10,PPF41Q2G,8,GYM1,88
10,PWF41Q3G,8,POOL,90
10,EEFG5,8,126,85
10,EEFG5H,8,346,91
12,BCF41T,8,322,75
9,PHF41Q2,8,147,87
9,PPF41Q3G,8,GYM2,100
9,PHF41H3,8,147,98
9,PPF41Q2B,8,GYM3,95
9,HGF81QTD,8,321,78
11,SDF81UVT,8,332,91
10,AUFC1TA,8,232,78
11,EEFGDUGJ,8,B6,72
12,EEFGDUQJ,8,348,65
11,AUFC1TA,8,232,65
10,SEF41,8,313,45
10,SCF41,8,139,77
9,EEFG1HTB,8,246,92
9,FJFC1H,8,124,96
9,UEFG5,8,B27,67
11,EEFGDUQF,8,331,65
11,EEF81QF,8,249,82
10,SCF41,8,139,85
10,BCF41T,8,322,100
10,PPF41Q2G,8,GYM1,90
10,EEFG5HG,8,250,91
11,MRF41QQF,8,225,78
11,PPF41Q2B,8,GYM3,90
9,PHF41H3,8,147,93
9,PPF41Q2G,8,GYM2,100
11,FSFC5,8,123,88
11,PPF41Q2G,8,GYM1,97
11,PPF41Q3G,8,GYM2,90
11,SWF41HG,8,229,97
11,FSFC5,8,123,70
9,SLF41QGB,8,226,88
10,MGF41QQF,8,104,65
11,EEFG9QGR,8,350,88
11,EEFG9UQX,8,336,90
9,MGF41H,8,207,91
11,EEFG9,8,347,73
11,FSFC5H,8,123,92
9,SLF41QGB,8,226,89
9,BCF41T,8,322,75
9,PPF41Q3B,8,GYM3,55
10,EEFG5,8,346,88
10,EEFG5HG,8,250,90
10,BCF41T,8,322,80
10,PPF41Q2B,8,GYM3,80
10,PPF41Q2B,8,GYM3,90
10,PPF41Q3B,8,GYM3,90
10,SWF41HG,8,229,94
9,SLF41QGB,8,231,68
9,SLF41HGB,8,231,97
10,PPF41Q2B,8,GYM3,65
9,HGF82XHD,8,323,70
10,UEFG5H,8,B27,100
12,MRF41QQF,8,225,72
11,HUF41,8,324,75
9,MEF81QGD,8,221,45
9,PHF41Q2,8,147,84
9,PPF41Q3G,8,GYM2,90
10,HFF41,8,316,84
11,MGF41QQF,8,104,45
9,EEFG1QGB,8,246,85
9,HFF41,8,316,84
9,MEF81QTD,8,221,65
11,SWF41HG,8,229,92
9,PHF41H2,8,147,90
9,PPF41Q3G,8,GYM2,90
10,PPF41Q3B,8,GYM3,65
11,MGF41,8,203,65
10,PWF41Q2G,8,POOL,92
10,PWF41Q3G,8,POOL,92
12,SHF83H,8,248,90
10,SHFC3TM,8,B17,95
12,EEFGDUGJ,8,B6,82
9,SLF41QGB,8,231,67
10,HFF41,8,316,79
9,UEFG1,8,227,89
10,UEFG5H,8,B27,98
10,UEFG5H,8,B27,98
11,MGF41QGF,8,214,45
10,MGF41QGF,8,214,65
10,HFF41H,8,316,92
11,MRF41QQF,8,225,84
9,HGF81HQD,8,314,90
9,HGF81QQD,8,314,85
9,MEF41,8,219,70
10,EEFGDUQJ,8,348,65
11,FFFC5,8,111,83
11,FSFC9,8,114,73
9,HGF82XHD,8,323,87
9,EEFG1QTB,8,246,75
10,SCF41H,8,141,90
9,HGF82XHD,8,323,87
9,UEFG1,8,227,77
9,PHF41H3,8,147,94
9,PPF41Q2G,8,GYM2,100
10,SEF41,8,313,68
11,EEFGDUQV,8,204,96
9,SLF41QTB,8,226,83
9,SLF41QTB,8,226,86
10,MRF41H,8,205,91
9,FJFC1H,8,124,99
11,EEF81HF,8,249,92
9,MEF82QGD,8,211,82
10,MRF41QQF,8,225,81
9,MEF41,8,219,76
11,PPF41Q3B,8,GYM3,90
12,PQF41Q2Y,8,251,100
12,PQF41Q3Y,8,251,100
9,MEF81QGD,8,221,45
11,FSFC9,8,114,72
10,SCF41,8,138,77
11,SEF41,8,313,84
10,HFF41,8,316,79
10,PWF41Q2G,8,POOL,80
10,PWF41Q3G,8,POOL,85
9,MGF41QGF,8,214,82
11,SPF41,8,238,76
9,HGF82QTD,8,311,45
11,SEF41,8,341,82
10,FSFC1,8,113,80
9,FJFC1,8,124,70
9,ULFC1TP,8,B39,73
10,MKFC1TC,8,108,77
11,FFFC5,8,111,66
10,PPF41Q2G,8,GYM1,90
10,PPF41Q3G,8,GYM2,100
10,EEFG5HG,8,250,94
11,BCF41T,8,322,94
11,PPF41Q2B,8,GYM3,65
9,EEFG5,8,346,65
12,MCF41UAX,8,223,75
9,SLF41QTB,8,231,68
10,EEFG5,8,126,77
11,PPF41Q2B,8,GYM3,90
11,PPF41Q3B,8,GYM3,90
11,EEFGD,8,349,82
9,FSFC1,8,113,70
9,EEFG1,8,330,78
11,FFFC5,8,111,82
11,BCF41T,8,322,97
11,PPF41Q2B,8,GYM3,100
10,HUF41H,8,324,90
11,SEF41,8,341,78
10,HUF41,8,324,73
11,AQF41UVT,8,206,88
9,SLF41QTB,8,226,88
9,EEFG1QF,8,146,80
10,SCF41,8,139,83
9,SLF41QGB,8,226,65
11,HFF41,8,316,89
10,MGF41QTF,8,214,45
9,MEF81QGD,8,221,55
9,MGF41QTF,8,214,75
11,EEFG9,8,347,80
11,FSFC9H,8,114,93
9,UEFG1,8,227,69
11,UAF41Q3,8,235,45
10,HUF41,8,324,78
11,MRF41QQF,8,225,78
10,EEFG9QGR,8,350,65
9,MEF41,8,219,65
11,EEFGDUTJ,8,B6,93
11,EEFGDUQJ,8,348,85
11,EEFGDUQF,8,331,88
10,HFF41H,8,316,90
10,UEFG5H,8,B27,93
9,UEFG1,8,227,73
ST,SCF41,8,138,74
10,MQF41QQF,8,106,65
11,EEFG9,8,347,66
9,SHFC3TM,8,B17,69
9,UEFG5,8,B27,69
11,EEFG9QTR,8,350,74
9,HGF81HQD,8,314,93
11,SEF41,8,341,85
10,AUFC1TA,8,232,88
12,PPF41Q3G,8,GYM2,75
12,UAF41H2,8,235,97
9,HGF81QQD,8,213,80
9,HFF41,8,316,45
10,FSFC9,8,114,80
11,EEFG9QGR,8,350,70
11,SDF81UVT,8,332,95
11,MGF41,8,207,81
11,BCF41T,8,322,97
11,PPF41Q2B,8,GYM3,90
10,FMFC5H,8,115,92
12,EEF81QF,8,249,80
10,MGF41HQF,8,104,96
11,FMFC5H,8,115,92
10,MRF41HQF,8,225,100
12,MCF41UAX,8,223,70
12,PPF41Q2G,8,GYM1,80
11,PWF41Q2G,8,POOL,92
9,HGF82XHD,8,323,84
11,PPF41Q2B,8,GYM3,90
11,PPF41Q3B,8,GYM3,90
9,PPF41Q3B,8,GYM3,65
9,MGF41,8,207,80
10,BCF41T,8,322,96
10,PPF41Q2G,8,GYM1,92
11,EEFGDH,8,349,98
12,PPF41Q2B,8,GYM3,90
10,PPF41Q2B,8,GYM3,90
10,PPF41Q3B,8,GYM3,70
10,SCF41,8,138,78
9,EEFG1QF,8,146,66
9,FMFC1H,8,116,93
11,FMFC5H,8,115,100
9,MEF41,8,219,77
11,UEFG1H,8,227,96
9,PPF41Q3B,8,GYM3,55
10,FJFC1,8,124,65
11,MRF41HQF,8,225,100
9,HGF81QGD,8,321,82
9,EEFG1,8,330,65
10,MKFC1TC,8,108,85
10,BCF41T,8,322,98
10,PWF41Q2G,8,POOL,85
11,SPF41,8,238,82
10,FMFC5H,8,115,98
11,MRF41,8,205,88
12,PPF41Q2B,8,GYM3,70
12,UEFG5H,8,B27,93
10,SCF41,8,139,87
11,MRF41,8,205,75
ST,EEFG1,8,330,87
12,UEFG5H,8,B27,100
9,MGF41QWF,8,107,65
10,FMFC5,8,115,77
11,SEF41,8,313,72
9,EEFG1,8,330,87
11,FSFC5,8,125,67
9,PHF41H3,8,147,93
9,PPF41Q2B,8,GYM3,90
11,EEFG9UQX,8,336,94
10,HUF41,8,324,65
10,MRF41QQF,8,225,75
11,EEFG9QTR,8,350,77
10,EEFG5,8,346,75
11,PPF41Q2G,8,GYM1,95
11,UAF85Q3,8,235,76
11,FSFC5,8,123,75
11,SWF41HG,8,229,96
11,SCF41,8,139,67
9,PPF41Q2G,8,GYM2,95
9,PPF41Q3G,8,GYM1,92
10,MEF41,8,219,88
9,HGF82XHD,8,323,80
9,SWF41HG,8,229,91
9,MQF41QQF,8,106,45
12,MCF41UAX,8,223,84
11,EEFG9UQX,8,336,94
10,MGF41H,8,207,98
9,FSFC5,8,125,78
9,FSFC1,8,113,55
9,HGF82HGD,8,311,91
9,EEFG9QTR,8,350,45
11,EEFG5,8,126,78
12,PPF41Q2B,8,GYM3,55
10,SCF41,8,139,89
11,SEF41H,8,341,91
10,EEFGDH,8,349,93
10,FMFC5H,8,115,99
10,PPF41Q2G,8,GYM1,92
10,UAF41H3,8,235,97
10,SCF41,8,139,86
11,EEFG9UQX,8,336,84
12,BCF41T,8,322,98
9,HGF81QQD,8,314,86
11,EEFGDUTJ,8,B6,67
12,PPF41Q2G,8,GYM2,80
10,PWF41Q3G,8,POOL,88
9,HFF41,8,316,65
9,AUFC1TA,8,232,78
11,FFFC5,8,111,70
11,EEFG9UQX,8,336,99
10,MGF41,8,203,83
11,EEFG9,8,347,80
11,EEFGDUQJ,8,348,82
9,MEF41,8,219,65
10,EEF81QF,8,249,88
9,UEFG1H,8,227,95
9,FSFC1,8,113,75
10,BCF41T,8,322,91
10,PPF41Q3B,8,GYM3,65
11,EEF81HF,8,249,92
11,SPF41,8,238,80
10,MGF41,8,207,76
11,EEFGDH,8,349,92
9,HGF82HGD,8,311,91
10,UEFG5,8,B27,84
12,MCF41UAX,8,223,81
11,SCF41H,8,141,94
10,FMFC5H,8,115,96
9,FMFC1H,8,116,98
11,MKFC1TC,8,108,94
10,PPF41Q2B,8,GYM3,95
10,PPF41Q3B,8,GYM3,95
12,PPF41Q2G,8,GYM1,77
11,EEFG9UQX,8,336,94
12,MCF41UAX,8,223,89
11,SDF81UVT,8,332,96
10,MKFC1TC,8,108,90
10,MGF41QQF,8,104,83
11,SEF41,8,341,70
11,FMFC5H,8,115,98
9,FMFC1H,8,116,95
9,PHF41Q3,8,147,84
11,PPF41Q3G,8,GYM1,89
11,UAF85H2,8,235,98
11,EEFGDH,8,349,92
10,MRF41,8,205,80
12,PPF41Q2B,8,GYM3,90
12,MGF41,8,207,75
10,FLFC5H,8,122,94
9,EEFGDUTJ,8,B6,77
9,PHF41Q3,8,147,85
9,PPF41Q2B,8,GYM3,90
11,FSFC9,8,114,55
10,FLFC5H,8,122,90
9,HGF81QQD,8,213,86
9,UEFG1,8,227,78
11,FFFC5H,8,111,90
10,EEFG5,8,346,80
9,MGF41,8,207,87
10,PPF41Q3B,8,GYM3,90
10,UAF41Q2,8,235,71
12,MCF41UAX,8,223,80
9,HGF81HGD,8,321,91
11,PPF41Q2B,8,GYM3,90
11,UAF85Q3,8,235,87
10,BCF41T,8,322,88
10,PPF41Q3G,8,GYM2,100
10,UEFG1,8,227,76
11,SDF81UVT,8,332,86
10,SCF41,8,138,68
11,MCF41UAX,8,223,78
9,MEF41H,8,219,93
10,SHFC3TM,8,B17,96
9,UAF41Q3,8,235,55
10,PPF41Q2G,8,GYM2,90
10,UAF41Q3,8,235,68
12,MKF41QQY,8,319,99
11,EEFGDUQV,8,204,65
10,MRF41,8,205,83
11,FSFC5,8,123,80
9,SLF41QGB,8,226,55
10,FSFC5,8,123,80
10,FLFC5,8,122,88
10,HUF41H,8,324,90
11,MKFC1TC,8,108,88
9,FJFC1H,8,124,97
11,SDF81UVT,8,332,96
11,SPF41,8,238,77
11,EEFGDUQV,8,204,93
10,FSFC9,8,114,65
10,AQF41UVT,8,206,93
11,SEF41H,8,341,90
10,BCF41T,8,322,97
10,PPF41Q2B,8,GYM3,90
9,FMFC1,8,116,84
10,ULFC1TP,8,B39,83
9,MEF41H,8,219,98
10,EEFG5,8,126,83
10,MGF41QQF,8,104,70
10,EEFG5,8,126,87
11,BCF41T,8,322,96
11,PPF41Q3G,8,GYM1,90
10,AUFC1TA,8,232,88
10,FLFC5H,8,122,92
10,SCF41,8,138,55
10,FMFC1H,8,116,91
10,UEFG5H,8,B27,100
10,MRF41,8,205,68
9,EEFG1QF,8,146,78
10,PPF41Q2G,8,GYM1,90
10,PPF41Q3G,8,GYM1,88
9,FMFC1H,8,116,96
10,SCF41,8,139,85
10,AUFC1TA,8,232,98
9,HGF81QQD,8,213,88
11,EEFG9UQX,8,336,90
11,PWF41Q3G,8,POOL,88
10,SHF83,8,248,80
11,SEF41,8,313,71
12,FQF41QQY,8,216B,100
9,HGF81QQD,8,314,88
11,SDF81UVT,8,332,94
10,EEFG5,8,346,75
10,AQF41UVT,8,206,98
10,AQF41UVT,8,206,95
10,EEFG5HG,8,250,92
10,PPF41Q3G,8,GYM1,87
10,UAF85Q2,8,235,78
9,HGF81HQD,8,314,91
11,SPF41,8,238,87
10,UEFG5H,8,B27,100
9,SLF41HGB,8,226,90
10,EEFG5H,8,126,90
12,PPF41Q2G,8,GYM1,90
9,UEFG1H,8,227,97
10,HFF41,8,316,45
11,PPF41Q2G,8,GYM2,95
11,PPF41Q3G,8,GYM1,93
10,SCF41,8,138,74
10,MGF41,8,203,55
9,MEF82QGD,8,211,55
9,HGF81HQD,8,314,90
10,SCF41,8,139,88
9,EEFG1QGB,8,246,80
10,FSFC9,8,114,80
9,MEF81QGD,8,221,80
9,EEFG1HGB,9,249,90
9,HGF81HQD,9,323,90
9,EEFG1QGB,9,249,85
10,MQF41QTF,9,106,85
9,FSFC1,9,123,85
9,ESFG1HFA,9,146,91
10,BCF41T,9,247,45
10,PPF41Q3B,9,GYM3,65
11,EEFG9H,9,331,90
9,PHF41Q2,9,147,86
9,SWF41QW,9,328B,71
10,BCF41T,9,247,45
10,PPF41Q2B,9,GYM3,70
9,HGF82QGD,9,321,70
10,HUF41,9,316,45
9,SHF81H,9,205,90
9,FSFC1H,9,123,98
9,PHF41H2,9,B17,97
9,PPF41Q3G,9,GYM1,80
10,HUF41H,9,333,92
9,HGF82HQD,9,213,92
11,MRF41QTF,9,208,88
10,SWF41QG,9,338,86
10,EEFG5,9,334B,76
10,PPF41Q2B,9,GYM3,100
10,UAF85H3,9,235,91
9,HGF82QGD,9,321,70
9,PHF41Q2,9,147,72
9,PPF41Q3B,9,GYM3,95
9,SCF41HB,9,141,100
9,HGF81QQD,9,323,88
11,EEFG9,9,331,75
9,FSFC1H,9,123,92
9,MGF41QGF,9,105,45
10,AWF81,9,222,82
11,HFF41,9,311,86
11,EEFG9,9,331,81
10,MGF41,9,207,65
9,PPF41Q3B,9,GYM3,80
9,UAF41Q2,9,235,65
10,PPF41Q2B,9,GYM3,70
10,UAF85Q3,9,235,76
11,FSFC9,9,114,65
11,MRF41HQF,9,225,93
9,EEFG1QGB,9,246,80
9,HUF41,9,325,55
9,FSFC1,9,125,45
9,HGF82QGD,9,321,65
9,HUF41QG,9,334A,87
10,MRF41QQF,9,225,83
10,SHF81H,9,205,95
10,PPF41Q2G,9,GYM1,90
10,UAF85Q3,9,235,85
10,HUF41,9,325,83
11,MKFC5UCT,9,108,92
9,HGF82QQD,9,213,84
11,MGF41QTF,9,105,55
10,SEF41,9,313,65
10,HUF41QT,9,334A,77
11,FSFC5,9,113,85
10,MGF41,9,207,80
9,HUF41,9,316,45
9,FSFC1H,9,123,97
9,EEFG1QTB,9,246,88
9,PPF41Q2B,9,GYM3,92
9,PPF41Q3B,9,GYM3,95
11,EEFGDQG,9,347,55
9,MKF41H,9,322,100
9,PHF41Q3,9,147,80
9,PPF41Q2G,9,GYM1,90
11,EEFGDUQJ,9,B6,82
11,SPF41,9,238,81
9,HGF81QGD,9,315,85
11,SWF41HT,9,338,90
9,SLF41QB,9,229,72
11,MRF41QQF,9,225,80
9,FFFC1,9,111,68
9,SCF41QB,9,141,87
9,FSFC9,9,114,85
11,BCF41T,9,247,93
11,PPF41Q2B,9,GYM3,90
9,MEF82QGD,9,221,69
9,HGF82QGD,9,321,80
10,BCF41T,9,247,70
10,PPF41Q2G,9,GYM1,90
9,FSFC1,9,125,55
11,SCF41,9,139,55
11,MRF41QQF,9,225,73
9,MQF41QTF,9,106,65
9,PHF41H2,9,B17,99
9,PPF41Q3G,9,GYM2,100
11,MRF41QTF,9,208,75
9,HGF81HQD,9,323,91
11,EEFG9,9,331,82
11,FMFC5H,9,215,98
11,SDF81UVT,9,332,93
10,PPF41Q2G,9,GYM2,94
10,PPF41Q3G,9,GYM2,90
9,HGF81QGD,9,315,85
10,UAF85H3,9,235,91
11,SEF41,9,313,78
11,FSFC5,9,113,70
10,MKFC5UCT,9,108,87
9,SHFC1TM,9,149,82
9,SLF41QB,9,229,65
9,SHF81H,9,205,91
9,AWF81,9,222,76
9,HGF81HGD,9,315,90
11,MRF41QQF,9,225,83
9,PHF41Q2,9,147,65
10,EEFG9,9,331,55
12,PHF41H3,9,147,100
12,PPF41Q2B,9,GYM3,97
11,MKFC5UCT,9,108,72
11,EEFG9H,9,336,90
9,MEF82QTD,9,221,77
9,FFFC1,9,111,55
10,FSFC9,9,114,82
11,FSFC5,9,113,70
10,MRF41QTF,9,208,80
9,SLF41QB,9,229,68
11,AQF41UVT,9,206,96
9,FJFC1,9,124,74
10,AUFC1TA,9,232,68
10,HUF41H,9,333,96
9,MKF41,9,322,70
10,HUF41QG,9,334A,83
11,SDF81UVT,9,332,74
10,MGF41HGF,9,105,96
10,FSFC1,9,123,88
10,PPF41Q2G,9,GYM2,100
10,PPF41Q3G,9,GYM2,97
11,FSFC9,9,114,79
9,SLF41HGB,9,226,97
10,HFF41,9,121,83
11,PPF41Q3G,9,GYM1,75
11,UAF41Q2,9,235,65
10,SCF41,9,139,87
11,SPF41,9,238,81
10,SEF41,9,313,74
10,AQF41UVT,9,206,100
10,MGF41,9,219,85
11,PWF41QQL,9,POOL,100
9,AWF81,9,222,75
9,MKF41,9,322,80
11,MRF41QGF,9,208,65
9,HGF82QQD,9,314,87
10,HUF41,9,325,87
9,SLF41HGB,9,226,93
11,FSFC5,9,113,75
11,MKFC5UCT,9,108,88
9,MEF82QGD,9,221,70
11,AWF85,9,B7,79
9,EEFG1QB,9,349,85
11,EEFG9,9,336,81
11,EEFGDUQV,9,204,94
9,SLF41QGB,9,231,72
11,MQF41QGF,9,106,55
11,MKFC5UCT,9,108,88
10,PPF41Q2G,9,GYM1,89
9,EEFGDUQV,9,204,45
10,EEFG5,9,348,80
10,HFF41,9,121,85
10,FJFC1,9,124,85
11,PPF41Q2G,9,GYM1,95
11,UAF41H3,9,235,94
9,PHF41H3,9,B17,92
9,PPF41Q2G,9,GYM2,90
9,SCF41,9,138,65
12,FSFC9,9,114,55
9,AWF81,9,222,87
11,MGF41,9,214,70
9,SLF41QGB,9,226,65
11,EEFGDUQJ,9,B6,80
10,BCF41T,9,247,93
10,PPF41Q3G,9,GYM1,92
9,SLF41HGB,9,231,94
9,SCF41QB,9,141,70
12,PWF41QQL,9,POOL,100
11,AWF85,9,B7,84
11,SDF81UVT,9,332,88
9,EEFG1QTB,9,249,68
10,BCF41T,9,247,94
10,PPF41Q3G,9,GYM1,94
10,EEFG5,9,348,65
9,HGF81QGD,9,315,80
10,SCF41,9,138,55
9,FSFC1H,9,123,95
9,AWF81,9,222,55
9,EEFG9,9,331,65
11,ULFC5TP,9,B39,92
9,SHF81H,9,205,96
11,MKFC5UCT,9,108,79
9,EEFG1QB,9,349,78
11,MQF41HTF,9,106,91
10,MGF41QTF,9,105,69
9,SWF41QW,9,328B,72
11,HFF41H,9,311,95
9,HGF82QTD,9,321,75
9,MEF82QGD,9,221,65
9,MKF41,9,322,75
10,AQF41UVT,9,206,80
9,HGF81QQD,9,323,80
9,EEFG1QB,9,349,78
10,MGF41QGF,9,105,83
11,EEFGDUQV,9,204,96
9,HGF82QQD,9,314,78
10,HUF41H,9,333,90
11,SEF41,9,313,65
10,PHF41Q2,9,147,85
10,PPF41Q3G,9,GYM1,86
11,FLFC1QHB,9,122,70
9,HGF81QWD,9,329B,65
10,SHFC1TM,9,149,68
10,MGF41,9,219,85
10,BCF41T,9,247,90
10,PPF41Q2G,9,GYM2,97
9,SLF41HGB,9,226,96
9,EEFG1QGB,9,249,77
10,EEFG5H,9,348,92
11,BCF41T,9,247,95
11,PPF41Q3B,9,GYM3,95
9,MGF41QGF,9,107,74
10,HFF41,9,311,87
10,HFF41,9,121,87
11,AWF85,9,B7,82
9,SLF41QB,9,229,77
11,EEFGDQT,9,347,84
10,PPF41Q2B,9,GYM3,85
10,UAF41Q3,9,235,87
10,EEFG5,9,348,80
11,MGF41,9,207,70
9,SLF41QTB,9,231,55
10,EEFG5,9,334B,67
10,SHF81H,9,205,99
9,PHF41H2,9,147,94
9,PPF41Q3G,9,GYM2,94
9,HGF81HQD,9,323,91
10,SWF41QT,9,338,70
9,HGF81HGD,9,315,95
10,EEFG5,9,334B,65
9,EEFG5QT,9,250,76
11,EEFG9,9,336,70
12,PWF41QQL,9,POOL,100
9,EEFG1QTB,9,246,45
11,MQF41HTF,9,106,92
11,SCF41,9,138,55
11,HUF41,9,316,86
9,PHF41H3,9,B17,98
9,PPF41Q2G,9,GYM2,97
9,HGF82QQD,9,213,79
9,MKF41,9,322,86
9,SHF81,9,205,55
10,EEFG5,9,350,78
9,EEFG1HB,9,349,90
9,FMFC1,9,116,55
9,FFFC1,9,111,71
10,HUF41QT,9,334A,86
9,HGF81QTD,9,315,75
9,EEFG1HGB,9,246,95
9,SLF41QB,9,229,69
10,SHFC1TM,9,149,94
11,MRF41QQF,9,225,77
9,EEFG1QTB,9,246,70
10,MGF41H,9,219,94
9,MQF41QGF,9,106,45
9,FSFC1,9,125,65
9,SLF41QB,9,341,80
9,SLF41QGB,9,231,55
11,SPF41H,9,238,92
9,SCF41QB,9,141,77
9,FLFC1QHB,9,122,65
9,EEFG1QTB,9,249,77
10,HFF41H,9,311,95
9,SHFC1TM,9,149,55
12,BCF41T,9,247,97
12,PPF41Q3B,9,GYM3,100
11,HFF41,9,326,75
10,PPF41Q2G,9,GYM1,97
10,UAF85Q3,9,235,88
10,SWF41QT,9,338,77
10,HUF41,9,316,74
9,FLFC1QHB,9,122,70
10,BCF41T,9,247,87
10,PPF41Q2G,9,GYM1,90
11,MRF41,9,223,72
9,EEFG1QWB,9,126,65
9,HGF81QWD,9,329B,71
9,FFFC1,9,111,87
11,SDF81UVT,9,332,89
10,HUF41QG,9,334A,86
9,FLFC1QHB,9,122,78
9,SHFC1TM,9,149,84
9,HFF41,9,121,74
12,EEFG9,9,331,77
10,EEFGDQG,9,347,55
11,EEFGDUQF,9,330,45
9,FSFC5,9,113,70
9,MGF41QTF,9,105,81
10,MGF41,9,207,78
9,SLF41QB,9,341,87
10,SCF41,9,139,77
9,ULFC5TP,9,B39,83
9,EEFG1QWB,9,126,77
9,HFF41,9,326,45
10,MGF41QGF,9,107,79
10,SEF41,9,313,70
10,FJFC1,9,124,65
11,HFF41,9,326,67
11,MGF41QGF,9,105,55
9,FSFC1,9,125,66
9,SHFC1TM,9,149,85
10,HFF41QG,9,324,67
10,EEFGDUQV,9,204,45
9,MKF41H,9,322,96
11,SWF41QG,9,338,88
10,EEFG5,9,334B,73
9,SHF81H,9,205,94
12,EEFGDUQV,9,204,65
9,AWF81,9,222,85
9,MEF82QGD,9,221,55
9,HFF41,9,326,68
11,EEFGDUQF,9,330,80
9,HGF81QTD,9,315,80
9,PPF41Q3B,9,GYM3,85
9,UAF41Q2,9,235,65
9,HGF82QTD,9,321,75
9,HGF82QTD,9,321,76
10,SCF41,9,138,88
10,SCF41,9,139,65
10,MGF41QGF,9,105,45
9,AWF81,9,222,45
11,MRF41QTF,9,208,65
9,PHF41Q3,9,B17,45
9,PPF41Q2B,9,GYM3,70
9,EEFG1QB,9,349,67
9,HGF81QWD,9,329B,75
10,MGF41QTF,9,105,45
10,ESFG1QFV,9,146,55
11,SPF41,9,238,87
10,EEFG9,9,336,55
9,HGF81QWD,9,329B,85
11,FSFC5,9,113,80
9,SHF81H,9,205,94
9,EEFG5,9,350,70
12,PPF41Q3B,9,GYM3,100
9,SLF41HGB,9,231,94
9,HGF82QQD,9,213,65
11,AWF85H,9,B7,95
9,FJFC1,9,124,68
9,MQF41QGF,9,106,65
10,HUF41,9,316,79
11,EEFGDUQV,9,204,95
10,AQF41UVT,9,206,89
10,SCF41H,9,139,93
9,SEF41,9,313,65
10,AQF41UVT,9,206,86
9,SLF41HB,9,341,90
11,EEFGDUQJ,9,B6,77
11,SPF41H,9,238,95
9,PHF41H3,9,B17,94
9,PPF41Q2G,9,GYM1,92
11,AWF85,9,B7,83
11,MGF41,9,214,65
9,EEFG1HHB,9,346,92
9,HGF81QGD,9,315,85
9,FJFC1,9,124,83
10,EEFG5,9,350,83
10,PPF41Q2G,9,GYM2,79
10,PPF41Q3G,9,GYM2,93
10,FMFC5,9,215,67
11,EEFGDUQF,9,330,88
11,MKFC5UCT,9,108,95
10,SWF41HG,9,338,92
10,HUF41H,9,333,90
10,HUF41,9,325,84
10,HFF41QG,9,324,75
9,SHF81H,9,205,97
10,SCF41,9,138,70
10,MGF41QTF,9,105,72
11,EEFGDHG,9,347,90
11,FSFC5H,9,113,90
10,HFF41HG,9,324,92
9,SHF81,9,205,80
11,MRF41QQF,9,225,80
10,PPF41Q3G,9,GYM1,86
10,UAF85H2,9,235,97
9,HGF81HQD,9,323,97
9,SWF41QW,9,328B,65
11,MQF41QTF,9,106,75
10,MGF41HTF,9,107,95
10,EEFG9,9,336,80
11,EEFGDHT,9,347,90
9,MKF41H,9,322,100
9,SCF41QB,9,141,82
11,AWF85,9,B7,86
11,HFF41,9,121,88
11,HUF41H,9,316,92
11,AWF85,9,B7,85
12,AWF81,9,222,89
11,EEFGDUQF,9,330,83
11,BCF41T,9,247,90
11,PPF41Q3B,9,GYM3,95
10,SCF41,9,138,85
10,MGF41H,9,207,99
9,ESFG1QFV,9,146,74
9,HGF82HGD,9,321,97
10,SHFC1TM,9,149,95
11,HFF41H,9,311,94
10,FJFC1,9,124,85
10,PPF41Q3B,9,GYM3,85
10,UAF85Q2,9,235,87
9,PHF41Q3,9,147,84
9,PPF41Q2B,9,GYM3,94
10,FMFC5,9,215,87
10,EEFG5H,9,350,90
11,AWF85,9,B7,82
11,FMFC5H,9,115,99
9,FLFC1HHB,9,122,91
11,SDF81UVT,9,332,95
11,FMFC5H,9,115,98
10,SCF41,9,139,75
10,AUFC1TA,9,232,90
11,EEFGDUQF,9,330,86
9,SLF41HB,9,341,96
12,SQF41QQY,9,233,100
10,HUF41H,9,316,97
10,MQF41QGF,9,106,80
9,SLF41QB,9,341,89
9,FMFC1H,9,116,95
9,EEFG1QHB,9,346,80
10,AQF41UVT,9,206,95
9,SHFC1TM,9,149,99
10,PPF41Q2B,9,GYM3,90
10,UAF85Q3,9,235,72
11,SPF41,9,238,80
9,EEFG1HB,9,349,90
10,EEFG5QG,9,250,87
10,BCF41T,9,247,75
10,PPF41Q3G,9,GYM1,92
10,MGF41H,9,207,91
9,FJFC1H,9,124,99
9,PHF41Q2,9,147,65
9,PPF41Q3G,9,GYM2,100
9,FMFC5H,9,215,97
11,HFF41H,9,326,90
9,FLFC1HHB,9,122,98
9,FMFC1H,9,116,98
10,SCF41,9,139,74
11,FSFC1H,9,123,100
9,FMFC1H,9,116,98
11,EEFG9H,9,336,97
9,EEFG1HHB,9,346,95
9,HGF81QQD,9,323,82
11,PPF41Q2B,9,GYM3,100
11,PPF41Q3B,9,GYM3,100
9,PHF41H2,9,B17,91
9,PPF41Q3B,9,GYM3,95
10,MRF41H,9,223,91
11,SDF81UVT,9,332,96
10,HUF41H,9,333,92
11,EEFGDUQF,9,330,67
11,BCF41T,9,247,93
11,PPF41Q2G,9,GYM1,91
10,HUF41,9,325,72
11,SDF81UVT,9,332,91
10,AQF41UVT,9,206,88
9,SLF41QB,9,341,84
9,MKF41H,9,322,100
10,PPF41Q2G,9,GYM1,92
10,UAF41H3,9,235,98
9,HGF82HQD,9,314,95
9,EEFG5,9,350,65
9,SLF41QGB,9,231,71
10,PPF41Q3G,9,GYM2,94
10,UAF41H2,9,235,92
9,SLF41QB,9,229,84
11,SPF41,9,238,84
11,MKFC5UCT,9,108,92
9,PHF41Q3,9,B17,65
9,PPF41Q2B,9,GYM3,90
11,HFF41H,9,121,92
9,PHF41H3,9,147,94
9,PPF41Q2G,9,GYM2,100
9,SHF81H,9,205,93
10,MGF41H,9,214,90
9,HGF82HQD,9,314,93
9,PHF41H3,9,147,91
9,PPF41Q2B,9,GYM3,90
10,MGF41QGF,9,105,75
11,HFF41,9,121,88
10,FMFC1,9,116,55
9,EEFG1HGB,9,249,94
11,SWF41QG,9,338,82
9,PHF41H2,9,B17,92
9,PPF41Q3G,9,GYM2,100
10,EEFG5,9,350,86
10,EEFG5,9,348,70
10,AUFC1TA,9,232,84
10,SEF41,9,313,70
11,PPF41Q2G,9,GYM1,92
11,PPF41Q3G,9,GYM2,88
9,FLFC1HHB,9,122,98
10,PPF41Q2G,9,GYM1,95
10,PPF41Q3G,9,GYM1,92
11,EEFGDUQJ,9,B6,78
9,EEFG1QTB,9,246,80
10,EEFG5QG,9,250,55
10,MGF41,9,214,85
10,PPF41Q2G,9,GYM2,97
10,AUFC1TA,9,232,45
10,SWF41QW,9,328B,80
10,EEFG5QT,9,250,72
9,EEFG1QWB,9,126,65
10,FMFC5,9,115,83
9,FFFC1,9,111,67
9,PPF41Q3G,9,GYM2,94
9,UAF41Q2,9,235,75
10,HUF41,9,316,83
9,EEFG5QT,9,250,70
9,AWF81H,9,222,99
12,PWF41QQL,9,POOL,100
9,PHF41Q3,9,147,85
9,PPF41Q2G,9,GYM1,90
10,MGF41,9,219,70
10,MGF41QGF,9,105,45
9,MEF82QGD,9,221,78
9,PHF41Q3,9,B17,83
9,PPF41Q2G,9,GYM2,97
9,SWF41QW,9,328B,66
11,ULFC5TP,9,B39,95
9,PPF41Q2B,9,GYM3,90
9,UAF85Q3,9,235,65
9,HUF41,9,325,68
11,MRF41QQF,9,225,78
9,SCF41QB,9,141,86
12,EEFGDUQV,9,204,84
10,SCF41,9,138,88
9,HGF82QTD,9,321,55
10,EEFG5,9,334B,66
11,PWF41QQL,9,POOL,100
10,PPF41Q3B,9,GYM3,95
10,UAF41Q2,9,235,85
9,HGF82QTD,9,321,80
11,AWF81,9,222,85
11,EEFGDUQF,9,330,45
9,HUF41QG,9,334A,45
10,EEFG5,9,348,85
10,FFFC1,9,111,81
9,PHF41Q3,9,B17,66
9,PPF41Q2B,9,GYM3,90
9,SLF41QGB,9,226,81
10,MRF41QGF,9,208,80
10,SEF41,9,313,80
12,EEFGDUQF,9,330,86
9,HUF41QT,9,334A,76
10,PPF41Q2G,9,GYM1,98
10,UAF41H3,9,235,100
9,FJFC1,9,124,75
11,HFF41QT,9,324,78
10,FSFC9,9,114,76
11,MRF41QQF,9,225,75
10,FJFC1,9,124,80
11,MQF41QGF,9,106,75
10,HUF41H,9,325,91
9,SCF41QB,9,141,79
10,SWF41QT,9,338,78
10,FSFC1,9,125,70
9,SWF41QW,9,328B,72
9,MKF41H,9,322,98
12,PWF41QQL,9,POOL,100
11,FMFC5H,9,215,99
11,SCF41,9,138,67
9,FFFC1,9,111,85
10,MGF41QGF,9,105,65
9,EEFG1QTB,9,249,45
9,EEFGDQT,9,347,45
11,BCF41T,9,247,85
11,PPF41Q3B,9,GYM3,95
10,HUF41,9,316,67
10,PPF41Q3B,9,GYM3,100
10,UAF85Q2,9,235,85
11,ULFC5TP,9,B39,74
11,EEFGDUQV,9,204,90
9,SLF41HB,9,341,93
9,HGF81QQD,9,323,80
10,FSFC9,9,114,55
10,EEFG5,9,334B,65
10,UAF41H2,9,235,92
10,UAF41Q3,9,235,89
12,HFF41H,9,121,98
10,HFF41,9,326,88
10,PPF41Q2B,9,GYM3,100
10,PPF41Q3B,9,GYM3,100
9,HUF41,9,325,45
10,HFF41H,9,311,98
10,HFF41,9,121,82
11,AWF85,9,B7,65
10,HUF41,9,333,87
10,SEF41,9,313,45
11,AWF85,9,B7,88
9,EEFG1QWB,9,126,45
10,HFF41,9,326,55
11,EEFG9,9,331,77
9,SHFC1TM,9,149,98
9,EEFG1HGB,9,246,90
10,SWF41QT,9,338,67
10,BCF41T,9,247,90
10,PPF41Q3B,9,GYM3,90
ST,FSFC1,9,125,73
9,SLF41QGB,9,231,88
10,MGF41QGF,9,107,55
9,HGF81QWD,9,329B,55
9,FSFC1,9,123,73
9,SLF41QTB,9,231,75
9,MEF82QGD,9,221,76
10,HGF82QQD,9,213,69
10,HFF41,9,311,73
11,SEF41,9,313,71
12,EEFGDUQV,9,204,73
11,PPF41Q2B,9,GYM3,85
10,HUF41,9,325,84
12,EEFGDUQF,9,330,80
9,FJFC1,9,124,68
9,EEFG1HGB,9,246,90
10,ULFC5TP,9,B39,96
10,HFF41H,9,121,95
9,HGF81HWD,9,329B,95
9,PHF41Q3,9,147,85
9,PPF41Q2G,9,GYM2,94
12,PPF41Q2B,9,GYM3,65
9,HGF81QTD,9,315,70
10,MRF41,9,223,82
9,FLFC1HHB,9,122,96
11,ULFC5TP,9,B39,96
11,MQF41QGF,9,106,77
9,SCF41QB,9,141,89
11,HFF41,9,311,76
11,AUFC1TA,9,232,95
11,BCF41T,9,247,86
11,PPF41Q2B,9,GYM3,92
9,SLF41QB,9,229,78
12,AWF85,9,B7,45
9,SLF41QTB,9,231,80
9,MEF82QTD,9,221,66
9,HGF81QQD,9,323,80
10,MGF41QGF,9,107,55
9,PPF41Q2B,9,GYM3,99
9,PPF41Q3B,9,GYM3,99
9,PHF41Q3,9,B17,65
9,PPF41Q2B,9,GYM3,65
9,SLF41QB,9,341,71
11,EEFGDUQV,9,204,94
10,FJFC1H,9,124,95
11,AWF85H,9,B7,92
10,PPF41Q2G,9,GYM2,100
10,UAF41H3,9,235,94
10,HUF41HG,9,334A,90
10,FSFC1,9,123,85
11,SDF81UVT,9,332,97
9,SHFC1TM,9,149,96
9,FJFC1H,9,124,95
11,MRF41QGF,9,208,82
12,EEFGDUQV,9,204,92
9,FLFC1HHB,9,122,100
10,EEFG5QG,9,250,89
10,BCF41T,9,247,80
10,PPF41Q3G,9,GYM1,90
10,EEFG5,9,350,78
9,MGF41,9,214,82
9,EEFG1QWB,9,126,67
11,MRF41,9,223,73
9,PHF41Q3,9,B17,45
9,PPF41Q2B,9,GYM3,65
11,MQF41QGF,9,106,70
9,FJFC1,9,124,69
10,HUF41QT,9,334A,80
9,EEFG1QTB,9,246,65
9,EEFG5,9,348,82
9,MGF41H,9,219,93
10,EEFGDUQJ,9,B6,70
9,SLF41QB,9,341,75
10,PPF41Q2G,9,GYM2,100
10,PPF41Q3G,9,GYM2,97
9,FFFC1,9,111,77
9,PHF41Q3,9,147,82
9,PPF41Q2G,9,GYM2,97
9,FMFC1,9,116,76
9,HGF82QGD,9,321,75
9,EEFG1QHB,9,346,83
9,SCF41,9,139,79
11,MKFC5UCT,9,108,94
10,MQF41QGF,9,106,79
11,PPF41Q2B,9,GYM3,100
11,PPF41Q3B,9,GYM3,100
10,EEFG5,9,350,88
9,PHF41H3,9,147,94
9,PPF41Q2G,9,GYM2,97
11,SDF81UVT,9,332,88
12,UAF85H2,9,235,94
12,UAF85H3,9,235,94
9,EEFG1QB,9,349,70
10,FSFC9,9,114,55
9,SLF41QB,9,341,82
9,FJFC1,9,124,79
11,EEFG9,9,331,86
11,BCF41T,9,247,80
11,PPF41Q2B,9,GYM3,90
12,AWF85,9,B7,89
10,MGF41,9,207,78
9,SLF41QB,9,229,87
10,PPF41Q3B,9,GYM3,98
10,UAF41H2,9,235,90
9,SLF41HGB,9,231,93
9,MEF82QTD,9,221,78
11,EEFGDUQV,9,204,94
9,AWF81,9,222,55
9,HGF82QQD,9,213,86
9,PHF41Q3,9,B17,65
9,PPF41Q2B,9,GYM3,94
11,AWF85H,9,B7,90
9,FSFC1H,9,125,93
11,AWF85,9,B7,83
9,PHF41Q3,9,147,70
9,UAF41Q2,9,235,76
12,PWF41QQL,9,POOL,100
10,AUFC1TA,9,232,90
10,HFF41QG,9,324,65
11,ULFC5TP,9,B39,81
11,EEFGDUQF,9,330,84
9,PHF41Q2,9,147,85
9,PPF41Q3B,9,GYM3,95
11,FSFC5,9,113,55
9,SLF41HGB,9,231,95
9,BCF41T,9,247,55
9,UAF85Q3,9,235,65
10,MRF41HQF,9,225,90
9,PHF41H3,9,B17,91
9,PPF41Q2G,9,GYM2,100
10,MGF41QGF,9,105,65
9,MEF82QGD,9,221,45
9,EEFG5QG,9,250,55
10,HUF41H,9,333,95
11,PPF41Q2B,9,GYM3,100
11,PPF41Q3B,9,GYM3,90
11,FSFC9,9,114,65
9,HFF41,9,121,65
9,HUF41,9,325,73
9,SLF41HB,9,341,90
9,EEFG5QT,9,250,67
10,HFF41,9,311,65
9,FLFC1HHB,9,122,94
10,MGF41,9,219,73
11,SPF41,9,238,81
11,MGF41QTF,9,105,73
9,ESFG1QFA,9,146,80
9,PHF41Q3,9,B17,67
9,PPF41Q2B,9,GYM3,90
9,FFFC1,9,111,68
10,FMFC5,9,215,74
9,SLF41HB,9,341,93
9,FLFC1HHB,9,122,93
9,EEFG1HGB,9,246,98
9,EEFG1HWB,9,126,94
10,MKFC5UCT,9,108,79
10,ESFG1QFA,9,146,78
10,PHF41H3,9,B17,92
10,PPF41Q2B,9,GYM3,90
11,PPF41Q3G,9,GYM2,100
9,SLF41HGB,9,226,91
9,FMFC1,9,116,80
9,HGF81QWD,9,329B,65
9,EEFG1HGB,9,246,98
11,PWF41QQL,9,POOL,55
10,PPF41Q2G,9,GYM2,80
10,UAF41Q3,9,235,70
9,EEFG1QB,9,349,89
10,HFF41H,9,121,96
10,HFF41,9,311,65
9,MKF41H,9,322,92
9,HGF82QQD,9,314,86
10,SWF41HG,9,338,93
9,FLFC1HHB,9,122,96
10,MQF41QGF,9,106,85
9,PHF41Q3,9,B17,89
9,EEFG1QTB,9,249,70
9,EEFG1HHB,9,346,90
10,SWF41QW,9,328B,66
9,SHFC1TM,9,149,71
10,MGF41QGF,9,107,71
9,HGF82HQD,9,213,93
9,HGF82HQD,9,314,94
10,HUF41,9,333,70
10,MGF41,9,207,75
9,SCF41QB,9,141,65
10,SCF41,9,138,80
11,PPF41Q2G,9,GYM1,45
11,PPF41Q3G,9,GYM1,45
10,HFF41QT,9,324,76
10,SWF41QT,9,338,80
10,BCF41T,9,247,85
10,PPF41Q2G,9,GYM1,85
9,SLF41QB,9,229,87
11,MRF41HQF,9,225,91
10,MGF41QTF,9,107,67
10,MGF41,9,214,84
9,FSFC1,9,123,86
9,MGF41QGF,9,105,45
10,PHF41Q2,9,147,86
10,PPF41Q3G,9,GYM1,92
9,AWF81,9,222,74
10,SWF41QT,9,338,86
10,EEFG5QG,9,250,80
11,MRF41QGF,9,208,82
9,SLF41HB,9,341,92
9,SLF41QB,9,229,71
10,SCF41,9,139,65
10,PPF41Q3B,9,GYM3,100
10,UAF85Q2,9,235,71
10,MGF41HGF,9,107,97
9,FSFC5,9,113,65
11,AUFC1TA,9,232,92
9,SHF81H,9,205,92
9,EEFG1QHB,9,346,87
9,HGF81QTD,9,315,65
10,MGF41,9,214,77
9,SLF41HGB,9,231,90
10,MGF41,9,219,88
9,MKF41H,9,322,98
11,MRF41QQF,9,225,75
11,BCF41T,9,247,85
11,PPF41Q2G,9,GYM1,80
9,EEFG1HB,9,349,93
11,ULFC5TP,9,B39,84
9,HFF41,9,326,83
10,EEFG5HG,9,250,90
11,EEFGDUQF,9,330,90
9,FFFC1,9,111,65
11,HFF41,9,311,77
9,HGF82HGD,9,321,94
10,ULFC5TP,9,B39,79
12,MRF41QQF,9,225,84
9,SLF41QB,9,229,81
12,PPF41Q2B,9,GYM3,95
12,PPF41Q3B,9,GYM3,90
10,EEFG5,9,350,87
11,FMFC5H,9,115,100
9,FSFC1,9,123,86
10,FMFC5,9,215,55
9,MKF41H,9,322,97
10,EEFG5,9,348,77
12,AWF81,9,222,55
9,PHF41Q2,9,147,65
9,PPF41Q3G,9,GYM2,93
10,SCF41,9,139,45
9,SCF41QB,9,141,85
10,MGF41H,9,214,97
9,HGF81QTD,9,315,85
10,PHF41Q3,9,147,45
10,EEFG5HG,9,250,94
9,EEFG1QWB,9,126,66
10,FSFC5H,9,113,90
11,ULFC5TP,9,B39,81
11,HFF41H,9,311,100
11,EEFGDUQJ,9,B6,84
10,HUF41HG,9,334A,90
10,SCF41,9,138,45
11,PPF41Q2G,9,GYM1,80
11,PPF41Q3G,9,GYM1,85
11,SDF81UVT,9,332,87
9,HGF82HQD,9,314,90
10,SPF41,9,238,82
11,PPF41Q2B,9,GYM3,100
9,HGF81QQD,9,323,80
11,PPF41Q2G,9,GYM1,90
11,PPF41Q3G,9,GYM1,90
9,UAF41Q2,9,235,65
9,UAF41Q3,9,235,65
9,FMFC5,9,115,83
10,EEFG5,9,348,85
11,EEFGDUQF,9,330,91
10,FSFC1,9,123,67
10,FSFC1,9,125,65
11,SPF41,9,238,81
9,MGF41QGF,9,105,65
11,FSFC9,9,114,82
10,HFF41H,9,326,92
10,MGF41QGF,9,105,70
9,SLF41QGB,9,226,89
10,SCF41H,9,138,93
9,HGF82HQD,9,213,98
11,EEFGDUQJ,9,B6,93
11,HFF41H,9,311,100
ST,PHF41H2,9,B17,94
ST,PPF41Q3B,9,GYM3,100
10,PPF41Q2G,9,GYM1,90
10,PPF41Q3G,9,GYM1,92
11,EEFG9H,9,336,92
9,FSFC5,9,113,45
11,FSFC5,9,113,80
11,PPF41Q2B,9,GYM3,95
11,PPF41Q3B,9,GYM3,100
10,FSFC1H,9,123,96
11,BCF41T,9,247,85
11,PPF41Q2G,9,GYM1,94
11,EEFG9,9,336,73
9,HGF81QQD,9,323,78
9,SLF41QB,9,341,65
9,HUF41,9,316,65
10,MGF41,9,214,88
9,EEFG1QB,9,349,67
9,EEFG1QGB,9,246,85
9,PHF41H3,9,147,92
9,PPF41Q2B,9,GYM3,95
10,SCF41,9,138,86
9,SLF41QB,9,341,83
11,EEFGDHT,9,347,90
11,SPF41,9,238,77
9,EEFG1QWB,9,126,65
10,PPF41Q3G,9,GYM2,94
10,UAF85H2,9,235,91
11,EEFGDHG,9,347,92
9,EEFG5,9,350,65
10,HFF41H,9,311,100
10,EEFG5,9,348,80
10,EEFG9,9,336,84
9,SCF41QB,9,141,55
10,MGF41HGF,9,107,98
11,HFF41,9,311,70
11,SDF81UVT,9,332,97
10,MGF41HGF,9,105,96
9,MKF41H,9,322,100
10,HFF41HG,9,324,94
11,EEFGDQG,9,347,87
11,SWF41HG,9,338,93
10,EEFG5,9,334B,70
11,SWF41QG,9,338,86
9,HGF81QWD,9,329B,71
9,HGF81HGD,9,315,94
9,HGF82HQD,9,213,95
9,SLF41QTB,9,226,69
11,SPF41H,9,238,92
9,MEF82QGD,9,221,66
9,MGF41,9,219,70
12,AQF41QQY,9,216B,100
11,FSFC5H,9,113,94
10,HFF41QG,9,324,45
11,FSFC9,9,114,68
10,SHFC1TM,9,149,80
9,EEFG1QGB,9,246,85
10,FMFC5,9,215,89
9,SLF41QTB,9,226,83
11,AWF85,9,B7,75
10,HFF41QG,9,324,66
11,HFF41H,9,311,97
9,SLF41QB,9,229,68
10,PWF41QQL,9,POOL,100
10,AQF41UVT,9,206,92
9,EEFG1QB,9,349,78
11,MRF41QTF,9,208,72
9,MGF41HGF,9,107,97
11,ULFC5TP,9,B39,86
10,HUF41QG,9,334A,88
11,PWF41QQL,9,POOL,100
9,EEFG1HB,9,349,94
10,MGF41H,9,207,90
9,PHF41Q3,9,147,45
9,PPF41Q2G,9,GYM2,45
9,SLF41QGB,9,231,67
10,MGF41QGF,9,107,79
9,EEFG1QGB,9,249,74
10,MGF41QTF,9,107,77
9,SCF41QB,9,141,67
9,HUF41,9,325,80
10,MGF41QTF,9,105,45
11,EEFGDQT,9,347,81
10,HUF41HG,9,334A,90
9,PHF41H2,9,B17,91
9,PPF41Q3G,9,GYM2,97
9,FSFC1,9,125,65
9,AUFC1TA,9,232,90
9,SCF41HB,9,141,90
10,FSFC5,9,113,65
10,FSFC5,9,113,55
10,FSFC1,9,125,66
10,MGF41HTF,9,105,96
10,PPF41Q2B,9,GYM3,95
10,PPF41Q3B,9,GYM3,90
11,HUF41,9,325,84
12,MQF41QQY,9,204A,100
9,SLF41HGB,9,226,93
10,HUF41,9,316,78
10,FMFC1H,9,116,90
9,AWF81H,9,222,95
10,HUF41H,9,333,92
9,MKF41H,9,322,100
9,FSFC1,9,123,65
9,PHF41H2,9,B17,96
9,PPF41Q3G,9,GYM1,92
12,AWF81,9,222,45
9,SLF41QB,9,341,83
10,HFF41,9,326,88
10,MRF41QGF,9,208,75
9,EEFG5,9,348,75
11,AWF85H,9,B7,95
11,MGF41QTF,9,107,71
10,PPF41Q3B,9,GYM3,100
10,UAF41H2,9,235,98
9,MGF41QGF,9,107,85
11,EEFGDQT,9,347,83
11,MGF41,9,214,83
10,HUF41,9,325,83
11,PPF41Q2G,9,GYM1,92
11,PPF41Q3G,9,GYM1,85
9,SLF41QTB,9,231,87
10,EEFG9,9,331,45
10,AUFC1TA,9,232,88
11,SPF41,9,238,70
9,PHF41Q2,9,147,65
9,PPF41Q3B,9,GYM3,85
10,PPF41Q2B,9,GYM3,45
10,UAF85Q3,9,235,45
10,MRF41QQF,9,225,83
10,SCF41,9,139,84
10,MGF41,9,207,55
10,HUF41,9,316,70
11,BCF41T,9,247,75
11,PPF41Q2B,9,GYM3,90
10,HFF41,9,311,80
9,PHF41Q3,9,B17,83
9,PPF41Q2B,9,GYM3,90
9,FMFC1,9,116,65
11,MKFC5UCT,9,108,45
9,SLF41QTB,9,231,72
10,EEFG5,9,348,80
9,ESFG1QFV,9,146,85
9,ULFC5TP,9,B39,96
9,MEF82QTD,9,221,45
10,FSFC1,9,125,67
9,FMFC1,9,116,45
9,PHF41H3,9,147,95
9,PPF41Q2G,9,GYM2,97
9,MGF41,9,214,80
12,PWF41QQL,9,POOL,100
10,SWF41QG,9,338,89
9,SHF81H,9,205,93
10,HUF41H,9,333,95
11,MRF41QQF,9,225,86
10,MGF41,9,214,76
9,EEFG1QGB,9,246,70
11,MGF41QGF,9,107,79
10,FSFC1H,9,123,91
10,PHF41H2,9,B17,100
10,PPF41Q3B,9,GYM3,100
11,PWF41QQL,9,POOL,80
ST,FSFC1,9,125,88
11,SPF41,9,238,87
9,PHF41H2,9,B17,97
9,PPF41Q3G,9,GYM1,90
9,SWF41QW,9,328B,83
9,EEFG1HGB,9,246,98
9,PHF41Q2,9,147,69
9,PPF41Q3G,9,GYM2,87
11,HFF41,9,326,86
9,EEFG1QHB,9,346,83
9,MKF41H,9,322,98
11,SEF41,9,313,73
10,SCF41,9,138,67
10,HFF41QG,9,324,70
11,ULFC5TP,9,B39,93
10,EEFG9,9,336,45
10,EEFG5H,9,350,90
10,PHF41H2,9,B17,94
10,PPF41Q3B,9,GYM3,95
11,HFF41,9,121,77
11,FMFC5,9,215,86
10,PPF41Q3B,9,GYM3,100
10,UAF41Q2,9,235,78
10,MGF41,9,219,78
11,AWF85H,9,B7,100
10,PPF41Q2G,9,GYM2,97
10,PPF41Q3G,9,GYM1,92
11,FMFC5H,9,115,98
11,EEFGDUQF,9,330,90
10,AUFC1TA,9,232,89
10,EEFG5,9,350,88
10,PHF41Q2,9,B17,87
10,PPF41Q3G,9,GYM2,95
9,HGF82HQD,9,314,94
10,MGF41HGF,9,107,90
9,FMFC5H,9,215,99
11,MRF41H,9,223,91
10,SCF41,9,139,65
10,PHF41Q2,9,147,78
10,PPF41Q3B,9,GYM3,90
9,FMFC1,9,116,85
9,HGF81QQD,9,323,82
9,AWF81H,9,222,94
9,EEFG5QT,9,250,67
10,HUF41H,9,333,92
9,EEFG1QGB,9,249,89
11,EEFG9,9,331,86
10,HFF41,9,326,45
10,MGF41,9,219,86
11,PPF41Q2B,9,GYM3,90
11,PPF41Q3B,9,GYM3,90
9,SLF41QB,9,229,45
9,MKF41H,9,322,95
9,EEFG1HHB,9,346,90
11,ULFC5TP,9,B39,88
9,PHF41Q2,9,B17,68
9,UAF85Q3,9,235,74
10,EEFG5QT,9,250,65
10,HUF41HG,9,334A,90
10,HUF41H,9,333,95
10,MRF41,9,223,55
9,HGF81QTD,9,315,65
11,EEFGDUQF,9,330,77
10,HFF41H,9,326,98
10,FMFC5,9,115,83
10,EEFG5HG,9,250,92
11,SDF81UVT,9,332,90
11,EEFG9,9,331,65
12,EEFGDUQF,9,330,82
10,MRF41H,9,223,90
9,FJFC1,9,124,75
9,PPF41Q3B,9,GYM3,90
9,UAF41Q2,9,235,65
11,FSFC5,9,113,75
9,HGF82HQD,9,314,90
10,SHFC1TM,9,149,89
9,HGF82HQD,9,213,94
9,MKF41,9,322,83
9,EEFG1QB,9,349,75
9,PHF41H3,9,B17,95
9,PPF41Q2G,9,GYM1,80
11,ULFC5TP,9,B39,83
10,EEFGDUQF,9,330,75
9,FFFC1,9,111,72
11,PPF41Q2G,9,GYM1,45
11,PPF41Q3G,9,GYM2,55
9,SEF41,9,313,55
9,FSFC1,9,123,69
9,MGF41QGF,9,105,70
10,AQF41UVT,9,206,87
11,EEFGDUQF,9,330,65
11,FSFC9,9,114,82
9,HGF82QQD,9,213,72
10,MGF41H,9,214,97
11,ULFC5TP,9,B39,94
10,EEFG5H,9,350,90
9,HUF41,9,325,71
10,PPF41Q3G,9,GYM1,95
11,FSFC9,9,114,82
10,FSFC1,9,125,80
9,EEFG5,9,350,84
11,EEFGDQT,9,347,84
9,SCF41,9,139,55
10,HUF41QG,9,334A,85
9,FFFC1,9,111,79
10,HUF41H,9,333,90
12,EEFGDUQV,9,204,95
10,MRF41,9,223,67
10,PPF41Q2B,9,GYM3,100
10,UAF41H3,9,235,94
9,HGF82QQD,9,314,84
11,EEFGDHG,9,347,90
10,HUF41H,9,325,93
9,SHFC1TM,9,149,94
11,MKFC5UCT,9,108,86
9,HGF81QTD,9,315,75
10,EEFG5,9,334B,84
10,SCF41H,9,138,94
9,EEFG1HTB,9,246,90
10,EEFG5,9,348,70
10,EEFG5QG,9,250,86
11,EEFGDUQF,9,330,81
10,FMFC5H,9,215,98
11,ULFC5TP,9,B39,98
10,PPF41Q3G,9,GYM1,97
10,ESFG1QFA,9,146,78
11,FMFC5H,9,115,96
9,FFFC1,9,111,71
11,EEFGDUQF,9,330,79
10,PPF41Q2B,9,GYM3,98
10,PPF41Q3B,9,GYM3,98
9,HGF82QQD,9,213,71
9,FSFC1,9,125,68
9,HGF82HGD,9,321,90
9,AQF41UVT,9,206,69
11,MRF41,9,223,78
9,PHF41Q3,9,147,45
9,UAF41Q2,9,235,65
11,HFF41H,9,121,94
10,MRF41H,9,223,100
11,HUF41,9,333,85
9,SHF81,9,205,89
10,HUF41QG,9,334A,86
9,SCF41QB,9,141,81
9,HGF81HWD,9,329B,93
10,HFF41H,9,311,96
9,HUF41QT,9,334A,85
10,MRF41,9,223,73
9,SLF41QTB,9,231,70
10,MRF41QGF,9,208,75
9,EEFG1HGB,9,249,95
9,SLF41QGB,9,226,73
10,EEFGDUQJ,9,B6,45
10,PPF41Q3B,9,GYM3,90
10,UAF41Q2,9,235,80
9,MEF82QGD,9,221,45
9,EEFG1HTB,9,246,92
10,BCF41T,9,247,90
10,UAF85H2,9,235,98
9,FMFC1,9,116,72
10,HFF41H,9,326,95
11,EEFGDUQJ,9,B6,55
10,HUF41,9,333,80
11,HFF41H,9,311,95
9,MGF41QGF,9,105,65
10,BCF41T,9,247,82
12,BCF41T,9,247,82
11,BCF41T,9,247,89
11,PPF41Q2B,9,GYM3,75
9,FLFC1QHB,9,122,85
11,HFF41,9,326,89
11,PPF41Q3G,9,GYM2,97
11,UAF85H2,9,235,97
11,BCF41T,9,247,78
11,PPF41Q3G,9,GYM1,80
9,HGF82QGD,9,321,70
10,HUF41QT,9,334A,80
10,AQF41UVT,9,206,88
9,HGF82HQD,9,314,93
9,EEFG1HGB,9,246,98
9,HFF41,9,121,85
9,FFFC1,9,111,55
12,BCF41T,9,247,90
12,PPF41Q3B,9,GYM3,80
10,MRF41QTF,9,208,82
11,EEFGDHG,9,347,90
11,MRF41QQF,9,225,83
10,EEFG5H,9,350,94
11,BCF41T,9,247,86
9,HGF82QQD,9,314,83
10,AQF41UVT,9,206,95
12,MKFC5UCT,9,108,79
9,SLF41QB,9,229,82
10,FFFC1,9,111,79
10,ESFG1QFA,9,146,73
10,MGF41QGF,9,105,84
11,FSFC9,9,114,65
10,HUF41H,9,316,90
11,HFF41H,9,311,98
10,FFFC1H,9,111,96
12,AWF81,9,222,74
9,SLF41QB,9,229,73
11,PPF41Q2G,9,GYM2,87
11,PPF41Q3G,9,GYM2,85
9,HGF82QQD,9,213,79
10,HUF41,9,316,81
11,FSFC9,9,114,75
11,SDF81UVT,9,332,95
10,MRF41,9,223,85
9,EEFG1QWB,9,126,87
10,BCF41T,9,247,91
10,UAF85H2,9,235,98
9,FLFC1HHB,9,122,100
10,SCF41,9,139,72
11,SDF81UVT,9,332,90
12,FSFC9,9,114,55
11,PPF41Q2G,9,GYM1,92
11,PPF41Q3G,9,GYM2,82
10,HFF41H,9,121,95
9,HGF81QQD,9,323,84
11,HFF41H,9,311,98
9,HGF81QQD,9,323,84
11,BCF41T,9,247,65
11,UAF41Q3,9,235,80
9,EEFG1HGB,9,246,98
9,HUF41,9,316,84
9,FSFC1,9,125,66
9,HGF81QQD,9,323,55
9,FFFC1,9,111,77
10,MGF41QTF,9,107,77
12,PHF41H2,9,B17,90
9,HGF82HTD,9,321,90
11,AQF41UVT,9,206,92
10,MRF41,9,223,71
10,EEFG5,9,348,70
ST,FSFC1,9,125,76
9,HGF82HGD,9,321,93
11,FSFC5,9,113,70
10,EEFG5QT,9,250,75
9,HUF41QT,9,334A,80
10,SWF41QW,9,328B,65
11,BCF41T,9,247,92
11,PPF41Q2B,9,GYM3,85
10,HUF41H,9,333,92
9,SLF41HB,9,341,92
10,AQF41UVT,9,206,92
11,MGF41QGF,9,107,45
10,AWF85H,9,B7,100
10,PHF41Q2,9,147,89
11,PPF41Q2B,9,GYM3,95
11,PPF41Q3B,9,GYM3,94
10,SEF41,9,313,73
9,FLFC1HHB,9,122,99
9,FMFC1H,9,116,93
11,AWF81H,9,222,96
11,MRF41H,9,223,91
11,EEFG9,9,331,82
11,BCF41T,9,247,81
11,PPF41Q2B,9,GYM3,95
10,EEFG5,9,334B,70
9,MEF82QGD,9,221,45
9,HGF82QGD,9,321,86
9,EEFG1QHB,9,346,74
10,EEFG5QG,9,250,80
12,HFF41QG,9,324,78
9,EEFG1QB,9,349,88
10,PHF41H2,9,B17,96
10,PPF41Q3G,9,GYM2,96
9,PHF41Q2,9,147,87
9,PPF41Q3B,9,GYM3,100
9,MEF82QGD,9,221,82
11,EEFGDQG,9,347,86
11,FSFC9,9,114,65
10,HUF41,9,316,83
11,EEFG9,9,336,68
11,PPF41Q2B,9,GYM3,95
10,PPF41Q2B,9,GYM3,95
10,PPF41Q3B,9,GYM3,90
9,SWF41QT,9,338,85
9,FLFC1HHB,9,122,98
11,FSFC1,9,123,83
11,EEFG9,9,336,73
10,MGF41,9,214,85
10,FJFC1,9,124,71
9,HUF41,9,325,75
9,EEFG1HB,9,349,91
11,SDF81UVT,9,332,92
9,PHF41H3,9,B17,94
9,PPF41Q2G,9,GYM2,100
11,HUF41H,9,333,95
11,BCF41T,9,247,92
11,UAF85Q2,9,235,86
9,EEFG1HHB,9,346,97
9,HGF82HQD,9,213,90
10,EEFG5,9,334B,80
10,HGF81HQD,9,323,96
9,HGF81QGD,9,315,55
11,EEFG9,9,331,83
9,EEFG1HHB,9,346,90
10,SCF41,9,138,89
9,FLFC1QHB,9,122,88
10,MRF41,9,223,87
9,FLFC1HHB,9,122,96
11,MKFC5UCT,9,108,90
11,EEFGDQG,9,347,87
9,SLF41QB,9,341,77
11,EEFGDUQV,9,204,98
10,MGF41H,9,214,95
10,SCF41H,9,138,90
9,PHF41H2,9,147,91
9,PPF41Q3G,9,GYM2,100
10,EEFG5,9,348,80
9,HGF82QGD,9,321,81
12,MQF41QQY,9,204A,100
9,SLF41QB,9,229,89
10,HUF41,9,325,85
11,PPF41Q3G,9,GYM2,96
11,ULFC5TP,9,B39,81
9,SHFC1TM,9,149,84
9,SLF41QGB,9,231,77
10,PHF41Q2,9,147,84
10,PPF41Q3B,9,GYM3,95
11,ULFC5TP,9,B39,91
10,HUF41QT,9,334A,80
12,PQF41Q2Y,9,251,100
12,PQF41Q3Y,9,251,100
11,EEFGDHG,9,347,90
10,MGF41QGF,9,105,78
9,MKF41H,9,322,93
11,FMFC5H,9,115,97
10,BCF41T,9,247,92
10,PPF41Q3G,9,GYM1,92
11,SCF41,9,138,74
10,AUFC1TA,9,232,96
9,FJFC1,9,124,55
9,EEFG5QG,9,250,55
9,SLF41QB,9,341,55
10,MGF41HTF,9,105,97
9,SLF41QB,9,341,81
10,SCF41,9,139,70
11,PPF41Q3G,9,GYM2,89
9,HGF81QQD,9,323,83
9,SLF41QB,9,229,65
9,HGF82HGD,9,321,97
9,EEFG1QHB,9,346,78
10,MGF41H,9,207,95
10,MQF41QGF,9,106,86
11,EEFGDUQJ,9,B6,68
10,FMFC5,9,115,86
11,FSFC1,9,123,82
10,EEFG5QG,9,250,87
10,MGF41,9,219,88
9,SLF41QTB,9,226,75
10,SWF41HT,9,338,92
11,EEFGDUQJ,9,B6,97
10,MGF41,9,219,78
10,MGF41,9,207,69
10,ULFC5TP,9,B39,88
9,HGF82QQD,9,213,88
11,SCF41,9,138,85
11,HFF41,9,121,55
9,HGF82QQD,9,314,75
10,HUF41H,9,316,91
11,HFF41,9,326,84
10,HFF41H,9,311,96
11,BCF41T,9,247,90
11,PPF41Q3G,9,GYM1,90
11,PWF41QQL,9,POOL,100
9,MGF41,9,219,81
10,EEFGDUQJ,9,B6,91
10,MGF41,9,219,87
10,MQF41QTF,9,106,55
10,EEFG5QG,9,250,81
9,HGF82HTD,9,321,90
10,HFF41QT,9,324,45
9,AUFC1TA,9,232,69
9,EEFG1QB,9,349,80
9,PHF41H3,9,B17,96
9,PPF41Q2G,9,GYM2,100
10,EEFG5QT,9,250,83
10,PWF41QQL,9,POOL,100
10,FMFC5H,9,215,97
9,SHF81H,9,205,92
10,EEFGDUQJ,9,B6,91
9,EEFG1QGB,9,246,85
9,MKF41H,9,322,100
11,EEFGDHG,9,347,92
10,FSFC1,9,125,65
9,SLF41QB,9,341,77
9,SLF41QB,9,229,71
11,SDF81UVT,9,332,93
10,PPF41Q2B,9,GYM3,95
10,PPF41Q3B,9,GYM3,97
9,FMFC1,9,116,80
10,EEFG5,9,334B,86
10,FMFC5H,9,115,91
11,SDF81UVT,9,332,95
9,SHFC1TM,9,149,79
11,SCF41QB,9,141,55
10,PPF41Q2G,9,GYM2,45
10,UAF41Q3,9,235,79
10,FSFC1,9,125,85
10,AQF41UVT,9,206,76
11,EEFGDUQJ,9,B6,83
12,HFF41,9,121,75
10,MGF41H,9,207,100
10,EEFG5QG,9,250,86
9,FMFC1H,9,116,90
9,AUFC1TA,9,232,96
9,EEFG1HHB,9,346,90
10,HUF41,9,325,88
10,MRF41H,9,223,95
10,HUF41QT,9,334A,75
11,MKFC5UCT,9,108,93
9,MQF41QGF,9,106,83
10,SCF41,9,138,78
9,ESFG1QFA,9,146,67
10,PPF41Q2B,9,GYM3,90
10,PPF41Q3B,9,GYM3,97
10,PHF41Q3,9,B17,88
10,PPF41Q2G,9,GYM2,85
9,PHF41Q3,9,147,84
9,PPF41Q2G,9,GYM2,91
10,FMFC5,9,115,84
10,EEFG5QG,9,250,84
11,EEFG9H,9,331,90
10,MRF41QGF,9,208,55
11,HFF41QG,9,324,85
10,HUF41,9,333,85
10,MGF41H,9,214,95
10,HUF41,9,316,79
11,SPF41,9,238,85
9,FMFC1H,9,116,100
11,SDF81UVT,9,332,93
10,EEFG5,9,348,75
10,PPF41Q2B,9,GYM3,90
10,UAF41Q3,9,235,65
9,ESFG1QFV,9,146,89
10,PPF41Q2B,9,GYM3,90
10,PPF41Q3B,9,GYM3,97
11,HFF41,9,326,84
10,MGF41H,9,214,92
10,SEF41,9,313,55
9,FMFC1H,9,116,95
11,PWF41QQL,9,POOL,100
11,PPF41Q3B,9,GYM3,65
11,UAF85Q2,9,235,67
11,BCF41T,9,247,93
11,PPF41Q2B,9,GYM3,95
11,BCF41T,9,247,90
11,PPF41Q3G,9,GYM1,92
9,MGF41,9,207,80
10,MGF41,9,207,74
10,FMFC5H,9,115,94
9,PHF41Q2,9,147,80
9,HGF81QQD,9,323,84
9,SLF41QTB,9,231,69
9,AWF81,9,222,82
11,EEFGDUQF,9,330,74
10,HUF41H,9,333,92
12,UAF41H2,9,235,92
11,SDF81UVT,9,332,93
11,SDF81UVT,9,332,86
9,SHFC1TM,9,149,87
10,FMFC5H,9,115,98
9,EEFG1HTB,9,246,95
9,EEFG5,9,350,75
9,PPF41Q3G,9,GYM2,90
9,UAF41Q2,9,235,65
10,MGF41,9,207,77
9,PHF41H3,9,B17,92
10,AQF41UVT,9,206,88
9,MEF82QTD,9,221,88
9,FJFC1H,9,124,95
10,UAF41H2,9,235,92
11,MGF41,9,207,84
10,AUFC1TA,9,232,96
9,SCF41HB,9,141,90
9,EEFG1QB,9,349,76
11,SPF41,9,238,77
9,EEFG1QWB,9,126,66
10,PPF41Q3B,9,GYM3,90
10,UAF41H2,9,235,91
11,SPF41,9,238,87
10,SCF41,9,138,78
10,PPF41Q2B,9,GYM3,94
10,PPF41Q3B,9,GYM3,90
10,MGF41,9,219,80
9,PHF41H2,9,147,98
9,PPF41Q3G,9,GYM2,100
9,FJFC1H,9,124,98
10,FMFC5H,9,215,98
9,SLF41HB,9,341,91
9,MKF41H,9,322,98
9,HGF82HGD,9,321,92
11,MKFC5UCT,9,108,93
9,SLF41QB,9,229,75
10,MGF41QGF,9,105,83
10,MGF41H,9,214,98
11,FMFC5H,9,215,94
9,ESFG1HFA,9,146,94
10,FSFC9H,9,114,94
11,BCF41T,9,247,70
11,UAF41Q3,9,235,65
9,PHF41Q3,9,147,68
9,PPF41Q2B,9,GYM3,90
9,ESFG1QFA,9,146,83
11,EEFG9,9,336,65
10,PPF41Q2G,9,GYM2,100
10,UAF85H3,9,235,91
11,PPF41Q2G,9,GYM1,93
11,UAF85H3,9,235,91
10,SWF41QG,9,338,87
10,AQF41UVT,9,206,96
9,ESFG1QFV,9,146,68
10,EEFG5H,9,350,94
9,AUFC1TA,9,232,70
9,SHF81H,9,205,94
12,EQF41QQY,9,328A,100
10,PPF41Q2B,9,GYM3,90
10,PPF41Q3B,9,GYM3,90
9,FMFC1H,9,116,90
9,ESFG1QFA,9,146,80
9,MKF41H,9,322,95
10,FMFC5H,9,115,97
11,HUF41,9,316,79
11,EEFG9,9,336,77
10,HFF41QT,9,324,65
10,MGF41QTF,9,107,81
9,FLFC1HHB,9,122,98
10,MGF41H,9,214,90
11,SEF41,9,313,55
11,SDF81UVT,9,332,83
11,ULFC5TP,9,B39,91
9,HGF81QTD,9,315,80
10,BCF41T,9,247,82
10,PPF41Q2G,9,GYM1,95
11,FSFC5H,9,113,97
10,EEFG5,9,334B,80
10,EEFG5,9,348,70
10,AQF41UVT,9,206,92
9,HFF41QT,9,324,65
11,MGF41QTF,9,107,68
9,SLF41QB,9,341,84
12,MRF41QGF,9,208,55
9,PHF41H3,9,147,93
9,PPF41Q2G,9,GYM2,85
11,EEFG9,9,331,74
10,FMFC5H,9,115,93
9,ESFG1QFA,9,146,82
11,EEFG9,9,331,89
11,MRF41,9,223,55
9,MKF41H,9,322,97
9,FMFC1,9,116,80
11,MKFC5UCT,9,108,95
9,HGF81HTD,9,315,90
9,EEFGDUQV,9,204,45
12,BCF41T,9,247,81
9,SLF41HB,9,341,91
9,PHF41H3,9,147,90
9,PPF41Q2G,9,GYM2,100
10,AQF41UVT,9,206,96
10,HUF41,9,325,87
11,FMFC5H,9,115,90
11,EEFG9,9,331,76
10,FJFC1H,9,124,91
10,FJFC1,9,124,83
9,HFF41QT,9,324,45
12,EEFGDUQV,9,204,96
10,HFF41H,9,121,94
11,MKFC5UCT,9,108,92
11,SHF81H,9,205,90
10,SEF41,9,313,55
9,SLF41QB,9,229,78
9,PHF41H3,9,B17,97
9,PPF41Q2B,9,GYM3,94
9,PPF41Q2B,9,GYM3,90
10,MRF41QGF,9,208,45
9,HGF81QWD,9,329B,65
11,EEFGDUQV,9,204,95
10,HUF41QT,9,334A,80
11,FSFC5,9,113,85
12,SCF41,9,138,88
10,HUF41,9,325,83
11,MGF41,9,207,89
9,SLF41HB,9,341,96
9,EEFG1QWB,9,126,77
10,MGF41,9,207,86
10,MGF41H,9,207,90
9,MGF41QGF,9,107,67
10,FMFC5,9,215,75
9,EEFG1QTB,9,246,80
10,HUF41,9,325,65
9,FFFC1,9,111,87
11,SPF41,9,238,82
10,SCF41,9,138,81
11,EEFGDQG,9,347,83
9,SLF41QGB,9,226,80
9,SLF41QTB,9,226,65
11,AQF41UVT,9,206,86
11,MQF41QGF,9,106,86
9,HGF82QQD,9,314,85
11,EEFGDUQJ,9,B6,92
9,HGF81QTD,9,315,80
10,EEFG5,9,348,65
11,MRF41,9,223,65
11,EEFGDQG,9,347,89
9,EEFG1QWB,9,126,65
11,EEFGDUQJ,9,B6,90
10,MGF41QTF,9,107,87
11,PPF41Q2B,9,GYM3,94
11,PPF41Q3B,9,GYM3,90
9,FMFC5,9,215,45
10,HFF41H,9,311,92
10,EEFG5QG,9,250,88
10,EEFG5QT,9,250,79
11,AWF85,9,B7,83
9,SLF41HGB,9,231,93
10,HUF41H,9,316,91
10,SCF41,9,138,80
11,PPF41Q2B,9,GYM3,95
11,PPF41Q3B,9,GYM3,90
11,ULFC5TP,9,B39,92
9,FMFC1,9,116,69
10,AUFC1TA,9,232,89
11,EEFG9,9,331,55
9,AQF41UVT,9,206,74
9,SLF41QGB,9,226,84
9,SHFC1TM,9,149,78
9,SHF81H,9,205,93
9,PHF41Q2,9,147,65
9,PPF41Q3B,9,GYM3,90
11,AWF85H,9,B7,95
10,HFF41HG,9,324,99
9,SWF41QW,9,328B,71
12,EEFGDQT,9,347,78
11,EEFG9,9,336,72
9,SWF41QW,9,328B,65
11,EEFGDUQV,9,204,98
9,HUF41,9,333,65
9,MKF41,9,322,86
10,EEFG5QG,9,250,80
12,MRF41QQF,9,225,75
10,FSFC1,9,125,70
9,HGF81QQD,9,323,72
9,AUFC1TA,9,232,68
9,PHF41H2,9,B17,93
9,PPF41Q3G,9,GYM2,91
11,EEFGDUQJ,9,B6,70
9,HGF82QGD,9,321,65
9,AWF81,9,222,71
9,SCF41QB,9,141,67
11,MGF41,9,219,55
10,SCF41,9,138,75
9,EEFG1QGB,9,249,89
10,FFFC1,9,111,71
9,FJFC1,9,124,68
9,SLF41QGB,9,231,81
10,HGF81QGD,9,315,85
9,HGF81QGD,9,315,70
10,FMFC5H,9,215,91
11,SCF41,9,138,71
9,EEFG1HHB,9,346,90
9,SLF41QB,9,229,70
9,HGF82QQD,9,314,83
11,HFF41,9,326,78
11,MQF41HTF,9,106,92
12,MRF41QTF,9,208,68
11,MQF41QGF,9,106,75
9,FMFC1,9,116,74
11,EEFGDUQJ,9,B6,88
9,EEFG1HTB,9,246,90
10,MGF41HGF,9,107,98
11,FSFC5H,9,113,92
11,AWF85,9,B7,85
9,FMFC1,9,116,45
10,FSFC1,9,123,89
10,PWF41QQL,9,POOL,100
10,MGF41H,9,219,97
10,SCF41,9,139,83
11,MQF41HTF,9,106,90
9,HGF81QGD,9,315,75
9,HGF82QQD,9,314,75
9,MEF82QGD,9,221,65
10,SEF41,9,313,78
11,EEFG9,9,331,74
9,HGF82QQD,9,314,80
10,MGF41,9,214,86
10,EEFG1QTB,9,249,80
9,MEF82QTD,9,221,65
9,EEFG1QTB,9,249,65
11,MRF41QGF,9,208,70
11,MRF41QGF,9,208,65
9,SHF81H,9,205,92
9,PHF41H3,9,147,90
9,PPF41Q2G,9,GYM2,100
10,EEFG5,9,334B,68
11,AWF85H,9,B7,98
9,MQF41QGF,9,106,45
11,FJFC1,9,124,45
9,HGF82QQD,9,314,88
9,HGF82QQD,9,213,77
11,SEF41,9,313,70
11,EEFGDUQV,9,204,95
11,MKFC5UCT,9,108,100
11,EEFGDUQJ,9,B6,93
9,HGF81QGD,9,315,65
9,HGF81QGD,9,315,70
10,SEF41,9,313,55
11,EEFG9H,9,336,96
9,EEFG1QWB,9,126,65
10,MGF41,9,207,67
11,EEFGDUQV,9,204,92
9,FMFC5,9,115,65
10,AUFC1TA,9,232,98
9,FMFC1,9,116,65
12,EEFGDUQV,9,204,82
9,HGF82QQD,9,213,65
11,HFF41H,9,311,90
11,BCF41T,9,247,94
11,UAF85H2,9,235,98
9,FFFC1,9,111,45
9,FJFC1H,9,124,91
10,MGF41QGF,9,105,70
10,PPF41Q2G,9,GYM2,100
10,PPF41Q3G,9,GYM1,94
11,PPF41Q2G,9,GYM1,92
11,PPF41Q3G,9,GYM1,90
10,HFF41,9,326,55
10,HUF41,9,316,71
11,MQF41QGF,9,106,78
10,SPF41,9,238,87
10,MGF41H,9,207,90
12,MGF41QGF,9,107,89
9,AUFC1TA,9,232,55
9,SLF41QTB,9,226,71
9,MGF41QTF,9,105,69
9,SLF41QTB,9,231,67
11,ULFC5TP,9,B39,95
10,FSFC9,9,114,68
9,HGF82HGD,9,321,91
11,SDF81UVT,9,332,85
12,MRF41QTF,9,208,65
9,PHF41H2,9,B17,90
9,PPF41Q3B,9,GYM3,94
10,SCF41,9,139,65
9,SHF81H,9,205,97
11,EEFGDUQF,9,330,85
11,FSFC9,9,114,82
9,FSFC1,9,125,80
11,MKFC5UCT,9,108,93
11,AWF85H,9,B7,91
9,HGF82QGD,9,321,55
10,SWF41QT,9,338,70
10,MGF41,9,207,75
11,SPF41,9,238,82
11,MKFC5UCT,9,108,68
10,SEF41,9,313,74
9,EEFG1QTB,9,249,77
9,EEFG1QHB,9,346,87
9,SLF41QB,9,341,81
9,PHF41H2,9,147,96
9,PPF41Q3B,9,GYM3,100
9,SLF41QGB,9,231,80
9,EEFG5,9,348,80
9,EEFG1HHB,9,346,90
10,BCF41T,9,247,78
10,UAF85Q3,9,235,79
9,HGF81QQD,9,323,89
9,FJFC1H,9,124,90
10,HFF41,9,311,86
11,MKFC5UCT,9,108,84
11,SEF41,9,313,45
9,SCF41QB,9,141,82
10,HUF41,9,316,78
9,HGF81QTD,9,315,70
10,BCF41T,9,247,65
10,PPF41Q2G,9,GYM1,80
11,SWF41QG,9,338,86
12,PWF41QQL,9,POOL,100
11,MRF41QTF,9,208,55
10,HUF41,9,316,89
10,EEFG5H,9,350,92
11,FSFC5,9,113,75
9,PHF41H2,9,147,92
9,PPF41Q3G,9,GYM2,94
9,EEFG1QGB,9,249,74
11,MRF41,9,223,83
11,EEFG9,9,331,55
9,HFF41,9,121,65
9,EEFG1QGB,9,249,80
10,MRF41QGF,9,208,70
9,SHFC1TM,9,149,98
11,MGF41,9,219,55
10,PPF41Q2G,9,GYM1,91
10,UAF41H3,9,235,98
10,SCF41,9,138,88
10,MGF41,9,207,87
10,FFFC1,9,111,74
9,HGF82HQD,9,213,90
10,PPF41Q3B,9,GYM3,90
10,UAF85H2,9,235,98
9,MGF41QTF,9,107,65
11,PPF41Q2B,9,GYM3,97
11,PPF41Q3B,9,GYM3,97
9,PPF41Q3B,9,GYM3,45
9,UAF41H2,9,235,92
9,SCF41QB,9,141,88
10,MGF41,9,214,80
11,MRF41QQF,9,225,84
10,HUF41HG,9,334A,90
10,EEFG5QT,9,250,67
10,AUFC1TA,9,232,89
11,MRF41QQF,9,225,84
11,HFF41,9,121,65
10,SWF41QG,9,338,75
10,SCF41,9,138,75
9,EEFG1QGB,9,249,70
9,PHF41H2,9,147,91
9,PPF41Q3G,9,GYM2,100
11,AWF85,9,B7,88
10,FMFC5H,9,115,92
9,FMFC1,9,116,65
11,EEFG9,9,331,78
11,EEFGDUQV,9,204,97
11,EEFGDUQF,9,330,87
9,EEFG1QGB,9,246,80
9,PHF41H3,9,B17,93
9,PPF41Q2G,9,GYM2,100
10,EEFG5,9,334B,69
9,SLF41HGB,9,231,94
10,MRF41,9,223,80
9,PHF41Q3,9,B17,55
9,PPF41Q2B,9,GYM3,85
10,MKF41H,9,322,93
12,SDF81UVT,9,332,75
9,SHFC1TM,9,149,96
9,FMFC5,9,215,55
10,MGF41,9,219,89
10,FSFC1,9,123,55
9,FFFC1,9,111,68
9,HUF41,9,333,70
9,SHF81H,9,205,90
9,HGF82HQD,9,213,91
9,FLFC1HHB,9,122,96
9,EEFG1QGB,9,249,87
9,HUF41,9,333,45
9,FSFC1,9,123,76
10,PPF41Q3B,9,GYM3,97
10,UAF85Q2,9,235,88
9,HUF41,9,325,74
9,MKF41,9,322,83
9,FSFC1H,9,123,90
9,FSFC1H,9,123,91
10,EEFG5,9,334B,75
9,EEFG1QGB,9,249,65
9,EEFG5,9,348,55
10,EEFG5H,9,334B,95
10,SCF41,9,139,45
10,EEFG5,9,334B,80
10,EEFGDUQJ,9,B6,95
9,SHFC1TM,9,149,83
10,AQF41UVT,9,206,90
9,EEFG1QB,9,349,80
11,MRF41,9,223,80
11,HFF41,9,326,83
9,SLF41QB,9,229,81
11,EEFGDUQF,9,330,81
10,HUF41,9,333,70
9,PHF41Q2,9,147,80
9,PPF41Q3G,9,GYM1,70
9,MEF82QGD,9,221,55
9,HGF82QQD,9,314,70
9,SCF41QB,9,141,67
12,MRF41QTF,9,208,68
11,EEFG9,9,331,78
9,FSFC1,9,123,65
10,EEFG5,9,350,87
10,ULFC5TP,9,B39,85
9,EEFG1QB,9,349,76
10,HFF41H,9,326,98
11,SDF81UVT,9,332,72
9,HGF81HGD,9,315,94
9,SLF41QGB,9,226,80
10,MGF41,9,207,73
10,FMFC5H,9,215,100
9,FMFC1H,9,116,90
10,SPF41,9,238,88
9,FSFC9,9,114,65
11,PPF41Q2G,9,GYM2,97
11,PPF41Q3G,9,GYM2,100
9,EEFG5,9,350,45
11,EEFGDUQF,9,330,73
9,SCF41QB,9,141,75
11,SDF81UVT,9,332,94
10,HUF41,9,325,80
9,FLFC1HHB,9,122,99
9,FFFC1,9,111,74
11,BCF41T,9,247,80
11,PPF41Q3G,9,GYM2,100
11,FSFC5,9,113,75
9,FSFC1,9,125,65
9,HUF41QG,9,334A,83
10,HUF41,9,316,80
11,MRF41HGF,9,208,94
11,PWF41QQL,9,POOL,100
9,SHFC1TM,9,149,79
9,EEFG1QHB,9,346,87
9,HGF81QQD,9,323,70
11,PPF41Q2G,9,GYM1,85
11,PPF41Q3G,9,GYM1,90
10,HFF41H,9,311,92
10,SHFC1TM,9,149,83
9,SCF41HB,9,141,100
10,AQF41UVT,9,206,99
10,MRF41HGF,9,208,94
11,PWF41QQL,9,POOL,100
9,HUF41,9,316,45
9,HFF41QG,9,324,45
10,FMFC5,9,115,72
10,HUF41,9,333,45
11,EEFG9H,9,336,97
10,AQF41UVT,9,206,85
11,HFF41HG,9,324,94
10,HUF41,9,316,82
10,AQF41UVT,9,206,76
10,MGF41,9,207,89
11,EEFG9,9,336,86
10,AUFC1TA,9,232,92
9,MQF41QGF,9,106,65
12,PHF41H2,9,147,92
9,HGF81QTD,9,315,85
9,FMFC5,9,215,55
10,FSFC1,9,125,45
11,EEFG9,9,331,86
11,FSFC5,9,113,75
9,PPF41Q2B,9,GYM3,100
9,PPF41Q3B,9,GYM3,97
9,FSFC1,9,123,80
10,EEFG5,9,350,65
11,EEFG9,9,331,55
9,EEFG1QGB,9,246,67
9,SLF41QB,9,229,66
11,EEFGDUQV,9,204,71
9,EEFG5,9,348,65
10,MGF41,9,219,77
10,HFF41H,9,121,96
9,ESFG1HFA,9,146,91
9,MEF82QGD,9,221,79
9,EEFG1QWB,9,126,69
10,PPF41Q2G,9,GYM1,91
10,PPF41Q3G,9,GYM2,99
10,MRF41QQF,9,225,75
11,EEFG9,9,336,75
11,HFF41H,9,121,94
11,SEF41,9,313,45
10,EEFG5H,9,334B,95
9,MEF82QTD,9,221,70
11,MRF41QGF,9,208,65
11,AWF85,9,B7,80
10,HGF81QGD,9,315,70
9,SLF41QTB,9,226,69
11,SEF41,9,313,55
9,HGF82QQD,9,314,86
9,FSFC1,9,125,70
10,MGF41H,9,219,91
10,FJFC1,9,124,67
11,EEFGDUQF,9,330,93
10,MGF41,9,219,81
9,PPF41Q2G,9,GYM1,75
9,PPF41Q3G,9,GYM1,70
9,FSFC1,9,123,77
10,PPF41Q2B,9,GYM3,95
10,UAF41H3,9,235,97
11,MRF41,9,223,75
11,PPF41Q2B,9,GYM3,95
11,UAF85H3,9,235,98
9,HUF41,9,333,45
9,BCF41T,9,247,81
9,PPF41Q2G,9,GYM1,90
11,EEFGDHG,9,347,90
10,SCF41,9,138,86
9,HUF41,9,316,73
11,MKFC5UCT,9,108,79
9,MEF82QGD,9,221,70
11,BCF41T,9,247,92
11,PPF41Q3G,9,GYM1,90
10,PWF41QQL,9,POOL,100
10,HFF41,9,121,81
10,PPF41Q2G,9,GYM2,45
10,UAF41Q3,9,235,65
9,PHF41H3,9,B17,91
9,PPF41Q2G,9,GYM2,100
11,EEFGDUQJ,9,B6,92
12,EEFGDUQV,9,204,93
11,MGF41HGF,9,105,90
10,FSFC5,9,113,75
10,EEFG5,9,348,75
10,PPF41Q2G,9,GYM2,100
10,UAF41H3,9,235,100
9,HGF82HQD,9,314,93
10,EEFGDUQJ,9,B6,91
9,MEF82QGD,9,221,45
10,EEFG5,9,334B,67
10,SCF41,9,139,65
10,EEFG9,9,331,73
11,EEFGDUQV,9,204,70
9,MEF82QTD,9,221,65
11,EEFGDUQV,9,204,96
9,PHF41H3,9,147,90
9,PPF41Q2B,9,GYM3,100
9,FSFC1,9,123,88
11,PPF41Q2B,9,GYM3,90
11,PPF41Q3B,9,GYM3,90
9,HUF41,9,333,78
11,FSFC5,9,113,80
10,PPF41Q3B,9,GYM3,80
10,UAF85H2,9,235,98
9,SHFC1TM,9,149,96
9,SWF41QW,9,328B,88
9,EEFG1QB,9,349,67
10,MQF41QGF,9,106,82
9,ESFG1QFA,9,146,45
9,SLF41QTB,9,231,76
10,MGF41QTF,9,107,74
9,HGF82HGD,9,321,97
9,EEFG1QB,9,349,76
9,FFFC1,9,111,73
10,PPF41Q2B,9,GYM3,95
10,UAF41Q3,9,235,85
10,HUF41,9,316,84
9,FLFC1HHB,9,122,93
9,EEFG1HB,9,349,90
9,EEFG1QHB,9,346,86
11,EEFG9,9,336,73
9,PHF41H3,9,147,95
9,PPF41Q2B,9,GYM3,95
10,HFF41QG,9,324,67
11,SWF41HG,9,338,90
10,EEFG5HG,9,250,92
11,EEFG9,9,331,80
10,MRF41,9,223,86
10,FMFC5,9,215,65
10,BCF41T,9,247,75
10,PPF41Q2G,9,GYM1,85
10,HFF41,9,326,45
10,MGF41,9,219,81
9,AWF81H,9,222,94
11,SPF41,9,238,83
10,FMFC5H,9,115,95
9,HGF82HGD,9,321,91
11,MRF41,9,223,69
11,SWF41HG,9,338,94
9,SCF41HB,9,141,90
9,HGF82QQD,9,213,88
10,PPF41Q3G,9,GYM2,100
10,HFF41,9,326,85
10,FFFC1,9,111,67
ST,PHF41H2,9,B17,92
ST,PPF41Q3B,9,GYM3,90
11,MRF41,9,223,65
12,PPF41Q3B,9,GYM3,100
12,UAF41Q2,9,235,69
10,FMFC5,9,115,71
9,AWF81H,9,222,93
10,HFF41H,9,311,100
11,EEFGDUQJ,9,B6,83
10,PPF41Q2G,9,GYM1,90
10,HFF41,9,326,81
11,SCF41,9,138,83
11,AWF85,9,B7,87
9,AUFC1TA,9,232,75
11,EEFG9,9,331,65
10,FMFC5H,9,115,96
9,SHF81H,9,205,90
9,EEFG5,9,348,65
9,SLF41QGB,9,226,84
12,EEFGDUQF,9,330,87
10,FSFC1,9,125,65
10,PPF41Q3G,9,GYM2,97
10,UAF41H2,9,235,98
9,PHF41Q3,9,B17,45
9,HGF81QQD,9,323,89
10,HUF41,9,333,85
11,PPF41Q2B,9,GYM3,85
11,PPF41Q3B,9,GYM3,90
10,EEFG5,9,350,68
12,EEFGDHG,9,347,90
9,HGF82QQD,9,314,78
10,SHFC1TM,9,149,92
9,EEFG1QWB,9,126,45
11,HFF41,9,326,86
9,FLFC1HHB,9,122,96
10,EEFG5,9,348,65
11,EEFG9,9,331,81
9,EEFG1HHB,9,346,92
9,FSFC1,9,125,65
10,EEFG5,9,348,65
9,PHF41Q3,9,147,77
9,PPF41Q2B,9,GYM3,95
10,FSFC1,9,125,65
9,HUF41QG,9,334A,83
11,EEFGDUQV,9,204,91
10,AQF41UVT,9,206,91
9,AWF81,9,222,79
9,HUF41QG,9,334A,83
9,PHF41H2,9,B17,99
9,PPF41Q3G,9,GYM1,90
9,PHF41Q2,9,147,45
9,PPF41Q3G,9,GYM2,45
11,SDF81UVT,9,332,80
9,EEFG1QHB,9,346,87
10,PPF41Q2B,9,GYM3,100
10,UAF85Q3,9,235,88
10,PPF41Q2B,9,GYM3,100
10,UAF41Q3,9,235,66
9,SHF81H,9,205,90
9,FFFC1,9,111,65
10,HUF41,9,325,80
9,EEFG1QGB,9,249,84
9,SLF41QTB,9,226,65
11,HFF41,9,121,74
10,HFF41QG,9,324,65
11,ULFC5TP,9,B39,65
11,BCF41T,9,247,96
11,PPF41Q2B,9,GYM3,95
9,FSFC1,9,123,77
9,EEFG1QWB,9,126,68
9,FJFC1,9,124,67
11,EEFG9,9,336,78
9,PHF41H2,9,B17,92
9,PPF41Q3G,9,GYM1,91
11,AUFC1TA,9,232,75
9,SCF41HB,9,141,96
10,SCF41,9,139,75
10,HFF41H,9,121,92
10,AUFC1TA,9,232,80
9,FMFC1,9,116,78
10,SHFC1TM,9,149,86
12,EEFGDUQJ,9,B6,81
10,MRF41QQF,9,225,74
10,SWF41QG,9,338,73
10,HFF41H,9,326,96
9,HGF81QQD,9,323,70
11,MRF41QQF,9,225,67
9,PPF41Q2G,9,GYM2,65
9,PPF41Q3G,9,GYM1,80
9,SLF41QTB,9,231,67
10,PPF41Q2G,9,GYM1,85
10,UAF85Q3,9,235,82
10,PPF41Q2G,9,GYM1,85
10,PPF41Q3G,9,GYM2,85
9,AWF81,9,222,55
11,EEFGDQG,9,347,55
10,HUF41H,9,333,93
11,EEFGDUQJ,9,B6,70
9,AWF81,9,222,76
10,MQF41QGF,9,106,70
9,EEFG1HB,9,349,93
10,EEFG5QG,9,250,80
11,SDF81UVT,9,332,65
11,EEFGDUQJ,9,B6,86
9,AUFC1TA,9,232,81
11,FSFC9,9,114,65
9,FFFC1,9,111,55
9,HGF82QTD,9,321,65
12,PPF41Q2B,9,GYM3,85
12,PPF41Q3B,9,GYM3,70
9,EEFG1QB,9,349,82
10,SWF41QG,9,338,78
11,HUF41,9,325,55
9,EEFG1QB,9,349,84
9,HGF82QTD,9,321,65
ST,PHF41Q2,9,B17,65
ST,PPF41Q3B,9,GYM3,90
11,HFF41QG,9,324,87
10,SWF41QT,9,338,66
10,HUF41HG,9,334A,93
11,MKFC5UCT,9,108,93
11,AWF85,9,B7,80
9,HGF82QQD,9,213,88
11,HFF41QG,9,324,67
11,PPF41Q3G,9,GYM1,80
11,UAF41Q2,9,235,88
10,HUF41,9,325,84
10,HFF41,9,121,83
11,SHFC1TM,9,149,86
11,AUFC1TA,9,232,80
9,FSFC1,9,125,80
9,SLF41QGB,9,226,89
10,MGF41,9,207,70
10,HUF41H,9,316,95
12,EEFGDUQV,9,204,45
11,SEF41,9,313,68
10,EEFG5,9,334B,65
11,EEFG9,9,336,69
11,ULFC5TP,9,B39,92
9,PHF41H3,9,B17,93
9,PPF41Q2B,9,GYM3,90
9,HGF82QTD,9,321,85
9,FSFC1,9,125,76
9,FSFC1,9,123,83
9,EEFG1HHB,9,346,95
10,FMFC5,9,115,74
10,EEFG5,9,334B,81
10,MGF41,9,219,68
9,HGF82QQD,9,213,85
9,EEFG1QTB,9,249,45
9,EEFG1QWB,9,126,55
11,EEFG9,9,336,88
9,PPF41Q2B,9,GYM3,90
9,PPF41Q3B,9,GYM3,90
9,EEFG5,9,334B,68
9,EEFG1QB,9,349,81
11,MRF41QTF,9,208,65
9,SLF41QTB,9,226,65
10,PHF41H3,9,B17,97
10,PPF41Q2G,9,GYM2,97
9,EEFG5,9,348,70
10,AWF81,9,222,45
11,MGF41QTF,9,105,55
10,EEFG5,9,350,84
9,HGF82QQD,9,314,78
10,MGF41QGF,9,105,83
9,HGF82QQD,9,213,89
10,FMFC5H,9,215,94
9,MGF41QGF,9,105,55
9,EEFGDQT,9,347,45
9,EEFG1QB,9,349,75
9,HGF81QTD,9,315,85
9,SHFC1TM,9,149,89
10,HFF41,9,121,65
10,EEFG5,9,348,65
10,SCF41,9,139,76
9,EEFG5,9,350,75
9,FSFC1,9,125,72
9,SLF41QB,9,341,76
10,FSFC9,9,114,65
9,FLFC1HHB,9,122,98
10,EEFG5,9,334B,76
10,MRF41HGF,9,208,95
10,HFF41H,9,311,97
11,MQF41HGF,9,106,90
11,MGF41,9,207,72
9,SLF41HB,9,341,91
10,SWF41QT,9,338,80
9,FLFC1HHB,9,122,99
10,MGF41QTF,9,107,65
11,MGF41,9,214,75
9,EEFG1QTB,9,246,85
10,FSFC9H,9,114,90
9,AWF81,9,222,45
11,EEFG9,9,336,83
11,MRF41QGF,9,208,70
11,FSFC9H,9,114,97
10,EEFG5,9,348,65
10,FMFC5,9,115,78
9,EEFG1QGB,9,249,76
9,HGF82QQD,9,213,87
10,EEFG5,9,350,88
9,HFF41H,9,311,96
9,SLF41QB,9,229,81
12,EEFGDQT,9,347,81
11,EEFGDUQJ,9,B6,65
9,FLFC1QHB,9,122,80
9,AWF81,9,222,45
9,FFFC1,9,111,82
9,HFF41,9,326,45
10,PPF41Q2G,9,GYM1,90
11,SHF81,9,205,86
11,FSFC9,9,114,72
11,PPF41Q2B,9,GYM3,90
11,PPF41Q3B,9,GYM3,75
9,HGF82QQD,9,314,72
10,HUF41,9,333,80
9,SLF41QGB,9,226,82
10,PPF41Q2B,9,GYM3,90
10,PPF41Q3B,9,GYM3,98
11,HFF41,9,121,73
9,HGF82QQD,9,314,78
9,HFF41QT,9,324,45
11,ULFC5TP,9,B39,95
9,FMFC1,9,116,69
9,AWF81,9,222,81
12,EEFGDUQV,9,204,91
11,EEFGDQT,9,347,88
10,EEFG5H,9,350,90
10,EEFG5,9,348,65
9,SCF41QB,9,141,83
10,BCF41T,9,247,88
10,PPF41Q3B,9,GYM3,90
9,EEFG1QHB,9,346,75
10,MGF41QTF,9,105,80
11,SDF81UVT,9,332,88
10,SWF41QW,9,328B,80
11,SWF41QG,9,338,89
9,HGF82HQD,9,213,91
9,SLF41HB,9,341,95
9,FSFC1,9,125,66
12,SPF41H,9,238,97
9,HGF82QQD,9,213,85
11,BCF41T,9,247,94
11,PPF41Q2B,9,GYM3,97
9,PHF41Q2,9,147,78
9,PPF41Q3B,9,GYM3,95
9,HGF82HQD,9,213,91
11,SPF41,9,238,85
12,EEFGDUQJ,9,B6,90
12,SQF41QQY,9,233,100
10,MRF41H,9,223,92
9,FFFC1,9,111,55
10,SCF41,9,138,85
11,HUF41,9,325,82
10,MRF41QGF,9,208,88
9,HGF81HWD,9,329B,90
9,PHF41H3,9,147,90
9,PPF41Q2G,9,GYM2,100
10,PPF41Q2B,9,GYM3,95
10,PPF41Q3B,9,GYM3,85
9,EEFG1QGB,9,249,55
9,PHF41Q2,9,B17,65
9,PPF41Q3G,9,GYM2,84
10,SCF41,9,139,72
10,EEFG5QG,9,250,84
10,SCF41H,9,138,96
10,SDF81UVT,9,332,98
11,EEFGDUQJ,9,B6,88
10,HUF41QG,9,334A,85
12,EEFG9,9,336,45
9,HGF81HQD,9,323,93
10,AQF41UVT,9,206,89
9,EEFG1HHB,9,346,97
10,MGF41,9,219,88
10,HUF41H,9,333,90
11,BCF41T,9,247,91
11,PPF41Q3G,9,GYM1,85
10,HFF41,9,326,85
10,PPF41Q2G,9,GYM2,100
10,UAF41H3,9,235,98
10,EEFG5,9,334B,76
9,HGF81QQD,9,323,72
9,SLF41QB,9,229,70
9,PHF41Q2,9,B17,86
9,PPF41Q3G,9,GYM2,96
10,PPF41Q3B,9,GYM3,94
10,UAF41Q2,9,235,88
9,MGF41QGF,9,107,70
9,FMFC1,9,116,55
10,UAF41H3,9,235,98
10,HUF41,9,316,78
10,EEFG5HG,9,250,90
11,HGF81QWD,9,329B,65
10,FSFC1,9,123,69
10,MKF41H,9,322,94
10,BCF41T,9,247,91
11,PPF41Q2G,9,GYM1,85
11,PPF41Q3G,9,GYM1,90
11,EEFGDUQF,9,330,45
9,HGF82QQD,9,213,89
11,PWF41QQL,9,POOL,100
10,MRF41,9,223,86
11,MGF41QGF,9,107,86
11,SEF41,9,313,77
10,AQF41UVT,9,206,86
9,SLF41QB,9,229,77
10,BCF41T,9,247,92
10,PPF41Q2B,9,GYM3,100
9,SLF41QB,9,229,81
9,SLF41QTB,9,231,77
9,HGF81QGD,9,315,70
9,EEFGDUQV,9,204,45
11,HFF41,9,326,82
10,EEFG5H,9,350,91
11,PPF41Q2G,9,GYM1,80
11,PPF41Q3G,9,GYM1,85
10,SHFC1TM,9,149,92
11,FSFC5H,9,113,90
11,MGF41,9,214,72
12,FJFC1H,9,124,98
10,FMFC5,9,215,78
10,SCF41,9,139,72
9,HGF82HQD,9,213,96
10,ULFC5TP,9,B39,73
9,MRF41QQF,9,225,70
11,SEF41,9,313,72
9,EEFG1HHB,9,346,96
9,PHF41Q2,9,147,87
9,PPF41Q3B,9,GYM3,95
9,SLF41QB,9,341,70
11,MRF41QQF,9,225,86
9,PHF41Q2,9,B17,87
9,PPF41Q3B,9,GYM3,94
10,ESFG1QFA,9,146,45
12,BCF41T,9,247,91
9,FSFC5,9,113,80
10,FMFC5H,9,215,100
10,PPF41Q2G,9,GYM1,95
10,PPF41Q3G,9,GYM1,95
9,HUF41,9,325,45
10,FSFC5,9,113,75
11,EEFGDUQF,9,330,45
9,SLF41HTB,9,226,92
12,PPF41Q3B,9,GYM3,75
12,UAF41Q2,9,235,65
10,EEFG5H,9,350,90
11,EEFGDHG,9,347,94
10,PPF41Q2B,9,GYM3,95
10,PPF41Q3B,9,GYM3,90
11,AWF85H,9,B7,94
10,EEFG5QG,9,250,45
9,MEF82QTD,9,221,45
10,FSFC1,9,123,79
10,MRF41HQF,9,225,95
9,FSFC1,9,125,65
9,HGF82HQD,9,213,90
10,UAF41Q3,9,235,75
11,MQF41QGF,9,106,65
9,HGF82QQD,9,314,77
11,MGF41QGF,9,107,80
11,SDF81UVT,9,332,65
11,HFF41QT,9,324,55
10,HUF41H,9,333,91
10,FSFC5,9,113,75
9,PHF41H3,9,B17,92
9,PPF41Q2G,9,GYM2,94
10,FSFC9,9,114,75
10,FMFC5,9,115,72
9,EEFG1HHB,9,346,94
10,HUF41,9,316,45
9,SWF41QG,9,338,75
10,EEFG5,9,334B,75
11,PPF41Q2G,9,GYM1,85
11,PPF41Q3G,9,GYM1,85
11,AWF85,9,B7,68
11,AWF85H,9,B7,93
11,EEFG9,9,336,67
9,PHF41H2,9,B17,92
9,PPF41Q3G,9,GYM2,88
11,PPF41Q3G,9,GYM1,98
11,UAF85Q2,9,235,88
9,SLF41HB,9,229,93
10,MGF41H,9,219,96
12,SDF81UVT,9,332,77
10,MRF41QQF,9,225,87
10,SCF41,9,139,85
10,FSFC9,9,114,83
10,BCF41T,9,247,88
10,PPF41Q2G,9,GYM1,95
9,AWF81H,9,222,90
9,HGF82QTD,9,321,78
11,EEFGDUQV,9,204,82
10,SEF41,9,313,80
11,MKFC5UCT,9,108,89
11,EEFG9,9,336,45
10,FLFC1QHB,9,122,45
10,EEFG5,9,348,70
10,HUF41,9,325,87
9,SLF41QTB,9,231,88
9,EEFG1QB,9,349,82
9,PHF41Q2,9,B17,45
9,PPF41Q3G,9,GYM1,65
11,MRF41QGF,9,208,80
10,MGF41,9,219,89
10,SWF41QW,9,328B,71
10,HUF41H,9,333,91
10,PPF41Q2G,9,GYM2,100
10,PPF41Q3G,9,GYM2,100
10,MGF41,9,207,88
9,AWF81H,9,222,98
11,BCF41T,9,247,72
11,UAF85Q3,9,235,88
11,BCF41T,9,247,95
11,UAF41H3,9,235,97
9,EEFG1QHB,9,346,83
9,SLF41HGB,9,231,92
11,EEFG9,9,336,83
11,AUFC1TA,9,232,94
11,FSFC9H,9,114,90
11,SDF81UVT,9,332,55
9,EEFG1QGB,9,246,80
10,FSFC5,9,113,55
11,MRF41QQF,9,225,72
11,SEF41H,9,313,90
9,EEFG1HHB,9,346,92
11,FSFC5,9,113,75
9,EEFG1HGB,9,246,90
9,MQF41QGF,9,106,55
10,HFF41H,9,311,97
10,MGF41H,9,214,90
10,SEF41,9,313,65
10,HUF41H,9,325,90
9,PHF41Q2,9,147,67
9,PPF41Q3B,9,GYM3,92
10,PPF41Q3G,9,GYM1,87
10,EEFG5,9,334B,65
9,EEFG1QGB,9,249,76
9,EEFG1HGB,9,249,91
10,MQF41QTF,9,106,65
9,FLFC1HHB,9,122,91
10,HUF41HG,9,334A,94
12,PPF41Q2B,9,GYM3,70
12,PPF41Q3B,9,GYM3,65
9,MEF82QGD,9,221,45
9,SLF41QTB,9,226,78
10,HUF41HG,9,334A,91
11,PPF41Q3B,9,GYM3,65
11,UAF85Q2,9,235,45
9,SHF81H,9,205,90
9,SLF41QB,9,229,78
9,EEFG5,9,334B,75
9,MEF82QTD,9,221,65
11,MRF41QQF,9,225,72
9,AWF81,9,222,86
11,SPF41,9,238,79
10,FSFC5,9,113,85
9,EEFG5QT,9,250,69
11,SWF41HG,9,338,92
12,FFFC1,9,111,88
10,FSFC5H,9,113,97
10,HFF41H,9,311,90
10,PQF41Q2Y,9,251,100
10,PQF41Q3Y,9,251,100
9,EEFG1QGB,9,249,71
10,AQF41UVT,9,206,76
9,SLF41QGB,9,231,86
10,FMFC5H,9,215,100
10,SCF41,9,138,83
10,HFF41QG,9,324,55
10,EEFG5,9,334B,81
11,MKFC5UCT,9,108,90
9,HGF82HQD,9,314,90
9,HGF82QQD,9,314,85
9,FMFC5,9,215,65
10,PWF41QQL,9,POOL,100
10,MGF41,9,219,65
11,EEFGDUQJ,9,B6,88
9,FLFC1HHB,9,122,100
9,HGF81QTD,9,315,65
10,MRF41H,9,223,90
9,PHF41H3,9,147,100
9,PPF41Q2G,9,GYM2,95
9,FLFC1HHB,9,122,93
9,PHF41H3,9,B17,92
9,PPF41Q2B,9,GYM3,100
9,EEFG1HHB,9,346,94
10,EEFG5,9,350,83
11,PWF41QQL,9,POOL,100
11,SPF41,9,238,84
9,EEFG1QTB,9,249,85
9,EEFG1QTB,9,249,82
10,HFF41H,9,121,95
9,SCF41HB,9,141,92
11,BCF41T,9,247,81
11,PPF41Q3G,9,GYM2,97
9,SHFC1TM,9,149,91
10,EEFG5,9,348,80
9,HUF41,9,316,77
11,SHF81,9,205,89
12,HFF41,9,121,80
9,MEF82QGD,9,221,45
10,MGF41,9,207,75
10,BCF41T,9,247,85
10,PPF41Q3B,9,GYM3,85
10,HFF41H,9,326,94
11,MRF41QGF,9,208,83
9,FSFC1,9,123,55
11,PPF41Q3G,9,GYM2,74
11,UAF41Q2,9,235,74
9,EEFG1QB,9,349,80
10,HUF41,9,325,82
9,PHF41Q2,9,B17,86
9,PPF41Q3G,9,GYM1,82
9,HGF81QWD,9,329B,79
9,HUF41QT,9,334A,88
10,HUF41H,9,333,91
11,MQF41QTF,9,106,83
10,EEFG5,9,334B,80
10,PPF41Q2G,9,GYM2,94
11,SDF81UVT,9,332,87
12,PQF41Q2Y,9,251,100
12,PQF41Q3Y,9,251,100
9,PPF41Q2B,9,GYM3,94
9,PPF41Q3B,9,GYM3,90
9,EEFG1QTB,9,246,70
10,FSFC9H,9,114,93
11,AWF85,9,B7,71
11,AWF85,9,B7,86
11,PPF41Q2G,9,GYM1,91
11,UAF85H3,9,235,98
9,HGF81QQD,9,323,77
9,FFFC1,9,111,79
11,MQF41QTF,9,106,89
11,SEF41,9,313,87
10,EEFG5,9,350,88
10,MRF41QQF,9,225,71
11,HFF41H,9,311,94
9,EEFG1QTB,9,249,82
9,MKF41H,9,322,96
9,ESFG1QFA,9,146,65
10,EEFGDUQF,9,330,87
9,HGF81QWD,9,329B,73
9,EEFG1QGB,9,246,55
11,ULFC5TP,9,B39,92
10,PHF41Q3,9,147,45
10,PPF41Q2B,9,GYM3,65
9,EEFGDUQJ,9,B6,82
9,MEF82QGD,9,221,55
9,PPF41Q2G,9,GYM2,94
9,UAF85Q3,9,235,69
11,ULFC5TP,9,B39,97
10,EEFGDQG,9,347,45
9,FSFC1,9,125,78
11,MGF41,9,207,69
11,BCF41T,9,247,92
11,PPF41Q3G,9,GYM1,87
9,PHF41H3,9,B17,99
9,PPF41Q2B,9,GYM3,90
11,HFF41QT,9,324,45
10,MGF41H,9,219,90
11,PPF41Q2B,9,GYM3,90
11,PPF41Q3B,9,GYM3,90
11,SPF41,9,238,81
10,HUF41,9,316,69
9,SLF41QB,9,341,86
11,MQF41HTF,9,106,92
11,MKF41QQY,9,319,100
10,SPF41,9,238,78
10,EEFG5,9,334B,66
9,FSFC1,9,123,88
ST,FSFC1,9,125,87
11,MRF41QQF,9,225,67
9,PPF41Q2B,9,GYM3,85
9,UAF41Q3,9,235,45
9,EEFG9,9,336,45
11,EEFGDQG,9,347,87
9,HGF82HQD,9,314,93
11,ULFC5TP,9,B39,91
10,SCF41,9,139,84
9,HGF82QQD,9,213,80
9,EEFGDUQF,9,330,45
10,MGF41,9,207,85
11,HFF41QG,9,324,73
11,MRF41,9,223,82
11,EEFGDUQJ,9,B6,80
11,EEFG9H,9,336,90
10,SWF41HG,9,338,99
11,SPF41H,9,238,90
10,EEFG5,9,334B,65
10,SEF41,9,313,75
10,FMFC5H,9,215,99
9,SLF41QTB,9,226,88
11,EEFG9,9,336,76
9,FLFC1HHB,9,122,100
11,SPF41,9,238,83
11,EEFG9,9,331,73
9,SLF41QGB,9,226,55
9,SCF41QB,9,141,72
10,HUF41,9,333,87
9,PHF41Q3,9,147,78
9,PPF41Q2B,9,GYM3,97
11,MKFC5UCT,9,108,93
11,HFF41,9,311,80
10,MRF41QQF,9,225,82
10,AUFC1TA,9,232,95
9,ESFG1QFA,9,146,79
9,MKF41H,9,322,90
11,EEFG9,9,331,87
9,FMFC1H,9,116,92
9,HGF81QQD,9,323,65
9,HGF81QGD,9,315,75
11,EEFGDUQF,9,330,91
9,FSFC1,9,125,45
10,PPF41Q2G,9,GYM1,75
10,PPF41Q3G,9,GYM1,75
11,EEFG9,9,336,80
9,HGF82QGD,9,321,82
9,SLF41QB,9,229,68
10,HUF41,9,325,81
12,PPF41Q2B,9,GYM3,90
12,PPF41Q3B,9,GYM3,100
11,PPF41Q2G,9,GYM1,90
11,UAF85H3,9,235,91
10,HUF41HG,9,334A,90
11,EEFG9,9,331,82
12,EEFGDUQV,9,204,90
12,EEFGDQT,9,347,87
9,HGF81HGD,9,315,96
10,PWF41QQL,9,POOL,100
ST,PHF41H2,9,B17,99
ST,PPF41Q3G,9,GYM2,88
10,HFF41,9,121,86
9,PHF41Q3,9,147,77
10,EEFG5,9,348,70
11,MKFC5UCT,9,108,70
9,MGF41,9,214,80
11,MRF41QQF,9,225,77
9,SLF41QTB,9,226,75
11,PPF41Q2G,9,GYM2,94
11,PPF41Q3G,9,GYM2,96
10,MGF41QGF,9,107,67
10,EEFG5,9,350,80
11,MQF41QTF,9,106,85
10,SEF41,9,313,72
11,EEFGDUQV,9,204,91
11,MKFC5UCT,9,108,65
11,FSFC5H,9,113,90
10,SCF41,9,138,81
11,EEFGDUQJ,9,B6,83
9,HFF41H,9,121,95
10,EEFG5,9,334B,65
9,FLFC1HHB,9,122,91
9,PPF41Q2B,9,GYM3,97
9,UAF41Q3,9,235,80
11,HFF41HG,9,324,94
11,PPF41Q3G,9,GYM1,90
11,UAF41H2,9,235,98
10,PPF41Q3G,9,GYM2,97
10,UAF85H2,9,235,92
9,SCF41QB,9,141,70
9,HFF41QT,9,324,65
9,PHF41H3,9,147,93
9,PPF41Q2G,9,GYM1,93
9,HFF41QT,9,324,45
11,AWF85,9,B7,75
10,HFF41HG,9,324,90
11,FMFC5H,9,115,98
10,SPF41,9,238,81
9,MKF41H,9,322,94
10,AQF41UVT,9,206,82
10,FMFC5H,9,115,99
10,EEFG5H,9,350,92
10,MGF41H,9,214,90
11,EEFGDUQF,9,330,89
9,HGF82QQD,9,314,86
11,MGF41QTF,9,107,66
10,MGF41H,9,214,96
9,MGF41,9,207,65
11,FQF41QQY,9,216B,100
9,HUF41QT,9,334A,75
11,HFF41QT,9,324,75
11,PPF41Q3B,9,GYM3,100
11,UAF85H2,9,235,98
10,PPF41Q2G,9,GYM2,100
10,UAF85H3,9,235,97
11,FMFC5H,9,215,100
11,ULFC5TP,9,B39,93
11,PHF41H2,9,B17,99
11,PPF41Q3G,9,GYM2,97
9,FMFC1,9,116,85
10,FMFC5H,9,115,97
9,SHF81H,9,205,96
9,MKF41,9,322,70
10,MGF41,9,214,86
10,FMFC5H,9,115,96
11,ULFC5TP,9,B39,98
11,MKFC5UCT,9,108,90
11,ULFC5TP,9,B39,79
10,EEFG5QG,9,250,86
11,FMFC5H,9,215,99
9,FMFC1H,9,116,99
10,MGF41QGF,9,107,76
11,MKFC5UCT,9,108,92
10,BCF41T,9,247,78
10,UAF85Q3,9,235,71
9,SHF81H,9,205,97
11,EEFG9,9,336,84
9,PHF41H3,9,147,96
9,PPF41Q2G,9,GYM2,100
10,AUFC1TA,9,232,88
11,EEFGDHG,9,347,92
12,FQF41QQY,9,216B,100
10,MGF41,9,219,81
10,HFF41,9,121,70
11,MKF41,9,322,45
11,EEFG9,9,331,70
9,MKF41H,9,322,97
10,HFF41,9,326,78
9,SLF41QB,9,229,81
11,SDF81UVT,9,332,96
11,SPF41,9,238,85
10,SWF41HG,9,338,91
12,MQF41QQY,9,204A,100
10,MRF41,9,223,86
9,FMFC1,9,116,80
9,SLF41QB,9,341,83
11,EEFG9,9,331,68
10,SWF41QG,9,338,89
9,HGF82QQD,9,213,86
9,HGF81QQD,9,323,88
9,EEFG1HB,9,349,90
11,MRF41H,9,223,90
10,PPF41Q2G,9,GYM2,100
10,PPF41Q3G,9,GYM1,88
10,SWF41QG,9,338,88
9,PHF41H2,9,147,93
9,PPF41Q3G,9,GYM2,97
10,HUF41,9,325,73
9,HGF82HGD,9,321,91
11,EEFGDUQJ,9,B6,80
10,SCF41,9,139,86
11,HFF41,9,326,86
10,HUF41,9,316,76
11,BCF41T,9,247,89
10,PPF41Q2G,9,GYM1,80
10,PPF41Q3G,9,GYM1,92
11,PHF41H2,9,B17,94
11,PPF41Q3G,9,GYM2,100
9,FJFC1H,9,124,97
10,PPF41Q2G,9,GYM2,97
10,UAF85H3,9,235,91
11,SEF41,9,313,73
9,HUF41QT,9,334A,55
10,MRF41QQF,9,225,83
10,PPF41Q3G,9,GYM1,95
10,UAF85H2,9,235,98
11,SCF41,9,139,83
12,EEFGDUQF,9,330,87
10,PPF41Q3G,9,GYM2,100
10,UAF85Q2,9,235,80
9,EEFG1QGB,9,246,67
10,MRF41HGF,9,208,90
9,FMFC5,9,215,55
10,SEF41,9,313,84
11,BCF41T,9,247,89
11,PPF41Q2G,9,GYM1,86
9,AWF81H,9,222,93
11,FMFC5H,9,115,100
11,HFF41,9,326,84
11,MGF41H,9,207,95
10,MRF41QGF,9,208,75
10,SCF41,9,139,86
11,MRF41HTF,9,208,95
10,SCF41H,9,139,95
9,SHFC1TM,9,149,97
10,HFF41QG,9,324,83
9,SHFC1TM,9,149,91
10,FMFC5,9,215,82
10,AUFC1TA,9,232,78
10,AQF41UVT,9,206,90
11,MRF41,9,223,83
9,PHF41H3,9,B17,98
9,PPF41Q2G,9,GYM2,100
10,SCF41,9,139,65
10,SCF41H,9,139,91
10,MGF41,9,214,89
10,AWF81H,9,222,92
10,FMFC5H,9,115,99
10,PHF41Q2,9,147,65
10,PPF41Q3B,9,GYM3,80
9,ESFG1QFA,9,146,79
9,SHF81H,9,205,91
10,FMFC1H,9,116,90
9,SHFC1TM,9,149,95
10,MGF41HGF,9,107,95
10,FSFC9H,9,114,93
9,HGF82QQD,9,213,88
11,FMFC5H,9,115,96
11,EEFGDUQV,9,204,94
10,HGF81QQD,9,323,80
11,MKFC5UCT,9,108,86
12,MRF41QQF,9,225,83
9,HGF82QQD,9,314,88
11,SPF41,9,238,85
10,MRF41,9,223,67
10,EEFG5H,9,350,94
9,SCF41HB,9,141,97
10,EEFG5,9,348,85
10,HUF41HG,9,334A,94
10,SPF41,9,238,80
9,HGF82HQD,9,314,91
11,FMFC5H,9,115,99
9,EEFG1HGB,9,246,91
10,AQF41UVT,9,206,94
9,PHF41Q2,9,B17,89
9,PPF41Q3G,9,GYM1,80
10,SCF41,9,139,45
11,EEFG9,9,336,86
9,FMFC1H,9,116,94
10,MGF41,9,214,80
10,FMFC5H,9,215,98
9,PHF41Q3,9,B17,78
9,PPF41Q2B,9,GYM3,95
9,HGF82HQD,9,314,90
10,AQF41UVT,9,206,97
9,SLF41HGB,9,226,92
10,MRF41,9,223,73
9,MEF82QGD,9,221,80
9,FMFC1,10,115,88
9,HGF82HQD,10,323,90
9,MKF41H,10,322,98
10,UAF41Q3,10,235,73
9,EEFG5,10,330,77
9,ESFG1HFB,10,146,91
11,PPF41Q2B,10,GYM3,95
9,MGF41QWF,10,105,55
9,FSFC1,10,123,65
10,FSFC1,10,123,55
9,EEF85QF,10,348,87
9,SLF41HB,10,341,93
9,SCF41HB,10,141,90
10,PPF41Q3B,10,GYM3,65
10,HQFC1TH,10,326,79
10,HUF41QG,10,334A,80
9,MEF41,10,104,65
9,AWF81,10,222,71
9,MGF41H,10,219,92
9,HGF82QQD,10,323,88
11,HQFC1TH,10,326,72
9,SLF41QGB,10,231,55
9,PPF41Q2B,10,GYM1,45
11,FFFC9,10,111,73
10,EEFG5,10,346,88
11,EEFG9,10,347,72
9,FKFC1,10,124,80
9,EEFG9,10,347,45
9,MEF41,10,104,45
9,FKFC1,10,124,65
10,EEFG5QH,10,331,78
9,SCF41QB,10,141,77
11,PPF41Q2B,10,GYM3,80
11,PPF41Q3B,10,GYM3,70
10,FSFC1H,10,123,90
11,MRF41QQF,10,225,76
10,EEFG5QH,10,331,86
9,SLF41HB,10,341,90
9,FSFC1,10,125,65
9,EEFG5QT,10,250,65
11,MRF41QTF,10,208,73
9,EEFG1QB,10,349,88
9,FSFC1H,10,123,94
11,PPF41Q3G,10,GYM2,90
11,UAF85Q2,10,235,81
11,FFFC5,10,111,87
9,HGF82QGD,10,315,85
9,FSFC1,10,125,81
11,HQFC1TH,10,326,82
9,EEFG1QTB,10,246,80
9,MGF41,10,219,72
9,PPF41Q3B,10,GYM1,85
9,UAF41Q2,10,235,74
11,FSFC9H,10,114,97
9,EEFGDQF,10,126,80
9,SLF41QGB,10,231,77
9,SLF85QG,10,332,70
11,MRF41QQF,10,225,73
11,EEFG9,10,347,83
9,FLFC1HHB,10,122,95
9,HGF82HQD,10,323,91
10,SCF41,10,139,65
9,HGF82QGD,10,315,85
10,EEFG5QH,10,331,78
11,EEFG9QGR,10,350,65
9,EEFG1QGB,10,246,72
9,PPF41Q2B,10,GYM1,75
9,EEFG1QB,10,349,71
9,HGF82HGD,10,315,90
9,EEFG1HTB,10,246,90
12,MRF41HTF,10,208,92
9,SLF41QTB,10,231,67
10,HUF41H,10,324,91
9,FSFC1,10,123,88
10,FSFC9,10,114,65
10,MRF41HQF,10,225,90
9,EEFG1QB,10,334B,65
10,PPF41Q3B,10,GYM1,70
10,FFFC9,10,111,89
9,AWF81H,10,222,99
10,MGF41HQF,10,211,90
11,EEFG9QTR,10,350,70
10,MRF41QQF,10,225,79
11,PPF41Q2G,10,GYM2,95
11,PPF41Q3G,10,GYM2,90
10,FFFC5H,10,111,92
10,FSFC9,10,114,88
9,EEFG1QTB,10,246,70
9,EEFGDQF,10,126,89
11,PPF41Q2B,10,GYM1,65
11,PPF41Q3B,10,GYM3,70
9,MKF41,10,322,88
10,EEFG5H,10,330,92
9,MEF41HG,10,205,96
9,SLF41QGB,10,231,55
11,AUFC5UAT,10,232,83
9,MEF41QG,10,205,85
9,AWF81,10,222,65
11,EEFG9,10,347,78
9,SEF41,10,313,55
10,SEF41,10,313,81
10,HUF41HG,10,334A,91
9,EEFG1QB,10,349,71
9,HUF41HG,10,334A,90
12,MRF41QTF,10,208,80
9,SLF85QG,10,332,83
9,FKFC1,10,124,70
11,FFFC5,10,111,81
9,MGF41,10,219,86
9,MGF41,10,207,73
9,FSFC1,10,123,72
10,PPF41Q2B,10,GYM3,90
9,HGF82QGD,10,315,80
10,MGF41,10,207,66
9,SLF85QG,10,332,81
9,SLF85QG,10,332,45
9,SLF41QB,10,341,86
9,AWF81,10,222,68
11,PPF41Q2G,10,GYM2,95
10,HUF41QT,10,334A,75
9,PPF41Q2G,10,GYM2,90
9,AWF81,10,222,69
9,EEFG1QB,10,349,68
9,EEFG1QB,10,334B,66
9,HGF82QQD,10,323,80
9,AWF81,10,222,66
11,HQFC5TH,10,311,100
9,MEF41,10,104,73
10,EEFG5,10,346,80
10,MGF41QQF,10,211,85
9,HGF82QWD,10,329B,65
10,EEFG5,10,346,55
10,HQFC1TH,10,326,86
9,SDF41H,10,247,96
9,MEF41,10,104,55
9,FSFC1,10,125,65
10,SCF41,10,139,72
10,AUFC5UAT,10,232,80
11,AUFC5UAT,10,232,80
9,PPF41Q2G,10,GYM2,95
11,EEFG9QTR,10,350,82
10,MGF41,10,219,80
9,MKF41,10,322,82
10,MGF41QQF,10,211,72
10,SCF41H,10,139,92
9,EEFG5,10,346,83
9,HGF82HQD,10,323,91
9,HGF82HGD,10,315,95
10,MGF41QQF,10,211,55
11,MRF41QGF,10,208,70
11,PPF41Q3G,10,GYM2,80
9,MGF41,10,219,65
9,MEF41,10,104,67
9,EEFG1HB,10,349,92
9,MKF41,10,322,84
9,EEFG9,10,347,55
9,SLF41QGB,10,231,74
9,HGF82QTD,10,315,75
9,MEF41H,10,203,90
9,FKFC1,10,124,82
10,SWF41QW,10,328B,83
9,MEF41QT,10,205,65
9,FFFC5,10,111,45
9,MGF41QQF,10,211,55
9,FKFC1,10,124,79
9,AWF81,10,222,70
9,FMFC1H,10,115,92
9,EEFG9,10,347,45
10,EEFG5,10,330,79
9,EEFGDQF,10,126,65
10,EEFG5QT,10,250,65
10,MGF41QQF,10,211,80
9,MEF41QG,10,205,70
11,PPF41Q2B,10,GYM3,98
11,PPF41Q3B,10,GYM3,95
9,PPF41Q2B,10,GYM3,90
9,HGF82QWD,10,329B,71
9,SDF41H,10,247,90
9,SKF41QW,10,229,88
9,SLF41QB,10,341,89
9,SEF41,10,313,78
12,PPF41Q3B,10,GYM3,85
10,PPF41Q2B,10,GYM1,65
10,UAF41Q3,10,235,45
9,SLF85QT,10,332,72
9,EEFG5QT,10,250,78
9,SDF41H,10,247,91
10,EEFG5QH,10,331,80
9,PPF41Q2B,10,GYM3,90
9,PPF41Q3B,10,GYM3,90
9,PPF41Q2B,10,GYM3,95
9,EEFG5,10,330,45
10,FFFC5,10,111,77
10,PPF41Q2B,10,GYM1,80
10,PPF41Q3B,10,GYM3,90
11,UAF41Q2,10,235,72
9,SLF41,10,338,81
9,SLF41,10,338,65
10,MGF41QQF,10,211,68
10,EEFG5,10,346,45
9,EEFG1QB,10,334B,70
11,HQFC5TH,10,311,97
9,EEFG1QTB,10,246,83
9,SLF41HB,10,341,92
9,PPF41Q2B,10,GYM1,45
9,EEFG5,10,346,45
11,SEF41,10,313,75
9,HGF82QTD,10,315,80
9,SEF41,10,313,45
9,FSFC5,10,113,70
9,FSFC1,10,125,70
10,PPF41Q3B,10,GYM1,85
9,MEF41,10,104,72
9,HGF82QWD,10,329B,75
10,UAF41Q2,10,235,45
10,ESFG1QFW,10,146,55
9,HGF82QWD,10,329B,85
11,MRF41QTF,10,208,77
9,FSFC1H,10,123,97
9,MEF41QG,10,205,55
9,MGF41,10,207,79
9,EEFG1QB,10,334B,65
9,EEFG1QTB,10,246,73
9,EEFG9QGR,10,350,75
10,EEFG5,10,346,45
11,PPF41Q3G,10,GYM2,100
10,HUF41,10,314,82
9,PPF41Q2B,10,GYM3,95
9,PPF41Q3B,10,GYM1,80
9,AWF81,10,222,70
11,PPF41Q3B,10,GYM1,65
11,UAF41Q2,10,235,76
11,HQFC5TH,10,311,100
9,SLF41QB,10,341,87
11,EEFG9QGR,10,350,75
9,FLFC1HHB,10,122,99
9,HGF82QGD,10,315,85
9,EEFGDHFW,10,126,92
10,HUF41,10,324,70
10,PPF41Q2B,10,GYM3,90
10,PPF41Q3B,10,GYM3,70
11,SEF41,10,313,82
10,HUF41H,10,324,94
10,EEFG5H,10,330,91
10,MRF41HQF,10,225,96
9,SLF41HB,10,341,91
10,FSFC1,10,125,72
11,HQFC5TH,10,311,84
10,PPF41Q3B,10,GYM1,85
9,AWF81,10,222,70
11,EEFG9,10,347,68
9,HGF82HQD,10,323,97
9,MGF41QWF,10,105,55
11,FFFC5,10,111,70
10,HUF41QT,10,334A,88
10,PPF41Q2B,10,GYM3,90
10,UAF41H3,10,235,94
9,EEFG1QB,10,349,85
9,AWF81,10,222,80
11,SCF41,10,139,65
11,FMFC5H,10,215,90
11,EEFG9,10,347,78
10,HQFC1TH,10,326,93
10,HQFC1TH,10,326,91
9,ESFG1QFW,10,146,74
9,FMFC1H,10,115,93
10,SWF41HW,10,328B,96
10,PPF41Q2B,10,GYM1,55
9,EEFG1QB,10,334B,67
10,HUF41QG,10,334A,88
9,MGF41,10,207,78
11,SDF41H,10,247,96
10,SEF41H,10,313,92
9,MEF41HG,10,205,96
10,PPF41Q3B,10,GYM3,98
9,AWF81,10,222,82
9,FLFC1HHB,10,122,91
10,HUF41QG,10,334A,87
9,EEFG1QB,10,334B,85
10,MRF41HGF,10,208,97
11,MRF41QQF,10,225,84
9,SDF41H,10,247,96
10,MGF41H,10,207,92
10,HUF41,10,314,80
10,HUF41,10,314,86
9,SLF85QG,10,332,77
11,EEF85HF,10,348,96
9,MGF41H,10,219,93
9,SDF41H,10,247,90
11,EEFG9,10,347,88
9,EEFGDQF,10,126,86
9,FLFC1HHB,10,122,99
9,HGF82QQD,10,323,82
9,EEF85HF,10,348,92
10,FSFC9H,10,114,90
11,PPF41Q2B,10,GYM1,95
11,PPF41Q3B,10,GYM3,95
10,MGF41QQF,10,211,65
11,FMFC5H,10,215,97
9,MEF41,10,203,67
9,SLF41HGB,10,231,90
10,EEFG5QH,10,331,85
9,MGF41H,10,207,99
9,HUF41QG,10,334A,65
9,FKFC1,10,124,88
10,SHFC3TM,10,248,98
9,SDF41H,10,247,92
11,FMFC5H,10,215,93
9,SLF41QGB,10,231,55
9,FKFC1H,10,124,95
9,SLF41H,10,338,90
10,HUF41H,10,324,92
9,SDF41H,10,247,97
9,EEFG1HB,10,349,90
10,PPF41Q2B,10,GYM1,85
10,PPF41Q3B,10,GYM3,90
11,MRF41QQF,10,225,79
10,EEFG9QTR,10,350,65
9,FKFC1H,10,124,99
11,MRF41QQF,10,225,86
9,SLF41QB,10,341,83
10,FSFC9H,10,114,98
10,SEF41,10,313,73
10,EEFG9QTR,10,350,72
9,MGF41,10,207,84
9,FKFC1,10,124,65
10,PPF41Q2B,10,GYM1,45
10,PPF41Q3B,10,GYM1,45
10,PPF41Q3B,10,GYM1,90
10,UAF41H2,10,235,98
10,MGF41QWF,10,105,75
9,FSFC1,10,123,81
9,SWF41QW,10,328B,74
10,PPF41Q2B,10,GYM1,70
10,PPF41Q3B,10,GYM1,65
9,SLF41HGB,10,231,97
12,MRF41QTF,10,208,80
9,EEFG1QGB,10,246,88
10,HQFC1TH,10,326,84
9,EEFG1QB,10,334B,55
9,SLF41QGB,10,231,78
9,EEF85QFW,10,348,45
11,MRF41QQF,10,225,74
9,SWF41QW,10,328B,67
9,MGF41QQF,10,211,65
9,FMFC1H,10,115,94
10,HQFC1TH,10,326,92
9,PPF41Q3B,10,GYM1,45
10,MGF41HQF,10,211,92
9,FSFC1,10,125,79
9,SLF85QG,10,332,65
9,SLF41QGB,10,231,65
9,MEF41QG,10,205,85
9,MEF41QT,10,205,73
10,HQFC1TH,10,326,91
9,SLF41QGB,10,231,73
11,MRF41HTF,10,208,90
10,PPF41Q3B,10,GYM3,85
10,UAF41Q2,10,235,84
11,PPF41Q2G,10,GYM2,85
10,PPF41Q3B,10,GYM1,100
9,MGF41,10,207,65
10,FSFC1,10,125,80
10,PPF41Q2G,10,GYM2,90
10,PPF41Q3G,10,GYM2,90
9,SLF41QB,10,341,88
11,MRF41QQF,10,225,74
9,SLF41QB,10,341,85
10,PPF41Q2B,10,GYM3,95
10,UAF41Q3,10,235,68
9,FSFC1,10,125,45
11,AUFC5UAT,10,232,91
10,EEFG5QG,10,250,75
10,SHFC3TM,10,248,100
11,HUF41,10,314,65
11,PPF41Q2G,10,GYM2,90
9,SDF41H,10,247,96
9,HGF82QQD,10,323,80
10,HQFC1TH,10,326,55
10,PPF41Q2G,10,GYM2,90
10,SWF41HW,10,328B,93
9,MGF41QQF,10,211,45
10,EEFG5QH,10,331,84
10,HQFC1TH,10,326,83
11,FSFC9,10,114,65
10,PPF41Q3G,10,GYM2,95
10,EEFG9QGR,10,350,45
9,PPF41Q2B,10,GYM1,45
9,PPF41Q3B,10,GYM1,45
10,PPF41Q3B,10,GYM3,45
9,EEFG1HB,10,334B,93
9,FSFC1,10,125,74
9,MGF41,10,207,65
9,HGF82QWD,10,329B,55
9,MEF41QT,10,205,70
9,FSFC1,10,125,55
9,SCF41QB,10,141,55
10,EEFG5,10,330,71
11,PPF41Q2G,10,GYM2,90
11,HQFC5TH,10,311,80
10,EEFG5,10,346,77
9,SLF41QTB,10,231,55
9,MEF41H,10,104,96
10,SWF41HW,10,328B,91
10,EEFG5QH,10,331,75
9,HGF82HWD,10,329B,95
9,EEFG1QGB,10,246,88
9,HGF82QTD,10,315,70
10,EEFG5,10,330,88
9,MEF41H,10,203,93
9,PPF41Q3B,10,GYM1,95
11,FSFC5,10,113,55
11,FSFC5H,10,113,93
9,FSFC5,10,113,75
9,PPF41Q3B,10,GYM1,95
9,HGF82QQD,10,323,80
10,PPF41Q3B,10,GYM3,55
9,SKF41HW,10,229,91
9,EEFG1QTB,10,246,45
9,FKFC1,10,124,69
11,HQFC5TH,10,311,93
10,PPF41Q3G,10,GYM2,80
10,FFFC5,10,111,79
10,HUF41,10,314,78
9,FMFC1H,10,115,98
9,EEF85HF,10,348,97
9,MGF41,10,207,88
10,SDF41H,10,247,92
10,HUF41,10,324,65
9,FMFC1,10,115,78
9,EEFG1QTB,10,246,45
11,EEFG9,10,347,45
9,EEFG1QB,10,349,67
10,EEFG5QT,10,250,76
9,FFFC5,10,111,77
9,EEFGDHF,10,126,96
9,MEF41,10,104,65
9,MEF41,10,104,65
9,SLF41,10,338,72
9,SLF41QGB,10,231,86
9,FSFC1,10,123,74
9,FLFC1HHB,10,122,90
9,PPF41Q3B,10,GYM3,90
11,FFFC5H,10,111,91
10,HUF41QG,10,334A,73
11,MRF41QQF,10,225,78
10,PPF41Q3G,10,GYM2,90
10,UAF85Q2,10,235,85
9,EEFG1HGB,10,246,90
11,FFFC5H,10,111,90
12,PPF41Q2B,10,GYM1,95
9,MEF41QG,10,205,55
10,PPF41Q3B,10,GYM1,90
9,FMFC1,10,115,74
9,MGF41HQF,10,211,95
11,MKF41,10,322,83
12,AUFC5UAT,10,232,85
10,HUF41QG,10,334A,85
9,EEFG1QB,10,334B,88
10,SCF41,10,139,78
9,EEFGDQFW,10,126,84
9,SKF41QW,10,229,45
9,SCF41QB,10,141,88
9,SLF41QTB,10,231,55
11,AUFC5UAT,10,232,88
9,MKF41H,10,322,97
9,EEFG5QT,10,250,73
10,MRF41QQF,10,225,80
10,PPF41Q2B,10,GYM1,80
11,EEFG9QGR,10,350,82
9,FSFC5,10,113,70
11,SHFC3TM,10,248,70
9,FSFC1H,10,123,93
9,MGF41QWF,10,105,55
10,EEFG5,10,346,87
9,EEFG1QB,10,334B,80
10,PPF41Q3B,10,GYM3,90
10,UAF85Q2,10,235,70
9,SHFC3TM,10,248,65
10,MRF41QQF,10,225,55
9,EEFG9QGR,10,350,65
9,MGF41,10,219,65
9,SDF41H,10,247,92
9,MEF41QT,10,205,55
10,EEFGDHF,10,126,93
9,MGF41H,10,207,98
10,EEFG5QT,10,250,76
11,FMFC5,10,215,77
9,ESFG1QFB,10,146,80
9,MEF41,10,203,55
10,MGF41,10,219,66
9,AWF81H,10,222,92
9,MEF41,10,104,72
9,FSFC1H,10,125,95
9,PPF41Q3G,10,GYM2,95
10,ESFG1QFB,10,146,78
10,MGF41H,10,207,99
12,EEF85HF,10,348,96
9,FSFC5,10,113,65
9,SLF41QGB,10,231,76
9,HGF82QWD,10,329B,65
9,AWF81,10,222,89
11,EEFG9,10,347,45
10,SKF41QW,10,229,82
9,MEF41,10,203,69
10,EEFG5QH,10,331,88
10,PPF41Q3B,10,GYM1,75
9,EEFG1QB,10,349,82
9,MEF41,10,203,65
10,EEFG5QH,10,331,76
9,MGF41,10,207,86
10,EEFG9QGR,10,350,68
9,EEF85QF,10,348,87
9,FSFC5,10,113,85
9,FLFC1HHB,10,122,100
10,MGF41QWF,10,105,55
9,SLF41QB,10,341,75
10,SHFC3TM,10,248,100
9,SCF41QB,10,141,83
9,SLF41H,10,338,99
10,PPF41Q3B,10,GYM3,75
10,UAF41Q2,10,235,65
10,PPF41Q2B,10,GYM3,98
10,UAF85Q3,10,235,70
9,MGF41,10,207,68
10,EEFG5HG,10,250,94
10,PPF41Q2B,10,GYM3,90
10,MGF41HWF,10,105,93
9,SDF41H,10,247,99
9,PPF41Q2B,10,GYM1,85
9,PPF41Q3B,10,GYM3,98
9,SLF85QG,10,332,55
9,SLF85QT,10,332,65
10,EEFG5QT,10,250,80
10,PPF41Q2B,10,GYM3,90
10,PPF41Q3B,10,GYM3,90
9,SDF41H,10,247,92
9,SDF41,10,247,82
10,SWF41QW,10,328B,86
10,SCF41,10,139,65
9,SWF41HW,10,328B,93
11,AUFC5UAT,10,232,81
9,EEFG1QB,10,334B,70
9,FLFC1HHB,10,122,97
9,HGF82QTD,10,315,65
9,AWF81H,10,222,94
10,SCF41,10,139,69
11,EEFG9,10,347,75
11,SCF41,10,139,80
9,FSFC5H,10,113,93
10,FSFC1H,10,123,91
11,SEF41H,10,313,93
9,SLF41QB,10,341,76
9,MKF41H,10,322,96
10,EEFGDQF,10,126,86
9,PPF41Q3G,10,GYM2,100
12,EEF85HF,10,348,92
9,SLF41QTB,10,231,65
10,EEFG5,10,330,65
9,EEFGDQF,10,126,88
9,MEF41QG,10,205,55
10,FFFC5,10,111,45
9,MGF41,10,219,77
10,PPF41Q2G,10,GYM2,100
10,UAF41H3,10,235,97
9,HGF82QTD,10,315,85
10,MGF41QWF,10,105,45
10,MRF41HGF,10,208,96
9,FSFC1,10,125,45
10,MRF41QGF,10,208,65
11,SCF41,10,139,67
11,MRF41QQF,10,225,85
10,PPF41Q2G,10,GYM2,90
10,UAF85H3,10,235,92
10,EEFG5,10,346,45
11,MRF41QQF,10,225,76
9,AWF81,10,222,88
10,HQFC1TH,10,326,99
9,HGF82QQD,10,323,80
11,EEFG9QTR,10,350,71
9,SKF41QW,10,229,65
9,HUF41,10,314,80
10,FFFC5H,10,111,93
10,PPF41Q2B,10,GYM1,85
10,UAF41Q3,10,235,73
10,SHFC3TM,10,248,99
9,FSFC9,10,114,65
11,PPF41Q2G,10,GYM2,100
11,UAF41H3,10,235,97
10,PPF41Q3B,10,GYM3,90
10,PPF41Q3B,10,GYM3,90
10,UAF85Q2,10,235,82
9,AWF81,10,222,84
10,EEFG5HG,10,250,97
9,SCF41HB,10,141,99
11,FSFC9,10,114,70
9,SLF85QT,10,332,45
11,SHFC3TM,10,248,90
11,FSFC9,10,114,89
11,PPF41Q3G,10,GYM2,85
9,HGF82QQD,10,323,78
9,FSFC1,10,123,71
9,SLF85QG,10,332,65
9,FKFC1,10,124,80
9,MEF41QG,10,205,80
9,SCF41QB,10,141,84
9,FSFC1,10,123,88
11,MRF41QTF,10,208,83
11,FSFC5,10,113,70
10,EEFG5,10,346,86
9,UAF85Q2,10,235,69
10,EEFG5QH,10,331,86
9,FSFC5,10,113,65
10,PPF41Q2B,10,GYM3,98
9,EEFG1QB,10,349,86
10,MGF41H,10,219,92
11,HQFC5TH,10,311,85
11,HQFC5TH,10,311,91
10,MGF41QQF,10,211,85
9,HGF82QWD,10,329B,71
9,HGF82HGD,10,315,94
9,SCF41HB,10,141,95
9,FMFC1,10,115,70
11,FMFC5H,10,215,100
9,FMFC5,10,215,83
9,HUF41,10,314,85
11,MRF41QQF,10,225,85
10,MGF41QQF,10,211,45
11,SLF85QG,10,332,72
10,PPF41Q2B,10,GYM1,75
10,PPF41Q3B,10,GYM3,65
9,FSFC1,10,125,70
10,HUF41H,10,324,98
9,FSFC1,10,123,86
11,SLF85QT,10,332,84
10,EEFG5,10,330,72
9,FMFC1,10,115,81
10,FSFC9H,10,114,93
9,MEF41,10,104,75
9,SLF41H,10,338,92
11,MRF41QGF,10,208,80
10,MEF41,10,203,85
9,FKFC1H,10,124,97
10,HQFC1TH,10,326,84
9,EEFGDQF,10,126,75
9,FSFC1,10,125,55
9,MEF41,10,104,65
10,FSFC5,10,113,75
9,MKF41,10,322,80
9,HQFC1TH,10,326,83
10,PPF41Q2G,10,GYM2,90
10,PPF41Q3G,10,GYM2,95
9,HUF41,10,314,45
9,PPF41Q3G,10,GYM2,80
9,MKF41,10,322,86
10,EEFG5,10,346,74
10,HUF41,10,314,78
10,FMFC5,10,215,87
9,MEF41H,10,104,94
10,EEFG5QG,10,250,85
10,PPF41Q2B,10,GYM1,75
9,SLF41QB,10,341,87
9,EEFG1HGB,10,246,98
9,EEFG1QGB,10,246,87
9,FSFC5,10,113,65
10,MGF41H,10,207,92
10,HQFC1TH,10,326,82
9,PPF41Q3B,10,GYM1,80
9,UAF41H2,10,235,92
11,AUFC5UAT,10,232,81
10,EEFG5QH,10,331,76
9,AUFC5UAT,10,232,85
11,SHFC3TM,10,248,85
10,PPF41Q2B,10,GYM1,85
10,PPF41Q3B,10,GYM1,80
11,MRF41QGF,10,208,80
9,FSFC1H,10,123,97
10,MGF41,10,207,45
9,UAF41Q2,10,235,65
9,UAF41Q3,10,235,65
10,HUF41,10,314,77
10,MGF41,10,219,74
9,SLF41QB,10,341,73
9,HUF41,10,314,65
11,PPF41Q3B,10,GYM3,45
9,MEF41QT,10,205,80
9,ESFG1QFW,10,146,85
9,SLF41H,10,338,98
9,SLF85QT,10,332,45
10,PPF41Q2B,10,GYM1,95
9,FKFC1H,10,124,97
9,FMFC1H,10,115,99
9,EEFG1HGB,10,246,90
9,MKF41,10,322,82
11,SHFC3TM,10,248,93
10,PPF41Q2B,10,GYM3,98
10,UAF85Q3,10,235,88
9,SLF41HB,10,341,92
9,MGF41QWF,10,105,82
9,FMFC1H,10,115,100
9,EEFG1HGB,10,246,92
9,FLFC1HHB,10,122,94
9,EEFG1QB,10,349,88
11,HQFC5TH,10,311,86
10,PPF41Q2B,10,GYM3,98
11,PPF41Q2G,10,GYM2,65
11,PPF41Q3G,10,GYM2,75
10,EEFG5QG,10,250,88
11,SEF41,10,313,68
10,MGF41,10,219,82
11,AUFC5UAT,10,232,93
11,AUFC5UAT,10,232,83
11,EEFG9,10,347,88
10,MRF41QGF,10,208,65
9,MEF41H,10,203,94
9,UAF41H2,10,235,93
10,EEFGDHF,10,126,93
10,MGF41HQF,10,211,95
9,SLF41HB,10,341,92
9,HGF82QQD,10,323,82
9,SLF41HB,10,341,94
10,MGF41H,10,219,90
9,FSFC5H,10,113,90
11,HQFC5TH,10,311,90
10,AUFC5UAT,10,232,90
11,MGF41,10,219,65
9,PPF41Q2B,10,GYM3,85
9,UAF85Q3,10,235,68
9,SLF41QGB,10,231,76
9,FLFC1HHB,10,122,96
11,PPF41Q3B,10,GYM1,80
9,FSFC1,10,125,66
10,PPF41Q2B,10,GYM1,85
10,SHFC3TM,10,248,100
10,SCF41,10,139,55
9,HGF82QTD,10,315,65
11,PPF41Q3B,10,GYM3,90
11,UAF41H2,10,235,91
10,EEFG5QH,10,331,82
10,HUF41H,10,324,91
10,SHFC3TM,10,248,100
12,MRF41QQF,10,225,70
9,SLF41,10,338,76
11,SHFC3TM,10,248,95
9,MKF41,10,322,80
10,SEF41,10,313,55
9,SCF41HB,10,141,93
9,EEFG1QB,10,334B,82
9,MEF41QG,10,205,55
9,FLFC1HHB,10,122,91
10,HUF41QG,10,334A,89
9,SLF41QB,10,341,88
9,MEF41,10,203,55
9,SLF85QT,10,332,85
9,SLF85QG,10,332,82
11,EEFG9,10,347,78
9,SCF41QB,10,141,66
10,UAF41H3,10,235,94
11,PPF41Q3G,10,GYM2,100
9,PPF41Q3B,10,GYM1,65
9,SEF41,10,313,55
9,MGF41QQF,10,211,65
9,EEFG1QB,10,349,81
10,EEFG5,10,346,70
10,FSFC5H,10,113,92
9,MEF41QG,10,205,85
11,FFFC5H,10,111,93
10,PPF41Q2B,10,GYM3,95
9,SCF41HB,10,141,92
11,MRF41HQF,10,225,92
9,HGF82QTD,10,315,75
10,HQFC1TH,10,326,90
10,SHFC3TM,10,248,99
9,FSFC1,10,123,88
10,EEF85HF,10,348,90
10,PPF41Q3G,10,GYM2,65
11,PPF41Q2B,10,GYM3,95
10,PPF41Q2G,10,GYM2,55
10,UAF85Q3,10,235,45
11,FMFC1H,10,115,97
10,ESFG1QFB,10,146,78
9,EEFG1HTB,10,246,92
11,HQFC1TH,10,326,77
10,HUF41H,10,324,93
9,SCF41QB,10,141,55
9,EEFG1QB,10,334B,65
9,MEF41,10,104,80
9,SLF85QG,10,332,77
9,HUF41,10,324,45
10,PPF41Q3G,10,GYM2,100
9,SLF41,10,338,76
10,PPF41Q2G,10,GYM2,100
10,UAF85Q3,10,235,86
9,FSFC5,10,113,85
9,HGF82HWD,10,329B,93
10,EEFG5QH,10,331,76
9,FSFC1,10,123,78
10,EEFG5QH,10,331,77
9,MEF41,10,104,67
10,EEFG9QGR,10,350,45
10,FSFC9,10,114,75
9,UAF41Q2,10,235,45
9,MGF41QWF,10,105,83
10,EEFG5QH,10,331,82
9,MEF41,10,104,67
10,EEFG5QH,10,331,87
10,MGF41QQF,10,211,72
11,PPF41Q3B,10,GYM1,100
9,MGF41,10,207,82
11,HQFC5TH,10,311,97
11,SEF41,10,313,80
9,MGF41H,10,207,97
9,SDF41,10,247,85
9,SEF41H,10,313,90
10,FSFC5,10,113,75
11,EEFG9,10,347,83
11,HQFC5TH,10,311,90
9,SDF41H,10,247,91
9,PPF41Q3B,10,GYM1,90
10,MGF41,10,219,72
10,ESFG1QFB,10,146,73
10,EEFG5QG,10,250,80
10,EEFG5HG,10,250,96
10,PPF41Q2G,10,GYM2,100
9,FSFC1,10,125,81
9,SCF41QB,10,141,75
10,EEFG5,10,346,84
10,HQFC1TH,10,326,91
9,FSFC1,10,125,66
9,SCF41,10,139,87
11,PPF41Q2G,10,GYM2,95
11,PPF41Q3G,10,GYM2,95
10,EEFG5QH,10,331,85
9,HGF82QQD,10,323,84
9,HGF82QQD,10,323,84
9,FSFC1H,10,125,90
9,EEFG1QB,10,334B,65
9,HGF82QQD,10,323,55
9,SLF41QTB,10,231,65
10,UAF41Q2,10,235,65
10,UAF41Q3,10,235,65
9,FSFC1,10,123,88
10,PPF41Q3B,10,GYM1,90
9,PPF41Q3G,10,GYM2,100
11,MRF41QGF,10,208,72
10,PPF41Q3B,10,GYM3,75
10,UAF85Q2,10,235,69
9,EEFG9QTR,10,350,72
10,MGF41QWF,10,105,55
10,EEFG5,10,346,86
9,FKFC1,10,124,89
10,SCF41,10,139,82
10,EEFGDHF,10,126,90
10,EEF85QF,10,348,45
9,MGF41H,10,207,92
11,HQFC5TH,10,311,95
10,HUF41QG,10,334A,82
9,SLF41,10,338,45
9,PPF41Q3B,10,GYM1,80
9,FLFC1QHB,10,122,85
10,HUF41QG,10,334A,85
9,FKFC1H,10,124,95
9,FKFC1H,10,124,91
11,PPF41Q3B,10,GYM3,80
11,PPF41Q2B,10,GYM1,75
11,UAF85Q3,10,235,68
11,PPF41Q2B,10,GYM3,90
11,PPF41Q3B,10,GYM3,90
11,AUFC5UAT,10,232,91
10,HQFC1TH,10,326,91
9,EEFG5,10,330,77
9,PPF41Q3G,10,GYM2,100
11,SCF41,10,139,65
10,HUF41QT,10,334A,75
9,FKFC1,10,124,65
9,MEF41,10,203,85
9,SKF41QW,10,229,81
11,PPF41Q3G,10,GYM2,80
9,FLFC1HHB,10,122,100
9,SCF41QB,10,141,88
10,HGF82HQD,10,323,96
9,HGF82QGD,10,315,55
9,FLFC1HHB,10,122,96
10,HUF41,10,314,89
9,SCF41,10,139,69
9,MEF41,10,203,73
9,MKF41,10,322,70
10,PPF41Q2B,10,GYM3,95
10,PPF41Q3B,10,GYM1,80
10,SCF41H,10,139,90
9,FKFC1,10,124,77
12,FSFC9,10,114,87
9,MKF41H,10,322,90
9,EEFG1QGB,10,246,55
9,MEF41,10,203,55
10,SCF41,10,139,55
11,EEFG9,10,347,82
10,SEF41,10,313,75
11,AUFC5UAT,10,232,94
10,EEFG5HG,10,250,92
10,EEFG5QH,10,331,84
9,SLF41,10,338,65
9,SEF41,10,313,45
9,FSFC1,10,123,55
10,PPF41Q3B,10,GYM1,90
9,AWF81,10,222,55
10,EEFG5,10,346,74
9,HGF82QQD,10,323,83
9,FSFC1H,10,123,90
9,MEF41H,10,203,91
9,FLFC1QHB,10,122,88
10,PPF41Q2B,10,GYM3,95
10,PPF41Q3B,10,GYM1,85
10,MRF41QQF,10,225,65
11,EEFG9,10,347,73
10,FSFC1,10,123,81
9,FSFC1,10,125,55
11,FFFC5H,10,111,96
10,HUF41,10,324,87
10,HUF41HG,10,334A,90
10,PPF41Q3B,10,GYM1,80
9,SCF41QB,10,141,79
9,FKFC1,10,124,89
10,FKFC1H,10,124,96
11,FSFC9,10,114,83
9,EEF85QF,10,348,86
10,PPF41Q3B,10,GYM3,98
10,UAF41Q2,10,235,81
9,MKF41H,10,322,93
10,EEFG9QTR,10,350,45
9,EEFG5QG,10,250,75
9,FKFC1,10,124,79
9,SLF41QB,10,341,88
10,EEFG5H,10,346,90
9,SLF41,10,338,77
9,FKFC1,10,124,65
9,EEF85HF,10,348,94
10,SHFC3TM,10,248,98
9,FSFC1,10,125,55
9,MEF41QG,10,205,72
9,SLF41QB,10,341,79
9,HUF41QT,10,334A,65
11,MGF41,10,207,55
10,FSFC1,10,123,55
11,EEFG9,10,347,80
12,EEFGDHF,10,126,95
9,EEFG1QB,10,334B,66
9,SLF85QG,10,332,82
9,FLFC1HHB,10,122,98
10,EEFG5H,10,346,90
10,EEFG5QH,10,331,89
9,EEFG9QGR,10,350,45
10,EEF85QF,10,348,85
9,ESFG1QFB,10,146,67
10,SHFC3TM,10,248,80
10,EEFGDQF,10,126,85
9,MKF41H,10,322,100
10,PPF41Q3B,10,GYM3,85
10,UAF41Q2,10,235,65
11,EEFG9,10,347,83
10,SCF41,10,139,65
10,FMFC5H,10,215,90
9,FMFC1H,10,115,99
11,FMFC5H,10,215,96
10,HUF41,10,314,80
9,ESFG1QFW,10,146,89
10,MGF41H,10,219,98
11,EEF85QF,10,348,89
10,PPF41Q3B,10,GYM1,65
10,UAF41Q2,10,235,65
9,EEFG1QB,10,334B,80
11,MGF41HQF,10,211,95
9,EEFG5QH,10,331,80
10,FMFC5,10,215,73
10,HUF41,10,314,81
9,SLF41,10,338,81
9,HGF82QQD,10,323,84
9,PPF41Q2B,10,GYM3,90
9,PPF41Q3B,10,GYM3,90
9,EEFG1QB,10,349,65
10,SHFC3TM,10,248,75
9,FMFC1,10,115,88
9,FMFC5H,10,215,91
10,SHFC3TM,10,248,96
9,MKF41H,10,322,97
10,EEFG5,10,330,83
9,EEFGDQFW,10,126,82
11,HUF41,10,314,85
9,MGF41H,10,207,97
9,MEF41,10,203,86
11,PPF41Q2G,10,GYM2,100
9,FMFC1,10,115,89
10,EEFG5,10,330,83
9,EEFG1QB,10,334B,82
9,MKF41H,10,322,100
9,AWF81,10,222,81
9,SLF41H,10,338,99
9,MKF41H,10,322,99
11,MRF41HQF,10,225,98
9,SDF41,10,247,86
10,PPF41Q2B,10,GYM1,70
10,FMFC5H,10,215,100
11,SHFC3TM,10,248,95
9,ESFG1HFB,10,146,94
9,EEFG1QB,10,349,80
9,ESFG1QFB,10,146,83
11,MRF41QGF,10,208,78
10,EEFG5,10,330,84
10,EEFG5H,10,346,93
9,ESFG1QFW,10,146,68
10,FMFC5H,10,215,100
9,SKF41QW,10,229,72
9,MEF41,10,203,65
9,ESFG1QFB,10,146,80
9,EEFGDQF,10,126,89
11,EEF85HF,10,348,91
11,HQFC5TH,10,311,95
10,EEFG5QT,10,250,71
9,MEF41,10,203,83
11,PPF41Q3G,10,GYM2,100
11,MRF41QQF,10,225,85
9,HGF82QTD,10,315,80
11,EEFG9,10,347,77
10,MRF41QGF,10,208,55
9,HUF41QT,10,334A,78
9,MEF41,10,203,71
12,PPF41Q2B,10,GYM3,55
9,SLF41QGB,10,231,73
9,ESFG1QFB,10,146,82
9,EEFG1QB,10,334B,71
9,EEFG1QB,10,349,83
9,HGF82HTD,10,315,90
9,EEFG9QGR,10,350,45
9,MKF41,10,322,83
9,EEFG1HGB,10,246,100
11,SKF41HW,10,229,93
10,HUF41,10,314,81
9,EEFG9QTR,10,350,45
10,HUF41,10,324,70
9,FKFC1H,10,124,91
9,EEFG1QB,10,349,81
10,SDF41,10,247,45
9,HGF82QWD,10,329B,65
11,HQFC1TH,10,326,92
10,PPF41Q3B,10,GYM1,90
10,UAF41Q2,10,235,78
11,PPF41Q3G,10,GYM2,95
10,FMFC5H,10,215,93
11,PPF41Q2G,10,GYM2,100
9,FSFC5H,10,113,94
10,FMFC5H,10,215,100
9,EEFG9,10,347,71
10,PPF41Q2G,10,GYM2,95
9,MKF41,10,322,83
10,HQFC1TH,10,326,92
10,MGF41QQF,10,211,55
9,EEFG1QB,10,334B,81
11,FFFC5,10,111,87
11,HQFC1TH,10,326,55
9,SDF41,10,247,82
11,EEFG9,10,347,74
11,HQFC5TH,10,311,94
9,PPF41Q3B,10,GYM1,90
11,UAF85H2,10,235,98
11,UAF85H3,10,235,98
9,HGF82QTD,10,315,80
11,FFFC5,10,111,80
11,PPF41Q2B,10,GYM1,75
11,PPF41Q3B,10,GYM3,80
11,FSFC9,10,114,82
10,HUF41QG,10,334A,88
10,SCF41,10,139,68
10,PPF41Q3B,10,GYM1,80
10,UAF85Q2,10,235,65
11,PPF41Q2B,10,GYM1,85
9,FSFC1H,10,123,96
10,PPF41Q2G,10,GYM2,100
10,UAF41H3,10,235,97
10,SCF41,10,139,72
9,FSFC1,10,125,68
9,EEFGDQF,10,126,68
9,SLF41QB,10,341,85
9,FKFC1,10,124,65
10,HQFC1TH,10,326,95
11,SHFC3TM,10,248,96
9,PPF41Q2B,10,GYM3,55
9,PPF41Q3B,10,GYM3,55
11,FFFC5,10,111,85
9,SLF85QG,10,332,65
9,EEFG1QB,10,349,84
9,HGF82QQD,10,323,72
9,EEFG5,10,330,45
9,EEFG1QB,10,334B,85
11,MGF41QQF,10,211,65
9,SLF85QG,10,332,65
9,SDF41,10,247,89
11,EEFG9QGR,10,350,66
10,HUF41H,10,324,92
9,MEF41,10,104,88
10,HUF41HT,10,334A,91
9,MEF41QT,10,205,65
9,FMFC1,10,115,85
10,HGF82QGD,10,315,85
9,HGF82QGD,10,315,70
10,HUF41H,10,314,92
9,FLFC1QHB,10,122,88
9,MEF41,10,203,69
9,FSFC5H,10,113,90
11,SEF41,10,313,65
9,EEFG1QGB,10,246,80
11,SHFC3TM,10,248,99
9,MEF41QT,10,205,79
10,PPF41Q3B,10,GYM1,90
10,UAF41Q2,10,235,65
10,EEFG5,10,330,88
11,PPF41Q3G,10,GYM2,55
9,HGF82QGD,10,315,75
9,AWF81H,10,222,91
9,FMFC1H,10,115,91
10,PPF41Q3B,10,GYM3,85
10,UAF41Q2,10,235,80
10,FSFC5,10,113,65
9,SLF41QTB,10,231,65
9,FSFC1,10,125,55
11,EEFG9QGR,10,350,65
9,MEF41,10,203,69
9,EEFG1HB,10,349,90
10,SEF41,10,313,55
11,FSFC5H,10,113,100
9,SLF85QG,10,332,45
11,PPF41Q3B,10,GYM3,45
11,UAF41Q2,10,235,55
9,MEF41,10,203,86
9,SCF41QB,10,141,79
11,PPF41Q2G,10,GYM2,95
11,PPF41Q3G,10,GYM2,95
9,HGF82QGD,10,315,65
9,HGF82QGD,10,315,70
10,EEF85QF,10,348,45
9,FKFC1,10,124,65
10,EEFG5,10,330,82
11,AWF81,10,222,86
9,PPF41Q2B,10,GYM1,80
9,PPF41Q3B,10,GYM3,98
9,MGF41QWF,10,105,55
9,SLF41,10,338,87
11,EEFG9,10,347,80
9,SLF41QGB,10,231,85
10,EEFG5QH,10,331,79
10,EEFG5HG,10,250,91
10,PPF41Q3G,10,GYM2,75
10,MGF41,10,207,55
11,SEF41,10,313,55
10,PPF41Q2G,10,GYM2,95
10,UAF41H3,10,235,97
9,PPF41Q2B,10,GYM3,80
9,FSFC1,10,125,55
9,FSFC1,10,123,79
11,FSFC5H,10,113,94
9,MGF41H,10,219,90
11,FFFC5,10,111,79
12,FSFC9,10,114,55
9,FKFC1H,10,124,98
10,EEFGDQF,10,126,81
9,SLF41QB,10,341,87
11,FFFC5,10,111,89
9,HUF41QT,10,334A,85
11,FSFC9,10,114,84
11,MRF41QGF,10,208,70
9,FSFC5,10,113,55
10,EEFG5QG,10,250,87
11,EEFG9QGR,10,350,67
9,MKF41,10,322,87
9,FLFC1HHB,10,122,93
9,MEF41,10,203,55
9,EEFG1HGB,10,246,92
9,PPF41Q3B,10,GYM3,90
9,PPF41Q2B,10,GYM3,90
9,UAF41H3,10,235,91
9,FLFC1HHB,10,122,93
10,EEFGDHF,10,126,94
9,HGF82QQD,10,323,89
9,EEFG1HGB,10,246,95
10,HUF41QG,10,334A,88
11,EEFG9QGR,10,350,45
9,MKF41H,10,322,98
10,EEFG9,10,347,72
9,HGF82QTD,10,315,70
11,MRF41QGF,10,208,70
11,FSFC9,10,114,55
9,EEFG1HGB,10,246,95
9,PPF41Q2G,10,GYM2,80
11,FMFC5H,10,215,98
9,MGF41,10,219,65
10,EEFG5QG,10,250,85
9,EEFG1HGB,10,246,95
11,SLF41,10,338,55
10,SCF41,10,139,78
10,EEFG5QG,10,250,89
9,SCF41HB,10,141,91
9,SLF85QT,10,332,66
11,FFFC5,10,111,80
9,MGF41,10,207,87
10,MRF41QQF,10,225,82
10,EEFG5,10,330,84
10,PPF41Q3B,10,GYM1,80
9,PPF41Q3B,10,GYM3,95
9,EEFG1QB,10,349,80
9,SKF41QW,10,229,45
11,FMFC5H,10,215,97
11,HQFC5TH,10,311,100
9,FSFC1,10,125,78
9,AWF81H,10,222,91
10,FSFC9,10,114,85
9,MEF41H,10,104,93
9,HUF41,10,314,55
9,EEFG1QB,10,334B,83
9,EEFG5,10,346,77
10,EEFG5QH,10,331,86
9,EEFG1QB,10,349,68
9,MEF41,10,203,55
9,SCF41HB,10,141,92
9,MGF41,10,207,84
9,MKF41H,10,322,90
10,EEFG5,10,330,89
9,EEFG1QB,10,349,88
9,EEFG5,10,346,68
9,HUF41,10,324,87
10,PPF41Q2G,10,GYM2,100
10,EEFG9QGR,10,350,45
10,PPF41Q3B,10,GYM1,80
10,UAF85H2,10,235,97
10,EEFG5HH,10,331,93
9,SLF41QB,10,341,70
9,SDF41,10,247,80
11,PPF41Q3G,10,GYM2,95
11,EEFG9,10,347,65
9,FMFC1,10,115,89
9,FSFC5,10,113,80
9,SLF85QG,10,332,76
9,AWF81,10,222,76
9,MGF41,10,219,68
11,SEF41H,10,313,92
9,SLF41QTB,10,231,70
10,PPF41Q3B,10,GYM1,90
10,UAF41H2,10,235,92
10,PPF41Q3G,10,GYM2,65
9,MEF41,10,104,55
10,EEFG5HH,10,331,93
9,HGF82HGD,10,315,94
9,FSFC1,10,125,65
10,PPF41Q3B,10,GYM3,98
10,UAF41Q2,10,235,86
9,SLF85QG,10,332,75
9,HUF41,10,314,55
9,PPF41Q3B,10,GYM3,45
9,SDF41,10,247,83
10,SHFC3TM,10,248,97
9,SCF41,10,139,82
9,EEFGDHF,10,126,98
11,MRF41QGF,10,208,65
11,PPF41Q2G,10,GYM2,100
9,MRF41QTF,10,208,55
9,FSFC9,10,114,83
11,FFFC5H,10,111,91
9,SLF41QB,10,341,82
9,FLFC1HHB,10,122,90
9,HGF82QQD,10,323,70
11,SEF41,10,313,74
10,PPF41Q3G,10,GYM2,75
10,SKF41QW,10,229,79
9,MGF41H,10,219,91
10,EEFG5H,10,346,92
9,MGF41QQF,10,211,45
9,SHFC3TM,10,248,45
10,MGF41,10,219,78
10,PPF41Q2G,10,GYM2,80
10,PPF41Q3G,10,GYM2,80
10,PPF41Q2B,10,GYM1,75
9,SEF41,10,313,45
9,HGF82QTD,10,315,85
9,HUF41QG,10,334A,65
10,EEFG9QGR,10,350,45
9,MGF41QWF,10,105,81
9,EEFG1QB,10,349,76
9,MEF41,10,104,66
9,FSFC5,10,113,75
11,MRF41QQF,10,225,73
9,SLF41,10,338,85
10,FSFC9,10,114,55
9,ESFG1HFB,10,146,91
9,FSFC1,10,123,68
10,EEFG5QH,10,331,79
10,PPF41Q2B,10,GYM3,80
10,UAF85Q3,10,235,65
11,PPF41Q2B,10,GYM1,75
11,PPF41Q2G,10,GYM2,55
11,UAF85Q3,10,235,45
9,SLF41QTB,10,231,55
11,MRF41HGF,10,208,90
10,HGF82QGD,10,315,70
9,MKF41,10,322,70
11,UAF85Q3,10,235,45
9,SLF41QB,10,341,89
9,EEFGDQFW,10,126,72
10,EEFG5H,10,330,93
10,MGF41QQF,10,211,80
11,PPF41Q3B,10,GYM3,90
11,UAF41H2,10,235,100
10,SHFC3TM,10,248,97
9,SLF41QGB,10,231,65
10,FMFC5H,10,215,100
9,PPF41Q3G,10,GYM2,55
9,UAF41Q2,10,235,55
11,MRF41QQF,10,225,88
9,SHFC3TM,10,248,80
9,EEFG1QB,10,334B,65
10,PPF41Q3G,10,GYM2,80
10,MRF41QGF,10,208,55
9,MEF41,10,104,79
11,PPF41Q3G,10,GYM2,95
11,UAF41H2,10,235,92
10,HUF41,10,324,75
9,FSFC5H,10,113,96
10,SCF41QB,10,141,73
9,EEFG1QB,10,334B,45
10,PPF41Q2G,10,GYM2,85
10,PPF41Q3G,10,GYM2,75
11,EEFG5,10,346,74
9,SLF41QTB,10,231,55
11,AUFC5UAT,10,232,96
9,SWF41QW,10,328B,77
9,PPF41Q2B,10,GYM3,85
9,UAF41Q3,10,235,75
10,MGF41QQF,10,211,85
9,EEFG1QB,10,349,89
9,MKF41,10,322,76
10,SEF41,10,313,55
9,ESFG1QFB,10,146,45
9,FSFC1,10,123,77
10,EEFG5QT,10,250,72
9,FMFC1H,10,115,95
9,FKFC1,10,124,77
9,EEFG1QTB,10,246,75
10,MGF41QWF,10,105,79
10,FMFC5H,10,215,100
9,SCF41,10,139,70
9,MEF41,10,104,86
9,FLFC1QHB,10,122,86
11,MGF41QQF,10,211,45
9,EEFG1QB,10,334B,85
10,HUF41,10,314,80
10,SLF41H,10,338,91
11,SCF41,10,139,65
10,HUF41QG,10,334A,88
10,EEFG5,10,346,77
9,SLF41QGB,10,231,84
11,FSFC9,10,114,78
10,EEFG5HG,10,250,91
9,MEF41,10,104,79
11,FMFC5H,10,215,93
9,FMFC1H,10,115,97
9,SCF41QB,10,141,89
10,SHFC3TM,10,248,90
12,UAF41Q3,10,235,78
9,FSFC5H,10,113,93
10,SCF41,10,139,83
11,FSFC5,10,113,75
10,EEFG5,10,346,89
11,MRF41QQF,10,225,65
11,FMFC1,10,115,83
9,SWF41QW,10,328B,80
10,PPF41Q2G,10,GYM2,90
9,EEFG1QB,10,349,76
9,SEF41,10,313,65
9,FSFC1,10,123,83
10,HQFC1TH,10,326,89
9,SLF85QG,10,332,65
9,HGF82QQD,10,323,89
10,FSFC9,10,114,72
10,SDF41,10,247,68
9,SDF41,10,247,82
10,FSFC5,10,113,75
9,PPF41Q2B,10,GYM3,45
11,FFFC5,10,111,75
9,SCF41,10,139,86
10,MRF41QQF,10,225,73
9,MGF41,10,219,88
9,SLF85QT,10,332,65
9,EEF85QFW,10,348,78
9,SEF41,10,313,65
9,SLF41QGB,10,231,83
9,SEF41,10,313,65
9,EEFG1QB,10,334B,81
9,FSFC1,10,125,45
9,FLFC1HHB,10,122,94
9,SLF41QTB,10,231,55
10,FSFC9H,10,114,97
9,FMFC1,10,115,86
9,FSFC1,10,123,76
11,EEFG9,10,347,65
10,HUF41QG,10,334A,82
9,EEFG5QT,10,250,73
9,FSFC1,10,125,70
9,EEFG1QTB,10,246,83
9,SLF41QGB,10,231,75
11,SKF41QW,10,229,74
9,MGF41,10,219,83
10,PPF41Q2G,10,GYM2,100
10,EEFG5QT,10,250,80
9,EEFG5,10,346,75
10,SKF41QW,10,229,80
12,UAF41H3,10,235,92
10,HUF41,10,324,45
10,EEFG5QH,10,331,87
9,HGF82QQD,10,323,70
11,SEF41,10,313,68
9,UAF41Q3,10,235,55
9,FSFC1,10,123,85
10,EEFG5H,10,330,91
9,SWF41QW,10,328B,65
10,SCF41H,10,139,90
9,FSFC5,10,113,80
9,MKF41,10,322,80
10,MGF41HQF,10,211,93
11,PPF41Q3B,10,GYM3,70
11,MRF41QGF,10,208,82
9,FSFC1,10,123,89
9,FSFC1,10,125,75
10,EEFG9QGR,10,350,45
11,UAF85Q3,10,235,45
9,MGF41,10,207,65
9,MKF41,10,322,83
11,PPF41Q2G,10,GYM2,100
11,UAF85H3,10,235,91
10,PPF41Q2G,10,GYM2,100
11,AUFC5UAT,10,232,85
9,SCF41QB,10,141,78
11,UAF85Q2,10,235,65
11,HQFC5TH,10,311,87
10,PPF41Q2G,10,GYM2,95
10,UAF85H3,10,235,97
10,MGF41,10,207,76
11,SEF41,10,313,67
9,SLF85QG,10,332,71
9,FKFC1,10,124,80
10,HQFC1TH,10,326,80
10,MGF41QQF,10,211,72
12,MRF41QGF,10,208,55
11,PPF41Q3G,10,GYM2,80
10,MGF41,10,207,73
11,SEF41,10,313,70
9,EEFG1QTB,10,246,85
9,FSFC1H,10,123,95
9,EEF85QFW,10,348,89
9,EEFGDQFW,10,126,80
9,FLFC1HHB,10,122,94
10,HUF41QT,10,334A,85
10,PPF41Q2B,10,GYM3,98
10,EEFG5,10,330,81
9,SCF41QB,10,141,84
9,PPF41Q3B,10,GYM1,45
9,SLF85QG,10,332,76
9,SLF85QG,10,332,65
9,FSFC5,10,113,85
11,PPF41Q2B,10,GYM1,85
11,UAF41Q3,10,235,65
9,MEF41QT,10,205,70
10,EEFG5H,10,330,90
9,HUF41,10,324,83
10,PPF41Q3B,10,GYM3,55
11,UAF41Q2,10,235,45
11,UAF41Q3,10,235,45
9,AWF81,10,222,82
10,PPF41Q2B,10,GYM1,85
9,SCF41QB,10,141,87
9,EEFG9,10,347,55
9,SDF41,10,247,45
9,MEF41QG,10,205,67
9,HGF82QTD,10,315,85
9,FSFC1,10,123,75
10,EEFGDQF,10,126,45
10,SEF41,10,313,72
10,PPF41Q3G,10,GYM2,95
10,UAF41Q2,10,235,65
9,HUF41,10,324,85
9,PPF41Q3B,10,GYM3,70
9,MGF41,10,207,55
10,MGF41,10,219,71
9,MGF41,10,207,87
10,HUF41,10,324,84
10,EEFG5QH,10,331,82
10,HUF41,10,314,86
11,FFFC5,10,111,72
9,MGF41,10,207,75
9,MGF41,10,219,88
10,UAF41Q3,10,235,55
9,FSFC1,10,125,88
10,EEFG5HG,10,250,95
9,HUF41,10,324,45
11,HQFC1TH,10,326,82
11,PPF41Q2B,10,GYM3,98
10,FSFC1,10,125,55
10,EEFG5,10,346,77
9,MEF41,10,104,65
9,SCF41QB,10,141,81
10,HUF41HG,10,334A,93
9,MEF41,10,104,65
9,AWF81H,10,222,96
9,MEF41,10,104,75
9,EEFG9QTR,10,350,45
9,EEFG1QB,10,334B,84
9,EEFG5,10,330,45
11,FLFC1QHB,10,122,70
9,PPF41Q2B,10,GYM3,90
9,MKF41,10,322,70
10,HUF41,10,314,75
11,PPF41Q3B,10,GYM3,80
11,UAF85H2,10,235,92
9,PPF41Q2G,10,GYM2,90
9,HUF41QT,10,334A,45
11,FSFC9,10,114,75
9,EEFG5,10,330,84
9,SLF41QB,10,341,87
11,SHFC3TM,10,248,99
10,HUF41,10,324,80
10,SEF41,10,313,55
9,MKF41,10,322,86
10,FSFC9,10,114,77
9,FLFC1QHB,10,122,88
10,EEFG5QT,10,250,85
11,HQFC5TH,10,311,80
9,SCF41HB,10,141,100
9,MGF41,10,219,80
9,PPF41Q3B,10,GYM1,80
9,UAF41Q2,10,235,66
9,SCF41QB,10,141,77
9,EEFG1QGB,10,246,70
9,SCF41QB,10,141,76
11,UAF85H3,10,235,97
9,SLF41QTB,10,231,55
11,EEFGDHF,10,126,91
10,SHFC3TM,10,248,99
9,HGF82HWD,10,329B,90
9,SLF41QGB,10,231,75
10,FMFC5H,10,215,97
9,FMFC1,10,115,88
9,SLF41,10,338,75
10,MGF41HQF,10,211,95
10,FKFC1H,10,124,99
9,HGF82HQD,10,323,93
10,FSFC9H,10,114,93
9,FLFC1HHB,10,122,100
10,EEF85QF,10,348,85
10,FSFC9H,10,114,95
10,HQFC1TH,10,326,92
10,MGF41QQF,10,211,85
9,HGF82QQD,10,323,72
9,MGF41,10,219,65
9,EEFG1QGB,10,246,88
9,FFFC5,10,111,66
9,SWF41QW,10,328B,65
10,MGF41,10,219,78
10,SHFC3TM,10,248,100
11,HGF82QWD,10,329B,65
10,PPF41Q2B,10,GYM1,85
10,PPF41Q3B,10,GYM1,90
10,MRF41QGF,10,208,82
11,HUF41,10,324,45
9,SCF41QB,10,141,79
10,FMFC5H,10,215,100
11,MRF41QQF,10,225,70
10,EEFG5,10,330,88
9,FMFC1H,10,115,90
9,SDF41,10,247,82
9,FKFC1,10,124,80
9,HGF82QGD,10,315,70
9,MGF41QWF,10,105,45
10,PPF41Q3B,10,GYM1,100
10,UAF41H2,10,235,92
11,EEFG9,10,347,68
12,AUFC5UAT,10,232,82
10,EEFG5HG,10,250,90
9,SCF41HB,10,141,98
9,PPF41Q2G,10,GYM2,100
9,PPF41Q3G,10,GYM2,100
9,FLFC1HHB,10,122,100
9,EEFG1QB,10,334B,78
9,FKFC1,10,124,89
9,EEFG1QB,10,334B,65
10,ESFG1QFB,10,146,45
10,MGF41,10,207,88
10,EEFG5QH,10,331,87
9,EEFG5,10,330,45
10,MGF41HQF,10,211,90
11,EEFG9QGR,10,350,45
9,AWF81H,10,222,95
11,HQFC5TH,10,311,97
10,SHFC3TM,10,248,95
9,EEFG5QT,10,250,65
10,SHFC3TM,10,248,93
9,SLF85QG,10,332,76
9,SCF41QB,10,141,87
9,AWF81,10,222,66
11,EEFG9,10,347,70
11,PPF41Q2B,10,GYM3,70
10,MGF41QQF,10,211,88
10,EEFG5,10,330,88
9,SLF41QB,10,341,68
10,HUF41H,10,324,92
9,FLFC1HHB,10,122,100
10,SCF41,10,139,45
9,HUF41,10,324,70
11,AUFC5UAT,10,232,66
9,EEFG1QGB,10,246,80
11,EEFG9,10,347,88
9,MEF41H,10,203,93
10,HUF41H,10,324,95
10,EEFG5,10,346,88
10,HUF41,10,314,85
10,AUFC5UAT,10,232,89
9,SLF41QB,10,341,86
9,EEFG5H,10,346,92
9,AWF81,10,222,65
11,PPF41Q2B,10,GYM1,85
10,EEFG5,10,346,67
11,MRF41QGF,10,208,65
10,PPF41Q3B,10,GYM1,90
9,AWF81,10,222,87
9,MEF41,10,203,77
10,PPF41Q2G,10,GYM2,100
10,UAF41H3,10,235,92
9,SLF41HB,10,341,97
11,EEFGDQF,10,126,88
11,EEFG9HTR,10,350,92
9,FLFC1HHB,10,122,90
9,MEF41HG,10,205,94
11,EEFG9QTR,10,350,88
11,HUF41,10,324,65
9,MKF41,10,322,86
10,PPF41Q3G,10,GYM2,55
11,HQFC5TH,10,311,100
9,FLFC1HHB,10,122,98
11,MRF41QGF,10,208,65
9,SDF41,10,247,80
9,UAF41Q2,10,235,45
9,UAF41Q3,10,235,45
10,HUF41HG,10,334A,94
10,MRF41HGF,10,208,92
9,MGF41QWF,10,105,88
9,MEF41HG,10,205,99
10,HUF41,10,314,45
9,SLF41,10,338,88
9,FSFC1,10,123,80
10,FMFC5,10,215,82
11,SEF41,10,313,45
9,FSFC1,10,125,75
9,PPF41Q3B,10,GYM1,75
9,UAF41Q2,10,235,68
9,EEFG1QTB,10,246,70
11,HQFC5TH,10,311,87
9,EEF85QF,10,348,89
10,HUF41,10,314,55
9,MEF41QT,10,205,55
11,HUF41QG,10,334A,88
10,SWF41QW,10,328B,77
9,MEF41QG,10,205,75
10,MGF41QQF,10,211,78
9,MEF41HG,10,205,95
10,EEFG5H,10,346,94
10,EEFG5,10,346,84
10,HUF41,10,324,45
10,PPF41Q2B,10,GYM1,95
10,UAF41H3,10,235,92
9,MKF41H,10,322,93
9,FSFC5H,10,113,90
9,HUF41QG,10,334A,82
10,EEFG5QH,10,331,88
11,PPF41Q2G,10,GYM2,100
11,UAF85H3,10,235,92
9,MEF41H,10,104,92
9,HGF82QTD,10,315,65
9,SDF41H,10,247,90
9,MGF41H,10,207,92
9,EEFG1QB,10,334B,70
9,FLFC1HHB,10,122,99
9,FMFC1H,10,115,93
9,FMFC1H,10,115,90
10,PPF41Q2G,10,GYM2,95
10,UAF41H3,10,235,97
9,MGF41,10,219,84
9,SLF41HB,10,341,90
10,HUF41,10,314,82
9,SLF85QG,10,332,82
12,EEF85QF,10,348,45
10,FSFC9,10,114,70
10,SCF41,10,139,82
11,FFFC5,10,111,79
9,SWF41QW,10,328B,45
11,EEFG9,10,347,68
9,MEF41,10,104,66
10,EEFG5H,10,330,90
9,HGF82QWD,10,329B,79
10,EEFG5,10,330,87
11,FSFC5,10,113,70
12,MRF41QGF,10,208,75
9,UAF41Q3,10,235,65
9,FSFC1,10,125,55
10,HUF41H,10,324,93
11,FSFC5,10,113,75
11,FFFC5,10,111,83
11,HQFC5TH,10,311,93
9,HGF82QQD,10,323,77
9,SLF41H,10,338,95
11,EEFG9QTR,10,350,75
11,AUFC5UAT,10,232,84
10,PPF41Q3B,10,GYM1,95
11,SEF41,10,313,74
9,MEF41QT,10,205,80
9,EEFG1QB,10,349,79
9,ESFG1QFB,10,146,65
9,HGF82QWD,10,329B,73
9,MEF41,10,203,55
11,FFFC5,10,111,78
10,EEFG9QTR,10,350,45
9,FFFC9,10,111,81
11,FSFC9,10,114,86
10,PPF41Q3B,10,GYM3,80
10,UAF41Q2,10,235,83
9,PPF41Q2G,10,GYM2,85
9,PPF41Q3G,10,GYM2,75
11,PPF41Q3G,10,GYM2,100
11,UAF41H2,10,235,98
9,EEFG1QB,10,334B,75
10,SCF41,10,139,79
11,HQFC5TH,10,311,95
11,HQFC5TH,10,311,98
10,UAF41Q3,10,235,71
9,FMFC1,10,115,86
11,SHFC3TM,10,248,95
10,HUF41,10,314,82
9,EEFG1QB,10,349,76
11,PPF41Q3G,10,GYM2,85
9,MEF41QT,10,205,45
9,FLFC1QHB,10,122,83
11,AWF81,10,222,81
9,FMFC1H,10,115,90
9,SCF41QB,10,141,72
9,MGF41,10,219,55
11,HQFC5TH,10,311,93
10,EEFGDHF,10,126,94
9,MKF41,10,322,85
11,HQFC5TH,10,311,93
9,MGF41H,10,219,90
11,FMFC5H,10,215,94
9,FMFC5,10,215,71
9,MKF41,10,322,86
9,EEFG1QB,10,349,86
10,EEFGDQF,10,126,68
10,EEFG5,10,346,84
9,ESFG1QFB,10,146,79
9,EEFGDHF,10,126,94
9,MEF41,10,203,69
9,HGF82QQD,10,323,65
9,HGF82QGD,10,315,75
9,SLF85QT,10,332,45
11,PPF41Q3B,10,GYM1,75
9,FSFC1,10,125,66
9,HUF41H,10,324,93
10,SCF41,10,139,83
12,EEF85HF,10,348,94
11,AUFC5UAT,10,232,90
12,MRF41QTF,10,208,76
9,HGF82HGD,10,315,96
10,HUF41H,10,324,97
10,SCF41,10,139,65
9,SKF41QW,10,229,86
10,HUF41,10,314,65
11,EEFG9QGR,10,350,84
9,HQFC1TH,10,326,73
11,FSFC9,10,114,83
11,SKF41QW,10,229,85
10,EEFG5QH,10,331,82
11,PPF41Q2G,10,GYM2,90
11,UAF41Q3,10,235,88
9,SCF41QB,10,141,81
9,SLF41H,10,338,99
9,SLF85HG,10,332,90
11,FMFC5H,10,215,100
10,EEFG5QH,10,331,86
9,MKF41,10,322,80
9,UAF41Q2,10,235,65
9,EEFG1HGB,10,246,100
11,SCF41,10,139,55
10,HQFC1TH,10,326,93
11,AUFC5UAT,10,232,92
10,EEFG5H,10,330,92
10,MGF41H,10,207,100
9,SDF41,10,247,84
11,EEFG9QTR,10,350,76
10,EEFG5QH,10,331,88
9,EEFG5QT,10,250,71
10,FMFC5H,10,215,100
11,SEF41H,10,313,94
9,SLF41,10,338,65
9,SLF41H,10,338,98
9,SLF41,10,338,81
10,AUFC5UAT,10,232,70
11,MRF41HGF,10,208,95
11,UAF41Q2,10,235,84
11,UAF41Q3,10,235,65
11,AUFC5UAT,10,232,94
9,EEFG1HGB,10,246,95
11,MRF41HQF,10,225,97
9,SLF41H,10,338,99
9,SLF41HGB,10,231,95
10,HUF41QT,10,334A,80
11,PPF41Q2G,10,GYM2,100
12,EEF85HF,10,348,97
10,EEFG5QG,10,250,85
10,EEFGDQF,10,126,90
11,PPF41Q2B,10,GYM3,45
11,PPF41Q2B,10,GYM3,98
9,AWF81H,10,222,95
10,EEFGDHF,10,126,98
9,MEF41,10,104,87
11,FSFC9H,10,114,97
11,FMFC5H,10,215,100
12,EEF85HF,10,348,97
9,SLF85HT,10,332,92
9,MEF41QG,10,205,82
11,MRF41QQF,10,225,45
10,MRF41HQF,10,225,90
9,SCF41QB,10,141,84
9,HGF82QQD,10,323,88
9,MEF41,10,104,65
10,HUF41HG,10,334A,94
10,SHFC3TM,10,248,85
9,EEFG1QB,10,349,81
9,FKFC1H,10,124,99
11,MRF41QQF,10,225,81
11,AUFC5UAT,10,232,89
10,EEFGDQF,10,126,86
10,MGF41,10,219,87
11,HUF41,10,314,73
10,EEFG5H,10,330,91
9,PPF41Q2B,10,GYM1,45
9,PPF41Q3B,10,GYM1,45
10,EEFG5QG,10,250,85
10,SHFC3TM,10,248,100
11,HQFC5TH,10,311,90
10,EEFG5QH,10,331,85
9,FMFC1,10,115,55
10,PPF41Q3G,10,GYM2,100
10,UAF41H2,10,235,94
9,MEF41QT,10,205,69
10,UAF41H2,10,235,90
11,MRF41QQF,10,225,74
9,SLF41H,10,338,92
11,EEFG9,10,347,80
10,FMFC5H,10,215,100
11,HQFC5TH,10,311,83
9,SLF41QB,10,341,82
10,PPF41Q3G,10,GYM2,100
9,EEFG1QB,10,349,88
10,MRF41QQF,10,225,74
10,HUF41H,10,324,94
9,EEFG1QB,10,334B,82
10,MGF41,10,219,78
10,HQFC1TH,10,326,94
10,EEFG5H,10,330,90
9,ESFG1QFB,10,146,79
9,EEFGDQF,10,126,88
10,MGF41QQF,10,211,77
9,EEFGDQF,10,126,71
10,PPF41Q2B,10,GYM3,98
10,PPF41Q3B,10,GYM1,90
9,SCF41QB,10,141,73
11,FFFC5H,10,111,91
10,HGF82QQD,10,323,80
11,MRF41QGF,10,208,75
12,PPF41Q2B,10,GYM1,80
9,FMFC1H,10,115,98
11,FMFC5H,10,215,100
10,MRF41HGF,10,208,100
9,AWF81H,10,222,97
10,HUF41H,10,314,92
10,PPF41Q3G,10,GYM2,90
10,EEFG5QH,10,331,77
9,AWF81H,10,222,98
11,EEFG9,10,347,85
9,MGF41,10,219,80
9,EEFG1QB,10,349,83
10,FMFC5,10,215,45
9,MEF41,10,203,74
10,SHFC3TM,10,248,80
9,SLF41QGB,10,231,55
9,PPF41Q3G,10,GYM2,100
9,MEF41,10,203,55
9,EEFG1QB,10,334B,65
