Grade,Course,Section,Period,Room,Mark1
12,GLFGGH,1,1,334B,94
12,GLFGGH,1,1,334B,96
9,MQFGGHQT,1,1,214,95
10,GLFG8H,1,1,334B,96
10,GLFG8H,1,1,334B,93
11,GLFGC,1,1,334B,72
10,GLFG8H,1,1,334B,97
10,GLFG8H,1,1,334B,94
10,MQFG8HQT,1,1,214,90
11,MQFGCHQT,1,1,214,90
10,MQFG8HQT,1,1,214,99
10,MQFG8QQT,1,1,214,65
11,GLFGCH,1,1,334B,94
9,MQFG8HQT,1,1,214,99
12,GLFGCH,1,1,334B,96
12,MQFGCHQT,1,1,214,90
11,GLFGCH,1,1,334B,95
10,MQFG8HQT,1,1,214,99
10,MQFG8HQT,1,1,214,99
11,MQFGCHQT,1,1,214,99
11,GLFGCH,1,1,334B,95
12,MQFGCHQT,1,1,214,99
12,MQFGCHQT,1,1,214,95
12,MQFGCHQT,1,1,214,99
12,GLFGCH,1,1,334B,94
12,GLFGCH,1,1,334B,95
10,MQFG8HQT,1,1,214,99
9,MQFGCHQT,1,1,214,95
10,MQFG8QQT,1,1,214,65
10,GLFG8H,1,1,334B,99
12,MQFGGHQT,1,1,214,95
12,MQFGCHQT,1,1,214,99
9,MQFG4HQT,1,1,214,90
12,MQFGCQQT,1,1,214,65
11,GLFGCH,1,1,334B,94
10,MQFG8HQT,1,1,214,90
10,MQFG8HQT,1,1,214,99
12,GLFGCH,1,1,334B,99
12,GLFGG,1,1,334B,82
10,MQFG8HQT,1,1,214,99
12,GLFGG,1,1,334B,89
12,GLFGG,1,1,334B,87
11,MQFGCHQT,1,1,214,95
12,GLFGGH,1,1,334B,96
12,GLFGG,1,1,334B,82
10,GLFG8H,1,1,334B,98
12,GLFGG,1,1,334B,86
10,GLFG8H,1,1,334B,96
12,GLFGC,1,1,334B,89
10,MQFG8HQT,1,1,214,95
9,MQFG4HQT,1,1,214,95
12,GLFGGH,1,1,334B,92
10,MQFGCHQT,1,1,214,90
12,GLFGG,1,1,334B,80
12,GLFGG,1,1,334B,80
11,MQFGCHQT,1,1,214,99
12,MQFGCHQT,1,1,214,90
11,MQFGCHQT,1,1,214,90
12,GLFGGH,1,1,334B,93
10,GLFG8,1,1,334B,87
11,MQFGCHQT,1,1,214,99
10,MQFG8HQT,1,1,214,99
12,MQFGCHQT,1,1,214,99
11,MQFG8HQT,1,1,214,90
10,MQFG8HQT,1,1,214,99
11,GLFGC,1,1,334B,89
10,GLFG8H,1,1,334B,94
11,GLFGCH,1,1,334B,97
12,GLFGGH,1,1,334B,94
11,MQFGCHQT,1,1,214,95
12,EEF88QG,2,2,348,79
10,MRF44,1,2,104,84
9,FSFC8,1,2,113,86
11,EEF22C,1,2,350,66
11,EEF22C,1,2,350,97
9,SLF88QQ2,1,2,247,65
9,MRF44,1,2,104,70
9,HUF44QWD,1,2,326,75
12,BCF44T,31,2,204,87
12,PGF44Q2C,1,2,GYM1,100
9,PGF44Q2C,1,2,GYM1,75
9,SLF88QQ3,1,2,247,88
12,EEF44U,2,2,347,80
9,EEFG4H,3,2,126,90
11,EEF88QG,1,2,146,77
9,SLF44,1,2,338,75
11,FJFCCU,1,2,124,100
12,EEFGGQQC,1,2,250,84
9,MKF44,1,2,322,88
9,HGF87QTD,1,2,334A,81
12,FMF44UQX,1,2,116,88
9,PPF44Q2B,1,2,GYM3,65
9,PPF44Q3B,1,2,GYM3,65
9,HGF87HTD,5,2,314,92
9,EEFG4HH,2,2,346,93
9,EEFG4H,3,2,126,92
9,EEFG4QH,2,2,346,89
10,SPF44,1,2,229,83
12,EEFGGHQC,1,2,250,95
11,PPF44Q2G,2,2,GYM2,97
11,PPF44Q3G,2,2,GYM2,95
11,FSFCCU,1,2,115,65
11,FSF44UQX,1,2,123,100
11,ULFC4TP,1,2,B39,91
9,EEF88QG,2,2,348,84
9,PHF44Q3,1,2,B17,80
9,PPF44Q2G,1,2,GYM2,75
9,HBF22U,1,2,311,94
9,EEF88QG,1,2,146,65
9,UAF44Q3,1,2,B27,65
10,FSFC8,2,2,125,72
12,SHF88U,1,2,327,75
9,PPF44Q2G,2,2,GYM2,95
9,PPF44Q3G,1,2,GYM2,100
11,MRF44,2,2,107,80
9,MEF44HG,1,2,208,94
9,SCF44,1,2,141,80
9,PPF44Q2B,2,2,GYM3,95
9,PPF44Q3B,1,2,GYM3,100
11,FSF44UQX,1,2,123,65
9,MKF44,1,2,322,85
9,EEFG4HG,7,2,246,94
9,FSFC8,2,2,125,76
11,FSFCCU,1,2,115,85
9,EEFG4HH,2,2,346,96
9,PGF44Q3C,1,2,GYM1,90
9,PPF44Q2G,2,2,GYM2,85
9,HGF87XHD,1,2,325,82
10,EEF88QG,1,2,146,86
10,SCF44QT,1,2,139,65
12,ULFC4TP,1,2,B39,83
10,FSFC8,1,2,113,80
12,MQF44QQY,2,2,204A,100
10,PPF44Q3B,2,2,GYM3,90
10,UAF44H2,1,2,B27,98
9,MEF44,1,2,219,65
9,PPF44Q3G,2,2,GYM2,85
9,UAF44Q2,1,2,B27,65
9,SLF44,1,2,338,83
9,MEF44,1,2,219,65
12,HBF22U,1,2,311,95
10,PPF44Q2G,1,2,GYM2,65
10,SLF88QQ3,1,2,247,65
10,SLF88QQ2,1,2,247,78
10,UAF44Q3,1,2,B27,65
12,FQF44QQY,2,2,216,84
10,HUF44UQX,1,2,333,96
9,MRF44,2,2,107,88
11,EEF88HG,2,2,348,99
11,FJFCCU,1,2,124,72
9,SHF82H,1,2,228,100
11,FSF44UQX,1,2,123,65
10,EEF88,1,2,334B,70
10,FSFC8,2,2,125,80
9,SHFC2TM,1,2,149,85
9,PPF44Q2G,2,2,GYM2,100
9,PPF44Q3G,1,2,GYM2,100
9,SHF82H,1,2,228,100
9,SHFC2TM,1,2,149,100
9,SLF88QQ2,1,2,247,65
9,UAF44Q3,1,2,B27,65
9,EEF88,1,2,334B,71
10,FSFC8,2,2,125,70
9,PPF44Q2G,1,2,GYM2,100
9,PPF44Q3G,2,2,GYM2,97
9,HGF87QQD,7,2,313,88
10,SPF44H,1,2,229,95
12,FJFCCU,1,2,124,94
11,ULFC4TP,1,2,B39,67
10,HUF44QT,1,2,316,77
10,SCF44,1,2,141,83
10,SCF44,1,2,141,86
9,EEFG4,3,2,126,65
12,EEF44U,2,2,347,87
10,PPF44Q2G,1,2,GYM2,90
10,UAF44H3,1,2,B27,100
10,MRF44,1,2,104,65
10,HFF44QQB,1,2,315,86
9,SHFC2TM,1,2,149,95
12,BCF44T,21,2,204,65
12,PGF44Q3C,1,2,GYM1,75
10,EEF88HG,1,2,146,93
9,MRF44,1,2,104,75
9,PGF44Q2C,1,2,GYM1,75
9,PGF44Q3C,1,2,GYM1,75
9,HGF87XHD,1,2,325,92
9,PGF44Q3C,1,2,GYM1,75
9,SLF88QQ2,1,2,247,70
9,FSFC8,2,2,125,82
9,MKF44,1,2,322,88
12,FSFCCU,1,2,115,70
9,HGF87QQD,7,2,313,78
10,HFF44QQB,1,2,315,65
10,SPF44H,1,2,229,96
9,PPF44Q2B,2,2,GYM3,85
9,UAF44Q3,1,2,B27,70
10,SCF44QG,1,2,139,85
9,SHF82,1,2,228,65
9,PPF44Q2G,1,2,GYM2,100
9,PPF44Q3G,2,2,GYM2,98
10,PPF44Q2B,2,2,GYM3,85
10,SLF88QQ3,1,2,247,72
9,MEF44QG,1,2,208,80
11,MQF22C,1,2,207,95
9,SHFC2TM,1,2,149,65
11,SCF44QT,1,2,139,65
10,PPF44Q2G,1,2,GYM2,100
10,UAF44H3,1,2,B27,100
9,SLF44,1,2,338,77
11,MRF44,1,2,104,80
9,HGF87QQD,7,2,313,66
10,HUF44QWD,1,2,326,80
10,HUF44UQX,1,2,333,96
11,FJFCCU,1,2,124,72
10,MQF44QWF,1,2,221,65
12,UAF88H3,1,2,B27,100
11,HUF44QG,1,2,316,65
9,MKF44,1,2,322,85
12,PPF44Q2G,1,2,GYM2,100
12,PPF44Q3G,2,2,GYM2,100
12,PGF44Q2C,1,2,GYM1,90
12,PGF44Q3C,1,2,GYM1,90
9,FKFC4,1,2,114,70
9,HFF44QQB,1,2,315,83
12,BCF44T,21,2,204,72
10,UAF44Q2,1,2,B27,70
9,EEF88QG,1,2,146,81
10,SLF88QQ3,1,2,247,65
9,MEF44,1,2,219,88
10,EEF88QG,2,2,348,84
12,EEF44U,2,2,347,95
11,FSFCCU,1,2,115,90
11,SPF44H,1,2,229,96
9,HFF44QQB,1,2,315,66
9,EEFG4,3,2,126,75
12,FSF44UQX,1,2,123,65
10,ULFC4TP,1,2,B39,65
9,SHFC2TM,1,2,149,90
11,SPF44H,1,2,229,96
9,SHFC2TM,1,2,149,65
12,EEF22C,1,2,350,80
10,EEF88H,1,2,334B,90
9,FSFC8,1,2,113,78
9,SLF88QQ3,1,2,247,71
9,UAF44Q2,1,2,B27,69
10,PPF44Q2B,2,2,GYM3,80
10,PPF44Q3B,2,2,GYM3,80
12,SRF22U,1,2,341,85
9,PHF44Q3,1,2,B17,82
9,PPF44Q2G,1,2,GYM2,80
9,UAF44Q2,1,2,B27,69
9,UAF44Q3,1,2,B27,70
9,MRF44,2,2,107,65
9,EEFG4,3,2,126,81
9,SLF44QW,1,2,328B,74
10,PPF44Q2G,1,2,GYM2,100
10,PPF44Q3G,1,2,GYM2,100
12,FJFGG,1,2,124,67
9,HGF87QQD,1,2,321,65
10,FSFC8,2,2,125,83
9,MEF44H,1,2,219,90
12,BCF44T,21,2,204,94
12,PPF44Q3G,2,2,GYM2,100
9,MEF44QG,1,2,208,88
10,FSFC8,2,2,125,75
9,HGF87QTD,1,2,334A,74
12,EEFGGQQC,1,2,250,65
9,SLF44,1,2,338,82
11,FMF44UQX,1,2,116,95
9,PPF44Q2B,1,2,GYM3,77
9,PPF44Q3B,2,2,GYM3,90
10,EEF22C,1,2,350,65
9,SLF44,1,2,338,76
9,SLF44,1,2,338,73
9,HGF87QQD,7,2,313,84
11,EEFGGQQC,1,2,250,65
10,PPF44Q2G,2,2,GYM2,100
10,PPF44Q3G,2,2,GYM2,100
9,HGF87QTD,1,2,334A,70
9,EEFG4HH,2,2,346,90
9,FSFC8H,1,2,113,92
11,PGF44Q2C,1,2,GYM1,100
11,SLF88QQ3,1,2,247,68
10,MRF44,1,2,104,68
9,HGF87HQD,7,2,313,90
10,EEF88QG,2,2,348,79
9,PHF44H2,1,2,B17,97
9,PPF44Q3G,2,2,GYM2,95
9,FSFC8H,1,2,113,92
12,FSFCCU,1,2,115,80
11,EEF22C,1,2,350,65
9,SLF44HG,1,2,231,93
10,PPF44Q2B,2,2,GYM3,65
10,SLF88QQ3,1,2,247,66
9,HGF87QQD,1,2,321,75
9,MEF44HT,1,2,208,95
10,PPF44Q2G,2,2,GYM2,95
10,UAF44H3,1,2,B27,100
9,PHF44Q2,1,2,B17,65
9,PPF44Q3B,2,2,GYM3,90
10,MRF44,2,2,107,85
11,SCF44QT,1,2,139,65
10,SCF44QT,1,2,139,65
11,ULFC4TP,1,2,B39,65
12,PGF44Q3C,1,2,GYM1,100
11,MQF44QWF,1,2,221,80
9,HGF87QTD,1,2,334A,66
11,FSF44UQX,1,2,123,98
9,SLF44QG,1,2,231,82
12,FSF44UQX,1,2,123,100
11,SLF88QQ3,1,2,247,73
11,UAF88Q2,1,2,B27,80
9,EEFG4H,3,2,126,90
9,MEF44,1,2,219,70
10,EEF88,1,2,334B,80
9,FKFC4H,1,2,114,100
12,MPF22U,1,2,205,74
12,SDF88TV,1,2,332,90
10,PPF44Q2B,1,2,GYM3,100
10,PPF44Q3B,1,2,GYM3,100
12,BCF44T,21,2,204,95
12,PPF44Q3G,2,2,GYM2,90
10,BCF44T,31,2,204,100
10,PPF44Q2B,2,2,GYM3,95
12,BCF44T,21,2,204,78
9,EEF88QG,1,2,146,88
9,MKF44H,1,2,322,91
9,SCF44H,2,2,138,93
9,SLF44QW,1,2,328B,85
11,FLFCCU,1,2,121,86
9,SCF44H,2,2,138,97
12,EEF44U,2,2,347,80
11,PGF44Q2C,1,2,GYM1,95
11,PGF44Q3C,1,2,GYM1,98
11,EEF84QFT,1,2,331,85
12,SRF22U,1,2,341,98
10,HFF44QQB,1,2,315,71
12,SDF88TV,1,2,332,100
12,AQF44QQY,2,2,216,86
12,EEF44U,2,2,347,87
9,SHF82H,1,2,228,91
9,SLF44QW,1,2,328B,67
10,EEF88QG,2,2,348,65
9,SCF44,1,2,141,87
9,PGF44Q2C,1,2,GYM1,98
9,PHF44H3,1,2,B17,97
9,SHFC2TM,1,2,149,65
9,HGF87QQD,7,2,313,80
11,FJFCCU,1,2,124,99
12,PPF44Q2G,2,2,GYM2,78
10,PGF44Q2C,1,2,GYM1,90
10,PGF44Q3C,1,2,GYM1,90
9,HGF87XHD,1,2,325,84
12,EEF44U,1,2,349,95
10,PPF44Q2B,1,2,GYM3,100
10,PPF44Q3B,1,2,GYM3,100
12,BCF44T,21,2,204,90
12,PPF44Q3G,1,2,GYM2,100
9,HGF87HGD,1,2,334A,95
10,HUF44UQX,1,2,333,100
9,EEFG4HH,2,2,346,92
9,MEF44HG,1,2,208,93
9,HGF87HGD,1,2,334A,95
9,HGF87QQD,7,2,313,82
12,HQF44QQY,2,2,317,96
10,HUF44QG,1,2,316,75
11,PPF44Q3G,2,2,GYM2,85
11,UAF88H2,1,2,B27,90
9,MEF44,1,2,219,70
11,FJFCCU,1,2,124,98
9,PPF44Q2G,2,2,GYM2,98
9,PPF44Q3G,2,2,GYM2,97
11,SPF44H,1,2,229,98
11,EEF84QF,1,2,331,83
9,EEF84HF,1,2,331,92
12,HQF44QQY,2,2,317,96
12,FMF44UQX,1,2,116,70
11,FSF44UQX,1,2,123,100
12,SRF22U,1,2,341,78
12,EEF44U,2,2,347,80
12,FMF44UQX,1,2,116,98
11,MRF44H,1,2,104,92
10,FJFCCU,1,2,124,75
10,EEF84QF,1,2,331,87
11,EEF84QF,1,2,331,65
9,PHF44Q2,1,2,B17,89
9,PPF44Q3B,1,2,GYM3,92
9,SHFC2TM,1,2,149,65
10,HUF44UQX,1,2,333,96
11,FLFCCU,1,2,121,96
9,EEFG4HG,7,2,246,96
9,SLF44HG,1,2,231,99
10,EEF84HF,1,2,331,94
9,PPF44Q2B,1,2,GYM3,85
9,PPF44Q3B,2,2,GYM3,90
11,EEFGGQQC,1,2,250,82
11,FLFCCU,1,2,121,100
9,EEFG4,3,2,126,65
10,FSFC8,2,2,125,78
11,UQF44QQY,2,2,216,91
9,MEF44QT,1,2,208,68
10,HFF44QQB,1,2,315,79
12,EEF44U,1,2,349,92
10,MRF44H,2,2,107,91
11,FJFCCU,1,2,124,91
12,FSF44UQX,1,2,123,100
10,HFF44QQB,1,2,315,75
11,SHFC2TM,1,2,149,70
9,EEF88QG,1,2,146,86
11,SPF44H,1,2,229,94
9,MKF44,1,2,322,85
10,MRF44,1,2,104,68
9,FKFC4H,1,2,114,98
9,FKFC4H,1,2,114,99
12,BCF44T,21,2,204,81
12,PPF44Q3B,2,2,GYM3,90
10,MRF44H,2,2,107,93
12,BCF44T,31,2,204,67
12,PGF44Q2C,1,2,GYM1,90
9,SLF44H,1,2,338,95
12,AUFCCTA,1,2,232,100
10,PPF44Q2G,2,2,GYM2,97
10,PPF44Q3G,2,2,GYM2,100
12,AUFCCTA,1,2,232,98
11,FLFCCU,1,2,121,95
10,SCF44,2,2,138,86
11,HUF44QG,1,2,316,65
10,BCF44T,21,2,204,94
10,PPF44Q3B,1,2,GYM3,100
9,HGF87QGD,1,2,334A,70
12,SHF88U,1,2,327,75
9,HGF87XHD,1,2,325,93
10,BCF44T,31,2,204,95
10,PPF44Q2B,1,2,GYM3,100
12,AUFCCTA,1,2,232,90
9,SLF44QG,1,2,231,81
9,EEF88,1,2,334B,65
10,HUF44QG,1,2,316,75
10,SCF44,1,2,141,84
12,HBF22U,1,2,311,93
9,SHF82H,1,2,228,90
9,EEF88QG,2,2,348,65
9,SHF82H,1,2,228,96
11,HFF44QQB,1,2,315,71
9,HGF87QTD,5,2,314,68
10,FSFCCU,1,2,115,67
12,EEF44U,2,2,347,93
12,EEF44U,2,2,347,94
9,MRF44H,2,2,107,96
12,BCF44T,31,2,204,80
12,PPF44Q2B,2,2,GYM3,95
10,PPF44Q2B,1,2,GYM3,100
10,PPF44Q3B,2,2,GYM3,90
9,PPF44Q2G,1,2,GYM2,65
9,PPF44Q3G,1,2,GYM2,65
9,SCF44H,2,2,138,93
10,FSFCCU,1,2,115,75
12,EEF44U,1,2,349,92
9,PPF44Q2B,1,2,GYM3,100
9,UAF44Q3,1,2,B27,80
9,HGF87HGD,1,2,334A,95
10,PPF44Q2B,2,2,GYM3,90
10,UAF44Q3,1,2,B27,80
9,MEF44,1,2,219,80
12,AUFCCTA,1,2,232,85
9,SHF82H,1,2,228,94
11,EEF22C,1,2,350,88
12,MPF22U,1,2,205,82
10,ULFC4TP,1,2,B39,100
12,PPF44Q2B,2,2,GYM3,90
12,FSF44UQX,1,2,123,92
10,BCF44T,31,2,204,100
10,PPF44Q2B,2,2,GYM3,90
9,EEF84QF,1,2,331,80
10,MRF44,2,2,107,82
11,SRF22U,1,2,341,80
12,EEF44U,2,2,347,84
9,PPF44Q2B,2,2,GYM3,95
9,PPF44Q3B,1,2,GYM3,67
11,SRF22U,1,2,341,92
9,HGF87HGD,1,2,334A,90
10,HUF44UQX,1,2,333,97
10,SCF44,2,2,138,70
12,SRF22U,1,2,341,78
10,SCF44QG,1,2,139,80
9,HGF87QQD,1,2,321,70
12,EEFGGQQC,1,2,250,75
10,SCF44QG,1,2,139,65
9,PPF44Q2B,1,2,GYM3,100
9,PPF44Q3B,2,2,GYM3,90
11,MRF44,1,2,104,86
9,PHF44Q2,1,2,B17,80
9,PPF44Q3B,1,2,GYM3,92
ST,EEF88QT,2,2,348,84
11,MQF44QWF,1,2,221,67
10,EEF88,1,2,334B,80
9,PHF44H3,1,2,B17,90
9,PPF44Q2B,2,2,GYM3,95
11,PPF44Q3B,2,2,GYM3,85
11,UAF88Q2,1,2,B27,80
11,MQF44HWF,1,2,221,90
9,FSFC8H,2,2,125,95
10,PPF44Q2G,1,2,GYM2,95
10,PPF44Q3G,1,2,GYM2,90
11,PPF44Q2G,1,2,GYM2,85
11,UAF88H3,1,2,B27,95
9,HGF87XHD,1,2,325,83
9,FSFC8,1,2,113,78
12,SDF88TV,1,2,332,100
11,SPF44H,1,2,229,100
9,SLF44,1,2,338,65
9,FSFC8H,1,2,113,100
9,PHF44Q2,1,2,B17,68
9,PPF44Q3G,2,2,GYM2,80
9,SLF44QT,1,2,231,73
9,MRF44,1,2,104,80
12,ULFC4TP,1,2,B39,95
11,SCF44QT,1,2,139,65
11,FSFC8,1,2,113,70
10,HFF44QQB,1,2,315,79
9,SHFC2TM,1,2,149,90
9,MEF44HG,1,2,208,97
12,MQF44HWF,1,2,221,90
9,EEFG4HH,2,2,346,91
11,EEFGGQQC,1,2,250,88
11,HUF44QG,1,2,316,84
10,SCF44,1,2,141,68
12,FLFCCU,1,2,121,87
12,SDF88TV,1,2,332,65
12,PPF44Q2G,2,2,GYM2,85
9,HGF87HQD,1,2,321,96
10,PPF44Q3G,2,2,GYM2,97
10,UAF44H2,1,2,B27,90
11,MQF44QWF,1,2,221,80
9,PPF44Q3B,1,2,GYM3,65
9,UAF44Q2,1,2,B27,70
10,MRF44,1,2,104,80
10,FSFC8,1,2,113,80
12,SDF88TV,1,2,332,100
11,EEFGGQQC,1,2,250,79
10,HUF44QG,1,2,316,70
9,PHF44Q2,1,2,B17,88
9,PPF44Q3G,1,2,GYM2,75
11,EEFGGQQC,1,2,250,67
9,HGF87QQD,1,2,321,65
10,PPF44Q2B,1,2,GYM3,65
10,UAF44Q3,1,2,B27,80
9,MRF44,2,2,107,89
9,MRF44H,2,2,107,97
9,MRF44,2,2,107,89
11,ULFC4TP,1,2,B39,100
10,FJFCCU,1,2,124,68
12,EEF44U,2,2,347,90
11,PPF44Q3G,1,2,GYM2,65
11,PQF44Q2Y,2,2,251,100
12,HQF44QQY,2,2,317,96
9,HFF44QQB,1,2,315,65
9,PGF44Q2C,1,2,GYM1,65
9,PHF44Q3,1,2,B17,72
11,SRF22U,1,2,341,84
12,SHF88U,1,2,327,90
12,ULFC4TP,1,2,B39,100
12,MPF22U,1,2,205,77
11,EEF84QFT,1,2,331,65
12,FSFCCU,1,2,115,91
9,PPF44Q2G,1,2,GYM2,95
9,PPF44Q3G,2,2,GYM2,97
10,EEF88QT,2,2,348,73
9,SHF82,1,2,228,65
11,EEFGGQQC,1,2,250,65
12,AUFCCTA,1,2,232,65
11,BCF44T,21,2,204,65
11,PGF44Q3C,1,2,GYM1,65
11,FSFCCU,1,2,115,70
11,PGF44Q2C,1,2,GYM1,65
11,PGF44Q3C,1,2,GYM1,65
12,SHF88U,1,2,327,70
10,MRF44H,2,2,107,93
12,EEF44U,2,2,347,98
11,FLFCCU,1,2,121,90
9,SHF82,1,2,228,85
9,SLF44,1,2,338,77
9,HGF87QQD,1,2,321,87
9,EEFG4QT,7,2,246,65
10,ULFC4TP,1,2,B39,100
11,UAF88Q3,1,2,B27,80
9,PHF44H2,1,2,B17,95
9,PPF44Q3G,1,2,GYM2,80
11,PGF44Q3C,1,2,GYM1,80
11,SLF88QQ2,1,2,247,80
10,PPF44Q3G,2,2,GYM2,97
10,SCF44,2,2,138,87
9,PPF44Q2G,2,2,GYM2,100
9,PPF44Q3G,2,2,GYM2,100
9,PHF44Q3,1,2,B17,65
9,PPF44Q2G,1,2,GYM2,65
9,MRF44H,2,2,107,93
10,UAF44Q3,1,2,B27,70
12,MQF22C,1,2,207,78
11,SPF44H,1,2,229,95
9,SHFC2TM,1,2,149,100
10,HUF44QWD,1,2,326,80
10,EEF88,1,2,334B,87
12,PPF44Q3B,1,2,GYM3,82
9,SLF44,1,2,338,73
9,EEF88QG,1,2,146,65
9,MKF44,1,2,322,88
9,HUF44QT,1,2,316,65
10,SCF44QG,1,2,139,65
11,FSFCCU,1,2,115,85
11,FLFCCU,1,2,121,86
9,SLF88QQ2,1,2,247,65
9,UAF44Q3,1,2,B27,65
11,SPF44,1,2,229,75
12,BCF44T,31,2,204,90
12,PPF44Q2G,1,2,GYM2,100
9,MKF44,1,2,322,65
12,PGF44Q3C,1,2,GYM1,80
12,EEF84QFT,1,2,331,70
12,SPF44H,1,2,229,98
10,HUF44HWD,1,2,326,90
10,HUF44UQX,1,2,333,100
10,PPF44Q2G,2,2,GYM2,67
10,PPF44Q3G,1,2,GYM2,65
9,EEFG4QG,7,2,246,66
9,SLF44QG,1,2,231,70
10,EEF88QG,1,2,146,88
9,MKF44,1,2,322,85
10,EEF88H,1,2,334B,90
9,PPF44Q3B,1,2,GYM3,65
9,SLF88QQ2,1,2,247,75
12,PQF44Q2Y,2,2,251,100
12,PQF44Q3Y,2,2,251,100
11,HFF44QQB,1,2,315,75
12,EQF44QQY,2,2,328,100
9,EEF84QFT,1,2,331,75
11,PGF44Q2C,1,2,GYM1,95
9,EEFG4QT,7,2,246,82
9,MEF44HG,1,2,208,93
12,MQF22C,1,2,207,95
9,PPF44Q3B,2,2,GYM3,65
12,SLF88QQ3,1,2,247,73
9,PPF44Q2G,2,2,GYM2,97
9,PPF44Q3G,2,2,GYM2,98
10,EEF88QT,1,2,146,81
11,FSFCCU,1,2,115,83
12,FLFCCU,1,2,121,92
9,SLF44QW,1,2,328B,66
9,EEFG4HT,7,2,246,92
9,PPF44Q3B,1,2,GYM3,85
9,UAF44H2,1,2,B27,100
9,HGF87XHD,1,2,325,92
9,FSFC8,2,2,125,65
11,FMF44UQX,1,2,116,100
11,FJFCCU,1,2,124,81
9,HGF87HQD,7,2,313,90
9,EEFG4HT,7,2,246,92
9,PPF44Q2B,2,2,GYM3,100
9,PPF44Q3B,2,2,GYM3,100
10,SCF44,2,2,138,77
12,MQF44QQY,2,2,204A,100
11,EEFGGQQC,1,2,250,73
9,HGF87QTD,5,2,314,65
9,HGF87QGD,5,2,314,65
11,PPF44Q2B,2,2,GYM3,95
11,PPF44Q3B,1,2,GYM3,100
9,SLF44,1,2,338,80
9,HGF87QTD,1,2,334A,70
10,SCF44,1,2,141,75
9,SLF44QW,1,2,328B,65
9,HGF87QQD,1,2,321,65
10,HUF44UQX,1,2,333,100
10,EEF88QG,1,2,146,65
9,SHFC2TM,1,2,149,100
11,SCF44QG,1,2,139,88
9,FSFCCU,1,2,115,70
9,EEF88,1,2,334B,65
11,MQF44QWF,1,2,221,71
10,PPF44Q2B,1,2,GYM3,95
10,UAF44H3,1,2,B27,100
9,PPF44Q2G,1,2,GYM2,100
9,PPF44Q3G,1,2,GYM2,100
9,HGF87QGD,1,2,334A,65
11,EEFGGHQC,1,2,250,91
9,SLF44HT,1,2,231,95
10,HUF44UQX,1,2,333,96
11,SRF22U,1,2,341,98
9,PPF44Q2B,2,2,GYM3,95
9,PPF44Q3B,1,2,GYM3,100
10,BCF44T,31,2,204,91
10,PPF44Q2G,1,2,GYM2,100
9,EEFG4QH,2,2,346,86
9,MEF44QG,1,2,208,88
ST,EEF88QT,1,2,146,78
9,SHFC2TM,1,2,149,90
12,FSF44UQX,1,2,123,65
10,HUF44QG,1,2,316,69
11,FSFCCU,1,2,115,81
10,EEF88,1,2,334B,78
9,SLF44,1,2,338,65
12,EEF44U,2,2,347,84
12,BCF44T,31,2,204,67
12,PGF44Q2C,1,2,GYM1,70
9,HGF87XHD,1,2,325,71
9,EEFG4HG,7,2,246,90
11,SPF44,1,2,229,71
9,HGF87QQD,7,2,313,86
10,HUF44QT,1,2,316,75
9,SLF44QT,1,2,231,88
10,FSFC8,1,2,113,70
9,SLF44QG,1,2,231,79
9,HGF87XHD,1,2,325,90
10,EEF88,1,2,334B,66
12,EEF44U,1,2,349,95
10,HUF44UQX,1,2,333,83
12,BCF44T,31,2,204,88
12,PGF44Q2C,1,2,GYM1,100
12,SHF88U,1,2,327,90
9,HGF87QQD,1,2,321,83
12,FSF44UQX,1,2,123,78
9,SHF82,1,2,228,88
9,HGF87QTD,5,2,314,81
10,EEF88,1,2,334B,65
11,FJFCCU,1,2,124,99
12,HBF22U,1,2,311,82
9,FKFC4,1,2,114,65
12,MPF22U,1,2,205,97
9,FKFC4H,1,2,114,95
9,HGF87HGD,1,2,334A,97
9,SCF44H,2,2,138,92
9,SLF44QW,1,2,328B,77
9,SLF88QQ2,1,2,247,80
9,HGF87QGD,1,2,334A,85
12,HBF22U,1,2,311,92
11,UAF88Q2,1,2,B27,80
9,EEFG4QT,7,2,246,65
9,HGF87QTD,1,2,334A,78
9,PHF44Q2,1,2,B17,77
9,PPF44Q3G,2,2,GYM2,77
9,SLF44HG,1,2,231,95
12,SRF22U,1,2,341,88
12,PPF44Q3B,2,2,GYM3,95
9,EEFG4QH,2,2,346,80
10,MRF44H,2,2,107,95
10,SCF44,2,2,138,69
9,EEFG4HG,7,2,246,96
10,PPF44Q2B,2,2,GYM3,95
10,UAF44H3,1,2,B27,100
9,EEF88,1,2,334B,65
9,PHF44H3,1,2,B17,90
9,PPF44Q2G,2,2,GYM2,70
12,AUFCCTA,1,2,232,95
11,SCF44QG,1,2,139,66
10,EEF88,1,2,334B,69
10,HUF44UQX,1,2,333,80
12,HBF22U,1,2,311,87
9,EEFG4HG,7,2,246,91
12,EEFGGQQC,1,2,250,76
12,FMF44UQX,1,2,116,90
11,EEFGGQQC,1,2,250,71
12,FSF44UQX,1,2,123,80
9,EEFG4QH,2,2,346,83
9,BCF44T,31,2,204,65
9,PPF44Q2G,1,2,GYM2,75
9,MEF44QT,1,2,208,74
9,SCF44H,1,2,141,95
12,FMF44UQX,1,2,116,86
9,PPF44Q3B,1,2,GYM3,67
9,SLF88QQ2,1,2,247,65
10,EEF88,1,2,334B,70
9,MEF44HG,1,2,208,90
12,MQF22C,1,2,207,95
9,PPF44Q2G,1,2,GYM2,90
9,PPF44Q3G,1,2,GYM2,90
11,PGF44Q2C,1,2,GYM1,100
11,PPF44Q3B,2,2,GYM3,90
9,SLF44QW,1,2,328B,68
9,PPF44Q2B,2,2,GYM3,65
10,FSFC8,1,2,113,86
10,FSFC8,2,2,125,76
10,EEF88QT,1,2,146,89
12,PPF44Q3G,1,2,GYM2,90
9,EEFG4HH,2,2,346,96
12,SDF88TV,1,2,332,75
11,FSFCCU,1,2,115,80
9,HGF87XHD,1,2,325,69
9,FKFC4,1,2,114,65
12,AQF44QQY,2,2,216,91
10,SPF44H,1,2,229,97
9,HGF87HGD,5,2,314,94
9,PPF44Q2B,2,2,GYM3,95
9,PPF44Q3B,2,2,GYM3,95
10,SCF44QT,1,2,139,70
9,SLF44HG,1,2,231,97
10,SCF44QG,1,2,139,88
10,PPF44Q2B,1,2,GYM3,95
10,PPF44Q3B,1,2,GYM3,88
10,SCF44HG,1,2,139,92
12,SRF22U,1,2,341,78
9,MEF44QT,1,2,208,78
11,EEF44U,1,2,349,96
9,SCF44,1,2,141,84
9,SCF44,2,2,138,76
10,SCF44HG,1,2,139,100
10,FSFC8,1,2,113,67
12,FSFCCU,1,2,115,80
12,SDF88TV,1,2,332,100
10,SCF44H,1,2,141,92
ST,EEF88HT,2,2,348,93
11,FMF44UQX,1,2,116,100
11,EEFGGHQC,1,2,250,95
9,MQF22C,1,2,207,95
10,PPF44Q2G,1,2,GYM2,100
10,UAF44H3,1,2,B27,100
11,SRF22U,1,2,341,96
9,MRF44H,1,2,104,95
10,PPF44Q3B,2,2,GYM3,100
10,UAF44H2,1,2,B27,90
12,MPF22U,1,2,205,97
9,MKF44H,1,2,322,90
9,EEFG4H,3,2,126,91
9,HGF87QQD,7,2,313,87
12,PPF44Q3G,2,2,GYM2,85
10,BCF44T,31,2,204,77
10,PPF44Q2G,2,2,GYM2,75
12,EQF44QQY,2,2,328,65
12,FLFGG,1,2,121,75
10,PPF44Q3G,1,2,GYM2,100
10,SLF88HQ2,1,2,247,90
12,EEF84QF,1,2,331,82
9,SCF44,2,2,138,79
12,AUFCCTA,1,2,232,90
12,PPF44Q3B,2,2,GYM3,90
9,SLF44QW,1,2,328B,65
9,FKFC4,1,2,114,65
9,SLF44QW,1,2,328B,80
12,AUFCCTA,1,2,232,96
9,FKFC4,1,2,114,70
12,AUFCCTA,1,2,232,98
9,EEFG4HH,2,2,346,90
11,EEF44U,1,2,349,95
11,EEF22C,1,2,350,65
9,HGF87XHD,1,2,325,100
9,PHF44Q2,1,2,B17,70
9,PPF44Q3B,1,2,GYM3,65
11,FJFCCU,1,2,124,77
9,HGF87HQD,1,2,321,92
11,FSF44UQX,1,2,123,92
11,EEF44U,2,2,347,83
10,EEF88HG,1,2,146,93
9,PGF44Q3C,1,2,GYM1,95
9,PHF44Q2,1,2,B17,65
10,EEF88,1,2,334B,72
9,PHF44Q3,1,2,B17,80
9,PPF44Q2G,2,2,GYM2,100
10,SCF44,1,2,141,71
9,SCF44,1,2,141,73
9,MRF44H,2,2,107,95
9,SLF88QQ2,1,2,247,65
12,FQF44QQY,2,2,216,98
9,PHF44Q2,1,2,B17,86
9,PPF44Q3B,2,2,GYM3,90
9,SLF44HW,1,2,328B,90
10,HUF44QWD,1,2,326,86
9,PPF44Q2G,2,2,GYM2,100
9,PPF44Q3G,1,2,GYM2,85
9,PGF44Q3C,1,2,GYM1,75
9,PPF44Q2B,1,2,GYM3,85
10,EEF88QT,1,2,146,67
10,PPF44Q3G,1,2,GYM2,100
10,UAF44H2,1,2,B27,100
9,SCF44QG,1,2,139,88
11,FSF44UQX,1,2,123,92
12,PPF44Q3B,1,2,GYM3,88
10,HFF44QQB,1,2,315,73
11,FMF44UQX,1,2,116,95
9,EEFG4,3,2,126,85
11,AUFCCTA,1,2,232,93
9,HUF44HG,1,2,316,96
12,FMF44UQX,1,2,116,90
9,MEF44QG,1,2,208,80
9,FKFC4,1,2,114,72
12,PGF44Q3C,1,2,GYM1,100
12,UAF88H2,1,2,B27,100
12,PPF44Q3B,1,2,GYM3,78
12,PQF44Q2Y,2,2,251,100
9,ULFC4TP,1,2,B39,73
9,HGF87QQD,7,2,313,72
10,PPF44Q3B,1,2,GYM3,65
10,SLF88QQ2,1,2,247,72
10,ULFC4TP,1,2,B39,100
11,FJFCCU,1,2,124,93
9,HGF87XHD,1,2,325,86
9,SHF82H,1,2,228,91
10,PPF44Q3G,1,2,GYM2,70
10,UAF44H2,1,2,B27,90
9,PGF44Q2C,1,2,GYM1,70
9,PGF44Q3C,1,2,GYM1,75
9,SCF44,2,2,138,81
12,UQF44QQY,2,2,216,83
11,FSF44UQX,1,2,123,92
9,EEFG4,3,2,126,65
11,PPF44Q3G,2,2,GYM2,90
11,SLF88QQ2,1,2,247,78
9,FKFC4,1,2,114,65
10,EEF88QT,1,2,146,87
12,FJFCCU,1,2,124,81
9,SHFC2TM,1,2,149,80
10,PPF44Q2G,1,2,GYM2,100
10,UAF44H3,1,2,B27,100
9,FKFC4H,1,2,114,100
11,FLFCCU,1,2,121,93
10,HFF44QQB,1,2,315,81
12,HQF44QQY,2,2,317,98
12,FSF44UQX,1,2,123,95
12,SDF88TV,1,2,332,100
9,HGF87HGD,5,2,314,94
9,HGF87QGD,5,2,314,67
11,EEF44U,1,2,349,75
9,SHFC2TM,1,2,149,100
12,SDF88TV,1,2,332,100
9,EEFG4,3,2,126,65
10,HUF44QT,1,2,316,65
10,EEF88QG,1,2,146,65
9,HGF87HQD,1,2,321,92
12,SDF88TV,1,2,332,85
12,AUFCCTA,1,2,232,100
11,FSFCCU,1,2,115,80
9,EEFG4QG,7,2,246,79
10,FSFC8H,2,2,125,95
12,SDF88TV,1,2,332,85
12,SRF22U,1,2,341,96
9,MRF44H,2,2,107,95
12,HBF22U,1,2,311,99
12,MPF22U,1,2,205,99
12,FSFCCU,1,2,115,65
10,HUF44QT,1,2,316,65
9,SLF88QQ3,1,2,247,70
9,UAF44Q2,1,2,B27,75
10,BCF44T,21,2,204,95
10,PPF44Q3G,2,2,GYM2,100
12,FLFCCU,1,2,121,95
10,PPF44Q2G,1,2,GYM2,75
10,UAF44H3,1,2,B27,100
9,MEF44QG,1,2,208,85
11,SHFC2TM,1,2,149,90
11,EEFGGQQC,1,2,250,65
9,EEFG4,3,2,126,70
10,HUF44UQX,1,2,333,97
12,FSF44UQX,1,2,123,98
11,FSFCCU,1,2,115,70
12,SRF22U,1,2,341,96
12,MPF22U,1,2,205,70
10,BCF44T,31,2,204,100
10,PPF44Q2G,1,2,GYM2,100
ST,EEF88QT,2,2,348,86
10,MRF44,1,2,104,72
9,MKF44,1,2,322,65
10,EEF88,1,2,334B,82
9,PHF44Q2,1,2,B17,65
9,PPF44Q3B,2,2,GYM3,85
9,SHFC2TM,1,2,149,80
9,SLF44,1,2,338,84
11,PPF44Q2B,2,2,GYM3,70
9,SHF82H,1,2,228,100
10,HUF44UQX,1,2,333,100
12,EEF44U,2,2,347,88
9,PPF44Q2B,2,2,GYM3,95
9,UAF44H3,1,2,B27,100
10,EEF88QG,2,2,348,85
9,MEF44H,1,2,219,92
9,EEFG4HH,2,2,346,94
9,SCF44,2,2,138,85
10,MRF44H,2,2,107,90
11,SPF44H,1,2,229,99
12,BCF44T,31,2,204,90
12,PPF44Q2G,1,2,GYM2,100
10,HUF44UQX,1,2,333,95
11,SPF44,1,2,229,88
11,EEF22C,1,2,350,88
10,HUF44UQX,1,2,333,100
10,PPF44Q2G,1,2,GYM2,100
10,UAF44H3,1,2,B27,100
9,FKFC4,1,2,114,65
11,EEF44U,1,2,349,97
9,SHF82H,1,2,228,100
9,HUF44QWD,1,2,326,65
9,SLF44HG,1,2,231,98
10,FSFC8H,2,2,125,100
10,SCF44,1,2,141,89
11,SRF22U,1,2,341,98
11,PGF44Q3C,1,2,GYM1,95
11,UAF88H2,1,2,B27,90
12,FLFGG,1,2,121,65
12,MPF22U,1,2,205,94
9,HGF87QGD,5,2,314,85
11,HBF22U,1,2,311,82
12,HBF22U,1,2,311,82
11,FLFCCU,1,2,121,93
10,SPF44H,1,2,229,99
12,SRF22U,1,2,341,88
11,EEF44U,1,2,349,95
11,PGF44Q2C,1,2,GYM1,85
9,PGF44Q3C,1,2,GYM1,95
9,PHF44H2,1,2,B17,95
12,BCF44T,31,2,204,92
12,PPF44Q2B,2,2,GYM3,95
12,FMF44UQX,1,2,116,95
9,HGF87QQD,1,2,321,80
12,EQF44QQY,2,2,328,95
9,EEF22C,1,2,350,97
11,PGF44Q2C,1,2,GYM1,100
11,PGF44Q3C,1,2,GYM1,95
9,SLF44,1,2,338,71
12,PPF44Q3G,1,2,GYM2,65
12,UAF88Q2,1,2,B27,70
9,SLF44HT,1,2,231,90
9,SLF44,1,2,338,74
9,MKF44H,1,2,322,95
11,EEF22C,1,2,350,86
9,ULFC4TP,1,2,B39,100
12,FSFCCU,1,2,115,85
9,FSFC8,1,2,113,68
9,SLF44,1,2,338,71
9,HGF87XHD,1,2,325,78
9,SLF44HG,1,2,231,95
9,SHFC2TM,1,2,149,100
11,FLFCCU,1,2,121,65
9,HGF87XHD,1,2,325,85
12,FMF44UQX,1,2,116,98
9,MEF44,1,2,219,65
9,EEFG4QH,2,2,346,81
9,HGF87HGD,5,2,314,93
9,HGF87XHD,1,2,325,85
12,SDF88TV,1,2,332,80
12,EEF44U,1,2,349,65
9,MEF44H,1,2,219,96
12,MPF22U,1,2,205,91
12,PPF44Q2B,2,2,GYM3,80
9,PPF44Q2G,1,2,GYM2,100
9,PPF44Q3G,2,2,GYM2,100
9,PHF44Q3,1,2,B17,65
9,PPF44Q2B,1,2,GYM3,65
10,SCF44HG,1,2,139,96
9,HGF87QQD,7,2,313,83
12,EEFGGQQC,1,2,250,65
12,PPF44Q3B,2,2,GYM3,65
10,PGF44Q2C,1,2,GYM1,65
10,UAF44H3,1,2,B27,100
9,FKFC4H,1,2,114,96
9,MKF44H,1,2,322,92
12,AUFCCTA,1,2,232,100
10,HUF44UQX,1,2,333,100
9,FKFC4H,1,2,114,99
11,PGF44Q3C,1,2,GYM1,75
9,PHF44H3,1,2,B17,96
9,PPF44Q2B,2,2,GYM3,90
9,PPF44Q2G,1,2,GYM2,100
9,UAF44H3,1,2,B27,100
9,FKFC4H,1,2,114,90
12,SHF88U,1,2,327,65
11,PGF44Q2C,1,2,GYM1,90
12,SRF22U,1,2,341,88
9,PGF44Q3C,1,2,GYM1,75
9,PHF44Q2,1,2,B17,65
12,HBF22U,1,2,311,92
9,PHF44H2,1,2,B17,100
9,PPF44Q3G,2,2,GYM2,100
12,MPF22U,1,2,205,87
9,MKF44,1,2,322,75
9,PPF44Q2G,2,2,GYM2,100
9,PPF44Q3G,1,2,GYM2,100
10,PPF44Q3B,1,2,GYM3,65
10,SLF88QQ2,1,2,247,65
12,MPF22U,1,2,205,98
12,SDF88TV,1,2,332,100
11,FLFCCU,1,2,121,90
12,FMF44UQX,1,2,116,97
12,MQF44QQY,2,2,204A,100
11,EEF88QT,2,2,348,66
11,SCF44,1,2,141,65
11,FMF44UQX,1,2,116,100
12,MPF22U,1,2,205,85
9,HGF87XHD,1,2,325,80
12,FMF44UQX,1,2,116,82
11,FMF44UQX,1,2,116,97
9,PHF44Q2,1,2,B17,80
9,PPF44Q3G,1,2,GYM2,65
12,AUFCCTA,1,2,232,95
12,HBF22U,1,2,311,74
10,EEF84HF,1,2,331,92
10,SCF44H,1,2,141,97
11,SPF44H,1,2,229,96
9,SLF44,1,2,338,85
10,SCF44,2,2,138,73
9,PPF44Q2G,1,2,GYM2,100
9,PPF44Q3G,1,2,GYM2,100
12,FMF44UQX,1,2,116,86
10,SCF44H,2,2,138,91
10,MRF44H,2,2,107,92
9,HGF87XHD,1,2,325,81
9,HGF87XHD,1,2,325,80
12,HBF22U,1,2,311,91
9,PPF44Q2G,2,2,GYM2,100
9,PPF44Q3G,1,2,GYM2,100
11,PPF44Q2B,1,2,GYM3,100
11,UAF44H3,1,2,B27,100
11,EEF84QFT,1,2,331,71
11,HUF44QG,1,2,316,82
9,SLF44HG,1,2,231,97
9,SCF44H,1,2,141,96
10,PPF44Q2G,2,2,GYM2,100
10,UAF44H3,1,2,B27,100
10,SCF44QG,1,2,139,68
12,BCF44T,31,2,204,67
12,PPF44Q2B,1,2,GYM3,65
10,EEF88,1,2,334B,81
10,EEF88HG,2,2,348,99
9,HGF87HGD,1,2,334A,97
12,SHF88U,1,2,327,85
10,FMF44UQX,1,2,116,65
9,HGF87QQD,7,2,313,82
12,FMF44UQX,1,2,116,65
9,HGF87HGD,1,2,334A,90
9,EEFG4QH,2,2,346,88
11,SPF44H,1,2,229,93
10,SCF44QG,1,2,139,65
12,MPF22U,1,2,205,80
12,AUFCCTA,1,2,232,96
10,BCF44T,31,2,204,100
10,PPF44Q2G,2,2,GYM2,100
9,PPF44Q2B,1,2,GYM3,100
9,PPF44Q3B,2,2,GYM3,100
12,FMF44UQX,1,2,116,100
10,BCF44T,21,2,204,92
10,PPF44Q3G,1,2,GYM2,100
11,FJFCCU,1,2,124,88
9,HGF87HQD,7,2,313,90
9,SLF44QT,1,2,231,83
12,FMF44UQX,1,2,116,65
10,PPF44Q3G,2,2,GYM2,70
10,UAF44H2,1,2,B27,95
9,FSFC8,1,2,113,80
10,UAF44H3,1,2,B27,100
11,SPF44H,1,2,229,95
11,FJFCCU,1,2,124,95
9,HGF87QQD,1,2,321,65
9,PHF44H3,1,2,B17,97
9,PPF44Q2B,1,2,GYM3,100
10,MRF44H,2,2,107,95
10,BCF44T,21,2,204,98
10,PPF44Q3B,2,2,GYM3,95
9,PPF44Q2B,1,2,GYM3,100
9,PPF44Q3B,2,2,GYM3,95
9,HGF87QGD,5,2,314,82
10,HUF44QG,1,2,316,65
12,MQF22C,1,2,207,95
10,MRF44,1,2,104,68
9,MRF44,1,2,104,85
12,MPF22U,1,2,205,97
9,SHF82H,1,2,228,90
12,SDF88TV,1,2,332,95
11,PPF44Q3B,2,2,GYM3,65
11,UAF88H2,1,2,B27,90
9,HGF87QGD,5,2,314,65
12,BCF44T,31,2,204,83
12,PPF44Q2G,1,2,GYM2,70
12,PGF44Q2C,1,2,GYM1,100
12,SDF88TV,1,2,332,100
12,PPF44Q3B,2,2,GYM3,90
11,EEF88HT,2,2,348,91
9,EEF88QG,2,2,348,83
10,HUF44UQX,1,2,333,98
10,EEF88,1,2,334B,85
10,PPF44Q3G,1,2,GYM2,65
10,UAF44Q2,1,2,B27,80
9,EEFG4QH,2,2,346,85
11,FLFCCU,1,2,121,90
10,FKFC4H,1,2,114,90
9,HGF87QQD,1,2,321,65
11,PPF44Q2B,2,2,GYM3,65
10,ULFC4TP,1,2,B39,65
12,PGF44Q2C,1,2,GYM1,100
12,PGF44Q3C,1,2,GYM1,98
12,MPF22U,1,2,205,98
9,HGF87QTD,1,2,334A,66
11,SHF88U,1,2,327,85
9,SHFC2TM,1,2,149,100
12,HBF22U,1,2,311,73
9,MRF44,2,2,107,80
9,PPF44Q2G,2,2,GYM2,83
9,PPF44Q3G,1,2,GYM2,75
12,EEF44U,2,2,347,87
11,UAF88Q3,1,2,B27,65
9,EEFG4HH,2,2,346,98
9,SHF82H,1,2,228,91
10,FSFC8,1,2,113,80
12,SCF44QT,1,2,139,70
10,HFF44QQB,1,2,315,75
12,HBF22U,1,2,311,92
9,HGF87QGD,5,2,314,86
10,HUF44HWD,1,2,326,90
9,HGF87XHD,1,2,325,93
10,UAF44Q2,1,2,B27,65
11,EEF88QG,1,2,146,65
10,SCF44QT,1,2,139,80
10,BCF44T,31,2,204,97
10,PPF44Q2G,2,2,GYM2,100
12,MQF22C,1,2,207,70
10,SCF44H,1,2,141,100
11,EEF22C,1,2,350,90
12,PPF44Q2B,1,2,GYM3,100
9,PPF44Q2B,2,2,GYM3,100
9,PPF44Q3B,2,2,GYM3,85
9,PPF44Q2B,2,2,GYM3,65
9,EEF88H,1,2,334B,92
9,HGF87QGD,5,2,314,87
9,FSFC8H,2,2,125,100
12,EEFGGQQC,1,2,250,82
11,EEFGGQQC,1,2,250,83
12,HBF22U,1,2,311,94
10,HFF44QQB,1,2,315,78
12,EEF22C,1,2,350,73
9,PPF44Q2G,2,2,GYM2,98
9,PPF44Q3G,1,2,GYM2,100
9,HGF87QQD,1,2,321,86
9,MEF44H,1,2,219,93
10,BCF44T,31,2,204,69
10,PPF44Q2G,2,2,GYM2,100
10,MRF44,1,2,104,76
9,HGF87QTD,5,2,314,65
11,PGF44Q2C,1,2,GYM1,85
11,SLF88QQ3,1,2,247,75
9,FKFC4,1,2,114,76
9,PPF44Q3G,1,2,GYM2,100
9,UAF44H2,1,2,B27,90
12,SHF88U,1,2,327,85
9,PPF44Q2B,1,2,GYM3,65
9,PPF44Q3B,1,2,GYM3,65
9,FKFC4H,1,2,114,100
9,FSFC8,1,2,113,65
12,AUFCCTA,1,2,232,100
10,HFF44QQB,1,2,315,83
9,EEFG4HH,2,2,346,94
9,SLF44HT,1,2,231,90
10,HFF44QQB,1,2,315,75
12,AUFCCTA,1,2,232,90
9,EEFG4QH,2,2,346,72
11,PPF44Q3B,1,2,GYM3,100
11,UAF88Q2,1,2,B27,80
11,FSF44UQX,1,2,123,70
11,FSFCCU,1,2,115,81
10,PPF44Q2G,1,2,GYM2,100
10,PPF44Q3G,2,2,GYM2,100
12,UAF44H2,1,2,B27,100
12,MQF22C,1,2,207,95
9,SLF44HG,1,2,231,99
9,MEF44QG,1,2,208,85
9,EEF88QT,1,2,146,70
9,HFF44QQB,1,2,315,80
9,HGF87QGD,1,2,334A,70
11,SPF44,1,2,229,88
9,FSFC8H,2,2,125,95
10,MRF44,2,2,107,88
9,MEF44,1,2,219,65
9,EEFG4QH,2,2,346,74
11,ULFC4TP,1,2,B39,100
9,EEFG4,3,2,126,75
9,HGF87QQD,1,2,321,65
11,HBF22U,1,2,311,91
9,EEFG4HG,7,2,246,90
9,SHFC2TM,1,2,149,90
11,BCF44T,31,2,204,65
9,PHF44Q3,1,2,B17,72
9,PPF44Q2G,2,2,GYM2,65
12,AUFCCTA,1,2,232,98
11,FLFCCU,1,2,121,77
11,ULFC4TP,1,2,B39,86
9,HGF87QQD,7,2,313,72
10,ULFC4TP,1,2,B39,75
9,PHF44H2,1,2,B17,100
9,PPF44Q3G,1,2,GYM2,100
10,PPF44Q3G,2,2,GYM2,90
10,HUF44UQX,1,2,333,85
10,HUF44UQX,1,2,333,97
11,FSFC8H,2,2,125,90
9,HGF87QQD,1,2,321,85
9,PHF44Q2,1,2,B17,65
9,PPF44Q3B,2,2,GYM3,85
9,SHF82H,1,2,228,93
11,SCF44QT,1,2,139,65
12,FSF44UQX,1,2,123,98
11,FSF44UQX,1,2,123,90
9,PHF44Q3,1,2,B17,65
9,PPF44Q2B,1,2,GYM3,95
11,SHF88U,1,2,327,70
9,EEFG4,3,2,126,65
12,HBF22U,1,2,311,91
11,EEF22C,1,2,350,65
9,EEFG4,3,2,126,80
9,SHFC2TM,1,2,149,95
10,SCF44,2,2,138,65
11,FJFCCU,1,2,124,96
9,MEF44,1,2,219,75
9,HGF87QQD,7,2,313,80
9,PHF44Q3,1,2,B17,65
9,PPF44Q2G,2,2,GYM2,98
12,PGF44Q2C,1,2,GYM1,65
11,PPF44Q3G,1,2,GYM2,65
11,SLF88QQ2,1,2,247,77
11,FSFCCU,1,2,115,70
12,SDF88TV,1,2,332,90
9,HGF87QTD,1,2,334A,71
12,SPF44,1,2,229,87
11,SPF44H,1,2,229,97
11,FJFCCU,1,2,124,78
10,PPF44Q2B,1,2,GYM3,65
10,UAF44Q3,1,2,B27,80
9,HGF87QQD,7,2,313,82
9,PPF44Q3B,2,2,GYM3,85
9,SLF88QQ2,1,2,247,65
9,EEFG4QH,2,2,346,89
9,FSFC8,1,2,113,75
12,PGF44Q2C,1,2,GYM1,95
12,PGF44Q3C,1,2,GYM1,95
11,ULFC4TP,1,2,B39,87
10,HFF44QQB,1,2,315,73
11,SCF44QG,1,2,139,65
11,FLFCCU,1,2,121,97
12,EEF84QF,1,2,331,66
9,SCF44,2,2,138,87
12,EEF44U,1,2,349,90
11,FJFCCU,1,2,124,78
9,EEFG4,3,2,126,85
9,SHFC2TM,1,2,149,100
10,PPF44Q2G,2,2,GYM2,75
10,UAF44H3,1,2,B27,90
9,EEFG4,3,2,126,85
9,PHF44Q3,1,2,B17,72
9,PPF44Q2B,2,2,GYM3,90
12,PPF44Q2B,1,2,GYM3,65
9,SHFC2TM,1,2,149,100
10,BCF44T,21,2,204,90
10,PGF44Q3C,1,2,GYM1,95
12,AUFCCTA,1,2,232,96
12,HBF22U,1,2,311,96
9,EEFG4,3,2,126,70
9,HGF87XHD,1,2,325,94
9,PPF44Q3B,2,2,GYM3,90
9,UAF44H2,1,2,B27,90
9,HGF87XHD,1,2,325,100
12,PGF44Q2C,1,2,GYM1,100
12,PGF44Q3C,1,2,GYM1,100
12,SHF88U,1,2,327,85
9,PGF44Q2C,1,2,GYM1,100
9,PHF44H3,1,2,B17,98
9,MKF44H,1,2,322,92
9,MRF44,1,2,104,78
9,HGF87QQD,7,2,313,80
10,HUF44UQX,1,2,333,100
10,SCF44H,1,2,141,94
9,MEF44H,1,2,219,91
12,BCF44T,31,2,204,91
12,PGF44Q2C,1,2,GYM1,100
9,MKF44,1,2,322,80
10,EEF88HG,2,2,348,98
11,PGF44Q3C,1,2,GYM1,95
11,PPF44Q2G,1,2,GYM2,100
10,SHF88U,1,2,327,80
9,SLF44QT,1,2,231,85
11,SLF44,1,2,338,85
9,SHFC2TM,1,2,149,90
9,PPF44Q2B,2,2,GYM3,85
9,SLF88QQ3,1,2,247,67
12,PPF44Q2G,2,2,GYM2,98
12,PPF44Q3G,2,2,GYM2,90
12,FLFCCU,1,2,121,92
11,SPF44H,1,2,229,93
9,PHF44Q2,1,2,B17,65
9,PPF44Q3G,1,2,GYM2,65
11,HUF44QT,1,2,316,75
12,SHF88U,1,2,327,80
11,SPF44,1,2,229,82
9,MRF44,2,2,107,88
9,PHF44Q3,1,2,B17,80
9,PPF44Q2G,2,2,GYM2,65
11,PPF44Q3B,2,2,GYM3,70
10,EEF88,1,2,334B,65
9,MEF44,1,2,219,65
12,PPF44Q2G,1,2,GYM2,100
10,HUF44UQX,1,2,333,77
12,SDF88TV,1,2,332,95
9,HGF87QQD,7,2,313,73
9,HGF87QGD,1,2,334A,80
9,EEFG4,3,2,126,65
9,PHF44H2,1,2,B17,96
9,PPF44Q3G,2,2,GYM2,95
12,SDF88TV,1,2,332,65
11,EEF84QF,1,2,331,81
12,PGF44Q3C,1,2,GYM1,95
12,FJFCCU,1,2,124,95
10,PGF44Q2C,1,2,GYM1,65
12,PGF44Q2C,1,2,GYM1,95
12,PGF44Q3C,1,2,GYM1,95
9,SHF82H,1,2,228,96
10,FSFC8,1,2,113,70
10,FSFC8,2,2,125,78
12,SHF88U,1,2,327,100
9,SCF44,2,2,138,65
9,MEF44QG,1,2,208,84
9,EEFG4HH,2,2,346,93
10,SCF44QT,1,2,139,88
9,SLF44QG,1,2,231,84
9,BCF44T,21,2,204,70
9,SLF88QQ3,1,2,247,76
9,EEFG4H,3,2,126,90
9,EEFG4HH,2,2,346,94
10,EEF88,1,2,334B,65
9,HGF87QQD,1,2,321,85
9,SHF82H,1,2,228,100
9,HGF87HQD,7,2,313,91
9,PHF44H3,1,2,B17,90
9,PPF44Q2B,2,2,GYM3,95
11,FLFCCU,1,2,121,91
11,FJFCCU,1,2,124,66
10,HFF44QQB,1,2,315,82
11,MQF22C,1,2,207,90
10,PPF44Q3B,2,2,GYM3,90
9,FKFC4H,1,2,114,98
12,FSF44UQX,1,2,123,100
10,SCF44,2,2,138,77
9,HGF87HQD,7,2,313,97
9,HGF87QGD,5,2,314,84
10,EEF88H,1,2,334B,92
9,EEFG4QT,7,2,246,83
10,EEF88,1,2,334B,77
9,HGF87QTD,5,2,314,66
10,MRF44H,2,2,107,92
12,SRF22U,1,2,341,55
10,PPF44Q2B,1,2,GYM3,100
10,UAF44H3,1,2,B27,100
10,EEF88,1,2,334B,65
9,PHF44Q3,1,2,B17,70
9,PPF44Q2G,2,2,GYM2,65
11,PPF44Q2G,2,2,GYM2,65
9,HGF87HQD,1,2,321,92
9,SHF82,1,2,228,75
9,EEFG4QH,2,2,346,88
9,EEFG4HH,2,2,346,91
10,PPF44Q3B,1,2,GYM3,100
10,UAF44H2,1,2,B27,100
12,SHF88U,1,2,327,85
9,PPF44Q2G,2,2,GYM2,98
9,UAF44H3,1,2,B27,90
9,HGF87QTD,5,2,314,85
9,FKFC4,1,2,114,80
9,PPF44Q2B,2,2,GYM3,95
9,PPF44Q3B,2,2,GYM3,90
9,HGF87QQD,1,2,321,80
10,UAF88Q2,1,2,B27,65
9,PPF44Q2G,1,2,GYM2,75
9,UAF44H3,1,2,B27,95
9,PPF44Q2G,2,2,GYM2,78
9,UAF44H3,1,2,B27,90
10,PGF44Q2C,1,2,GYM1,75
10,PGF44Q3C,1,2,GYM1,75
9,EEFG4HG,7,2,246,100
10,MRF44,1,2,104,86
10,PGF44Q2C,1,2,GYM1,100
10,PGF44Q3C,1,2,GYM1,100
12,BCF44T,21,2,204,84
10,BCF44T,31,2,204,91
11,EEF44U,2,2,347,80
9,PPF44Q2B,1,2,GYM3,90
9,UAF44Q3,1,2,B27,85
10,FSFC8H,1,2,113,100
10,PPF44Q3G,2,2,GYM2,80
10,UAF44Q2,1,2,B27,80
12,EEF88QG,2,2,348,65
10,PPF44Q2G,2,2,GYM2,75
10,UAF44H3,1,2,B27,95
9,EEFG4H,3,2,126,95
12,EEF44U,2,2,347,81
10,EEF88,1,2,334B,82
9,MEF44QT,1,2,208,65
9,SHF82H,1,2,228,100
9,PPF44Q2B,1,2,GYM3,85
9,SLF88QQ3,1,2,247,88
9,HUF44QWD,1,2,326,65
12,MPF22U,1,2,205,88
11,EEF44U,1,2,349,95
11,FSF44UQX,1,2,123,98
9,HGF87QGD,1,2,334A,75
12,PGF44Q2C,1,2,GYM1,80
12,PGF44Q3C,1,2,GYM1,75
9,FSFC8H,2,2,125,96
9,PGF44Q2C,1,2,GYM1,100
9,PGF44Q3C,1,2,GYM1,95
9,PHF44Q2,1,2,B17,65
9,PPF44Q3B,2,2,GYM3,80
9,HGF87QTD,5,2,314,70
10,PPF44Q3B,2,2,GYM3,90
10,SLF88QQ2,1,2,247,73
9,EEFG4QT,7,2,246,73
12,MPF22U,1,2,205,99
10,MRF44,1,2,104,86
9,EEF88,1,2,334B,81
11,FJFCCU,1,2,124,89
11,PPF44Q3G,2,2,GYM2,90
12,FSF44UQX,1,2,123,90
9,UAF44Q2,1,2,B27,65
ST,EEF88HT,1,2,146,93
9,EEFG4H,3,2,126,92
9,EEF84HF,1,2,331,92
12,MPF22U,1,2,205,99
10,HUF44UQX,1,2,333,95
10,BCF44T,31,2,204,91
10,PPF44Q2G,1,2,GYM2,100
9,EEF88QG,2,2,348,65
9,HGF87XHD,1,2,325,100
9,PHF44H3,1,2,B17,96
9,PPF44Q2G,2,2,GYM2,100
10,MRF44,1,2,104,70
9,PPF44Q2B,2,2,GYM3,95
9,UAF44H3,1,2,B27,100
11,PPF44Q3B,1,2,GYM3,65
10,MRF44,1,2,104,83
9,HGF87QQD,7,2,313,73
11,FSF44UQX,1,2,123,65
11,EEF44U,1,2,349,97
10,MRF44,2,2,107,65
9,SLF44HG,1,2,231,95
11,EEF44U,2,2,347,92
12,FSF44UQX,1,2,123,65
9,EEFG4,3,2,126,80
12,EEF44U,1,2,349,85
11,FJFCCU,1,2,124,91
11,FJFCCU,1,2,124,69
11,FLFCCU,1,2,121,90
9,EEFG4QT,7,2,246,86
9,SHFC2TM,1,2,149,65
9,MKF44,1,2,322,75
9,PPF44Q2B,2,2,GYM3,75
9,SLF88QQ3,1,2,247,65
9,SCF44H,1,2,141,97
11,FSFCCU,1,2,115,70
9,PPF44Q3G,2,2,GYM2,92
9,SLF88QQ2,1,2,247,70
9,SLF44,1,2,338,77
12,MPF22U,1,2,205,70
9,EEFG4HH,2,2,346,90
9,SLF88QQ2,1,2,247,71
11,MRF44H,1,2,104,94
9,HGF87QTD,1,2,334A,83
9,PPF44Q3G,1,2,GYM2,100
9,UAF44Q2,1,2,B27,75
11,MQF44QWF,1,2,221,67
10,EEF88QG,1,2,146,69
9,HGF87XHD,1,2,325,93
11,PPF44Q3G,1,2,GYM2,100
11,UAF88H2,1,2,B27,100
9,SLF44QW,1,2,328B,74
10,PPF44Q3G,2,2,GYM2,98
10,UAF44Q2,1,2,B27,75
10,FSFC8,2,2,125,85
9,HFF44QQB,1,2,315,66
11,EEF88QT,1,2,146,84
9,MEF44QG,1,2,208,65
9,EEFG4QT,7,2,246,85
9,PHF44Q3,1,2,B17,82
9,PPF44Q2G,2,2,GYM2,92
9,PPF44Q2G,2,2,GYM2,65
9,SLF88QQ3,1,2,247,70
9,SLF44HG,1,2,231,94
10,MRF44H,2,2,107,93
10,SPF44,1,2,229,68
10,BCF44T,31,2,204,65
10,PGF44Q2C,1,2,GYM1,80
9,SHF82H,1,2,228,90
11,ULFC4TP,1,2,B39,76
10,HUF44QG,1,2,316,80
9,EEFG4QG,7,2,246,80
9,SLF44QG,1,2,231,70
9,MEF44QT,1,2,208,84
10,SCF44,2,2,138,78
12,MRF44,1,2,104,82
9,HGF87XHD,1,2,325,87
10,HUF44HWD,1,2,326,90
9,PHF44Q2,1,2,B17,82
9,PPF44Q3G,2,2,GYM2,98
11,SHF88U,1,2,327,90
9,MEF44,1,2,219,70
9,EEFG4,3,2,126,80
9,SLF44QG,1,2,231,86
11,PGF44Q3C,1,2,GYM1,100
11,UAF88H2,1,2,B27,95
11,FSF44UQX,1,2,123,65
11,FSFCCU,1,2,115,65
9,PGF44Q3C,1,2,GYM1,65
9,SLF88QQ2,1,2,247,72
11,PPF44Q2G,2,2,GYM2,92
11,PPF44Q3G,2,2,GYM2,77
12,FMF44UQX,1,2,116,80
11,EEFGGQQC,1,2,250,84
10,BCF44T,21,2,204,85
10,PPF44Q3G,2,2,GYM2,100
10,MRF44,2,2,107,85
11,PPF44Q2B,1,2,GYM3,100
9,SHF82H,1,2,228,97
9,HGF87QTD,1,2,334A,65
9,MRF44,1,2,104,80
10,EEF88,1,2,334B,65
10,PPF44Q2G,2,2,GYM2,85
11,PGF44Q2C,1,2,GYM1,70
11,PGF44Q3C,1,2,GYM1,65
12,SPF44,1,2,229,65
11,PPF44Q2G,1,2,GYM2,80
11,PPF44Q3G,1,2,GYM2,65
9,MEF44QT,1,2,208,65
10,FSF44UQX,1,2,123,65
11,PGF44Q2C,1,2,GYM1,65
9,EEFG4QG,7,2,246,66
9,HGF87QTD,1,2,334A,65
9,PHF44Q3,1,2,B17,88
9,PPF44Q2B,1,2,GYM3,100
10,EEF88HG,1,2,146,90
9,EEFG4QG,7,2,246,65
10,FSFC8,2,2,125,65
10,MQF22C,1,2,207,65
11,FLFCCU,1,2,121,88
9,HGF87QGD,1,2,334A,80
9,HGF87QQD,1,2,321,70
10,HUF44UQX,1,2,333,95
11,EEF44U,2,2,347,86
11,FSFC8,2,2,125,80
9,SLF44,1,2,338,74
10,HFF44QQB,1,2,315,65
12,BCF44T,21,2,204,77
12,PGF44Q3C,1,2,GYM1,95
11,SRF22U,1,2,341,80
9,PPF44Q3G,1,2,GYM2,70
9,UAF44Q2,1,2,B27,70
10,PPF44Q3B,1,2,GYM3,90
10,UAF44Q2,1,2,B27,85
10,HUF44UQX,1,2,333,93
11,PGF44Q2C,1,2,GYM1,100
11,PGF44Q3C,1,2,GYM1,95
9,PGF44Q3C,1,2,GYM1,100
9,PHF44H2,1,2,B17,99
9,SLF44,1,2,338,80
9,UAF88H3,1,2,B27,90
9,UAF88Q2,1,2,B27,65
9,HGF87QGD,1,2,334A,85
9,ULFC4TP,1,2,B39,65
11,PGF44Q2C,1,2,GYM1,65
11,PPF44Q3B,2,2,GYM3,90
11,ULFC4TP,1,2,B39,96
10,BCF44T,21,2,204,81
10,PPF44Q3G,2,2,GYM2,98
9,SCF44,1,2,141,77
12,SDF88TV,1,2,332,65
12,SPF44,1,2,229,87
12,PPF44Q3B,2,2,GYM3,80
12,UAF88Q2,1,2,B27,70
12,BCF44T,31,2,204,98
9,HGF87QGD,5,2,314,65
12,FSF44UQX,1,2,123,100
11,EEFGGHQC,1,2,250,97
11,PPF44Q2B,2,2,GYM3,95
11,PPF44Q3B,1,2,GYM3,85
9,HGF87QGD,1,2,334A,75
10,EEF88QG,2,2,348,65
9,MEF44,1,2,219,75
9,PHF44Q3,1,2,B17,65
9,PPF44Q2G,2,2,GYM2,70
12,SHF88U,1,2,327,100
10,FSFC8,1,2,113,74
12,FLFCCU,1,2,121,85
12,PGF44Q3C,1,2,GYM1,75
12,FQF44QQY,2,2,216,96
9,EEFG4HH,2,2,346,94
12,SQF44QQY,2,2,233,100
11,FSF44UQX,1,2,123,65
9,MQF22C,1,2,207,95
9,FSFC8,1,2,113,65
9,PGF44Q3C,1,2,GYM1,100
9,PPF44Q2G,2,2,GYM2,100
11,MQF44QWF,1,2,221,65
9,MEF44HG,1,2,208,96
10,PPF44Q2G,2,2,GYM2,95
10,UAF44H3,1,2,B27,100
12,MQF44QQY,2,2,204A,100
10,FSFC8,2,2,125,70
9,HGF87QGD,1,2,334A,75
9,MEF44QT,1,2,208,70
10,SCF44HG,1,2,139,96
12,FMF44UQX,1,2,116,95
9,SHFC2TM,1,2,149,90
9,SLF44HG,1,2,231,93
9,HGF87XHD,1,2,325,87
12,PPF44Q2B,2,2,GYM3,95
12,UAF44H3,1,2,B27,100
10,SCF44,2,2,138,73
10,HFF44QQB,1,2,315,71
10,MRF44,2,2,107,82
11,UAF88Q3,1,2,B27,70
10,MRF44,1,2,104,71
9,EEFG4QT,7,2,246,65
10,FSFCCU,1,2,115,88
9,MEF44HG,1,2,208,99
10,UAF44Q2,1,2,B27,65
9,HGF87QGD,1,2,334A,65
12,FSFCCU,1,2,115,70
12,EEF44U,2,2,347,95
10,SPF44H,1,2,229,91
11,FLFCCU,1,2,121,100
11,UAF88H3,1,2,B27,100
9,MRF44H,2,2,107,99
9,SLF88QQ3,1,2,247,73
10,PPF44Q3G,1,2,GYM2,76
10,UAF44Q2,1,2,B27,75
12,FMF44UQX,1,2,116,92
12,SRF22U,1,2,341,90
9,PHF44Q2,1,2,B17,65
9,SRF22U,1,2,341,55
10,HUF44UQX,1,2,333,75
10,SHFC2TM,1,2,149,85
12,SHF88U,1,2,327,80
9,HGF87XHD,1,2,325,81
10,HUF44QT,1,2,316,75
12,FSFCCU,1,2,115,70
10,PPF44Q2B,1,2,GYM3,65
10,PPF44Q3B,1,2,GYM3,65
9,EEFG4QH,2,2,346,85
10,PGF44Q2C,1,2,GYM1,95
10,UAF44Q3,1,2,B27,80
11,EEF44U,1,2,349,97
9,PPF44Q2G,1,2,GYM2,100
9,PPF44Q3G,1,2,GYM2,100
9,FSFC8H,1,2,113,94
9,SLF44,1,2,338,74
10,FSFC8,2,2,125,80
9,MKF44,1,2,322,85
10,FSFC8,1,2,113,84
9,HFF44QQB,1,2,315,65
10,SCF44QG,1,2,139,80
12,SRF22U,1,2,341,75
9,SHF82,1,2,228,88
10,BCF44T,21,2,204,65
10,PPF44Q3B,2,2,GYM3,85
12,MPF22U,1,2,205,72
9,HGF87XHD,1,2,325,97
9,PHF44H3,1,2,B17,97
9,PPF44Q2G,1,2,GYM2,100
11,SCF44QT,1,2,139,81
10,SCF44,2,2,138,74
10,ULFC4TP,1,2,B39,91
9,PGF44Q3C,1,2,GYM1,80
9,PHF44Q2,1,2,B17,83
10,SHF88U,1,2,327,75
10,HUF44UQX,1,2,333,98
12,PPF44Q3G,1,2,GYM2,100
12,PGF44Q3C,1,2,GYM1,65
12,UAF88H2,1,2,B27,100
9,FSFC8H,2,2,125,100
10,PPF44Q2G,1,2,GYM2,70
10,PPF44Q3G,1,2,GYM2,75
11,FLFCCU,1,2,121,90
11,SPF44H,1,2,229,97
10,EEF88HG,2,2,348,90
10,PPF44Q2B,2,2,GYM3,95
10,SLF88QQ3,1,2,247,85
9,EEFG4,3,2,126,80
11,EEF44U,1,2,349,95
9,HGF87QGD,1,2,334A,85
10,EEF88HT,2,2,348,98
11,FLFCCU,1,2,121,92
9,SHF82,1,2,228,69
12,SRF22U,1,2,341,88
12,SRF22U,1,2,341,78
10,SCF44,2,2,138,86
9,PPF44Q2B,1,2,GYM3,65
9,UAF44Q3,1,2,B27,65
12,FKFC4H,1,2,114,97
10,EEF88QG,2,2,348,80
11,SPF44H,1,2,229,99
10,SCF44QG,1,2,139,72
9,FKFC4,1,2,114,80
12,SHF88U,1,2,327,90
9,MKF44,1,2,322,88
9,EEFG4QG,7,2,246,86
9,MKF44,1,2,322,83
11,FSFCCU,1,2,115,73
10,EEF84HF,1,2,331,90
10,FSF44UQX,1,2,123,85
11,FSFCCU,1,2,115,75
11,SRF22U,1,2,341,70
12,UQF44QQY,2,2,216,79
12,HBF22U,1,2,311,94
11,SRF22U,1,2,341,94
9,MEF44QT,1,2,208,84
10,SCF44,2,2,138,65
10,PPF44Q2B,2,2,GYM3,95
10,PPF44Q3B,2,2,GYM3,95
9,PGF44Q3C,1,2,GYM1,95
9,UAF88H2,1,2,B27,100
11,FLFCCU,1,2,121,94
11,HBF22U,1,2,311,100
12,BCF44T,21,2,204,86
10,FSFC8,2,2,125,80
9,SLF44HG,1,2,231,93
12,EEF22C,1,2,350,98
11,SHF88U,1,2,327,95
12,PPF44Q2B,1,2,GYM3,65
10,EEF88QG,2,2,348,76
9,EEFG4,3,2,126,65
9,MEF44,1,2,219,75
9,HGF87QQD,7,2,313,78
12,SDF88TV,1,2,332,95
9,EEFG4QH,2,2,346,85
12,SRF22U,1,2,341,85
9,HGF87QQD,7,2,313,80
11,PPF44Q2G,2,2,GYM2,95
12,SHF88U,1,2,327,100
11,FSFCCU,1,2,115,75
9,SHF82H,1,2,228,93
12,EEF44U,2,2,347,85
9,EEFG4QH,2,2,346,65
10,MRF44,1,2,104,68
9,FKFC4,1,2,114,71
9,HGF87QGD,5,2,314,75
9,PPF44Q2G,1,2,GYM2,75
9,PPF44Q3G,2,2,GYM2,77
12,ULFC4TP,1,2,B39,100
9,MQF44QWF,1,2,221,65
9,HGF87QQD,7,2,313,84
10,HUF44HWD,1,2,326,98
11,PGF44Q2C,1,2,GYM1,65
11,UAF44Q3,1,2,B27,65
11,ULFC4TP,1,2,B39,100
12,PPF44Q3B,2,2,GYM3,95
12,AUFCCTA,1,2,232,80
10,PPF44Q2B,1,2,GYM3,65
10,PPF44Q3B,1,2,GYM3,65
9,MKF44,1,2,322,80
9,MRF44H,2,2,107,92
9,FSFCCU,1,2,115,85
10,EEF88QG,1,2,146,74
9,EEF88QG,2,2,348,84
9,HGF87QQD,7,2,313,88
10,MQF44QWF,1,2,221,82
9,HGF87HQD,1,2,321,95
9,EEFG4HG,7,2,246,95
10,SHF88U,1,2,327,80
9,HGF87QTD,5,2,314,65
9,SCF44,1,2,141,87
9,SLF44HG,1,2,231,94
9,MKF44,1,2,322,67
9,SHFC2TM,1,2,149,100
9,FSFC8,1,2,113,84
9,PHF44Q2,1,2,B17,86
9,PPF44Q3A,2,2,GYM1,85
12,HQF44QQY,2,2,317,98
10,PGF44Q2C,1,2,GYM1,85
10,PGF44Q3C,1,2,GYM1,75
9,EEF88HG,2,2,348,98
ST,EEF88HT,2,2,348,91
11,EEF44U,2,2,347,73
12,MPF22U,1,2,205,80
11,EEFGGHQC,1,2,250,94
12,PGF44Q2C,1,2,GYM1,95
9,FKFC4,1,2,114,66
9,HGF87XHD,1,2,325,96
9,HGF87QQD,1,2,321,82
10,HUF44UQX,1,2,333,100
10,SCF44,1,2,141,77
9,PPF44Q2B,2,2,GYM3,90
9,SLF88QQ3,1,2,247,67
9,MKF44,1,2,322,70
12,FMF44UQX,1,2,116,93
10,HUF44UQX,1,2,333,100
10,HUF44UQX,1,2,333,83
11,PPF44Q3B,2,2,GYM3,95
11,UAF88H2,1,2,B27,100
9,SCF44H,1,2,141,90
9,MRF44H,2,2,107,91
11,EEF44U,1,2,349,95
9,HGF87HQD,1,2,321,90
9,MEF44,1,2,219,65
11,EEFGGQQC,1,2,250,73
9,SLF44QT,1,2,231,78
11,EEF84HF,1,2,331,98
10,BCF44T,31,2,204,66
10,PPF44Q2G,1,2,GYM2,85
9,HGF87QTD,5,2,314,75
10,SCF44QT,1,2,139,82
9,ULFC4TP,1,2,B39,78
12,AUFCCTA,1,2,232,100
9,HGF87HQD,1,2,321,96
ST,EEF88HT,1,2,146,90
10,HUF44QT,1,2,316,70
ST,EEF88HT,1,2,146,90
9,MEF44QG,1,2,208,72
11,MQF22C,1,2,207,90
12,PQF44Q2Y,2,2,251,100
12,PQF44Q3Y,2,2,251,100
9,PPF44Q2G,2,2,GYM2,95
9,PPF44Q3G,2,2,GYM2,90
9,HGF87QQD,7,2,313,70
11,EEF22C,1,2,350,66
9,FKFC4,1,2,114,65
11,FSFCCU,1,2,115,75
10,SCF44QG,1,2,139,87
10,PPF44Q3B,1,2,GYM3,100
10,UAF44H2,1,2,B27,90
9,SHFC2TM,1,2,149,100
9,MEF44,1,2,219,75
10,SCF44H,2,2,138,90
9,EEFG4HG,7,2,246,91
9,SCF44,1,2,141,83
11,FLFCCU,1,2,121,91
9,EEFG4HH,2,2,346,91
9,HGF87QQD,1,2,321,85
10,PPF44Q2B,2,2,GYM3,90
10,PPF44Q3B,2,2,GYM3,90
9,PPF44Q2G,2,2,GYM2,100
9,PPF44Q3G,1,2,GYM2,100
10,EEF88QT,2,2,348,83
11,FSFCCU,1,2,115,65
9,MEF44HG,1,2,208,99
9,PPF44Q2G,1,2,GYM2,100
9,PPF44Q3G,1,2,GYM2,100
10,BCF44T,21,2,204,91
10,PPF44Q3G,2,2,GYM2,100
9,SHFC2TM,1,2,149,90
9,PPF44Q2B,2,2,GYM3,95
9,PPF44Q3B,1,2,GYM3,100
10,SLF88QQ3,1,2,247,87
10,UAF44H2,1,2,B27,95
12,EQF44QQY,2,2,328,100
10,MRF44,2,2,107,85
12,SQF44QQY,2,2,233,100
12,BCF44T,21,2,204,97
12,PGF44Q3C,1,2,GYM1,95
10,HFF44QQB,1,2,315,65
12,EQF44QQY,2,2,328,95
10,HFF44QQB,1,2,315,86
12,FMF44UQX,1,2,116,100
10,EEF88,1,2,334B,89
9,PHF44H2,1,2,B17,90
9,PPF44Q3G,2,2,GYM2,100
11,PPF44Q2G,1,2,GYM2,100
11,PPF44Q3G,1,2,GYM2,100
10,HUF44UQX,1,2,333,100
12,SRF22U,1,2,341,78
9,HGF87HQD,7,2,313,97
9,SCF44,1,2,141,83
12,FMF44UQX,1,2,116,100
11,EEF88H,1,2,334B,94
9,HGF87XHD,1,2,325,91
11,EEF84HF,1,2,331,93
9,SHFC2TM,1,2,149,75
11,SCF44H,1,2,141,97
10,FSFC8H,1,2,113,100
9,EEFG4QH,2,2,346,86
9,PHF44H3,1,2,B17,90
9,PPF44Q2B,2,2,GYM3,95
9,MEF44,1,2,219,65
12,PPF44Q2B,2,2,GYM3,65
12,PPF44Q3B,2,2,GYM3,65
10,PPF44Q2G,1,2,GYM2,100
10,UAF44H3,1,2,B27,100
10,HUF44UQX,1,2,333,100
11,HUF44QG,1,2,316,88
9,PHF44Q2,1,2,B17,86
9,PPF44Q3G,2,2,GYM2,90
9,ULFC4TP,1,2,B39,65
9,MEF44HG,1,2,208,94
10,PPF44Q2B,1,2,GYM3,100
10,PPF44Q3B,1,2,GYM3,100
9,MRF44,2,2,107,65
9,SLF44QG,1,2,231,75
9,HGF87QQD,1,2,321,88
10,ULFC4TP,1,2,B39,96
10,SCF44H,1,2,141,94
12,PGF44Q2C,1,2,GYM1,95
12,PGF44Q3C,1,2,GYM1,95
10,PPF44Q2G,2,2,GYM2,98
10,PPF44Q3G,1,2,GYM2,90
9,MEF44HG,1,2,208,90
11,FSF44UQX,1,2,123,94
9,SCF44,2,2,138,86
12,AUFCCTA,1,2,232,94
11,HUF44UQX,1,2,333,92
12,FSF44UQX,1,2,123,100
11,SPF44H,1,2,229,95
10,BCF44T,31,2,204,82
10,PPF44Q2B,1,2,GYM3,100
9,SHF82,1,2,228,78
9,PPF44Q2G,1,2,GYM2,100
9,PPF44Q3G,2,2,GYM2,100
9,MEF44H,1,2,219,91
12,EEF84QF,1,2,331,89
9,HGF87HQD,1,2,321,94
9,HGF87HQD,7,2,313,90
9,SLF44HG,1,2,231,93
12,EEFGGQQC,1,2,250,75
10,EEF84QF,1,2,331,82
10,SCF44H,1,2,141,99
10,HFF44QQB,1,2,315,83
10,SHF88U,1,2,327,80
9,HGF87QQD,1,2,321,65
9,MEF44QG,1,2,208,75
10,SCF44,2,2,138,86
9,EEFG4QH,2,2,346,87
10,HUF44UQX,1,2,333,80
10,MRF44,1,2,104,77
11,EEF84HF,1,2,331,93
12,EEF44U,1,2,349,90
12,HBF22U,1,2,311,94
9,SCF44,1,2,141,65
9,HGF87HGD,5,2,314,91
10,PPF44Q2B,1,2,GYM3,65
10,PPF44Q3B,1,2,GYM3,65
9,HGF87HGD,5,2,314,93
12,SPF44H,1,2,229,100
11,SHF88U,1,2,327,90
10,HUF44QT,1,2,316,65
11,HBF22U,1,2,311,99
9,HGF87HQD,1,2,321,96
10,HUF44QT,1,2,316,65
12,SDF88TV,1,2,332,95
9,EEFG4H,3,2,126,92
10,HUF44UQX,1,2,333,99
11,SPF44H,1,2,229,96
10,MRF44,2,2,107,78
10,SHF88U,1,2,327,80
12,MPF22U,1,2,205,85
12,FMF44UQX,1,2,116,100
11,EEF84QF,1,2,331,85
9,SCF44,2,2,138,88
9,PPF44Q3B,1,2,GYM3,65
9,UAF88H2,1,2,B27,90
10,PPF44Q3B,1,2,GYM3,100
10,UAF44H2,1,2,B27,95
9,PPF44Q2G,2,2,GYM2,100
9,PPF44Q3G,2,2,GYM2,100
10,HUF44UQX,1,2,333,96
9,SCF44H,1,2,141,99
9,HGF87QGD,5,2,314,80
10,PPF44Q2B,1,2,GYM3,100
10,UAF44H3,1,2,B27,100
12,BCF44T,21,2,204,72
12,FMF44UQX,1,2,116,100
9,HGF87HGD,5,2,314,96
12,EEFGGHQC,1,2,250,99
12,PGF44Q2C,1,2,GYM1,90
12,SPF44H,1,2,229,98
12,SRF22U,1,2,341,78
11,FMF44UQX,1,2,116,100
11,MPF22U,1,2,205,78
9,EEFG4,3,2,126,65
9,MEF44H,1,2,219,92
9,HGF87QGD,5,2,314,84
10,EEF88QG,2,2,348,88
10,MRF44,2,2,107,85
10,EEF84QF,1,2,331,88
10,SCF44QG,1,2,139,86
9,HGF87XHD,1,2,325,93
11,FMF44UQX,1,2,116,98
10,PPF44Q3G,2,2,GYM2,80
10,UAF44H2,1,2,B27,100
12,AUFCCTA,1,2,232,100
11,PPF44Q3B,1,2,GYM3,100
11,UAF88H2,1,2,B27,95
10,EEF88,1,2,334B,73
12,MPF22U,1,2,205,88
12,HBF22U,1,2,311,97
9,HGF87QQD,7,2,313,71
12,BCF44T,21,2,204,81
12,PPF44Q3B,1,2,GYM3,65
10,HFF44QQB,1,2,315,76
12,EEFGGQGF,1,3,249,74
11,SPF44,2,3,229,88
12,BCF44T,22,3,204,100
12,PPF44Q3B,5,3,GYM3,90
10,HUF44QG,2,3,316,75
9,EEFG4H,8,3,349,91
11,PPF44Q3B,5,3,GYM3,90
11,SEF88QQ2,1,3,341,65
11,FSFCCU,2,3,123,98
11,PPF44Q2G,4,3,GYM2,70
11,SEF88HQ3,1,3,341,93
9,FSFC8,4,3,113,65
9,SCF44QG,2,3,139,75
11,MKFC8UCT,1,3,322,92
9,HUF43QWD,1,3,326,75
12,MKFCCTC,1,3,106,100
12,MPF44UQJ,1,3,219,82
9,EEFGGUQF,1,3,330,76
12,MKF44QQY,3,3,319,100
12,BCF44T,32,3,204,100
12,PWF44Q2B,1,3,POOL,93
9,HGF87QQD,3,3,213,83
11,FFFCC,1,3,248,89
11,PPF44Q3B,5,3,GYM3,90
11,PWF44Q2B,1,3,POOL,65
9,EEFG4QG,6,3,246,80
11,MPF44UQJ,1,3,219,96
11,MKFC8UCT,1,3,322,85
12,SCF84QQF,1,3,238,65
9,EEFG4HG,6,3,246,93
9,HGF88QTD,1,3,334A,81
12,MPF44UQS,1,3,211,92
9,MRF44QG,1,3,214,68
9,HGF88HTD,5,3,314,92
10,HUF44UQX,2,3,333,100
9,HGF84QF,1,3,336,89
9,HQF44HH,2,3,324,95
9,HGF87QQD,3,3,213,83
9,HQF44HH,2,3,324,97
9,FSFC8,4,3,113,73
12,ULFC4TP,2,3,B39,94
10,EEF88,3,3,346,86
12,EEFGGUQX,1,3,347,93
11,SPF44,2,3,229,86
11,MRF44QT,1,3,214,68
11,MKFC8UCT,1,3,322,96
11,FSFCCU,2,3,123,100
9,SHFC6TM,1,3,149,98
11,FFFCC,1,3,248,86
9,SLF44,2,3,228,65
9,MCF87UBD,1,3,203,94
9,SHFC6TM,1,3,149,98
10,ULFC4TP,2,3,B39,72
11,EEFGGUQJ,1,3,B6,80
12,MRF44,3,3,223,65
9,UEFG4H,1,3,B27,90
10,HUF44QT,2,3,316,80
11,SHFCATM,1,3,327,95
9,SLF44,2,3,228,88
10,PPF44Q2B,4,3,GYM3,85
10,UAF44Q3,2,3,235,82
10,FLFC8H,1,3,121,92
9,MRF44,5,3,221,70
9,EEFG4H,8,3,349,95
11,EEFGGUQV,1,3,335,92
12,EEFGGUQF,1,3,330,81
9,MRF44HG,3,3,107,90
9,PPF44Q2B,4,3,GYM3,98
9,PPF44Q3B,3,3,GYM3,80
11,FFFCC,1,3,248,70
10,FSFC8,3,3,122,80
9,MRF44QG,1,3,214,72
11,EEFGGUQF,1,3,330,69
9,PPF44Q3B,4,3,GYM3,65
9,UAF88Q2,2,3,235,65
9,HQF44HH,2,3,324,96
9,MEF44H,2,3,207,93
11,SPF44,2,3,229,80
9,HGF88XHD,1,3,325,82
10,SPF44,2,3,229,82
12,PPF44Q2G,3,3,GYM2,85
12,PPF44Q3G,3,3,GYM2,90
10,HUF44QG,2,3,316,88
10,PWF44Q2B,1,3,POOL,80
10,UAF44H3,2,3,235,96
10,MRF44H,6,3,225,93
12,FQF44QQY,3,3,216,100
10,MKFC4TC,1,3,108,85
9,PHF44Q3,2,3,B17,85
9,PPF44Q2G,3,3,GYM2,85
9,FLFC8,1,3,121,86
9,FSFC8H,3,3,122,97
11,AUFC8UAT,1,3,232,65
11,PPF44Q2B,5,3,GYM3,65
11,PPF44Q3B,5,3,GYM3,80
9,FKFC4,2,3,114,65
9,HGF84QF,1,3,336,71
12,EEFGGUQX,1,3,347,88
11,EEF88,3,3,346,65
11,PPF44Q2B,5,3,GYM3,75
11,PPF44Q3B,5,3,GYM3,80
10,HFF44QW,1,3,331,65
11,PPF44Q2B,3,3,GYM3,100
11,PPF44Q3B,3,3,GYM3,90
12,MPF44UQS,1,3,211,75
10,MRF44HG,2,3,104,97
9,SCF44,4,3,138,71
11,BCF44T,32,3,204,100
11,PPF44Q2B,3,3,GYM3,100
10,PPF44Q2B,3,3,GYM3,90
10,PPF44Q3B,5,3,GYM3,90
11,AUFC8UAT,1,3,232,85
9,SCF84QQF,1,3,238,83
11,PGF44Q2C,2,3,GYM1,95
11,PGF44Q3C,2,3,GYM1,95
10,SCF44,3,3,141,65
11,FFFCC,1,3,248,82
10,ULFC4TP,2,3,B39,95
9,SLF44,2,3,228,86
9,HGF84QF,1,3,336,71
9,SLF44HG,2,3,231,96
11,FSFCCU,2,3,123,94
9,SLF44HG,2,3,231,97
9,PPF44Q2G,4,3,GYM2,100
9,UAF44H3,2,3,235,99
9,FLFC8,1,3,121,65
11,EEFGGUQF,1,3,330,80
9,PPF44Q3B,5,3,GYM3,80
9,UAF44Q2,2,3,235,66
10,SCF44HG,2,3,139,91
9,MRF44,5,3,221,87
12,FMFGG,1,3,111,81
9,HGF88QQD,7,3,313,88
10,BCF44T,32,3,204,100
10,PPF44Q2B,5,3,GYM3,95
12,ANF44X,1,3,B7,89
11,SEF88QQ3,1,3,341,85
10,MRF44QT,3,3,107,70
11,SEF88QQ3,1,3,341,82
11,UAF88Q2,2,3,235,70
10,SHFC6TM,1,3,149,98
9,UEFG4,1,3,B27,70
10,PPF44Q2B,5,3,GYM3,95
10,UAF88H3,2,3,235,100
9,HGF87QQD,3,3,213,71
12,PGF44Q2C,2,3,GYM1,95
12,UAF44H3,2,3,235,100
10,FLFC8H,1,3,121,93
12,SDF84UVT,1,3,332,86
11,MRF44,3,3,223,65
9,SLF44,3,3,247,66
10,EEF88,2,3,126,65
10,HUF44QQB,1,3,315,88
9,EEFG4,8,3,349,65
12,ANF44X,1,3,B7,80
11,FMFCC,1,3,111,69
10,SCF44H,3,3,141,92
9,FKFC4H,2,3,114,94
9,SLF44QW,2,3,328B,77
9,HGF88XHD,1,3,325,92
9,EEF88QT,3,3,146,76
9,ESFG4QFA,1,3,334B,65
9,PPF44Q2G,4,3,GYM2,85
9,UAF44Q3,2,3,235,84
9,FKFC4H,2,3,114,98
12,PPF44Q2G,3,3,GYM2,85
12,PPF44Q3G,3,3,GYM2,90
9,HGF88QQD,7,3,313,78
12,FMF44UQX,2,3,116,75
9,PPF44Q3B,5,3,GYM3,80
9,UAF88Q2,2,3,235,83
9,UEFG4,1,3,B27,65
10,HUF44QQB,1,3,315,65
10,HUF44UQX,2,3,333,100
9,HGF87QQD,3,3,213,65
10,PPF44Q2B,5,3,GYM3,95
10,UAF44H3,2,3,235,100
11,SPF44,2,3,229,81
9,HQF44QH,2,3,324,75
9,UEFG4H,1,3,B27,100
10,FSFC8,3,3,122,65
9,UEFG4H,1,3,B27,100
11,PPF44Q2G,4,3,GYM2,85
11,PPF44Q3G,4,3,GYM2,90
9,SLF44QG,2,3,231,65
11,FSFCC,3,3,125,70
10,HUF44UQX,2,3,333,90
9,MEF44,2,3,207,70
11,PPF44Q2B,3,3,GYM3,80
11,PPF44Q3B,4,3,GYM3,75
10,FSFC8,3,3,122,65
12,SDF88TV,2,3,206,83
9,HGF88QQD,7,3,313,66
11,FFFCC,1,3,248,71
10,AUFC8UAT,1,3,232,70
10,HUF43QWD,1,3,326,80
10,SPF44,2,3,229,65
9,HGF84QF,1,3,336,71
10,SHFC6TM,1,3,149,100
11,SCF44,3,3,141,74
12,HBF44X,1,3,311,83
12,ULFC4TP,2,3,B39,93
10,UEFG4,1,3,B27,65
10,SEF88QQ2,1,3,341,65
12,MPF44UQS,1,3,211,98
11,EEF88,2,3,126,80
9,EEFG4H,8,3,349,98
12,SPF44H,2,3,229,96
12,EEFGGUQX,1,3,347,82
9,PPF44Q2B,5,3,GYM3,95
9,PPF44Q3B,5,3,GYM3,90
9,HUF44QQB,1,3,315,83
12,MKFCCTC,1,3,106,70
10,SCF44,4,3,138,75
9,HUF44QGD,1,3,323,65
10,PPF44Q2B,4,3,GYM3,98
10,UAF44Q3,2,3,235,86
11,PPF44Q2G,3,3,GYM2,65
11,PPF44Q3G,3,3,GYM2,70
11,EEFGGUQJ,1,3,B6,92
9,PHF44H2,2,3,B17,95
9,PPF44Q3B,4,3,GYM3,98
9,SHFC6TM,1,3,149,70
12,MKFCCTC,1,3,106,94
11,EEFGGUQV,1,3,335,89
10,SCF44QG,2,3,139,65
12,SBF87UBD,1,3,338,90
11,EEFGCUQX,1,3,348,90
11,FFFCC,1,3,248,85
9,PHF44Q2,2,3,B17,77
9,PPF44Q3G,4,3,GYM2,80
9,HUF44QQB,1,3,315,72
9,PHF44H3,2,3,B17,91
9,PPF44Q2B,3,3,GYM3,80
11,EEFGGUQX,1,3,347,70
11,FSFCCU,2,3,123,95
12,MKFC8UCT,1,3,322,75
10,MRF44,6,3,225,69
12,PPF44Q2B,3,3,GYM3,70
12,PPF44Q3B,4,3,GYM3,80
10,FSFC8,4,3,113,65
9,EEFG4,8,3,349,65
10,SCF44QT,2,3,139,65
11,SDF84UVT,1,3,332,95
9,PPF44Q2B,3,3,GYM3,65
12,SHFCATM,1,3,327,90
10,SCF84QQF,1,3,238,83
9,MEF44QG,2,3,208,77
9,SHFC6TM,1,3,149,98
9,HGF84QF,1,3,336,79
10,HUF44QGD,1,3,323,70
12,MRF44QG,2,3,104,75
11,SCF84QQF,1,3,238,68
11,HFF44QW,1,3,331,66
9,ESFG4QFA,1,3,334B,75
9,EEF88QG,3,3,146,87
9,PHF44Q2,2,3,B17,88
9,PPF44Q3G,3,3,GYM2,75
9,FKFC4,2,3,114,84
9,SLF44,3,3,247,85
9,PHF44Q2,2,3,B17,72
9,PPF44Q3G,3,3,GYM2,75
10,EEF88H,2,3,126,95
12,PQF44Q2Y,3,3,251,100
12,PQF44Q3Y,3,3,251,100
9,HGF88QQD,1,3,321,65
10,EEF88QG,3,3,146,80
9,EEFG4H,8,3,349,98
12,MRF44QT,2,3,104,88
9,UEFG4H,1,3,B27,90
10,EEF88HG,4,3,350,91
9,HGF88QTD,1,3,334A,74
12,PPF44Q3G,4,3,GYM2,65
12,SEF88QQ2,1,3,341,65
12,SCF44,3,3,141,65
9,PHF44H2,2,3,B17,94
9,PPF44Q3G,3,3,GYM2,100
11,SPF44H,2,3,229,94
9,ESFG4QFA,1,3,334B,65
10,SEF88QQ2,1,3,341,65
10,UAF88Q3,2,3,235,68
9,FSFC4,1,3,115,71
9,FSFC4,1,3,115,77
9,HGF88QQD,7,3,313,84
10,HUF44UQX,2,3,333,100
11,MRF44QG,2,3,104,80
11,SHFCATM,1,3,327,90
11,HUF44QTD,1,3,323,65
11,PPF44Q2G,4,3,GYM2,70
11,PWF44Q3G,1,3,POOL,85
10,FSFCCH,3,3,125,95
9,HGF88QTD,1,3,334A,70
12,UAF88Q3,2,3,235,88
9,HGF84QF,1,3,336,73
11,EEFGGUQJ,1,3,B6,70
9,ESFG8QF,1,3,334B,75
12,SBF87UBD,1,3,338,72
9,HQF44HH,2,3,324,95
9,UEFG4H,1,3,B27,90
11,FSFCC,3,3,125,65
12,MRF44QT,3,3,107,65
10,SCF84QQF,1,3,238,65
10,BCF44T,32,3,204,100
10,PPF44Q2B,4,3,GYM3,98
12,FMF44UQX,2,3,116,100
9,HGF88HQD,7,3,313,90
10,MRF44QG,2,3,104,65
9,SCF44H,4,3,138,92
9,HGF84QF,1,3,336,83
12,EEFGGUQJ,1,3,B6,83
11,FSFCCU,2,3,123,75
9,MEF44QG,2,3,208,75
10,SHFC6TM,1,3,149,98
11,MKFC8UCT,1,3,322,70
11,FMFCC,1,3,111,79
9,HGF88QQD,1,3,321,75
9,FSFC4H,1,3,115,98
10,HUF44UQX,2,3,333,100
9,SLF44QW,2,3,328B,80
11,AUFC8UAT,1,3,232,92
10,SCF44,4,3,138,72
10,FSFC8,3,3,122,81
11,AUFC8UAT,1,3,232,65
10,FSFCC,3,3,125,86
11,SCF84QQF,1,3,238,65
12,HBF44X,1,3,311,79
12,MPF44UQS,1,3,211,80
11,AUFC8UAT,1,3,232,78
9,HGF88QTD,1,3,334A,66
9,HGF84QF,1,3,336,70
11,SDF44QWE,1,3,329B,86
11,PPF44Q3G,3,3,GYM2,100
11,UAF88H2,2,3,235,90
9,HQF44QH,2,3,324,75
9,FKFC4,2,3,114,85
9,FMFC4H,1,3,226,100
12,SPF44H,2,3,229,90
9,MRF44QG,2,3,104,65
11,MRF44QT,3,3,107,69
9,HGF87HQD,3,3,213,90
9,EEFG4,8,3,349,66
10,MRF44QG,3,3,107,71
9,PPF44Q2B,4,3,GYM3,98
9,PPF44Q3B,4,3,GYM3,98
12,EEFGGUQX,1,3,347,77
12,HBF44X,1,3,311,75
10,FMFC8H,1,3,215,96
12,MCF87UBD,1,3,203,83
10,HUF44UQX,2,3,333,100
12,SDF88TV,2,3,206,92
9,PHF44Q3,2,3,B17,80
9,PPF44Q2G,3,3,GYM2,95
10,AUFC8UAT,1,3,232,93
9,FSFC8H,4,3,113,91
9,MRF44HG,3,3,107,94
11,HBF44X,1,3,311,90
9,AWF84,1,3,222,83
11,SPF44,2,3,229,88
9,PHF44H3,2,3,B17,93
9,PPF44Q2B,5,3,GYM3,95
12,HBF44X,1,3,311,92
11,EEFGGUQF,1,3,330,85
11,MRF44QT,1,3,214,73
12,FKFC4,2,3,114,70
10,FMFC8H,1,3,215,96
12,MPF44UQS,1,3,211,92
10,HUF44QQB,1,3,315,68
12,MPF44UQS,1,3,211,80
12,SBF87UBD,1,3,338,83
12,SHFCATM,1,3,327,90
9,PHF44H2,2,3,B17,92
9,PPF44Q3B,5,3,GYM3,90
9,PHF44Q3,2,3,B17,74
9,PPF44Q2B,4,3,GYM3,90
9,FKFC4H,2,3,114,99
9,ESFG8QFW,1,3,334B,65
9,SLF44H,3,3,247,96
11,EEFGCUQX,1,3,348,93
9,FSFC4,1,3,115,65
12,BCF44T,22,3,204,97
12,PPF44Q3B,3,3,GYM3,90
12,MKFCCTC,1,3,106,72
9,HGF88QQD,7,3,313,80
11,EEFGGUQV,1,3,335,90
12,MPF44UQJ,1,3,219,65
10,SCF44H,4,3,138,90
9,PHF44Q2,2,3,B17,65
9,PPF44Q3G,4,3,GYM2,95
12,MCF87UBD,1,3,203,80
10,FMFC8H,1,3,215,99
10,SCF44QT,2,3,139,80
9,HGF88XHD,1,3,325,84
12,PPF44Q2G,4,3,GYM2,100
12,PPF44Q3G,4,3,GYM2,100
9,EEFGGHF,1,3,103,95
10,SCF44H,4,3,138,94
12,MPF44UQJ,1,3,219,85
12,FMF44UQX,2,3,116,100
9,HGF88HGD,1,3,334A,95
10,SCF44H,3,3,141,96
9,HQF44HH,2,3,324,96
9,HGF87HQD,3,3,213,90
12,PPF44Q3B,4,3,GYM3,90
12,PQF44Q2Y,3,3,251,100
9,HGF88HGD,1,3,334A,95
10,PPF44Q2B,3,3,GYM3,80
10,UAF44H3,2,3,235,90
9,HGF88QQD,7,3,313,82
9,HGF84QF,1,3,336,66
10,MRF44,4,3,205,65
12,BCF44T,22,3,204,100
12,PGF44Q3C,2,3,GYM1,100
10,MRF44,5,3,221,83
12,FMF44UQX,2,3,116,80
12,ANF44X,1,3,B7,78
9,ESFG4QFA,1,3,334B,65
11,MRF44HG,1,3,214,91
9,PHF44Q2,2,3,B17,65
9,PPF44Q3G,4,3,GYM2,65
12,MCF87UBD,1,3,203,97
10,MRF44H,3,3,223,90
11,MRF44H,3,3,223,100
9,FMFC4H,1,3,226,98
11,MRF44H,4,3,205,96
11,MRF44,3,3,223,75
9,FMFCCH,1,3,111,97
9,PPF44Q2G,4,3,GYM2,100
9,PPF44Q3G,4,3,GYM2,100
9,PHF44Q2,2,3,B17,79
9,PPF44Q3G,3,3,GYM2,100
12,SDF88TV,2,3,206,90
12,SHFCATM,1,3,327,100
12,BCF44T,22,3,204,100
12,PPF44Q3B,3,3,GYM3,70
11,EEFGCUQX,1,3,348,100
12,FMF44UQX,2,3,116,90
10,SCF44,4,3,138,76
12,EEFGGHGF,1,3,249,90
12,SBF87UBD,1,3,338,86
11,UEFG4H,1,3,B27,90
10,FMF44UQX,2,3,116,92
9,FMFC4,1,3,226,84
10,SCF44HG,2,3,139,94
11,EEFGCUQX,1,3,348,95
11,SDF84UVT,1,3,332,95
9,SLF44H,3,3,247,96
9,FMFC8H,1,3,215,98
10,SCF44,4,3,138,79
11,FMFCCH,1,3,111,100
11,EEFGCUQX,1,3,348,97
9,FMFC4,1,3,226,75
9,HGF87QQD,3,3,213,74
10,MRF44,6,3,225,65
11,PPF44Q3G,4,3,GYM2,70
11,ULFC4TP,2,3,B39,90
10,BCF44T,32,3,204,100
10,PPF44Q2B,3,3,GYM3,90
12,EEFGGUQX,1,3,347,80
12,SDF88TV,2,3,206,92
9,PPF44Q2B,3,3,GYM3,90
9,UAF44Q3,2,3,235,72
10,HUF44QQB,1,3,315,76
10,EEF88QG,3,3,146,84
12,SDF88TV,2,3,206,95
11,EEFGGUQF,1,3,330,78
9,UEFG4,1,3,B27,65
10,EEF88,3,3,346,86
11,EEFGCUQX,1,3,348,92
12,FQF44QQY,3,3,216,98
12,MPF44UQJ,1,3,219,99
10,HUF44QQB,1,3,315,76
11,BCF44T,22,3,204,70
11,PPF44Q3G,4,3,GYM2,80
9,FMFC4,1,3,226,86
11,EEFGGUQJ,1,3,B6,94
11,EEFGGUQV,1,3,335,65
9,FKFC4H,2,3,114,97
10,EEF88,2,3,126,80
11,SDF84UVT,1,3,332,71
11,MRF44,4,3,205,77
11,PPF44Q3B,3,3,GYM3,80
11,PWF44Q2B,1,3,POOL,75
9,PHF44Q3,2,3,B17,89
9,PPF44Q2B,5,3,GYM3,95
12,ANF44X,1,3,B7,69
10,MKFC4TC,1,3,108,96
12,MRF44,5,3,221,80
12,HBF44X,1,3,311,91
9,FSFC4H,1,3,115,98
11,EEFGGUQF,1,3,330,81
12,MCF87UBD,1,3,203,88
10,EEF88QG,3,3,146,76
12,ANF44X,1,3,B7,77
11,EEFGCUQX,1,3,348,96
10,EEF88H,3,3,346,91
10,FSFCC,3,3,125,85
9,HGF88QGD,1,3,334A,70
11,AUFC8UAT,1,3,232,80
12,EEFGGUQV,1,3,335,92
9,HGF88XHD,1,3,325,93
12,FKFC4H,2,3,114,100
10,SCF44H,4,3,138,93
12,EEFGGQTF,1,3,249,80
9,PHF44Q2,2,3,B17,85
9,PPF44Q3G,4,3,GYM2,85
12,BCF44T,32,3,204,75
12,PPF44Q2B,4,3,GYM3,85
9,PHF44Q2,2,3,B17,86
9,PPF44Q3B,4,3,GYM3,98
9,AWF84,1,3,222,65
10,SCF44,3,3,141,72
10,EEFGGHF,1,3,103,95
12,EEFGGUQJ,1,3,B6,65
9,PHF44Q3,2,3,B17,83
9,PPF44Q2G,4,3,GYM2,70
12,EEFGCUQX,1,3,348,97
9,SLF44QG,2,3,231,65
9,SLF44H,3,3,247,94
9,SCF84QQF,1,3,238,65
10,BCF44T,22,3,204,90
10,PPF44Q3G,4,3,GYM2,100
11,HUF44QQB,1,3,315,78
9,HGF88QTD,5,3,314,68
12,MPF44UQJ,1,3,219,90
12,PPF44Q2G,4,3,GYM2,75
12,PPF44Q3G,4,3,GYM2,75
9,EEFG4H,8,3,349,98
12,PQF44Q2Y,3,3,251,100
12,PQF44Q3Y,3,3,251,100
10,HUF44UQX,2,3,333,88
12,HBF44X,1,3,311,80
9,EEFG4QT,6,3,246,65
9,EEFG4H,8,3,349,93
10,SCF44HG,2,3,139,92
12,BCF44T,22,3,204,75
12,PPF44Q3B,5,3,GYM3,90
9,SLF44QW,2,3,328B,70
11,FSFCC,3,3,125,65
9,HGF88HGD,1,3,334A,95
10,EEF88QT,4,3,350,82
9,PHF44H3,2,3,B17,93
9,PPF44Q2B,5,3,GYM3,95
12,MRF44QG,1,3,214,80
11,SCF44QG,2,3,139,65
12,MPF44UQS,1,3,211,68
12,EQF44QQY,3,3,328,90
9,EEFG4HT,6,3,246,90
11,SCF44QG,2,3,139,75
10,SCF44QG,2,3,139,78
12,EEFGGUQX,1,3,347,72
10,PPF44Q2B,5,3,GYM3,95
10,PPF44Q3B,3,3,GYM3,75
9,UEFG4,1,3,B27,65
12,EEFGGUQV,1,3,335,92
12,MPF44UQS,1,3,211,80
12,PPF44Q2B,3,3,GYM3,85
12,PPF44Q3B,4,3,GYM3,98
10,EEF88H,2,3,126,95
9,ULFC4TP,2,3,B39,94
10,HUF44UQX,2,3,333,85
10,BCF44T,22,3,204,95
10,PPF44Q3G,4,3,GYM2,90
10,BCF44T,22,3,204,90
10,PPF44Q3G,4,3,GYM2,90
11,MKFC8UCT,1,3,322,75
9,MEF44,2,3,207,65
9,FMFC4H,1,3,226,100
12,MPF44UQJ,1,3,219,75
9,AWF84H,1,3,222,91
10,MRF44,4,3,205,66
10,HUF44UQX,2,3,333,93
11,MRF44HG,3,3,107,90
12,MKFC4TC,1,3,108,65
12,MPF44UQS,1,3,211,78
9,EEFG4QG,6,3,246,78
9,HGF88HGD,1,3,334A,90
10,FSFC8,3,3,122,84
10,PPF44Q3B,4,3,GYM3,98
10,UAF44Q2,2,3,235,71
12,EEFGGHGF,1,3,249,94
12,PQF44Q2Y,3,3,251,100
12,PQF44Q3Y,3,3,251,100
10,MRF44,4,3,205,69
9,HGF88QQD,1,3,321,70
12,MRF44QG,2,3,104,65
10,MKFC4TC,1,3,108,70
9,HGF84QF,1,3,336,83
11,ULFC4TP,2,3,B39,66
12,EEFGGUQV,1,3,335,78
9,SLF44,2,3,228,78
11,SHFCATM,1,3,327,95
ST,PGF44Q2C,2,3,GYM1,85
ST,PGF44Q3C,2,3,GYM1,75
12,MKFC8UCT,1,3,322,75
11,EEFGGHFW,1,3,103,90
10,PPF44Q3B,5,3,GYM3,85
10,PWF44Q2B,1,3,POOL,85
11,EEF88QG,4,3,350,70
9,UEFG4H,1,3,B27,95
11,SHFCATM,1,3,327,75
11,FMFCCH,1,3,111,100
11,PQF44Q2Y,3,3,251,100
11,PWF44Q3G,1,3,POOL,97
12,SCF44QG,2,3,139,70
10,EEF88QG,3,3,146,84
9,SLF44H,3,3,247,90
10,HUF44QGD,1,3,323,82
11,AUFC8UAT,1,3,232,98
11,FFFCC,1,3,248,79
9,EEFG4QG,6,3,246,70
10,FLFC8,1,3,121,75
9,HGF88XHD,1,3,325,83
10,PWF44Q2B,1,3,POOL,65
10,UAF44Q3,2,3,235,65
9,MEF44,2,3,207,65
9,MRF44,4,3,205,72
12,MCF87UBD,1,3,203,88
11,EEFGCUQX,1,3,348,96
11,EEFGGUQJ,1,3,B6,65
9,FSFC4,1,3,115,83
9,AWF84,1,3,222,88
10,MRF44,4,3,205,68
9,UEFG4H,1,3,B27,95
9,MEF44QT,2,3,208,65
9,PHF44H3,2,3,B17,90
9,PPF44Q2B,3,3,GYM3,95
12,SPF44,2,3,229,77
11,PPF44Q3B,4,3,GYM3,85
11,UAF88Q2,2,3,235,78
11,EEF88QT,3,3,146,70
11,SPF44,2,3,229,76
10,HUF44QQB,1,3,315,73
9,EEFG4,8,3,349,70
11,PPF44Q2B,5,3,GYM3,65
9,EEF88,3,3,346,84
12,HFF44HW,1,3,331,93
10,PGF44Q2C,2,3,GYM1,65
12,MPF44UQS,1,3,211,80
9,HQF44HH,2,3,324,92
12,ANF44X,1,3,B7,85
10,FSFC8H,3,3,122,95
11,SHFCATM,1,3,327,85
11,MRF44QG,3,3,107,88
10,PGF44Q3C,2,3,GYM1,95
10,UAF44H2,2,3,235,90
12,EEFGCUQX,1,3,348,99
12,PPF44Q2B,3,3,GYM3,65
12,MCF87UBD,1,3,203,95
9,PPF44Q2G,3,3,GYM2,100
9,PPF44Q3G,3,3,GYM2,100
11,EEF88QT,3,3,146,74
9,HGF88HQD,1,3,321,96
10,FLFC8,1,3,121,85
9,PPF44Q2B,3,3,GYM3,70
9,SEF88QQ3,1,3,341,84
12,FMF44UQX,2,3,116,100
10,FMFC8H,1,3,215,94
11,EEFGGUQJ,1,3,B6,83
11,PPF44Q2B,3,3,GYM3,70
11,PPF44Q3B,3,3,GYM3,65
10,EEF88,3,3,346,81
11,SDF84UVT,1,3,332,90
12,SBF87UBD,1,3,338,88
11,FFFCC,1,3,248,69
10,EEFGGUQJ,1,3,B6,85
9,HGF84QF,1,3,336,67
9,MEF44H,2,3,207,90
11,FSFC8H,3,3,122,90
9,HGF88QQD,1,3,321,65
11,EEFGGUQV,1,3,335,75
10,SHFC6TM,1,3,149,95
9,PPF44Q3B,3,3,GYM3,95
9,UAF44H2,2,3,235,100
9,FSFC8H,4,3,113,98
9,FKFC4,2,3,114,79
11,EEFGCUQX,1,3,348,93
11,PPF44Q2G,4,3,GYM2,65
11,PPF44Q3G,3,3,GYM2,65
12,SDF88TV,2,3,206,96
12,MPF44UQS,1,3,211,80
9,HUF44QQB,1,3,315,65
9,EEFG4QG,6,3,246,65
11,BCF44T,22,3,204,100
11,PGF44Q3C,2,3,GYM1,95
12,FMF44UQX,2,3,116,74
12,HBF44X,1,3,311,88
12,EEFGGUQX,1,3,347,80
11,MRF44QT,1,3,214,65
10,EEF88QG,4,3,350,87
12,EEFGGUQV,1,3,335,93
9,SLF44H,3,3,247,90
9,SLF44,2,3,228,74
11,PPF44Q2G,4,3,GYM2,80
11,UAF88Q3,2,3,235,66
12,EEFGGUQF,1,3,330,85
12,BCF44T,22,3,204,70
12,PPF44Q3B,5,3,GYM3,90
11,EEFGGUQJ,1,3,B6,91
11,PGF44Q2C,2,3,GYM1,100
11,UAF88Q3,2,3,235,85
11,HFF44QW,1,3,331,65
11,SDF84UVT,1,3,332,80
12,EEFGGUQJ,1,3,B6,77
10,HUF44UQX,2,3,333,100
12,SBF87UBD,1,3,338,85
11,PPF44Q2B,5,3,GYM3,95
11,PPF44Q3B,5,3,GYM3,90
9,SLF44QG,2,3,231,85
9,FMFC4H,1,3,226,93
10,SCF44H,3,3,141,92
9,HGF88QQD,1,3,321,87
9,MEF44,2,3,207,65
9,PHF44Q3,2,3,B17,75
9,PPF44Q2B,3,3,GYM3,70
10,MRF44H,6,3,225,92
11,MPF44UQJ,1,3,219,94
11,MRF44,4,3,205,75
11,PPF44Q2G,4,3,GYM2,100
11,PWF44Q3G,1,3,POOL,97
9,MEF44QG,2,3,208,70
11,FFFCC,1,3,248,69
11,EEFGGQF,1,3,103,65
10,FLFC8H,1,3,121,93
10,EEF88QG,4,3,350,89
9,HGF87HQD,3,3,213,92
11,SPF44,2,3,229,89
11,SHFCATM,1,3,327,95
9,UEFG4,1,3,B27,80
11,EEF88,2,3,126,85
9,SCF44HG,2,3,139,98
10,FSFC8,4,3,113,71
11,EEFGCUQX,1,3,348,72
9,SHFC6TM,1,3,149,65
12,SHFCATM,1,3,327,65
11,MRF44,4,3,205,80
9,EEFG4,8,3,349,85
10,HUF43QWD,1,3,326,80
10,PPF44Q3G,3,3,GYM2,100
10,UAF44H2,2,3,235,97
12,EEFGGUQX,1,3,347,90
12,PPF44Q2B,4,3,GYM3,65
12,PPF44Q3B,4,3,GYM3,65
9,MEF44,2,3,207,76
9,FMFC4,1,3,226,65
11,MPF44UQJ,1,3,219,75
10,HUF44QG,2,3,316,78
9,EEFGGHFT,1,3,103,94
10,MRF44,4,3,205,69
11,SPF44H,2,3,229,90
12,PPF44Q2G,3,3,GYM2,95
12,UAF88Q3,2,3,235,82
11,MPF44UQJ,1,3,219,80
9,PPF44Q2G,3,3,GYM2,65
9,SEF88QQ3,1,3,341,65
12,EEFGCUQX,1,3,348,98
9,PGF44Q2C,2,3,GYM1,65
9,PGF44Q3C,2,3,GYM1,65
9,MKFC4TC,1,3,108,77
11,MRF44QG,2,3,104,70
11,SBF87UBD,1,3,338,76
10,PGF44Q2C,2,3,GYM1,65
10,PGF44Q3C,2,3,GYM1,65
11,FSFCC,3,3,125,80
9,EEFG4QT,6,3,246,65
11,MPF44UQJ,1,3,219,65
12,PQF44Q2Y,3,3,251,100
12,PQF44Q3Y,3,3,251,100
9,PHF44Q3,2,3,B17,84
9,PPF44Q2B,5,3,GYM3,95
12,ANF44X,1,3,B7,78
12,ANF44X,1,3,B7,80
12,EEFGGUQV,1,3,335,96
10,HUF43HWD,1,3,326,90
10,SCF44,3,3,141,81
12,FFFGG,1,3,248,66
10,ULFC4TP,2,3,B39,65
9,PHF44H2,2,3,B17,94
9,PPF44Q3B,5,3,GYM3,90
9,PHF44Q3,2,3,B17,73
9,PPF44Q2B,5,3,GYM3,75
11,MRF44QG,1,3,214,65
10,PPF44Q3G,3,3,GYM2,90
10,UAF44H2,2,3,235,99
9,UEFG4,1,3,B27,65
9,PHF44H2,2,3,B17,97
9,PPF44Q3B,5,3,GYM3,90
10,SCF44,4,3,138,77
9,EEF88QT,3,3,146,80
12,EEFGGQTF,1,3,249,85
11,HUF44QQB,1,3,315,82
12,HBF44X,1,3,311,85
9,HFF44QW,1,3,331,89
11,SDF84UVT,1,3,332,95
11,MRF44,5,3,221,73
9,UEFG4,1,3,B27,70
9,UEFG4,1,3,B27,75
9,EEFG4H,8,3,349,98
12,BCF44T,22,3,204,100
12,PPF44Q3B,4,3,GYM3,90
9,SLF44,3,3,247,85
10,HUF44QTD,1,3,323,83
11,SHFCATM,1,3,327,95
12,PPF44Q2G,4,3,GYM2,100
12,PPF44Q3G,4,3,GYM2,100
9,HFF44QW,1,3,331,70
9,MEF44QT,2,3,208,88
11,MRF44,3,3,223,78
11,EEFGGHGF,1,3,249,90
11,MRF44,4,3,205,66
9,FSFC8H,3,3,122,90
9,HGF88XHD,1,3,325,92
9,PPF44Q2G,3,3,GYM2,70
9,MRF44,3,3,223,68
9,SCF44QG,2,3,139,73
9,MEF44QT,2,3,208,65
9,ESFG8HF,1,3,334B,90
10,PPF44Q2B,5,3,GYM3,90
10,UAF44H3,2,3,235,100
11,HUF44HG,2,3,316,94
11,MKFC8UCT,1,3,322,88
9,HGF88HQD,7,3,313,90
9,UEFG4,1,3,B27,70
11,SDF84UVT,1,3,332,90
9,AWF84H,1,3,222,97
9,PPF44Q2B,3,3,GYM3,80
9,PPF44Q3B,5,3,GYM3,90
9,HGF84QF,1,3,336,77
9,SLF44H,3,3,247,93
11,EEF88QG,4,3,350,75
10,FFFCC,1,3,248,66
12,MKFCCTC,1,3,106,100
9,HGF88QTD,5,3,314,65
9,HGF88QGD,5,3,314,65
11,SDF84UVT,1,3,332,95
11,MRF44QT,1,3,214,65
9,MEF44QT,2,3,208,85
12,EEFGGUQX,1,3,347,70
12,BCF44T,32,3,204,90
12,UAF44H2,2,3,235,100
9,HGF88QTD,1,3,334A,70
10,PPF44Q2B,4,3,GYM3,95
10,UAF44H3,2,3,235,100
9,UEFG4H,1,3,B27,90
9,HGF88QQD,1,3,321,65
10,MRF44HG,3,3,107,97
10,UEFG4H,1,3,B27,90
9,MEF44H,2,3,207,95
11,MRF44HG,1,3,214,92
9,ULFC4TP,2,3,B39,83
12,HQF44QQY,3,3,317,96
11,EEFGGUQF,1,3,330,91
9,ESFG8QF,1,3,334B,65
11,PPF44Q2B,4,3,GYM3,70
11,PPF44Q3B,4,3,GYM3,75
12,EEFGGUQX,1,3,347,88
12,EEF88QT,3,3,146,65
9,HGF84QF,1,3,336,71
10,FSFC8,4,3,113,87
12,BCF44T,32,3,204,100
12,PPF44Q2B,4,3,GYM3,95
9,SCF44,3,3,141,87
9,HGF88QGD,1,3,334A,65
11,AUFC8UAT,1,3,232,94
9,PHF44Q3,2,3,B17,80
9,PPF44Q2B,4,3,GYM3,90
10,FLFC8H,1,3,121,90
12,SQF44QQY,3,3,233,100
11,PPF44Q2B,5,3,GYM3,95
11,PPF44Q3B,4,3,GYM3,98
10,HUF44QG,2,3,316,70
9,SLF44,2,3,228,73
10,FSFCCU,2,3,123,100
9,HQF44HH,2,3,324,96
9,SLF44,2,3,228,89
ST,FSFC4,1,3,115,78
12,PPF44Q2G,4,3,GYM2,95
12,PPF44Q3G,4,3,GYM2,100
12,BCF44T,22,3,204,65
12,PGF44Q3C,2,3,GYM1,75
10,SCF44,3,3,141,77
11,SCF44,4,3,138,72
11,UAF44Q2,2,3,235,80
11,UAF44Q3,2,3,235,80
10,MRF44,5,3,221,65
9,PHF44H2,2,3,B17,97
9,PPF44Q3G,4,3,GYM2,80
12,SDF88TV,2,3,206,93
12,PPF44Q2G,3,3,GYM2,70
12,SEF88QQ3,1,3,341,82
9,HGF88XHD,1,3,325,71
9,FSFC8H,3,3,122,98
11,PPF44Q3B,4,3,GYM3,90
11,UAF88Q2,2,3,235,73
11,FFFCC,1,3,248,69
9,HGF88QQD,7,3,313,86
10,SCF44QT,2,3,139,80
10,SCF44,4,3,138,85
10,FSFC8,4,3,113,71
11,MRF44,5,3,221,85
9,SDF44QWE,1,3,329B,65
9,EEFG4QT,6,3,246,87
10,EEF88QG,3,3,146,78
9,EEFG4QG,6,3,246,77
9,HGF88XHD,1,3,325,90
11,EEFGGUQF,1,3,330,70
10,FSFCCU,2,3,123,88
12,HBF44X,1,3,311,94
10,SCF44,3,3,141,73
10,FSFC8H,3,3,122,91
12,SBF87UBD,1,3,338,78
10,SCF44H,4,3,138,92
12,EEFGGUQX,1,3,347,73
9,HGF88QQD,1,3,321,83
12,EEFGGUQV,1,3,335,90
12,PPF44Q3B,3,3,GYM3,65
12,PWF44Q2B,1,3,POOL,93
9,HGF88QTD,5,3,314,81
10,ULFC4TP,2,3,B39,72
11,PPF44Q2G,3,3,GYM2,100
11,PPF44Q3G,3,3,GYM2,100
12,PQF44Q2Y,3,3,251,100
12,PWF44Q3G,1,3,POOL,85
9,UAF44Q3,2,3,235,66
9,UEFG4H,1,3,B27,90
11,SCF44QG,2,3,139,67
11,SPF44,2,3,229,78
9,EEFGGHF,1,3,103,94
12,SHFCATM,1,3,327,95
11,EEF88QT,4,3,350,66
9,SCF44,3,3,141,89
9,HGF88HGD,1,3,334A,97
11,FMF44UQX,2,3,116,96
9,MRF44H,5,3,221,92
9,UEFG4H,1,3,B27,90
9,FSFC8,3,3,122,81
9,HGF88QGD,1,3,334A,85
11,AUFC8UAT,1,3,232,90
12,EEFGGUQX,1,3,347,90
11,SHFCATM,1,3,327,90
9,FSFC4,1,3,115,68
9,HGF88QTD,1,3,334A,78
9,UEFG4,1,3,B27,80
9,UEFG4H,1,3,B27,100
12,SCF44,3,3,141,79
12,EEFGGUQJ,1,3,B6,72
12,SDF88TV,2,3,206,96
11,SHFCATM,1,3,327,95
11,ULFC4TP,2,3,B39,65
9,HQF44QH,2,3,324,88
10,FLFC8H,1,3,121,95
10,MRF44QG,2,3,104,82
11,SHFCATM,1,3,327,95
9,FSFC8H,4,3,113,92
10,MKFC4TC,1,3,108,65
9,SLF44,2,3,228,73
9,SLF44QT,2,3,231,78
12,MCF87UBD,1,3,203,82
9,HUF44QGD,1,3,323,78
11,EEF88QG,3,3,146,65
9,SHFC6TM,1,3,149,90
11,MRF44,3,3,223,65
11,FFFCC,1,3,248,66
10,FLFC8,1,3,121,65
10,PPF44Q2B,4,3,GYM3,98
10,UAF44H3,2,3,235,95
10,SCF44H,4,3,138,94
12,MKFCCTC,1,3,106,94
10,EEF88,2,3,126,65
9,SLF44,3,3,247,85
11,MKFC8UCT,1,3,322,80
12,PGF44Q2C,2,3,GYM1,75
12,PGF44Q3C,2,3,GYM1,75
9,HUF44QT,2,3,316,65
11,MRF44HG,1,3,214,99
12,SDF84UVT,1,3,332,100
9,FMFC4H,1,3,226,100
9,HGF84HF,1,3,336,92
11,EEF88,3,3,346,65
12,AUFC8UAT,1,3,232,100
9,PHF44Q3,2,3,B17,76
9,PPF44Q2G,4,3,GYM2,95
9,HQF44QH,2,3,324,88
9,MRF44,6,3,225,81
11,MRF44H,6,3,225,100
11,MEF44,2,3,207,68
10,FFFCC,1,3,248,72
9,SLF44,3,3,247,85
9,MRF44,5,3,221,76
12,MKFCCTC,1,3,106,90
10,PPF44Q3G,3,3,GYM2,70
10,UAF88Q2,2,3,235,70
9,SHFC6TM,1,3,149,100
10,ULFC4TP,2,3,B39,66
10,PPF44Q2G,3,3,GYM2,65
10,UAF44Q3,2,3,235,68
10,EEF88QG,4,3,350,80
9,SLF44H,2,3,228,93
12,FMFGG,1,3,111,66
9,SLF44HG,2,3,231,99
11,EEFGGQTF,1,3,249,88
9,UEFG4H,1,3,B27,95
9,SLF44QW,2,3,328B,70
10,MKFC4TC,1,3,108,68
10,PPF44Q2B,5,3,GYM3,95
10,PPF44Q3B,5,3,GYM3,90
11,FSFCC,3,3,125,65
10,EEF88QT,4,3,350,83
10,FSFC8H,4,3,113,90
12,HBF44X,1,3,311,95
9,HQF44HH,2,3,324,95
12,PPF44Q3B,5,3,GYM3,80
12,PQF44Q2Y,3,3,251,100
12,FSFCCU,2,3,123,65
11,EEFGGUQF,1,3,330,77
9,HGF88XHD,1,3,325,69
9,EEFGGUQJ,1,3,B6,65
11,PPF44Q3G,3,3,GYM2,65
12,EEFGGUQX,1,3,347,83
10,EEF88HG,3,3,146,96
9,HGF88HGD,5,3,314,94
12,FFFCCH,1,3,248,94
9,HFF44QW,1,3,331,86
9,FMFC4H,1,3,226,100
9,SDF44QWE,1,3,329B,73
10,HUF44QTD,1,3,323,65
9,AWF84H,1,3,222,90
10,FMFC8H,1,3,215,94
10,HUF44HGD,1,3,323,98
10,HUF44QGD,1,3,323,68
12,SPF44H,2,3,229,92
10,FMFC8H,1,3,215,98
12,EEFGGUQJ,1,3,B6,90
9,AWF84,1,3,222,81
11,MRF44HG,3,3,107,97
9,PHF44Q3,2,3,B17,88
9,PPF44Q2B,4,3,GYM3,98
9,FSFC8,4,3,113,70
10,FLFC8H,1,3,121,95
12,MKFCCTC,1,3,106,65
9,EEFGGHF,1,3,103,90
10,PPF44Q3B,3,3,GYM3,65
10,UAF44Q2,2,3,235,81
12,MRF44QT,1,3,214,77
12,MCF87UBD,1,3,203,98
10,FMFC8,1,3,215,88
10,EEF88HG,4,3,350,97
ST,PGF44Q2C,2,3,GYM1,95
ST,PGF44Q3C,2,3,GYM1,90
10,HUF44QG,2,3,316,80
10,SCF44H,3,3,141,90
11,EEFGCUQX,1,3,348,99
10,PPF44Q2B,3,3,GYM3,65
11,EEFGGHGF,1,3,249,93
9,UEFG4H,1,3,B27,95
10,MKFC4TC,1,3,108,90
11,SDF84UVT,1,3,332,95
11,EEFGCUQX,1,3,348,96
9,FMFC4H,1,3,226,100
10,EEF88H,2,3,126,90
12,PPF44Q2B,4,3,GYM3,95
12,PPF44Q3B,4,3,GYM3,98
9,MEF44HG,2,3,208,97
9,HGF87HQD,3,3,213,90
9,HGF88QQD,7,3,313,87
12,FKFC4H,2,3,114,100
12,FMF44UQX,2,3,116,85
10,SHFC6TM,1,3,149,100
12,SBF87UBD,1,3,338,77
12,FMF44UQX,2,3,116,80
12,PPF44Q2G,4,3,GYM2,100
12,PQF44Q3Y,3,3,251,100
10,FMFC8H,1,3,215,94
12,FMF44UQX,2,3,116,70
12,EEFGGQGF,1,3,249,75
9,MRF44,5,3,221,71
12,ANF44X,1,3,B7,90
12,FKFC4,2,3,114,67
12,FMF44UQX,2,3,116,95
12,UAF88Q2,2,3,235,70
10,EEF88H,2,3,126,95
11,PPF44Q2G,4,3,GYM2,100
11,PWF44Q3G,1,3,POOL,95
12,HBF44X,1,3,311,82
12,EEFGGQGF,1,3,249,82
11,MPF44UQJ,1,3,219,91
9,PHF44Q2,2,3,B17,81
9,PPF44Q3B,3,3,GYM3,70
11,PPF44Q2B,3,3,GYM3,70
11,PPF44Q3B,4,3,GYM3,95
9,SHFCATM,1,3,327,75
11,EEFGGUQV,1,3,335,87
10,EEF88QT,4,3,350,66
9,SLF44,2,3,228,65
9,PHF44Q3,2,3,B17,74
9,PPF44Q2B,3,3,GYM3,65
12,PPF44Q2G,3,3,GYM2,65
12,PQF44Q3Y,3,3,251,100
12,FMF44UQX,2,3,116,90
11,PPF44Q3B,5,3,GYM3,90
11,UAF88H2,2,3,235,93
9,SLF44,2,3,228,65
12,BCF44T,32,3,204,100
12,PWF44Q2B,1,3,POOL,90
9,HQF44HH,2,3,324,98
11,EEFGGUQX,1,3,347,80
11,EEFGGUQV,1,3,335,65
9,HGF88XHD,1,3,325,100
12,EEFGGUQX,1,3,347,95
9,PPF44Q2G,4,3,GYM2,65
9,PPF44Q3G,3,3,GYM2,65
9,EEF88,2,3,126,70
11,ULFC4TP,2,3,B39,89
9,HGF88HQD,1,3,321,92
11,MKFC8UCT,1,3,322,80
11,PGF44Q3C,2,3,GYM1,95
11,UAF88Q2,2,3,235,65
11,EEFGGUQV,1,3,335,92
10,SHFC6TM,1,3,149,100
9,EEFG4QT,6,3,246,73
10,PPF44Q2B,5,3,GYM3,95
10,PPF44Q3B,5,3,GYM3,90
11,AUFC8UAT,1,3,232,73
12,EEF88,2,3,126,75
10,BCF44T,32,3,204,100
10,PPF44Q2B,4,3,GYM3,85
9,EEFGGQF,1,3,103,65
9,EEFG4,8,3,349,73
9,EEFG4HG,6,3,246,94
9,SHFC6TM,1,3,149,80
12,MRF44H,6,3,225,90
12,MKFCCTC,1,3,106,82
10,SCF44,4,3,138,83
12,MPF44UQS,1,3,211,80
9,SLF44HG,2,3,231,93
9,PPF44Q2B,5,3,GYM3,75
9,PPF44Q3B,3,3,GYM3,65
10,HUF43QWD,1,3,326,86
9,MEF44,2,3,207,84
9,PHF44H2,2,3,B17,93
9,PPF44Q3B,5,3,GYM3,90
11,FFFCC,1,3,248,70
12,MKFCCTC,1,3,106,84
10,PPF44Q2B,3,3,GYM3,65
10,SEF88QQ3,1,3,341,80
10,SCF44,4,3,138,89
10,EEF88H,3,3,346,91
9,FSFC4H,1,3,115,96
11,EEF88,2,3,126,85
10,FSFCC,3,3,125,87
12,SBF87UBD,1,3,338,81
10,HUF44QQB,1,3,315,83
9,EEFGGQF,1,3,103,65
11,MPF44UQJ,1,3,219,90
9,HGF87HQD,3,3,213,91
11,AWF84,1,3,222,85
9,SLF44H,3,3,247,95
12,EEFGGUQJ,1,3,B6,91
11,ULFC4TP,2,3,B39,70
12,MCF87UBD,1,3,203,91
9,FMFC4H,1,3,226,94
10,MRF44H,4,3,205,96
9,EEFG4HG,6,3,246,93
9,EEF88QG,3,3,146,83
12,EEFGGUQF,1,3,330,96
11,FFFCC,1,3,248,81
12,MKFCCTC,1,3,106,79
9,FSFC8,3,3,122,88
9,HGF88QQD,7,3,313,72
10,EEFGGHFT,1,3,103,95
11,FSFCCU,2,3,123,65
10,FSFCC,3,3,125,82
11,EEFGGUQJ,1,3,B6,92
9,HGF84HF,1,3,336,95
9,HGF88XHD,1,3,325,86
9,PHF44Q3,2,3,B17,83
9,PPF44Q2B,4,3,GYM3,80
12,MCF87UBD,1,3,203,95
9,ESFG8QF,1,3,334B,65
10,FLFC8H,1,3,121,91
9,ESFG4QFA,1,3,334B,65
9,FMFC4H,1,3,226,99
11,PPF44Q2B,4,3,GYM3,98
11,PPF44Q3B,5,3,GYM3,90
12,MKFCCTC,1,3,106,76
11,SBF87UBD,1,3,338,88
9,HGF87QQD,3,3,213,65
11,EEF88HT,4,3,350,92
12,PPF44Q3B,3,3,GYM3,65
12,PWF44Q2B,1,3,POOL,85
12,PQF44Q2Y,3,3,251,100
12,PQF44Q3Y,3,3,251,100
11,PPF44Q2B,5,3,GYM3,90
11,PPF44Q3B,3,3,GYM3,65
9,SLF44HG,2,3,231,91
11,EEFGGUQX,1,3,347,80
10,HUF44QTD,1,3,323,82
12,PPF44Q2A,3,3,GYM2,100
12,SEF88HQ3,1,3,341,90
12,HBF44X,1,3,311,92
12,PGF44Q2C,2,3,GYM1,70
12,PGF44Q3C,2,3,GYM1,65
9,SLF44,2,3,228,88
10,MRF44QG,3,3,107,88
9,FKFC4,2,3,114,65
9,EEFG4,8,3,349,65
11,PPF44Q2B,4,3,GYM3,98
11,UAF88H3,2,3,235,100
10,HUF44QQB,1,3,315,86
10,SCF84QQF,1,3,238,65
12,SDF88TV,2,3,206,94
12,SDF84UVT,1,3,332,100
11,SCF44,3,3,141,65
12,BCF44T,22,3,204,100
12,PPF44Q3B,5,3,GYM3,90
12,MCF87UBD,1,3,203,81
9,HGF88HGD,5,3,314,94
9,HGF88QGD,5,3,314,67
11,FSFCC,3,3,125,78
9,HUF44QGD,1,3,323,88
9,MEF44,2,3,207,85
10,SPF44,2,3,229,70
12,MCF87UBD,1,3,203,89
12,MPF44UQJ,1,3,219,65
9,HGF87QQD,3,3,213,72
10,PPF44Q3B,5,3,GYM3,90
10,UAF44Q2,2,3,235,71
9,MPF44UQJ,1,3,219,75
10,EEFGGUQV,1,3,335,70
10,SCF84QQF,1,3,238,65
9,HGF88HQD,1,3,321,92
12,EEFGGUQV,1,3,335,95
12,FFFCCH,1,3,248,94
11,MRF44QG,3,3,107,77
9,MEF44,2,3,207,85
10,SCF44H,3,3,141,90
12,MPF44UQJ,1,3,219,65
12,MKFCCTC,1,3,106,89
9,SCF44H,3,3,141,95
12,PGF44Q2C,2,3,GYM1,95
12,UAF88H3,2,3,235,100
12,BCF44T,32,3,204,100
12,PGF44Q2C,2,3,GYM1,95
12,SDF44QWE,1,3,329B,84
10,FSFC8,4,3,113,65
9,SCF84QQF,1,3,238,65
10,MRF44H,4,3,205,92
12,EEFGCUQX,1,3,348,95
10,FLFC8H,1,3,121,90
12,PPF44Q3G,4,3,GYM2,65
12,UAF88H2,2,3,235,93
9,FMFC4,1,3,226,80
11,EEFGGUQF,1,3,330,90
11,EEFGGUQJ,1,3,B6,81
11,EEFGGUQF,1,3,330,90
11,FSFCCU,2,3,123,85
10,SHFC6TM,1,3,149,100
11,SHFCATM,1,3,327,90
10,EEF88,3,3,346,65
9,HGF87QQD,3,3,213,77
10,SPF44H,2,3,229,91
12,PPF44Q2G,3,3,GYM2,100
12,PPF44Q3G,3,3,GYM2,100
11,PGF44Q3C,2,3,GYM1,95
11,PWF44Q2B,1,3,POOL,93
12,PGF44Q2C,2,3,GYM1,95
12,PGF44Q3C,2,3,GYM1,95
12,MKFCCTC,1,3,106,77
10,MRF44HG,2,3,104,96
ST,PGF44Q2C,2,3,GYM1,95
ST,PGF44Q3C,2,3,GYM1,95
10,BCF44T,32,3,204,100
10,PPF44Q2G,4,3,GYM2,100
9,UEFG4,1,3,B27,65
9,EEFG4QT,6,3,246,68
10,BCF44T,32,3,204,100
10,PPF44Q2B,3,3,GYM3,80
9,FKFC4,2,3,114,65
9,FKFC4,2,3,114,67
9,EEFG4H,8,3,349,98
11,MRF44,3,3,223,65
9,FKFC4H,2,3,114,98
10,SHFC6TM,1,3,149,100
12,PQF44Q2Y,3,3,251,100
12,PWF44Q3G,1,3,POOL,100
9,MEF44QG,2,3,208,85
10,MRF44,3,3,223,65
10,FLFC8,1,3,121,86
9,SLF44HG,2,3,231,90
9,HQF44HH,2,3,324,95
9,SLF44H,3,3,247,92
9,HGF84QF,1,3,336,84
10,EEF88,3,3,346,88
11,SDF88TV,2,3,206,90
11,EEFGGUQV,1,3,335,91
11,FFFCCH,1,3,248,90
12,ANF44X,1,3,B7,93
10,PPF44Q3G,3,3,GYM2,100
10,UAF44H2,2,3,235,99
11,MKFC8UCT,1,3,322,65
11,SDF44HWE,1,3,329B,93
9,MRF44QG,1,3,214,85
10,EEF88H,3,3,346,90
10,FLFC8H,1,3,121,90
9,UEFG4,1,3,B27,65
10,SCF44,3,3,141,87
11,MRF44,3,3,223,81
9,EEFG4HG,6,3,246,91
9,FKFC4,2,3,114,65
10,PPF44Q3B,3,3,GYM3,65
10,UAF44Q2,2,3,235,69
9,HUF43QWD,1,3,326,65
9,MEF44HG,2,3,208,98
10,MRF44HG,3,3,107,95
10,HUF44UQX,2,3,333,100
11,EEFGCUQX,1,3,348,100
11,MKFC8UCT,1,3,322,85
12,HBF44X,1,3,311,90
9,HGF88QGD,5,3,314,85
11,MRF44H,6,3,225,100
12,FMF44UQX,2,3,116,96
11,PPF44Q2G,4,3,GYM2,90
11,PPF44Q3G,3,3,GYM2,90
10,HUF44UQX,2,3,333,100
12,EEFGGUQJ,1,3,B6,90
11,SPF44H,2,3,229,92
11,EEFGGUQF,1,3,330,75
9,SLF44,2,3,228,68
12,MKFCCTC,1,3,106,99
12,MCF87UBD,1,3,203,95
9,HGF88QQD,1,3,321,80
12,PPF44Q2G,3,3,GYM2,98
12,PPF44Q3G,3,3,GYM2,80
12,SDF88TV,2,3,206,83
9,MRF44QG,1,3,214,82
11,EEFGGUQF,1,3,330,82
9,FMFC4,1,3,226,86
12,FMF44UQX,2,3,116,92
11,MRF44QG,1,3,214,70
10,FMFC8H,1,3,215,90
9,UEFG4,1,3,B27,70
9,FMFC4,1,3,226,65
9,PHF44Q3,2,3,B17,85
9,PPF44Q2B,3,3,GYM3,85
9,FSFC8H,3,3,122,95
11,MRF44HG,1,3,214,93
9,EEF88,2,3,126,88
9,PPF44Q2G,3,3,GYM2,100
9,PPF44Q3G,3,3,GYM2,100
12,HBF44X,1,3,311,92
9,UEFG4,1,3,B27,70
11,FFFCC,1,3,248,65
12,FQF44QQY,3,3,216,99
9,EEFG4QG,6,3,246,82
9,HGF88XHD,1,3,325,78
11,EEFGGQGF,1,3,249,80
9,AWF84H,1,3,222,97
11,FSFCCU,2,3,123,92
9,SLF44HG,2,3,231,98
12,MKFC4TC,1,3,108,65
11,PPF44Q3B,5,3,GYM3,90
11,UAF88Q2,2,3,235,65
9,HGF88XHD,1,3,325,85
10,FSFCC,3,3,125,75
12,MCF87UBD,1,3,203,89
9,PHF44Q3,2,3,B17,70
9,PPF44Q2G,4,3,GYM2,95
10,FSFC8H,3,3,122,95
9,HQF44HH,2,3,324,95
12,FMF44UQX,2,3,116,70
11,PPF44Q3B,5,3,GYM3,90
11,SEF88QQ2,1,3,341,65
9,HGF88HGD,5,3,314,93
9,HGF88XHD,1,3,325,85
12,HBF44X,1,3,311,89
12,HBF44X,1,3,311,91
9,AWF84H,1,3,222,98
10,MKFC4TC,1,3,108,75
11,HBF44X,1,3,311,89
12,EEFGGUQF,1,3,330,90
12,HBF44X,1,3,311,65
9,AWF84H,1,3,222,96
9,EEFG4QG,6,3,246,81
11,MPF44UQJ,1,3,219,65
10,HUF44UQX,2,3,333,98
9,HGF88QQD,7,3,313,83
12,SBF87UBD,1,3,338,81
12,MKFCCTC,1,3,106,65
10,EEF88QG,4,3,350,74
11,MKFC8UCT,1,3,322,65
9,PPF44Q2B,3,3,GYM3,70
9,PPF44Q3B,5,3,GYM3,90
11,PPF44Q2B,5,3,GYM3,75
11,PPF44Q3B,5,3,GYM3,80
12,ANF44X,1,3,B7,96
10,EEF88,3,3,346,85
9,EEFG4H,8,3,349,98
12,ANF44X,1,3,B7,94
10,SCF44H,3,3,141,98
9,UEFG4H,1,3,B27,100
11,EEFGGUQJ,1,3,B6,81
9,EEFG4H,8,3,349,95
11,MKFC8UCT,1,3,322,70
9,EEFG4H,8,3,349,98
9,PHF44H2,2,3,B17,91
9,PPF44Q3G,3,3,GYM2,100
11,MRF44,5,3,221,65
9,PPF44Q2G,3,3,GYM2,100
9,PPF44Q3G,3,3,GYM2,100
9,EEFGGHF,1,3,103,92
12,BCF44T,22,3,204,65
12,PPF44Q3B,5,3,GYM3,90
10,EEFGGUQV,1,3,335,65
11,EEFGGQGF,1,3,249,75
12,BCF44T,32,3,204,100
12,PGF44Q2C,2,3,GYM1,95
9,EEFG4QT,6,3,246,72
12,ANF44X,1,3,B7,99
9,SLF44H,2,3,228,92
12,SDF88TV,2,3,206,90
9,SLF44,3,3,247,80
9,MRF44QG,2,3,104,85
10,SHFC6TM,1,3,149,80
11,PPF44Q2B,3,3,GYM3,65
11,PPF44Q3B,4,3,GYM3,65
12,FMFGGH,1,3,111,98
12,MCF87UBD,1,3,203,86
11,FMFCC,1,3,111,75
10,FMF44UQX,2,3,116,90
11,EEFGCUQX,1,3,348,96
12,MKFCCTC,1,3,106,88
12,HBF44X,1,3,311,96
11,ANF44X,1,3,B7,74
12,FQF44QQY,3,3,216,66
11,FMFC8,1,3,215,65
10,SCF44,4,3,138,83
10,HUF44UQX,2,3,333,100
11,PGF44Q2C,2,3,GYM1,90
11,PGF44Q3C,2,3,GYM1,75
9,PPF44Q2B,4,3,GYM3,98
9,PPF44Q3B,4,3,GYM3,98
11,MPF44UQJ,1,3,219,95
11,FMF44UQX,2,3,116,90
9,ESFG4QFA,1,3,334B,85
9,ESFG8QF,1,3,334B,65
9,HGF84QF,1,3,336,79
12,MKFCCTC,1,3,106,90
9,HGF88XHD,1,3,325,80
12,MKFCCTC,1,3,106,68
9,ESFG8QF,1,3,334B,70
9,EEFGGHF,1,3,103,98
11,MRF44H,6,3,225,100
9,ESFG8QF,1,3,334B,85
10,FLFC8H,1,3,121,99
10,EEFGGHF,1,3,103,93
12,BCF44T,32,3,204,100
12,PPF44Q2G,3,3,GYM2,83
9,UEFG4,1,3,B27,80
12,FMFC8H,1,3,215,93
10,EEF88QT,4,3,350,65
12,FMF44UQX,2,3,116,95
10,MRF44,3,3,223,70
12,FQF44QQY,3,3,216,65
10,MRF44H,5,3,221,92
11,PPF44Q2B,3,3,GYM3,85
11,PPF44Q3B,4,3,GYM3,98
9,MEF44HG,2,3,208,92
10,BCF44T,22,3,204,66
10,PGF44Q3C,2,3,GYM1,95
10,EEFGGHF,1,3,103,95
9,EEFG4,8,3,349,80
12,SBF87UBD,1,3,338,84
10,FLFC8H,1,3,121,95
10,ULFC4TP,2,3,B39,100
9,HGF88XHD,1,3,325,81
9,HGF88XHD,1,3,325,80
12,SDF88TV,2,3,206,93
9,EEFG4HG,6,3,246,91
11,SPF44H,2,3,229,91
11,MKFC8UCT,1,3,322,80
11,MRF44QT,3,3,107,65
11,AUFC8UAT,1,3,232,92
11,MRF44,5,3,221,65
9,MEF44H,2,3,207,96
9,MRF44H,6,3,225,95
12,ULFC4TP,2,3,B39,87
10,HUF44UQX,2,3,333,96
10,ULFC4TP,2,3,B39,85
11,SHFCATM,1,3,327,75
12,FMF44UQX,2,3,116,90
11,MRF44QT,1,3,214,82
12,FMF44UQX,2,3,116,90
10,FSFCCU,2,3,123,95
10,HUF44UQX,2,3,333,100
9,HGF88HGD,1,3,334A,97
12,PGF44Q3C,2,3,GYM1,70
12,SEF88QQ2,1,3,341,65
10,EEF88,3,3,346,65
10,FMFC8H,1,3,215,98
10,SCF44,4,3,138,85
9,HGF88QQD,7,3,313,82
12,BCF44T,32,3,204,90
12,PPF44Q2B,3,3,GYM3,70
9,HGF88HGD,1,3,334A,90
12,SBF87UBD,1,3,338,73
10,ULFC4TP,2,3,B39,90
9,HQF44HH,2,3,324,95
10,MRF44,4,3,205,68
12,MKFCCTC,1,3,106,78
12,FMF44UQX,2,3,116,100
10,HUF44UQX,2,3,333,100
9,FMFC4H,1,3,226,100
12,SDF84UVT,1,3,332,95
10,EEF88HG,4,3,350,97
11,EEFGGUQF,1,3,330,80
10,FMFC8H,1,3,215,95
9,PPF44Q2B,3,3,GYM3,100
9,UAF88Q3,2,3,235,89
9,HGF88HQD,7,3,313,90
9,UEFG4H,1,3,B27,95
12,FQF44QQY,3,3,216,88
10,MRF44,5,3,221,65
12,EEFGGQF,1,3,103,65
9,SCF44,3,3,141,81
11,EEFGCUQX,1,3,348,95
11,MKFC8UCT,1,3,322,97
9,HGF88QQD,1,3,321,65
11,MRF44H,6,3,225,100
9,FMFC8H,1,3,215,98
11,PPF44Q3B,4,3,GYM3,65
11,UAF88H2,2,3,235,96
10,PPF44Q3G,3,3,GYM2,95
10,UAF44Q2,2,3,235,89
11,MRF44H,6,3,225,92
10,HUF44HG,2,3,316,95
9,ESFG4QFA,1,3,334B,65
9,HGF88QGD,5,3,314,82
10,FMFC8,1,3,215,86
11,MRF44QG,2,3,104,85
12,FMF44UQX,2,3,116,95
10,HUF44QG,2,3,316,75
12,MPF44UQS,1,3,211,90
9,HGF84HF,1,3,336,97
9,SLF44HG,2,3,231,94
12,MCF87UBD,1,3,203,91
10,HUF44HTD,1,3,323,92
9,MEF44QT,2,3,208,85
12,MCF87UBD,1,3,203,81
11,MRF44,3,3,223,77
9,HGF88QGD,5,3,314,65
10,EEF88,2,3,126,82
12,MKFCCTC,1,3,106,84
12,FKFC4H,2,3,114,99
12,MCF87UBD,1,3,203,89
12,MCF87UBD,1,3,203,93
11,SHFCATM,1,3,327,85
10,MRF44HG,1,3,214,92
12,MCF87UBD,1,3,203,100
11,MRF44QT,3,3,107,79
9,MKFC4TC,1,3,108,78
10,MRF44H,6,3,225,100
10,SCF44,4,3,138,80
11,MKFC8UCT,1,3,322,72
12,FMF44UQX,2,3,116,95
10,ESFG8QF,1,3,334B,65
9,FMFC4H,1,3,226,90
9,HQF44QH,2,3,324,86
11,SPF44H,2,3,229,93
10,MRF44HG,1,3,214,91
9,HGF88QQD,1,3,321,65
11,SCF44QT,2,3,139,65
10,EEF88QG,4,3,350,87
12,SDF88TV,2,3,206,96
12,MKFCCTC,1,3,106,92
9,HGF88QTD,1,3,334A,66
10,EEF88QT,4,3,350,65
11,FSFCCU,2,3,123,98
11,PPF44Q3G,4,3,GYM2,65
11,UAF88Q2,2,3,235,71
9,FSFC4H,1,3,115,98
12,MKFCCTC,1,3,106,66
9,PHF44H2,2,3,B17,92
9,PPF44Q3B,4,3,GYM3,90
9,MEF44QG,2,3,208,70
12,SDF88TV,2,3,206,96
11,EEFGGUQF,1,3,330,65
9,HQF44HH,2,3,324,98
9,SLF44,3,3,247,70
10,HUF44UQX,2,3,333,85
11,MKFC8UCT,1,3,322,65
11,EEFGGHGF,1,3,249,90
10,PPF44Q2G,3,3,GYM2,65
10,PPF44Q3G,3,3,GYM2,65
12,EEFGGQTF,1,3,249,81
10,FLFC8,1,3,121,75
10,HUF44QQB,1,3,315,80
11,MPF44UQS,1,3,211,93
12,PPF44Q2G,3,3,GYM2,98
12,PPF44Q3G,4,3,GYM2,90
12,SDF88TV,2,3,206,96
9,HGF88QGD,5,3,314,86
10,FMFC8,1,3,215,88
10,HUF43HWD,1,3,326,90
9,HGF88XHD,1,3,325,93
10,FSFC4,1,3,115,65
11,AUFC8UAT,1,3,232,65
12,PGF44Q2C,2,3,GYM1,100
12,PPF44Q3G,3,3,GYM2,85
11,SHFCATM,1,3,327,70
9,HGF84QF,1,3,336,65
10,EEF88QT,3,3,146,79
10,FSFC8,4,3,113,86
10,HUF44UQX,2,3,333,100
12,PPF44Q3B,4,3,GYM3,75
12,PWF44Q2B,1,3,POOL,80
10,HUF44HG,2,3,316,90
11,FMFCCH,1,3,111,90
12,FMF44UQX,2,3,116,90
9,UEFG4H,1,3,B27,100
9,ESFG8QFT,1,3,334B,65
9,MPF44UQJ,1,3,219,78
9,HGF88QGD,5,3,314,87
9,MRF44HG,3,3,107,99
12,PPF44Q3G,4,3,GYM2,80
12,PQF44Q2Y,3,3,251,100
11,FFFCC,1,3,248,86
12,PGF44Q3C,2,3,GYM1,95
12,UAF44H2,2,3,235,98
10,HUF44QQB,1,3,315,83
12,SDF84UVT,1,3,332,100
9,SLF44H,3,3,247,92
9,HGF88QQD,1,3,321,86
9,FSFC4H,1,3,115,100
10,SCF44QG,2,3,139,81
10,HUF44QGD,1,3,323,80
11,MRF44,3,3,223,65
9,HGF88QTD,5,3,314,65
11,PGF44Q3C,2,3,GYM1,75
11,UAF88Q2,2,3,235,74
9,SLF44HW,2,3,328B,90
10,FSFC8,4,3,113,71
9,SLF44H,3,3,247,94
12,MRF44,4,3,205,75
9,SLF44QT,2,3,231,68
9,FSFC8,3,3,122,72
12,BCF44T,22,3,204,100
12,PWF44Q3G,1,3,POOL,80
12,BCF44T,22,3,204,95
12,PPF44Q3B,4,3,GYM3,90
9,EEFG4HG,6,3,246,99
12,FSFCCH,3,3,125,90
12,MKFC8UCT,1,3,322,100
10,HUF44QQB,1,3,315,88
9,HQF44HH,2,3,324,98
9,PHF44Q2,2,3,B17,80
9,PPF44Q3B,5,3,GYM3,90
10,HUF44QQB,1,3,315,68
12,FMFGG,1,3,111,85
9,HQF44QH,2,3,324,80
11,SDF84UVT,1,3,332,85
11,FSFCC,3,3,125,84
9,EEFGGQFW,1,3,103,75
11,HUF44QG,2,3,316,65
11,EEFGGUQF,1,3,330,92
10,SCF44,4,3,138,70
10,ULFC4TP,2,3,B39,100
12,PPF44Q2G,3,3,GYM2,100
12,UAF44H3,2,3,235,97
12,PQF44Q2Y,3,3,251,100
12,PQF44Q3Y,3,3,251,100
9,UEFG4H,1,3,B27,100
10,EEF88,3,3,346,65
9,PHF44H3,2,3,B17,90
9,PPF44Q2G,3,3,GYM2,70
9,HUF44QTD,1,3,323,67
9,HUF44QQB,1,3,315,85
9,HGF88QGD,1,3,334A,70
11,FSFCCU,2,3,123,100
9,MEF44HT,2,3,208,90
9,FSFC8,3,3,122,66
11,MRF44,4,3,205,65
10,SDF84UVT,1,3,332,80
9,HGF84QF,1,3,336,65
9,HQF44HH,2,3,324,93
11,EEFGGUQV,1,3,335,83
11,EEFGGQF,1,3,103,65
9,UEFG4H,1,3,B27,95
11,EEF88,2,3,126,65
10,MKFC4TC,1,3,108,78
9,SHFC6TM,1,3,149,90
11,SPF44,2,3,229,65
9,HGF87QQD,3,3,213,77
9,HGF88QQD,1,3,321,65
11,SBF87UBD,1,3,338,92
9,PPF44Q2G,3,3,GYM2,80
9,UAF44Q3,2,3,235,75
11,MRF44QT,2,3,104,65
10,PPF44Q3G,3,3,GYM2,65
10,SEF88QQ2,1,3,341,80
9,SLF44,2,3,228,73
10,EEF88QT,4,3,350,67
12,FMF44UQX,2,3,116,90
11,PPF44Q2B,5,3,GYM3,95
11,PPF44Q3B,3,3,GYM3,90
11,EEF88QG,4,3,350,75
11,HBF44X,1,3,311,89
9,HGF88QQD,7,3,313,72
9,PHF44Q3,2,3,B17,65
9,PPF44Q2B,5,3,GYM3,95
12,FFFCC,1,3,248,88
9,SLF44,3,3,247,65
10,PPF44Q2B,3,3,GYM3,80
10,PPF44Q3B,3,3,GYM3,90
9,FSFC8H,3,3,122,98
10,SDF44QWE,1,3,329B,82
12,EEF88,2,3,126,65
10,PPF44Q3B,3,3,GYM3,70
10,UAF44Q2,2,3,235,69
12,MKFCCTC,1,3,106,83
10,SCF44QG,2,3,139,82
11,FSFCCU,2,3,123,92
11,HUF44QG,2,3,316,83
9,HGF88QQD,1,3,321,85
11,EEFGCUQX,1,3,348,91
12,PPF44Q2G,3,3,GYM2,65
12,UAF44Q3,2,3,235,68
9,SLF44QT,2,3,231,83
11,MRF44QT,3,3,107,79
12,PGF44Q2C,2,3,GYM1,100
12,PGF44Q3C,2,3,GYM1,95
11,EEFGCUQX,1,3,348,94
12,SHFCATM,1,3,327,90
10,FSFCCU,2,3,123,98
11,MRF44QG,1,3,214,65
10,EEF88QT,3,3,146,65
9,EEFGGHF,1,3,103,90
9,HGF87QQD,3,3,213,67
12,ANF44X,1,3,B7,100
11,PGF44Q2C,2,3,GYM1,85
11,PPF44Q3B,5,3,GYM3,70
9,HGF87QQD,3,3,213,67
9,FMFC4,1,3,226,73
9,SLF44,3,3,247,73
10,EEF88QG,3,3,146,87
11,EEFGCUQX,1,3,348,90
9,UEFG4H,1,3,B27,95
9,SLF44QG,2,3,231,84
9,HGF88QQD,7,3,313,80
9,FSFC4,1,3,115,78
12,MCF87UBD,1,3,203,81
9,PPF44Q2B,5,3,GYM3,95
9,SEF88QQ3,1,3,341,84
11,FSFCC,3,3,125,86
11,MRF44QT,1,3,214,80
10,MKFC4TC,1,3,108,74
12,AWF84,1,3,222,82
9,HGF88QTD,1,3,334A,71
12,PPF44Q3B,3,3,GYM3,70
12,PWF44Q2B,1,3,POOL,70
11,PPF44Q2B,5,3,GYM3,90
11,UAF88H3,2,3,235,100
11,EEFGGUQJ,1,3,B6,97
10,HUF44QTD,1,3,323,70
9,UEFG4H,1,3,B27,90
12,EEF88QT,4,3,350,71
9,HGF88QQD,7,3,313,82
10,EEF88QG,3,3,146,75
12,PGF44Q2C,2,3,GYM1,70
12,PGF44Q3C,2,3,GYM1,75
12,MPF44UQS,1,3,211,80
9,HQF44HH,2,3,324,95
9,PPF44Q2B,5,3,GYM3,90
9,PPF44Q3B,3,3,GYM3,70
12,MPF44UQJ,1,3,219,80
11,FFFCC,1,3,248,66
11,SPF44,2,3,229,71
10,HUF44QQB,1,3,315,81
11,PPF44Q3B,3,3,GYM3,75
11,SEF88QQ2,1,3,341,88
11,EEFGGUQF,1,3,330,75
11,PPF44Q3G,3,3,GYM2,100
11,UAF88H2,2,3,235,93
12,MCF87UBD,1,3,203,97
9,FKFC4H,2,3,114,96
11,SHFCATM,1,3,327,80
11,PPF44Q2G,4,3,GYM2,65
11,PPF44Q3G,4,3,GYM2,65
12,MRF44,4,3,205,72
11,MPF44UQJ,1,3,219,65
11,PGF44Q2C,2,3,GYM1,85
11,PGF44Q3C,2,3,GYM1,80
12,MKFCCTC,1,3,106,82
9,HGF87QQD,3,3,213,81
9,FSFC8,3,3,122,88
9,MEF44,2,3,207,74
10,HUF44HG,2,3,316,95
11,FFFCC,1,3,248,66
10,MKFC4TC,1,3,108,70
10,FFFCC,1,3,248,77
9,HGF87QQD,3,3,213,78
9,MEF44QG,2,3,208,70
11,EEFGGUQF,1,3,330,70
12,MPF44UQS,1,3,211,85
9,PHF44H2,2,3,B17,96
9,PPF44Q3B,4,3,GYM3,98
11,SHFCATM,1,3,327,85
10,HUF44UQX,2,3,333,98
12,EEFGGUQX,1,3,347,70
12,FQF44QQY,3,3,216,99
9,HGF87QQD,3,3,213,81
12,FSFCCU,2,3,123,98
9,HGF88XHD,1,3,325,94
9,FLFC8,1,3,121,75
9,HGF88XHD,1,3,325,100
12,MPF44UQJ,1,3,219,97
12,FSFCC,3,3,125,88
11,MRF44QT,3,3,107,69
9,HGF84QF,1,3,336,67
9,SLF44HT,2,3,231,98
9,SLF44HG,2,3,231,99
9,SCF44QG,2,3,139,78
10,EEF88,2,3,126,85
12,BCF44T,32,3,204,100
12,PPF44Q2B,5,3,GYM3,70
10,FSFCCU,2,3,123,89
9,HGF88QQD,7,3,313,80
10,PPF44Q3G,3,3,GYM2,80
10,UAF44Q2,2,3,235,66
10,MRF44QG,2,3,104,87
10,PPF44Q3B,4,3,GYM3,65
10,SEF88QQ2,1,3,341,65
10,PPF44Q3B,5,3,GYM3,90
10,UAF44H2,2,3,235,93
11,PPF44Q2G,3,3,GYM2,100
11,PPF44Q3G,4,3,GYM2,100
9,FMFC8,1,3,215,83
12,ANF44X,1,3,B7,93
9,PHF44H3,2,3,B17,90
9,PPF44Q2B,5,3,GYM3,90
9,PPF44Q2G,3,3,GYM2,70
9,PPF44Q3G,4,3,GYM2,65
11,MRF44,4,3,205,75
10,HUF44UQX,2,3,333,100
11,AUFC8UAT,1,3,232,100
10,HGF84QF,1,3,336,66
12,MKFCCTC,1,3,106,88
11,EEFGCUQX,1,3,348,87
9,MEF44QT,2,3,208,65
11,MRF44H,6,3,225,92
9,PPF44Q3B,3,3,GYM3,90
9,UAF44Q2,2,3,235,81
11,EEFGGQGF,1,3,249,70
9,HFF44QW,1,3,331,65
9,ESFG4QFA,1,3,334B,78
11,HUF44QGD,1,3,323,65
12,SDF84UVT,1,3,332,95
12,EEFGCUQX,1,3,348,97
11,MKFC8UCT,1,3,322,65
9,EEFG4QT,6,3,246,68
12,EEFGGUQJ,1,3,B6,85
10,EEF88QG,3,3,146,85
11,MRF44QT,2,3,104,83
12,EEF88,3,3,346,65
11,PPF44Q2B,4,3,GYM3,90
11,PPF44Q3B,4,3,GYM3,90
11,MRF44,4,3,205,66
9,SLF44H,3,3,247,92
9,UEFG4H,1,3,B27,90
10,HUF44QGD,1,3,323,80
12,FQF44QQY,3,3,216,99
9,MEF44QG,2,3,208,65
10,FLFC8,1,3,121,75
12,EEFGGUQX,1,3,347,80
9,HGF88QQD,7,3,313,73
9,HGF88QGD,1,3,334A,80
11,FMFCC,1,3,111,76
9,EEFGGQF,1,3,103,65
9,SCF84QQF,1,3,238,65
9,FSFCC,3,3,125,73
11,EEFGGUQV,1,3,335,86
9,PPF44Q2B,4,3,GYM3,98
9,PPF44Q3B,5,3,GYM3,90
9,HGF84QF,1,3,336,68
12,FMFCC,1,3,111,65
11,FSFCCH,3,3,125,92
10,HUF44UQX,2,3,333,96
12,MCF87UBD,1,3,203,93
12,SHFC6TM,1,3,149,100
10,FSFC4,1,3,115,65
12,MPF44UQS,1,3,211,68
9,SHFC6TM,1,3,149,65
12,MKFCCTC,1,3,106,80
9,MEF44QG,2,3,208,85
10,EEF88,2,3,126,65
12,MCF87UBD,1,3,203,88
10,HUF44QGD,1,3,323,83
11,FMFCC,1,3,111,73
12,SQF44QQY,3,3,233,70
9,MRF44,5,3,221,65
9,HUF44QG,2,3,316,65
12,FFFCC,1,3,248,68
9,AWF84,1,3,222,84
9,HQF44HH,2,3,324,97
10,PPF44Q3B,5,3,GYM3,90
10,UAF44Q2,2,3,235,65
10,MKFC4TC,1,3,108,93
9,ESFG8QF,1,3,334B,83
9,MRF44QT,3,3,107,76
9,AWF84H,1,3,222,95
9,HQF44HH,2,3,324,95
10,PPF44Q2B,4,3,GYM3,95
10,UAF44Q3,2,3,235,75
9,HGF88QQD,1,3,321,85
9,SCF44H,3,3,141,97
9,HGF88HQD,7,3,313,91
9,EEFG4QG,6,3,246,81
11,SHFCATM,1,3,327,100
11,EEFGCUQX,1,3,348,93
11,EEFGGUQV,1,3,335,82
10,HUF44QQB,1,3,315,87
10,SCF84HQF,1,3,238,90
11,SDF44QWE,1,3,329B,76
10,HUF44QGD,1,3,323,83
10,PPF44Q2B,5,3,GYM3,75
10,UAF44Q3,2,3,235,65
9,SLF44H,3,3,247,91
12,MPF44UQJ,1,3,219,94
10,FLFC8,1,3,121,83
12,EEFGGUQX,1,3,347,83
9,HGF88HQD,7,3,313,97
10,HUF44HT,2,3,316,90
9,HGF88QGD,5,3,314,84
10,PPF44Q3G,4,3,GYM2,100
10,UAF44H2,2,3,235,99
9,HGF84QF,1,3,336,65
9,SLF44HT,2,3,231,90
10,FSFCC,3,3,125,65
10,PPF44Q2B,5,3,GYM3,90
10,UAF44Q3,2,3,235,80
9,HGF88QTD,5,3,314,66
10,FLFC8H,1,3,121,90
10,HUF44UQX,2,3,333,100
12,BCF44T,32,3,204,65
12,PPF44Q2G,4,3,GYM2,65
10,HUF44HGD,1,3,323,90
10,SCF44,4,3,138,71
9,FSFC4,1,3,115,65
9,FKFC4,2,3,114,65
11,SCF44QT,2,3,139,65
11,HFF44QW,1,3,331,65
9,HGF88HQD,1,3,321,92
9,PPF44Q2B,4,3,GYM3,70
11,HBF44X,1,3,311,85
9,SLF44,3,3,247,85
12,PPF44Q3B,4,3,GYM3,98
12,PWF44Q2B,1,3,POOL,95
9,PPF44Q2G,3,3,GYM2,85
9,SEF88QQ3,1,3,341,75
11,MRF44QT,3,3,107,65
9,HQF44HH,2,3,324,90
9,HQF44HH,2,3,324,98
11,PPF44Q2B,5,3,GYM3,65
11,PPF44Q3B,5,3,GYM3,65
10,HUF44UQX,2,3,333,80
11,EEFGGQFW,1,3,103,65
12,MRF44,5,3,221,73
12,EEFGGUQV,1,3,335,90
11,MRF44,5,3,221,68
9,PPF44Q2G,4,3,GYM2,65
9,PPF44Q3G,3,3,GYM2,65
9,SLF44HT,2,3,231,95
9,HGF88QTD,5,3,314,85
12,SBF87UBD,1,3,338,81
9,MEF44H,2,3,207,93
12,ANF44X,1,3,B7,73
9,MEF44QG,2,3,208,77
9,HGF88QQD,1,3,321,80
9,EEFG4QG,6,3,246,74
10,FSFCCU,2,3,123,85
9,MRF44HG,3,3,107,97
11,PPF44Q2G,4,3,GYM2,100
11,PPF44Q3G,3,3,GYM2,95
10,SCF84QQF,1,3,238,85
10,HUF44UQX,2,3,333,100
12,EEFGGUQX,1,3,347,72
10,SHFC6TM,1,3,149,100
12,PGF44Q2C,2,3,GYM1,95
12,PGF44Q3C,2,3,GYM1,95
11,SDF84UVT,1,3,332,85
10,PPF44Q2B,3,3,GYM3,65
10,PPF44Q3B,4,3,GYM3,98
9,SLF44,3,3,247,86
10,FLFC8H,1,3,121,90
11,PPF44Q3B,4,3,GYM3,65
11,SEF88QQ2,1,3,341,65
10,PPF44Q2G,3,3,GYM2,100
10,UAF44H3,2,3,235,99
10,SCF44,3,3,141,84
10,EEF88QG,4,3,350,88
10,FLFC8,1,3,121,85
10,HUF44UQX,2,3,333,92
9,HGF87HQD,3,3,213,90
12,SHFCATM,1,3,327,90
10,FSFC8,4,3,113,77
9,SLF44,2,3,228,78
9,PHF44H3,2,3,B17,90
9,PPF44Q2G,3,3,GYM2,100
9,MEF44H,2,3,207,92
9,HGF84QF,1,3,336,83
11,SCF44QT,2,3,139,65
12,PQF44Q2Y,3,3,251,100
12,PQF44Q3Y,3,3,251,100
11,PPF44Q2G,4,3,GYM2,100
11,UAF88H3,2,3,235,99
11,SHFC6TM,1,3,149,100
11,SCF44QT,2,3,139,70
9,HUF43QWD,1,3,326,65
12,EEFGGUQX,1,3,347,82
11,PPF44Q2B,4,3,GYM3,98
11,UAF88H3,2,3,235,96
10,HUF44UQX,2,3,333,97
11,SHFCATM,1,3,327,95
9,SLF44QG,2,3,231,75
9,PPF44Q2B,3,3,GYM3,65
9,UAF44Q3,2,3,235,73
9,HGF88QGD,1,3,334A,75
12,EEFGGUQJ,1,3,B6,91
12,AUFC8UAT,1,3,232,80
9,MRF44QG,3,3,107,88
9,SDF44QWE,1,3,329B,79
9,MEF44QT,2,3,208,65
11,EEFGGUQF,1,3,330,90
9,SLF44,3,3,247,66
9,HGF88QTD,5,3,314,70
9,PHF44Q3,2,3,B17,68
9,PPF44Q2G,4,3,GYM2,65
10,EEFGGHF,1,3,103,93
9,SLF44QT,2,3,231,88
12,PGF44Q2C,2,3,GYM1,85
12,PGF44Q3C,2,3,GYM1,85
10,FLFC8,1,3,121,88
9,MRF44,5,3,221,70
10,HUF44HG,2,3,316,95
12,MQF44QQY,3,3,204A,100
11,AUFC8UAT,1,3,232,92
11,FMFCCH,1,3,111,98
12,AUFC8UAT,1,3,232,96
12,PGF44Q2C,2,3,GYM1,100
12,PGF44Q3C,2,3,GYM1,100
12,FFFCC,1,3,248,65
ST,FSFC4H,1,3,115,100
9,HGF87HQD,3,3,213,91
11,PPF44Q2G,4,3,GYM2,100
11,PWF44Q3G,1,3,POOL,95
9,HGF84QF,1,3,336,82
9,AWF84H,1,3,222,95
12,BCF44T,22,3,204,100
12,PGF44Q3C,2,3,GYM1,100
10,SPF44,2,3,229,89
10,SCF44H,3,3,141,93
12,SBF87UBD,1,3,338,77
10,FSFCCU,2,3,123,90
9,HGF88XHD,1,3,325,100
9,SLF44HG,2,3,231,97
10,PPF44Q2B,3,3,GYM3,65
10,UAF44Q3,2,3,235,71
9,FKFC4,2,3,114,89
10,FKFC4,2,3,114,65
12,SCF44HG,2,3,139,92
12,EQF44QQY,3,3,328,95
11,FSFCCU,2,3,123,92
10,FSFCC,3,3,125,85
11,FSFCCU,2,3,123,85
10,HUF44QT,2,3,316,65
9,HGF88QQD,7,3,313,73
11,PGF44Q3C,2,3,GYM1,65
11,EEFGGUQJ,1,3,B6,70
9,SDF44QWE,1,3,329B,69
11,MPF44UQJ,1,3,219,80
10,MKFC4TC,1,3,108,88
12,PPF44Q2G,3,3,GYM2,100
12,PWF44Q3G,1,3,POOL,88
9,EEFG4H,8,3,349,92
11,MPF44UQJ,1,3,219,75
9,HGF87QQD,3,3,213,77
12,EEFGGQGF,1,3,249,70
9,FSFC8,3,3,122,67
11,FSFCCU,2,3,123,65
9,HGF87QQD,3,3,213,69
12,EEFGGUQV,1,3,335,80
12,SDF88TV,2,3,206,90
11,EEFGGUQJ,1,3,B6,94
11,EEFGGUQF,1,3,330,90
11,SBF87UBD,1,3,338,91
9,PHF44Q3,2,3,B17,86
9,PPF44Q2B,4,3,GYM3,98
12,HBF44X,1,3,311,83
9,EEFG4QT,6,3,246,65
9,FSFC8,4,3,113,85
12,SCF44,4,3,138,67
9,SHFC6TM,1,3,149,100
9,MRF44HG,3,3,107,93
11,MRF44HG,2,3,104,93
9,SDF44QWE,1,3,329B,74
9,EEF88HG,4,3,350,90
12,EEFGGQGF,1,3,249,82
10,SCF44,3,3,141,70
10,SHFC6TM,1,3,149,100
9,HQF44HH,2,3,324,98
9,FSFC8,4,3,113,75
11,FMFCC,1,3,111,73
9,HGF88QTD,1,3,334A,83
9,FSFC4H,1,3,115,91
11,SDF44QWE,1,3,329B,68
11,PPF44Q3G,4,3,GYM2,65
11,SEF88QQ2,1,3,341,75
10,MRF44,6,3,225,65
9,HGF88XHD,1,3,325,93
11,EEFGGUQJ,1,3,B6,92
11,EEFGCUQX,1,3,348,99
9,FSFC4,1,3,115,86
10,HUF44UQX,2,3,333,100
10,FSFCCU,2,3,123,88
10,EEF88,3,3,346,72
10,PPF44Q2G,3,3,GYM2,100
10,UAF44Q3,2,3,235,76
9,HUF44QQB,1,3,315,71
11,FSFCC,3,3,125,65
9,UEFG4,1,3,B27,65
9,FMFC4,1,3,226,70
11,PPF44Q3G,4,3,GYM2,100
11,UAF88H2,2,3,235,96
9,EEFGGHFW,1,3,103,90
9,MRF44,3,3,223,81
12,MPF44UQS,1,3,211,85
10,PWF44Q3G,1,3,POOL,65
10,UAF44Q2,2,3,235,67
10,FSFCCU,2,3,123,95
10,PPF44Q3B,3,3,GYM3,65
10,UAF44Q2,2,3,235,66
10,SCF44QT,2,3,139,65
11,FSFCC,3,3,125,85
9,EEFGGHF,1,3,103,94
11,EEFGGUQV,1,3,335,83
10,PPF44Q3B,5,3,GYM3,80
10,UAF44Q2,2,3,235,77
9,PHF44Q3,2,3,B17,86
9,PPF44Q2B,3,3,GYM3,90
9,PPF44Q2B,5,3,GYM3,65
9,PHF44Q3,2,3,B17,86
9,PPF44Q2B,3,3,GYM3,65
10,EEF88,3,3,346,72
11,EEFGGQGF,1,3,249,67
11,MRF44HT,2,3,104,91
9,UEFG4H,1,3,B27,95
10,EEF88,2,3,126,85
12,PQF44Q2Y,3,3,251,100
12,PWF44Q3G,1,3,POOL,65
12,SHFCATM,1,3,327,90
9,HGF88XHD,1,3,325,87
12,PPF44Q2B,5,3,GYM3,70
12,PPF44Q3B,4,3,GYM3,65
10,HUF43HWD,1,3,326,90
10,HUF44QGD,1,3,323,65
9,SLF44QT,2,3,231,80
11,SHFCATM,1,3,327,90
9,SLF44,2,3,228,75
9,EEFG4QG,6,3,246,65
9,HGF87QQD,3,3,213,65
9,EEFG4QG,6,3,246,79
11,MRF44QT,3,3,107,70
11,EEFGGQTF,1,3,249,88
11,PPF44Q2B,3,3,GYM3,70
11,SEF88QQ3,1,3,341,85
9,SDF44QWE,1,3,329B,74
11,HBF44X,1,3,311,94
12,MPF44UQS,1,3,211,95
11,SBF87UBD,1,3,338,82
10,FSFC8,3,3,122,70
10,EEF88HG,3,3,146,91
10,MKFC4TC,1,3,108,65
12,SHFCATM,1,3,327,70
12,ULFC4TP,2,3,B39,80
11,SCF44,4,3,138,80
9,MEF44,2,3,207,65
11,EEFGGUQF,1,3,330,70
9,FSFC8,4,3,113,87
9,HGF88QTD,1,3,334A,65
11,SHFC6TM,1,3,149,98
9,PHF44Q2,2,3,B17,84
9,PPF44Q3B,5,3,GYM3,90
12,MRF44,6,3,225,77
12,PPF44Q2G,4,3,GYM2,65
12,PPF44Q3G,4,3,GYM2,65
10,FLFC8,1,3,121,84
11,FSFCCU,2,3,123,65
12,HQF44QQY,3,3,317,96
11,FFFCC,1,3,248,80
9,SLF44QT,2,3,231,85
10,MRF44,3,3,223,65
9,FSFC4,1,3,115,65
10,PPF44Q3B,4,3,GYM3,75
11,SHFC6TM,1,3,149,100
9,SLF44,2,3,228,66
9,HGF88QTD,1,3,334A,65
9,FMFC4H,1,3,226,91
10,HUF44UQX,2,3,333,100
10,PPF44Q2B,4,3,GYM3,85
10,UAF44Q3,2,3,235,80
11,EEFGGUQF,1,3,330,70
12,MRF44,6,3,225,65
10,HUF44QT,2,3,316,65
11,EEFGCUQX,1,3,348,88
9,HGF88QGD,1,3,334A,80
9,HGF88QQD,1,3,321,70
12,PPF44Q3B,4,3,GYM3,75
12,PWF44Q2B,1,3,POOL,80
12,PPF44Q2G,3,3,GYM2,95
12,PPF44Q3G,3,3,GYM2,95
12,UQF44QQY,3,3,216,100
10,BCF44T,32,3,204,80
10,PGF44Q2C,2,3,GYM1,95
10,EEF88QG,3,3,146,85
11,MPF44UQJ,1,3,219,95
11,MRF44QT,1,3,214,65
9,MEF44,2,3,207,86
10,HUF44QQB,1,3,315,66
12,EEFGGUQX,1,3,347,88
11,PGF44Q2C,2,3,GYM1,90
11,PGF44Q3C,2,3,GYM1,90
12,PGF44Q2C,2,3,GYM1,90
12,PGF44Q3C,2,3,GYM1,85
11,MRF44QG,1,3,214,69
12,MKFCCTC,1,3,106,79
9,SCF44,3,3,141,65
11,MKFC8UCT,1,3,322,90
12,PQF44Q2Y,3,3,251,100
12,PQF44Q3Y,3,3,251,100
9,FKFC4,2,3,114,75
10,EEF88,3,3,346,72
10,MRF44,4,3,205,71
11,EEFGGUQJ,1,3,B6,96
9,PPF44Q2B,5,3,GYM3,90
9,PPF44Q3B,5,3,GYM3,90
11,PPF44Q2G,4,3,GYM2,85
11,PPF44Q3G,4,3,GYM2,80
9,HGF88QGD,1,3,334A,85
10,HUF44HG,2,3,316,94
10,BCF44T,32,3,204,90
10,PPF44Q2B,3,3,GYM3,70
9,EEFGGHF,1,3,103,90
11,MRF44,4,3,205,75
11,PGF44Q3C,2,3,GYM1,90
11,SEF88QQ2,1,3,341,80
11,PPF44Q3B,5,3,GYM3,65
11,AUFC8UAT,1,3,232,70
10,FSFCC,3,3,125,87
9,FSFC8,4,3,113,76
12,HBF44X,1,3,311,65
12,EEFGGUQV,1,3,335,90
12,EEFGGUQF,1,3,330,88
12,MRF44QT,1,3,214,86
9,HGF88QGD,5,3,314,65
12,MPF44UQJ,1,3,219,94
11,SDF84UVT,1,3,332,95
11,MEF44QG,2,3,208,65
11,SDF84UVT,1,3,332,90
9,HGF88QGD,1,3,334A,75
10,PPF44Q2B,4,3,GYM3,85
10,PPF44Q3B,4,3,GYM3,80
11,EEFGGQGF,1,3,249,76
9,SLF44QG,2,3,231,86
12,MCF87UBD,1,3,203,96
9,MEF44H,2,3,207,93
11,PPF44Q2B,4,3,GYM3,80
11,UAF88Q3,2,3,235,65
12,HQF44QQY,3,3,317,96
12,EEFGGUQF,1,3,330,95
11,MRF44QG,2,3,104,75
12,FQF44QQY,3,3,216,65
9,AWF84,1,3,222,81
11,EEFGCUQX,1,3,348,97
12,MCF87UBD,1,3,203,97
12,FKFC4,2,3,114,88
10,MRF44,3,3,223,65
12,BCF44T,22,3,204,100
12,PPF44Q3G,3,3,GYM2,85
12,PGF44Q2C,2,3,GYM1,100
12,PGF44Q3C,2,3,GYM1,100
12,FQF44QQY,3,3,216,96
10,MKFC4TC,1,3,108,90
12,SBF87UBD,1,3,338,72
9,HQF44HH,2,3,324,95
10,EEF88QG,3,3,146,82
9,SLF44QG,2,3,231,86
12,SHFCATM,1,3,327,70
12,SBF87UBD,1,3,338,90
11,PPF44Q2B,3,3,GYM3,70
11,SEF88QQ3,1,3,341,74
9,EEF88,3,3,346,67
9,MEF44QG,2,3,208,70
9,SLF44H,3,3,247,91
11,AUFC8UAT,1,3,232,66
9,EEFG4QG,6,3,246,81
12,PPF44Q3G,4,3,GYM2,65
10,MKFC4TC,1,3,108,78
12,EEFGGUQX,1,3,347,68
12,MCF87UBD,1,3,203,82
10,EEF88QG,4,3,350,74
10,SCF44,3,3,141,87
10,SCF44,3,3,141,79
9,HGF88QGD,1,3,334A,75
9,UEFG4,1,3,B27,80
10,FSFC8H,4,3,113,93
11,EEFGGUQF,1,3,330,88
10,FSFC8H,4,3,113,98
12,HBF44X,1,3,311,83
9,SLF44QT,2,3,231,80
9,PPF44Q2B,3,3,GYM3,90
9,PPF44Q3B,3,3,GYM3,80
9,HGF88XHD,1,3,325,87
10,PPF44Q2B,3,3,GYM3,70
10,UAF44Q3,2,3,235,71
12,SDF84UVT,1,3,332,70
12,SDF84UVT,1,3,332,100
10,FMFC8,1,3,215,87
11,EEFGGUQF,1,3,330,95
10,HUF44QQB,1,3,315,80
11,PPF44Q2G,4,3,GYM2,90
11,PPF44Q3G,4,3,GYM2,95
10,SCF44,3,3,141,81
11,PPF44Q2G,3,3,GYM2,65
11,SEF88QQ3,1,3,341,78
10,ULFC4TP,2,3,B39,70
9,UEFG4,1,3,B27,70
10,SCF44HG,2,3,139,90
9,SLF44H,3,3,247,93
9,HGF88QGD,1,3,334A,65
12,SHFCATM,1,3,327,75
10,EEF88QG,3,3,146,84
12,EEFGGUQF,1,3,330,72
12,EEFGGUQV,1,3,335,82
12,SBF87UBD,1,3,338,95
10,EEF88QG,4,3,350,87
11,MPF44UQJ,1,3,219,85
11,SPF44H,2,3,229,90
11,PPF44Q2G,3,3,GYM2,65
11,PPF44Q3G,4,3,GYM2,65
9,EEFG4H,8,3,349,98
9,PPF44Q2G,4,3,GYM2,100
9,PPF44Q3G,4,3,GYM2,100
10,SHFC6TM,1,3,149,100
12,SBF87UBD,1,3,338,90
12,HBF44X,1,3,311,95
9,SLF44QW,2,3,328B,65
11,MRF44,5,3,221,85
10,BCF44T,32,3,204,100
10,PPF44Q2G,3,3,GYM2,100
10,EEF88QG,3,3,146,80
10,SCF44,4,3,138,76
10,MRF44,3,3,223,65
10,PPF44Q3B,4,3,GYM3,65
12,EEFGGUQX,1,3,347,75
12,EEFGGUQF,1,3,330,88
9,HGF88XHD,1,3,325,81
10,BCF44T,22,3,204,75
10,PPF44Q3B,3,3,GYM3,65
12,ULFC4TP,2,3,B39,90
10,SHFC6TM,1,3,149,75
10,HUF44QT,2,3,316,65
9,HQF44HH,2,3,324,95
10,SHFC6TM,1,3,149,100
12,BCF44T,22,3,204,100
12,PGF44Q3C,2,3,GYM1,95
11,EEFGCUQX,1,3,348,100
9,FMFC4H,1,3,226,100
9,SCF44,3,3,141,85
9,HGF87QQD,3,3,213,72
10,MRF44QT,1,3,214,87
9,MRF44,6,3,225,67
11,FSFCCU,2,3,123,93
10,PPF44Q3B,3,3,GYM3,90
10,UAF44Q2,2,3,235,86
10,SDF84UVT,1,3,332,100
11,SPF44H,2,3,229,98
9,HUF44QQB,1,3,315,68
10,HUF44QGD,1,3,323,80
9,HGF84QF,1,3,336,87
12,MCF87UBD,1,3,203,71
12,AQF44QQY,3,3,216,96
9,PPF44Q2G,3,3,GYM2,100
9,UAF44H3,2,3,235,93
11,MRF44H,6,3,225,94
10,SPF44,2,3,229,89
12,EEFGGUQX,1,3,347,75
9,HGF88XHD,1,3,325,97
11,AUFC8UAT,1,3,232,82
12,ANF44X,1,3,B7,70
9,MEF44HG,2,3,208,97
12,BCF44T,22,3,204,100
12,PPF44Q3B,3,3,GYM3,80
11,MRF44QT,3,3,107,89
10,FLFC8,1,3,121,86
10,SCF44,4,3,138,78
11,PPF44Q2B,4,3,GYM3,90
11,PPF44Q3B,4,3,GYM3,90
9,FSFC4,1,3,115,65
9,MEF44QT,2,3,208,74
12,AUFC8UAT,1,3,232,85
10,EEFGGQF,1,3,103,85
10,EEF88,2,3,126,85
12,FMFC8H,1,3,215,93
12,MKFCCTC,1,3,106,83
12,AUFC8UAT,1,3,232,100
9,MRF44H,4,3,205,96
10,MRF44HG,1,3,214,90
11,PPF44Q3G,3,3,GYM2,100
11,UAF44H2,2,3,235,90
11,EEFGCUQX,1,3,348,93
10,FSFCC,3,3,125,80
10,FSFC8,3,3,122,65
10,SCF44,4,3,138,80
9,HGF87QQD,3,3,213,70
11,PPF44Q2G,3,3,GYM2,100
11,UAF88H3,2,3,235,95
10,HUF44QT,2,3,316,80
9,HGF88QGD,1,3,334A,85
10,SCF44HT,2,3,139,90
11,EEFGCUQX,1,3,348,99
9,AWF84,1,3,222,65
11,MRF44QG,2,3,104,85
9,FSFC4,1,3,115,68
12,ANF44X,1,3,B7,82
12,FMF44UQX,2,3,116,85
10,HUF44UQX,2,3,333,100
9,FKFC4,2,3,114,65
12,PGF44Q2C,2,3,GYM1,100
12,PGF44Q3C,2,3,GYM1,100
10,PPF44Q3B,4,3,GYM3,90
10,UAF44Q2,2,3,235,65
11,SEF88QQ3,1,3,341,70
11,UAF88Q2,2,3,235,73
11,FMFCCH,1,3,111,97
10,EEF88QG,4,3,350,86
12,FKFC4H,2,3,114,100
9,MEF44QG,2,3,208,80
11,PGF44Q3C,2,3,GYM1,85
11,SEF88HQ2,1,3,341,91
12,EEFGGUQV,1,3,335,87
9,MEF44H,2,3,207,92
9,SLF44,2,3,228,83
11,ULFC4TP,2,3,B39,92
9,PPF44Q2G,4,3,GYM2,100
9,PPF44Q3G,4,3,GYM2,100
11,SPF44,2,3,229,84
10,EEF88H,3,3,346,98
11,PGF44Q3C,2,3,GYM1,65
10,MRF44,5,3,221,65
10,PGF44Q2C,2,3,GYM1,75
10,PPF44Q3G,3,3,GYM2,85
11,MRF44,4,3,205,80
12,FMF44UQX,2,3,116,98
12,ULFC4TP,2,3,B39,75
12,PPF44Q2G,3,3,GYM2,85
12,PPF44Q3G,3,3,GYM2,87
11,SPF44,2,3,229,77
9,AWF84,1,3,222,88
10,PGF44Q3C,2,3,GYM1,95
10,UAF44Q2,2,3,235,75
10,FSFC8H,4,3,113,100
11,MRF44H,4,3,205,97
9,MEF44QG,2,3,208,65
9,PGF44Q2C,2,3,GYM1,100
9,SEF88QQ3,1,3,341,80
12,HBF44X,1,3,311,91
11,EEFGCUQX,1,3,348,98
11,FMFCC,1,3,111,81
11,EEFGCUQX,1,3,348,99
12,FMF44UQX,2,3,116,85
10,SCF44H,3,3,141,94
10,EEF88,2,3,126,75
9,AWF84H,1,3,222,93
12,FMFCC,1,3,111,85
11,FMFCC,1,3,111,88
12,SBF87UBD,1,3,338,76
12,MPF44UQJ,1,3,219,97
10,MRF44QG,2,3,104,85
10,FSFC8,4,3,113,75
9,HGF87QQD,3,3,213,65
9,EEFG4,8,3,349,88
10,EEF88,3,3,346,87
9,HGF88QQD,7,3,313,78
12,PPF44Q2G,4,3,GYM2,85
12,PWF44Q3G,1,3,POOL,80
9,HQF44QH,2,3,324,88
12,SDF88TV,2,3,206,90
9,HGF88QQD,7,3,313,80
11,FSFCCH,3,3,125,94
12,EEFGGUQJ,1,3,B6,94
11,PPF44Q2G,3,3,GYM2,65
11,SEF88QQ3,1,3,341,73
9,FSFC4H,1,3,115,97
12,MKFCCTC,1,3,106,89
12,BCF44T,22,3,204,100
12,PGF44Q3C,2,3,GYM1,90
9,HQF44QH,2,3,324,88
10,SCF44,4,3,138,70
9,SLF44QT,2,3,231,85
9,HGF88QGD,5,3,314,75
9,MEF44,2,3,207,80
9,SDF44QWE,1,3,329B,65
12,FFFCC,1,3,248,89
9,PGF44Q3C,2,3,GYM1,70
9,PPF44Q2B,5,3,GYM3,65
9,HGF88QQD,7,3,313,84
10,HUF43HWD,1,3,326,98
12,MPF44UQS,1,3,211,88
11,AWF84,1,3,222,81
11,MRF44,5,3,221,82
12,ANF44X,1,3,B7,83
12,FMFGGH,1,3,111,91
10,EEF88QG,4,3,350,82
9,FKFC4,2,3,114,86
9,EEFG4,8,3,349,88
11,PGF44Q2C,2,3,GYM1,65
11,SEF88QQ3,1,3,341,65
12,EEFGGUQV,1,3,335,96
9,ESFG8QF,1,3,334B,65
10,FSFCCU,2,3,123,70
9,HUF44QGD,1,3,323,65
11,FSFC8,4,3,113,73
9,HGF88QQD,7,3,313,88
10,PGF44Q2C,2,3,GYM1,90
10,SEF88QQ3,1,3,341,81
9,HGF88HQD,1,3,321,95
10,PPF44Q2B,5,3,GYM3,65
10,PPF44Q3B,3,3,GYM3,65
9,AWF84,1,3,222,81
9,PPF44Q2B,3,3,GYM3,100
9,PPF44Q3B,3,3,GYM3,100
12,SCF84QQF,1,3,238,75
11,MRF44QG,1,3,214,75
11,UAF88Q3,2,3,235,67
12,EEFGGUQV,1,3,335,80
9,HGF88QTD,5,3,314,65
9,PHF44Q2,2,3,B17,87
9,PPF44Q3B,3,3,GYM3,90
9,PPF44Q2B,3,3,GYM3,80
9,PPF44Q3B,3,3,GYM3,80
9,MEF44H,2,3,207,94
10,PPF44Q2G,3,3,GYM2,100
10,UAF44H3,2,3,235,91
9,PHF44H3,2,3,B17,95
9,PPF44Q2G,3,3,GYM2,100
9,AWF84,1,3,222,83
9,EEF88,2,3,126,88
9,SLF44QW,2,3,328B,74
12,MKF44QQY,3,3,319,100
12,MPF44UQS,1,3,211,75
10,EEFGGUQV,1,3,335,82
9,MEF44H,2,3,207,96
ST,PGF44Q2C,2,3,GYM1,90
ST,PGF44Q3C,2,3,GYM1,95
10,EEF88HG,4,3,350,95
10,HUF44QT,2,3,316,65
11,EEF88QT,3,3,146,65
11,MRF44,3,3,223,74
12,ANF44X,1,3,B7,84
11,MRF44,3,3,223,76
12,EEFGGUQX,1,3,347,90
9,UEFG4,1,3,B27,80
9,HGF88XHD,1,3,325,96
9,HGF88QQD,1,3,321,82
10,MRF44HG,3,3,107,96
10,HUF44HGD,1,3,323,90
12,ANF44X,1,3,B7,92
9,ESFG8QF,1,3,334B,65
9,PHF44H2,2,3,B17,92
9,PPF44Q3B,3,3,GYM3,95
12,BCF44T,32,3,204,100
12,PPF44Q2B,3,3,GYM3,80
10,FMFC8,1,3,215,89
10,MRF44H,4,3,205,95
10,MRF44QG,1,3,214,78
11,MKFC8UCT,1,3,322,91
9,MRF44QG,3,3,107,84
10,EEF88,2,3,126,80
9,EEFG4H,8,3,349,96
11,SPF44H,2,3,229,96
9,HGF88HQD,1,3,321,90
11,EEFGCUQX,1,3,348,93
9,ESFG8QF,1,3,334B,83
12,SDF88TV,2,3,206,94
11,EEF88HG,3,3,146,94
11,PPF44Q3B,4,3,GYM3,90
11,UAF44Q2,2,3,235,71
10,BCF44T,22,3,204,100
10,PPF44Q3G,4,3,GYM2,80
9,EEFGGHFT,1,3,103,90
11,PPF44Q2G,4,3,GYM2,100
11,PPF44Q3G,4,3,GYM2,100
10,FMFC8H,1,3,215,94
11,MRF44,4,3,205,72
9,PPF44Q2B,5,3,GYM3,80
9,UAF44Q3,2,3,235,66
9,HGF88QTD,5,3,314,75
9,FMFC4,1,3,226,85
11,EEFGGQTF,1,3,249,71
11,SEF88QQ3,1,3,341,65
10,SCF44H,3,3,141,97
12,PPF44Q2G,4,3,GYM2,85
12,PPF44Q3G,4,3,GYM2,90
10,FMFC8,1,3,215,80
9,SCF44,4,3,138,81
12,ANF44X,1,3,B7,90
9,HGF88HQD,1,3,321,96
ST,FSFC4H,1,3,115,90
11,MRF44QG,3,3,107,84
10,MKFC4TC,1,3,108,65
ST,FSFC4H,1,3,115,98
9,AWF84,1,3,222,77
9,UEFG4,1,3,B27,80
9,HGF88QQD,7,3,313,70
11,SCF44QT,2,3,139,65
10,EEF88,2,3,126,80
9,SLF44QW,2,3,328B,71
11,EEFGGUQV,1,3,335,90
10,HUF44UQX,2,3,333,95
10,FSFCCH,3,3,125,92
9,FMFC4H,1,3,226,94
9,SLF44QW,2,3,328B,65
9,SLF44H,2,3,228,90
10,MRF44H,6,3,225,95
11,SPF44,2,3,229,84
9,FMFC4H,1,3,226,94
9,MRF44,5,3,221,67
11,HBF44X,1,3,311,93
9,MRF44,5,3,221,65
10,FLFC8H,1,3,121,99
9,HQF44HH,2,3,324,91
9,HGF84QF,1,3,336,70
9,HGF88QQD,1,3,321,85
10,ULFC4TP,2,3,B39,84
9,FMFC4H,1,3,226,96
10,FLFC8H,1,3,121,94
12,PPF44Q3B,3,3,GYM3,70
12,PQF44Q2Y,3,3,251,100
11,ULFC4TP,2,3,B39,83
10,EEF88,3,3,346,77
10,ULFC4TP,2,3,B39,67
10,BCF44T,32,3,204,65
10,PPF44Q2G,4,3,GYM2,75
11,UEFG4,1,3,B27,70
9,EEFG4H,8,3,349,93
9,FSFC8H,4,3,113,90
10,MRF44HG,3,3,107,90
9,SLF44,3,3,247,83
9,FMFC4H,1,3,226,96
10,SCF84QQF,1,3,238,84
12,PGF44Q2C,2,3,GYM1,90
12,PGF44Q3C,2,3,GYM1,95
11,FMF44UQX,2,3,116,100
10,SCF84QQF,1,3,238,80
12,PGF44Q2C,2,3,GYM1,85
12,PWF44Q3G,1,3,POOL,65
12,SDF88TV,2,3,206,96
12,EQF44QQY,3,3,328,100
12,PPF44Q2G,4,3,GYM2,65
12,PPF44Q3G,4,3,GYM2,65
11,PPF44Q2B,5,3,GYM3,95
11,PPF44Q3B,3,3,GYM3,85
10,HUF44QQB,1,3,315,65
10,SCF84QQF,1,3,238,75
12,HQF44QQY,3,3,317,98
12,PPF44Q2B,3,3,GYM3,65
12,PPF44Q3B,3,3,GYM3,65
10,HUF44HQB,1,3,315,91
12,FQF44QQY,3,3,216,100
10,MKFC4TC,1,3,108,80
10,EEFGGQF,1,3,103,65
10,BCF44T,22,3,204,85
10,PPF44Q3B,3,3,GYM3,90
9,EEFGGHF,1,3,103,94
11,FSFC8H,4,3,113,100
10,MRF44H,6,3,225,100
10,PPF44Q2G,3,3,GYM2,65
10,PPF44Q3G,3,3,GYM2,65
9,ESFG8QF,1,3,334B,65
12,MPF44UQS,1,3,211,80
9,HGF88HQD,7,3,313,97
11,MRF44QG,2,3,104,76
9,EEFG4H,8,3,349,92
12,MRF44H,4,3,205,99
9,PHF44Q2,2,3,B17,85
9,PPF44Q3B,3,3,GYM3,80
11,PPF44Q2G,3,3,GYM2,100
11,PPF44Q3G,4,3,GYM2,95
9,HGF88XHD,1,3,325,91
11,FMFCCH,1,3,111,95
11,FMFCCH,1,3,111,100
9,SLF44QW,2,3,328B,85
11,FSFCCH,3,3,125,100
12,ANF44X,1,3,B7,81
10,EEF88HG,3,3,146,94
9,HQF44HH,2,3,324,98
9,SLF44H,2,3,228,90
9,SLF44HG,2,3,231,91
10,EEF88QT,3,3,146,65
12,FMF44UQX,2,3,116,100
10,FLFC8H,1,3,121,97
10,MKFC4TC,1,3,108,96
10,FMFC8H,1,3,215,94
11,MRF44HG,3,3,107,92
9,ESFG8QF,1,3,334B,88
11,PPF44Q2B,5,3,GYM3,95
11,UAF88H3,2,3,235,98
11,SCF44QG,2,3,139,68
9,FMFC4H,1,3,226,99
10,HUF44QT,2,3,316,68
10,MKFC4TC,1,3,108,75
9,SCF44,4,3,138,81
9,MEF44HG,2,3,208,94
10,FMFC8H,1,3,215,96
9,HGF88QQD,1,3,321,88
12,MCF87UBD,1,3,203,71
11,FSFCCU,2,3,123,92
10,FSFC8H,4,3,113,90
10,HUF44UQX,2,3,333,100
12,HBF44X,1,3,311,93
10,FMFC8,1,3,215,76
12,SDF84UVT,1,3,332,95
9,SLF44H,3,3,247,90
11,PPF44Q2B,5,3,GYM3,95
11,UAF88H3,2,3,235,98
9,PPF44Q2B,5,3,GYM3,95
9,PPF44Q3B,5,3,GYM3,90
11,MRF44,4,3,205,80
12,ANF44X,1,3,B7,89
11,SCF44,4,3,138,76
12,PGF44Q2C,2,3,GYM1,100
12,PGF44Q3C,2,3,GYM1,100
11,SDF84UVT,1,3,332,95
10,SCF44,3,3,141,87
9,FSFC4,1,3,115,80
9,SLF44H,3,3,247,90
9,PPF44Q2B,4,3,GYM3,98
9,PPF44Q3B,5,3,GYM3,90
9,EEFGGHF,1,3,103,95
12,EEFGGQGF,1,3,249,65
9,HGF88HQD,1,3,321,94
9,HGF88HQD,7,3,313,90
9,MRF44,5,3,221,88
12,FMF44UQX,2,3,116,100
10,HUF44QG,2,3,316,80
10,BCF44T,32,3,204,100
10,PPF44Q2B,3,3,GYM3,80
10,HUF44HQB,1,3,315,91
11,PPF44Q2B,4,3,GYM3,75
11,PPF44Q3B,5,3,GYM3,65
12,PPF44Q2G,4,3,GYM2,70
12,PPF44Q3G,4,3,GYM2,65
9,HGF88QQD,1,3,321,65
10,FSFC8H,3,3,122,93
10,FLFC8H,1,3,121,92
9,HGF84QF,1,3,336,65
9,HQF44HH,2,3,324,95
10,EEF88H,3,3,346,97
12,HBF44X,1,3,311,95
10,SCF44QG,2,3,139,88
10,SCF84QQF,1,3,238,67
11,SPF44,2,3,229,82
12,BCF44T,22,3,204,100
12,PGF44Q3C,2,3,GYM1,100
12,MCF87UBD,1,3,203,84
9,MRF44,4,3,205,75
9,HGF88HGD,5,3,314,91
10,ESFG4QFA,1,3,334B,65
9,HGF88HGD,5,3,314,93
12,SDF88TV,2,3,206,93
11,EEFGGUQJ,1,3,B6,88
11,MRF44HG,3,3,107,95
9,HGF88HQD,1,3,321,96
10,EEFGGHFT,1,3,103,93
10,EEFGGHF,1,3,103,97
12,MCF87UBD,1,3,203,89
9,HGF87HQD,3,3,213,90
10,BCF44T,22,3,204,100
10,PPF44Q3G,3,3,GYM2,100
11,FMFCCH,1,3,111,95
10,SCF44QG,2,3,139,72
10,HUF44QG,2,3,316,75
12,PPF44Q3B,5,3,GYM3,90
12,PWF44Q2B,1,3,POOL,90
10,ESFG4QFA,1,3,334B,65
12,FMF44UQX,2,3,116,90
12,PGF44Q2C,2,3,GYM1,95
12,PWF44Q3G,1,3,POOL,85
9,PPF44Q2G,4,3,GYM2,90
9,PPF44Q3G,3,3,GYM2,70
11,SCF84QQF,1,3,238,65
10,FMFC8,1,3,215,65
11,MRF44,4,3,205,78
11,MPF44UQJ,1,3,219,80
9,MRF44,5,3,221,84
9,ESFG8QF,1,3,334B,65
11,MRF44QG,2,3,104,75
9,HGF84QF,1,3,336,82
9,AWF84,1,3,222,86
12,MKFCCTC,1,3,106,70
10,MKFC4TC,1,3,108,99
11,MPF44UQJ,1,3,219,65
10,SCF44,4,3,138,80
9,FMFC8H,1,3,215,97
10,FLFC8H,1,3,121,90
9,MEF44H,2,3,207,100
9,HGF88QGD,5,3,314,80
10,FSFCCU,2,3,123,92
11,EEFGGUQF,1,3,330,90
12,SHFCATM,1,3,327,80
12,MCF87UBD,1,3,203,98
9,HGF88HGD,5,3,314,96
9,HGF84QF,1,3,336,73
12,AUFC8UAT,1,3,232,100
12,ANF44X,1,3,B7,88
12,MPF44UQJ,1,3,219,97
10,FMFC8,1,3,215,85
12,MKF44Q3Y,3,3,319,100
12,PGF44Q2C,2,3,GYM1,95
11,SPF44H,2,3,229,92
11,SDF84UVT,1,3,332,95
9,FMFC8,1,3,215,65
10,EEF88,2,3,126,88
9,HGF87QQD,3,3,213,74
9,SLF44H,3,3,247,90
9,HGF88QGD,5,3,314,84
9,PHF44Q2,2,3,B17,65
9,PPF44Q3B,5,3,GYM3,70
11,ULFC4TP,2,3,B39,85
10,MRF44,4,3,205,70
10,HUF44UQX,2,3,333,90
10,MRF44HG,3,3,107,92
10,FMFC8H,1,3,215,98
9,HGF88XHD,1,3,325,93
11,MRF44QG,2,3,104,87
10,MRF44,5,3,221,78
12,BCF44T,22,3,204,100
12,PWF44Q3G,1,3,POOL,95
11,FMFCC,1,3,111,86
10,MRF44QG,3,3,107,89
12,HBF44X,1,3,311,84
12,SDF88TV,2,3,206,96
9,HGF88QQD,7,3,313,71
12,MKFCCTC,1,3,106,83
10,HUF44QQB,1,3,315,68
12,SPF44,3,4,229,65
11,PGF44Q2C,3,4,GYM1,95
11,UAF88H3,3,4,235,100
12,FJFCCU,2,4,124,88
10,HGFCCHQ3,1,4,326,90
10,PPF44Q2G,6,4,GYM2,88
9,HGF87QQD,8,4,341,80
11,EEFCBQGD,1,4,350,66
11,EEF88QG,5,4,346,70
11,HUF44,1,4,321,75
9,PPF44Q2G,5,4,GYM2,65
9,UAF44Q3,3,4,235,65
11,PGF44Q2C,3,4,GYM1,95
11,UAF88H3,3,4,235,100
9,MEF88QW,1,4,207,87
12,FSFCCH,4,4,125,90
12,EEFGGUGF,1,4,330,92
9,HUF44,1,4,321,70
12,PPF44Q2G,6,4,GYM2,87
12,PQF44Q2Y,4,4,251,100
12,PQF44Q3Y,4,4,251,100
9,HGF88QQD,3,4,213,83
11,EEFGGUQV,2,4,335,87
11,AWF84H,2,4,222,90
12,PPF44Q3G,6,4,GYM2,80
9,FSFC4H,8,4,122,92
9,MEF44QT,3,4,105,75
12,ULFCCTP,1,4,B39,94
9,HGFCCQQ3,1,4,326,65
9,PHF44Q2,3,4,B17,83
9,PPF44Q2G,6,4,GYM2,100
9,PPF44Q3G,6,4,GYM2,98
10,FSFC8H,5,4,113,92
9,EEFGCHF,1,4,347,92
9,MRF44QG,4,4,219,85
9,HGF88QQD,3,4,213,83
9,PHF44H2,3,4,B17,96
9,PPF44Q3G,6,4,GYM2,100
9,EEFGCQF,1,4,347,65
12,PPF44Q2G,5,4,GYM2,97
12,PPF44Q3G,5,4,GYM2,95
10,AQF44UVT,1,4,206,80
12,HQF44QQY,4,4,317,99
11,MRF44,9,4,211,85
11,EEFGGUTJ,1,4,B6,77
11,PPF44Q3G,5,4,GYM2,95
11,UAF88H2,3,4,235,98
11,PPF44Q3G,6,4,GYM2,85
11,SCF88QQ2,1,4,138,77
9,MRF44,7,4,223,65
11,PGF44Q3C,3,4,GYM1,95
11,UAF88H2,3,4,235,90
10,EEFCBQGD,1,4,350,65
9,MCF88UBD,1,4,203,94
9,SCF84QGF,1,4,139,74
9,HGF87QQD,8,4,341,65
10,HUF44,1,4,321,75
11,EEFGGUGF,1,4,330,77
12,AWF84,2,4,222,85
9,HGF87QTD,20,4,313,85
10,SCF84QTF,1,4,139,69
11,SHF86H,1,4,248,100
9,EEFG4QG,3,4,336,88
10,HFF44,1,4,325,81
10,MRF44H,8,4,107,99
9,FSFC8H,5,4,113,90
9,HGF87QQD,8,4,341,88
9,EEF88QT,5,4,346,65
11,BCF44T,23,4,204,70
11,PPF44Q3B,6,4,GYM3,70
12,HRF44XA,1,4,225,86
9,FSFC4H,2,4,115,99
10,MRF44,9,4,211,65
9,PHF44H3,3,4,B17,90
9,PPF44Q2B,6,4,GYM3,70
11,SHF86H,1,4,248,100
9,MRF44,10,4,221,89
9,FSFC8H,5,4,113,96
11,SHFC6TM,2,4,149,98
9,MEF44,3,4,214,75
10,SHFC6TM,2,4,149,98
11,EEFGGUTJ,1,4,B6,75
10,FSFC8,5,4,113,87
11,MQF44QGF,1,4,106,82
12,HRF44XA,1,4,225,99
10,EEF88HG,5,4,346,90
9,HQFC4TH,1,4,316,83
9,HGF87QGD,2,4,324,88
11,SCF84QTF,1,4,139,66
12,FQF44QQY,4,4,216,88
11,PGF44Q2C,3,4,GYM1,65
11,UAF88Q3,3,4,235,79
11,ULFCCTP,1,4,B39,71
11,HGFCCQQ2,1,4,326,75
10,HGFCCQQ3,1,4,326,70
12,HRF44XA,1,4,225,85
10,HQFC4TH,1,4,316,97
11,AQF44UVT,1,4,206,90
10,MEF88HW,1,4,207,90
11,MRF44QTF,1,4,205,72
9,PPF44Q2B,6,4,GYM3,80
9,UAF44H3,3,4,235,95
11,EEFGGQGC,1,4,146,80
10,SHFC6TM,2,4,149,98
11,SHF86H,1,4,248,100
9,PHF44H2,3,4,B17,94
9,PPF44Q3G,5,4,GYM2,88
9,EEFGGHF,2,4,103,93
9,MEF44HG,3,4,105,98
11,SDF44HQE,1,4,247,99
9,PPF44Q3G,6,4,GYM2,100
9,UAF44H2,3,4,235,99
9,HGF87HGD,2,4,324,98
9,HFF44,1,4,325,65
10,HUF44UQX,3,4,333,90
9,SCF84HGF,1,4,139,93
12,HTF44UQX,1,4,334A,98
9,PHF44H3,3,4,B17,92
9,PPF44Q2G,5,4,GYM2,100
10,AUFC4TA,1,4,232,100
12,HRF44XA,1,4,225,86
11,EEFCBQGD,1,4,350,65
10,HFF44,1,4,325,69
11,EEFGGQGC,1,4,146,72
10,HFF44UQX,1,4,315,85
10,EEF88H,4,4,349,92
9,HGF88QQD,3,4,213,71
12,EQF44QQY,4,4,328,95
10,HFF44UQX,1,4,315,88
11,EEFGGHGC,1,4,146,94
10,PPF44Q2B,6,4,GYM3,70
10,EEF88,4,4,349,70
9,HGF87QQD,8,4,341,70
12,FMFCC,2,4,111,71
11,PPF44Q2B,6,4,GYM3,90
11,PPF44Q3B,6,4,GYM3,90
10,MRF44HG,4,4,219,93
9,AWF84,2,4,222,65
9,BCF44T,23,4,204,80
9,HGFCCQQ3,1,4,326,70
9,ESFG4QFB,1,4,334B,65
9,EEFGGHF,2,4,103,98
9,HGF87QGD,2,4,324,88
12,HTF44UQX,1,4,334A,97
9,FSFC4,2,4,115,81
12,EEFGCQF,1,4,347,70
9,MRF44QGF,1,4,205,66
10,SHFC6TM,2,4,149,98
9,HGF88QQD,3,4,213,65
10,MRF44QG,4,4,219,88
11,SHF86H,1,4,248,100
9,MEF44,3,4,214,65
9,EEFG4QT,3,4,336,86
10,HGFCCQQ2,1,4,326,72
10,PPF44Q3B,6,4,GYM3,70
11,HRF44XA,1,4,225,66
10,HFF44,1,4,325,81
9,EEFG4,2,4,250,70
10,SCF84QTF,1,4,139,66
12,EEFGGUQV,2,4,335,95
11,SCF88QQ2,1,4,138,72
11,UAF88Q3,3,4,235,81
10,MRF44QGF,1,4,205,72
10,HQFC4TH,1,4,316,68
10,MRF44,8,4,107,88
11,EEFGGUGF,1,4,330,74
12,MRF44HGF,1,4,205,92
10,HGFCCQQ2,1,4,326,65
12,FLFGGH,2,4,121,97
11,FSFCC,4,4,125,88
9,HGF87QQD,8,4,341,88
11,FJFCCU,2,4,124,66
12,EEFGGHGC,1,4,146,97
9,EEFG4QG,3,4,336,80
9,EEF88QG,5,4,346,65
12,EEFGGUQV,2,4,335,92
10,HFF44UQX,1,4,315,79
9,HUF43QGD,1,4,323,65
10,SHFC6TM,2,4,149,98
11,FSFCC,4,4,125,65
11,MRF44,7,4,223,65
10,EEF88QT,5,4,346,65
9,EEFG4,2,4,250,86
11,SCF88QQ2,1,4,138,65
11,UAF88H3,3,4,235,92
11,FSFC8,5,4,113,75
10,MRF44,10,4,221,65
12,SBF88UBD,1,4,338,90
11,EEFGGHGC,1,4,146,95
11,SDF44HQE,1,4,247,95
9,EEFGGQF,2,4,103,85
9,EEFGGQF,2,4,103,75
11,AUFC4TA,1,4,232,100
11,PGF44Q2C,3,4,GYM1,90
11,SCF88QQ3,1,4,138,85
12,EEFGCUQX,2,4,348,73
10,SHFC6TM,2,4,149,98
12,ULFCCTP,1,4,B39,68
10,MEF88QW,1,4,207,80
9,FSFC4,8,4,122,85
10,EEFGGUTF,1,4,330,65
11,EEFGGHGC,1,4,146,98
9,HGFCCQQ3,1,4,326,65
12,PGF44Q3C,3,4,GYM1,85
10,FSFC8,5,4,113,84
9,EEFG4,2,4,250,72
12,EQF44QQY,4,4,328,95
10,EEFGGUTF,1,4,330,65
9,FSFC4,2,4,115,71
9,EEFGGHF,2,4,103,95
10,HUF43QGD,1,4,323,70
12,EEFGGQQF,1,4,249,80
11,EEFGGUQV,2,4,335,80
9,ESFG4QFB,1,4,334B,70
9,MRF44QG,5,4,104,85
9,EEFGGQFW,2,4,103,80
10,MRF44QG,4,4,219,80
12,EEFGGUGJ,1,4,B6,87
9,FSFC4H,2,4,115,95
9,MRF44QGF,1,4,205,68
10,BCF44T,23,4,204,70
10,PPF44Q3G,5,4,GYM2,92
9,HGF87HQD,8,4,341,91
12,SHF88U,2,4,327,95
9,HGF87QGD,2,4,324,66
10,SHFC6TM,2,4,149,100
9,PPF44Q2B,6,4,GYM3,70
9,UAF44Q3,3,4,235,80
12,HGF87QQD,8,4,341,65
9,EEFG4,2,4,250,78
9,ESFG4QFB,1,4,334B,65
10,FLFCCU,2,4,121,65
9,EEFG4,2,4,250,67
9,HGF87QGD,20,4,313,76
9,FSFC8H,5,4,113,98
9,HGFCCQQ2,1,4,326,70
9,UAF44Q3,3,4,235,74
11,PPF44Q3G,5,4,GYM2,90
11,SCF88HQ2,1,4,138,92
11,SHF86H,1,4,248,100
11,HUF43QTD,1,4,323,65
11,MRF44,10,4,221,65
10,EEF88HG,5,4,346,91
12,SHF86H,1,4,248,100
9,FSFC4H,8,4,122,95
11,EEFGGUGF,1,4,330,93
9,EEFG8QF,1,4,334B,75
12,SBF88UBD,1,4,338,72
9,PPF44Q2G,5,4,GYM2,85
9,UAF44H3,3,4,235,100
9,MEF44QG,3,4,105,89
11,HGFCCQQ2,1,4,326,75
11,SCF88QQ3,1,4,138,65
12,HTF44UQX,1,4,334A,88
10,HQFC4TH,1,4,316,89
10,SHFC6TM,2,4,149,100
9,PPF44Q2G,6,4,GYM2,100
9,PPF44Q3G,5,4,GYM2,89
9,EEFG4H,2,4,250,96
12,PGF44Q3C,3,4,GYM1,90
12,SCF88QQ2,1,4,138,76
11,EEF88QW,1,4,246,65
9,FKFC4H,3,4,114,98
10,FSFC4,8,4,122,65
10,EEF88QT,5,4,346,65
11,EEFGGUQV,2,4,335,90
10,HFF44UQX,1,4,315,86
9,HGF87QWD,1,4,307,80
10,EEF88QG,5,4,346,80
10,HGFCCQQ2,1,4,326,80
10,PPF44Q3G,5,4,GYM2,81
11,EEFCBQGD,1,4,350,68
12,ULFCCTP,1,4,B39,92
12,PGF44Q2C,3,4,GYM1,75
12,PQF44Q3Y,4,4,251,100
11,EEF88QW,1,4,246,75
9,EEFGGHF,2,4,103,90
11,MRF44QWF,1,4,208,65
11,MRF44,7,4,223,81
12,MQF44QGF,1,4,106,65
9,EEFGCQF,1,4,347,86
12,SHF86H,1,4,248,100
9,PPF44Q2G,6,4,GYM2,90
9,UAF88H3,3,4,235,92
11,EEFGGUTJ,1,4,B6,80
9,HGF88HQD,3,4,213,90
9,HGF87QQD,8,4,341,77
10,PPF44Q2G,5,4,GYM2,82
10,UAF44H3,3,4,235,96
9,EEFGGHF,2,4,103,96
12,BCF44T,33,4,204,95
12,PPF44Q2B,6,4,GYM3,80
10,EEF88HW,1,4,246,90
12,MCF88UBD,1,4,203,83
10,MRF44H,8,4,107,93
9,MRF44QG,4,4,219,88
10,EEFGGUQV,2,4,335,85
9,EEFG4QG,3,4,336,85
11,SCF88QQ2,1,4,138,85
11,UAF88H3,3,4,235,97
11,EEFGCQH,1,4,331,80
9,HGF87HGD,2,4,324,100
12,PPF44Q2B,6,4,GYM3,90
11,FJFCCU,2,4,124,84
12,EQF44QQY,4,4,328,100
10,AQF44UVT,1,4,206,94
12,ULFCCTP,1,4,B39,97
10,PGF44Q2C,3,4,GYM1,80
10,PPF44Q3B,6,4,GYM3,80
12,FQF44QQY,4,4,216,83
12,SBF88UBD,1,4,338,83
12,EEFGGUQV,2,4,335,93
9,MEF44,3,4,214,65
9,AWF84,2,4,222,80
9,EEFG4HG,3,4,336,90
9,EEFG8QFW,1,4,334B,65
9,EEFG4HG,3,4,336,91
11,SPF44H,3,4,229,92
9,MEF44HG,3,4,105,91
12,FJFCCU,2,4,124,90
10,AQF44UVT,1,4,206,93
12,MCF88UBD,1,4,203,80
10,EEF88,4,4,349,65
10,EEF88HT,5,4,346,90
9,MEF44,3,4,214,88
10,HUF44UQX,3,4,333,100
12,EEFGCUQX,2,4,348,88
9,MRF44,9,4,211,85
10,BCF44T,23,4,204,100
10,PPF44Q3G,5,4,GYM2,89
9,MRF44H,7,4,223,91
9,HGF88HQD,3,4,213,90
12,BCF44T,23,4,204,90
12,PQF44Q3Y,4,4,251,100
9,MRF44,7,4,223,80
10,EEF88QG,5,4,346,84
9,EEFG4QG,3,4,336,80
9,HFF44,1,4,325,65
10,HUF44,1,4,321,83
11,FLFCCU,2,4,121,75
10,EEFGGHF,2,4,103,95
12,BCF44T,23,4,204,95
12,PPF44Q3B,6,4,GYM3,65
12,FQF44QQY,4,4,216,91
9,ESFG4QFB,1,4,334B,65
11,FJFCCU,2,4,124,92
12,MCF88UBD,1,4,203,97
10,EEF88H,4,4,349,99
11,SPF44H,3,4,229,92
11,PPF44Q2B,6,4,GYM3,90
11,PPF44Q3B,6,4,GYM3,90
9,HUF44,1,4,321,87
9,EEFGCQF,1,4,347,85
9,EEFGGHFT,2,4,103,96
12,FJFCCU,2,4,124,97
12,BCF44T,23,4,204,95
12,PGF44Q3C,3,4,GYM1,95
10,AUFC4TA,1,4,232,100
12,SBF88UBD,1,4,338,86
11,FMFCCH,2,4,111,99
10,HUF44,1,4,321,87
10,EEFGGQQF,1,4,249,82
11,SPF44,3,4,229,77
11,EEFGCQH,1,4,331,80
11,SPF44,3,4,229,89
9,MEF44HG,3,4,105,97
10,MRF44,7,4,223,67
11,EEFGCHH,1,4,331,90
9,HGF87QTD,2,4,324,78
9,HGF88QQD,3,4,213,74
10,HUF44,1,4,321,80
11,SDF44HQE,1,4,247,97
11,EEFGGUQV,2,4,335,85
12,PGF44Q2C,3,4,GYM1,95
12,FQF44QQY,4,4,216,99
9,EEFG4QT,3,4,336,80
10,SHFC6TM,2,4,149,98
10,HUF44UQX,3,4,333,100
9,MEF44QT,3,4,105,65
10,MKFC4TC,2,4,108,91
11,MRF44H,8,4,107,95
12,PGF44Q2C,3,4,GYM1,90
12,PGF44Q3C,3,4,GYM1,90
12,PGF44Q2C,3,4,GYM1,95
12,PGF44Q3C,3,4,GYM1,95
10,MRF44,9,4,211,65
11,MQF44QGF,1,4,106,87
9,HGF87QQD,8,4,341,84
11,FMFCCH,2,4,111,94
9,MEF44QG,3,4,105,86
11,PGF44Q2C,3,4,GYM1,90
11,PGF44Q3C,3,4,GYM1,90
11,EEFGGHQF,1,4,249,92
11,MRF44H,9,4,211,92
12,AQF44QQY,4,4,216,84
10,EEF88H,4,4,349,96
12,SDF44HQE,1,4,247,99
12,PQF44Q2Y,4,4,251,100
12,PQF44Q3Y,4,4,251,100
9,HFF44H,1,4,325,97
11,MRF44QG,4,4,219,82
12,MCF88UBD,1,4,203,88
10,HGFCCQQ3,1,4,326,70
10,UAF44Q2,3,4,235,72
12,EEFGGUGF,1,4,330,87
11,EEFGCQH,1,4,331,75
10,SHFC6TM,2,4,149,100
11,PHF44Q2,3,4,B17,65
10,MRF44H,8,4,107,95
9,MEF44QG,3,4,105,65
11,MRF44QTF,1,4,205,80
12,AWF84H,2,4,222,100
9,MRF44,10,4,221,72
12,MQF44QQY,4,4,204A,100
10,AQF44UVT,1,4,206,87
12,FMFGG,2,4,111,88
12,SHF88U,2,4,327,85
9,MRF44QGF,1,4,205,66
9,PGF44Q3C,3,4,GYM1,75
9,PHF44Q2,3,4,B17,65
10,AUFC4TA,1,4,232,96
12,SPF44H,3,4,229,90
9,PGF44Q3C,3,4,GYM1,70
9,SCF88QQ2,1,4,138,71
9,PPF44Q3G,5,4,GYM2,67
9,UAF44H2,3,4,235,93
10,AQF44UVT,1,4,206,82
11,SDF44HQE,1,4,247,90
10,HFF44,1,4,325,68
12,EEFGCUQX,2,4,348,96
12,HRF44XA,1,4,225,90
9,HGF87HQD,8,4,341,93
10,HFF44,1,4,325,72
12,AQF44UVT,1,4,206,82
9,HGF87HQD,8,4,341,92
10,HFF44UQX,1,4,315,75
12,FMFGG,2,4,111,89
9,HGF87QWD,1,4,307,80
11,EEFGGQTC,1,4,146,80
9,MRF44,10,4,221,85
9,HGF87QGD,20,4,313,86
12,BCF44T,33,4,204,100
11,EEFGGQQF,1,4,249,65
12,ULFCCTP,1,4,B39,90
12,PGF44Q2C,3,4,GYM1,100
9,PPF44Q2G,6,4,GYM2,100
9,UAF44Q3,3,4,235,87
11,FJFCCU,2,4,124,71
10,MRF44,7,4,223,75
12,PGF44Q2C,3,4,GYM1,95
12,PGF44Q3C,3,4,GYM1,100
10,MRF44H,8,4,107,93
12,FJFCCU,2,4,124,77
12,FQF44QQY,4,4,216,99
12,EEFGGUQV,2,4,335,83
10,FSFC8H,5,4,113,100
9,PHF44H2,3,4,B17,96
9,PPF44Q3B,6,4,GYM3,90
10,HQFC4TH,1,4,316,88
10,MRF44,10,4,221,65
9,HGFCCQQ3,1,4,326,65
10,EEF88QG,5,4,346,86
11,SPF44,3,4,229,84
9,EEFG4QG,3,4,336,65
12,SPF44,3,4,229,82
10,EEF88,4,4,349,70
10,MKFC4TC,2,4,108,94
11,EEFGCUQX,2,4,348,99
12,MRF44QGF,1,4,205,83
12,HTF44UQX,1,4,334A,99
9,AWF84H,2,4,222,100
9,MRF44QGF,1,4,205,69
10,PPF44Q2G,5,4,GYM2,88
10,PPF44Q3G,6,4,GYM2,95
10,HUF44UQX,3,4,333,98
12,HTF44UQX,1,4,334A,98
12,EEFGGHGC,1,4,146,90
10,FSFCC,4,4,125,70
12,ULFCCTP,1,4,B39,90
12,MQF44QGF,1,4,106,74
10,EEF88H,4,4,349,92
11,PPF44Q3B,6,4,GYM3,85
12,FMFCC,2,4,111,67
9,MEF44,3,4,214,75
11,FSFCC,4,4,125,85
ST,AWF84H,2,4,222,100
12,SCF88QQ3,1,4,138,85
12,UAF88H2,3,4,235,90
11,PGF44Q2C,3,4,GYM1,80
11,PGF44Q3C,3,4,GYM1,80
10,HFF44UQX,1,4,315,81
12,EEFGGUGF,1,4,330,65
11,AUFC4TA,1,4,232,65
9,HGF87HWD,1,4,307,90
12,HTF44UQX,1,4,334A,92
11,EEFGGUTJ,1,4,B6,83
11,EEFGCUQX,2,4,348,85
11,EEF88QW,1,4,246,75
12,SHF88U,2,4,327,85
10,MKFC4TC,2,4,108,86
9,EEFG4H,2,4,250,90
10,HUF43QGD,1,4,323,82
11,PPF44Q3G,5,4,GYM2,85
11,SCF88QQ2,1,4,138,88
9,FSFC8,5,4,113,84
10,HQFC4TH,1,4,316,82
9,MEF44,3,4,214,75
11,MRF44QTF,1,4,205,71
9,AWF84,2,4,222,75
9,HGF87HGD,2,4,324,95
12,MCF88UBD,1,4,203,88
11,FLFCCU,2,4,121,99
11,FJFCCU,2,4,124,87
9,HGF87QQD,8,4,341,65
9,MRF44QG,5,4,104,88
10,HUF44,1,4,321,85
9,FSFC4,2,4,115,76
9,EEFG4H,2,4,250,93
11,MRF44,8,4,107,68
11,EEFGGUTJ,1,4,B6,65
11,EEFGGQQF,1,4,249,83
10,HQFC4TH,1,4,316,77
9,FSFC4,8,4,122,65
9,HFF44,1,4,325,65
9,HFF44,1,4,325,86
12,MRF44QWF,1,4,208,87
10,EEF88,4,4,349,65
12,EQF44QQY,4,4,328,100
12,FJFCCU,2,4,124,80
10,EEF88H,4,4,349,98
11,FJFCCU,2,4,124,90
10,HFF44H,1,4,325,94
12,EEFGCQH,1,4,331,80
12,MCF88UBD,1,4,203,95
11,MQF44QTF,1,4,106,72
9,FSFC8H,5,4,113,100
10,HQFC4TH,1,4,316,89
9,FSFC8,5,4,113,65
12,PPF44Q3G,6,4,GYM2,98
10,PPF44Q3G,6,4,GYM2,98
10,UAF44H2,3,4,235,90
11,PGF44Q3C,3,4,GYM1,95
11,UAF44H2,3,4,235,93
11,EEFGGQQF,1,4,249,76
11,MRF44QT,4,4,219,70
12,SBF88UBD,1,4,338,88
11,PPF44Q2G,6,4,GYM2,98
11,SCF88QQ3,1,4,138,70
10,FSFCC,4,4,125,88
9,EEFGGHF,2,4,103,95
11,AWF84H,2,4,222,100
11,MQF44HGF,1,4,106,90
9,FKFC4,3,4,114,65
11,FLFCCU,2,4,121,70
9,EEFG4,2,4,250,84
11,SDF44HQE,1,4,247,99
12,FMF44UQX,3,4,215,86
11,EEFGGUQV,2,4,335,80
12,HTF44UQX,1,4,334A,90
9,MRF44QGF,1,4,205,67
9,HGF87QGD,20,4,313,81
12,EEFGGUGJ,1,4,B6,92
11,FSFCC,4,4,125,65
10,BCF44T,33,4,204,100
10,PPF44Q2B,6,4,GYM3,95
9,EEFG4,2,4,250,67
9,MEF44H,3,4,214,92
11,HGFCCQQ2,1,4,326,77
11,PPF44Q3G,5,4,GYM2,65
12,SHFC6TM,2,4,149,100
12,FMFGG,2,4,111,83
12,MRF44,7,4,223,73
11,MRF44,8,4,107,82
12,MQF44QGF,1,4,106,77
10,HFF44UQX,1,4,315,89
12,SBF88UBD,1,4,338,85
11,EEFGCHH,1,4,331,90
9,FSFC4H,8,4,122,90
9,PHF44H2,3,4,B17,92
9,PPF44Q3G,5,4,GYM2,95
10,HUF44,1,4,321,87
9,EEF88,4,4,349,65
9,PPF44Q2G,6,4,GYM2,97
9,PPF44Q3G,6,4,GYM2,95
9,HFF44,1,4,325,66
10,EEF88H,4,4,349,98
11,PPF44Q2G,6,4,GYM2,85
11,PPF44Q3G,6,4,GYM2,82
11,EEFGGUTJ,1,4,B6,93
9,EEFG4,2,4,250,65
11,EEF88QW,1,4,246,83
11,PPF44Q2B,6,4,GYM3,65
11,SCF88QQ3,1,4,138,65
10,HQFC4TH,1,4,316,89
10,BCF44T,33,4,204,100
10,PGF44Q2C,3,4,GYM1,95
9,HGF88HQD,3,4,213,92
11,AWF84,2,4,222,84
11,EEFGGUQV,2,4,335,86
11,PPF44Q2G,6,4,GYM2,95
11,PPF44Q3G,5,4,GYM2,88
9,FSFC4H,2,4,115,100
10,SCF84QTF,1,4,139,73
11,BCF44T,33,4,204,90
11,PPF44Q2G,6,4,GYM2,90
9,UAF44Q2,3,4,235,66
12,EEFGGUTF,1,4,330,65
11,SHF86H,1,4,248,100
9,HGF87QQD,8,4,341,83
10,MEF88QW,1,4,207,84
10,MKFC4TC,2,4,108,93
12,UAF44H2,3,4,235,96
12,UAF44H3,3,4,235,96
12,EEFGGUQV,2,4,335,65
9,HGF87QGD,20,4,313,85
9,MRF44QG,4,4,219,65
11,FSFCCH,4,4,125,90
10,MRF44QG,4,4,219,65
9,HGFCCQQ2,1,4,326,85
9,PPF44Q3G,5,4,GYM2,85
10,HQFC4TH,1,4,316,80
11,EEFGGUQV,2,4,335,96
12,HTF44UQX,1,4,334A,99
11,EEFGGHQF,1,4,249,92
10,EEFGGQGC,1,4,146,70
9,EEF88QT,5,4,346,65
12,FLFCCU,2,4,121,95
9,HGFCCQQ3,1,4,326,65
9,PPF44Q2B,6,4,GYM3,65
9,MRF44,8,4,107,65
11,EEFGGUQV,2,4,335,80
11,SBF88UBD,1,4,338,76
9,PPF44Q2G,6,4,GYM2,87
9,PPF44Q3G,6,4,GYM2,85
11,SHF86H,1,4,248,100
12,SHF86H,1,4,248,100
9,EEFG4QT,3,4,336,79
12,BCF44T,23,4,204,65
12,PPF44Q3B,6,4,GYM3,70
12,EEFGGUTJ,1,4,B6,87
12,EEFGCUQX,2,4,348,99
10,MRF44QWF,1,4,208,77
10,HQFC4TH,1,4,316,87
12,PPF44Q2B,6,4,GYM3,65
9,FKFC4,3,4,114,65
11,EEF88QG,5,4,346,78
10,HUF44UQX,3,4,333,93
9,HGF87QWD,1,4,307,75
9,FKFC4H,3,4,114,97
10,AUFC4TA,1,4,232,98
9,HGFCCQQ2,1,4,326,75
9,UAF44Q3,3,4,235,71
12,HGFCCHQ3,1,4,326,95
12,PPF44Q2G,5,4,GYM2,85
11,EEFGGQQF,1,4,249,70
12,FMFGGH,2,4,111,92
11,EEFGGUGF,1,4,330,88
9,MEF44QT,3,4,105,88
9,HGF87HQD,8,4,341,90
12,MRF44QWF,1,4,208,79
9,SHFC6TM,2,4,149,100
12,EEF88QW,1,4,246,85
9,FSFC4,8,4,122,78
10,HUF43QTD,1,4,323,83
11,EEFGGUGF,1,4,330,94
12,EEFGCHH,1,4,331,90
9,HGFCCQQ3,1,4,326,70
9,PPF44Q2B,6,4,GYM3,70
9,FSFC4H,8,4,122,94
11,EEFGCUQX,2,4,348,84
11,MRF44,8,4,107,82
11,EEFGGQQF,1,4,249,85
9,MEF44H,3,4,214,90
9,HGF87QGD,2,4,324,82
12,SHF88U,2,4,327,85
9,HUF44,1,4,321,87
10,EEFGGUGJ,1,4,B6,67
9,EEFG8HF,1,4,334B,93
10,HUF44H,1,4,321,90
11,SPF44H,3,4,229,92
9,PPF44Q2G,5,4,GYM2,100
9,UAF44H3,3,4,235,99
11,AUFC4TA,1,4,232,95
9,MRF44H,8,4,107,93
9,MEF44,3,4,214,75
9,MEF44HG,3,4,105,97
11,PPF44Q3B,6,4,GYM3,70
11,SCF88QQ2,1,4,138,65
10,MRF44QG,4,4,219,70
12,EEFGGUGJ,1,4,B6,92
9,EEFGGQFT,2,4,103,80
11,EEFGGUTJ,1,4,B6,65
12,PPF44Q3G,5,4,GYM2,92
12,HFF44,1,4,325,88
10,MKFC4TC,2,4,108,93
9,FSFC4,2,4,115,69
10,HQFC4TH,1,4,316,95
9,FSFC4H,8,4,122,96
11,AUFC4TA,1,4,232,100
9,HFF44,1,4,325,75
12,HTF44UQX,1,4,334A,98
11,SPF44,3,4,229,82
9,EEFG8QF,1,4,334B,65
11,HGFCCQQ2,1,4,326,65
11,PGF44Q3C,3,4,GYM1,75
12,BCF44T,23,4,204,65
12,HGFCCHQ3,1,4,326,90
9,FSFC4,2,4,115,70
10,MRF44,9,4,211,78
12,FMF44UQX,3,4,215,71
11,PPF44Q2G,5,4,GYM2,84
11,SCF88HQ3,1,4,138,91
9,HGF87QTD,2,4,324,86
10,HFF44UQX,1,4,315,91
12,BCF44T,23,4,204,100
12,PPF44Q3B,6,4,GYM3,90
11,EEFGCUQX,2,4,348,98
10,AUFC4TA,1,4,232,80
9,FSFC4H,8,4,122,97
9,PHF44H3,3,4,B17,97
9,PPF44Q2G,5,4,GYM2,88
9,EEFG4,2,4,250,69
ST,PGF44Q2C,3,4,GYM1,85
ST,PGF44Q3C,3,4,GYM1,85
12,PQF44Q2Y,4,4,251,100
12,PQF44Q3Y,4,4,251,100
9,HGF87QGD,2,4,324,72
12,EEFGGUGJ,1,4,B6,65
10,AQF44UVT,1,4,206,82
11,EEFGGQQF,1,4,249,70
11,EEFGGUGF,1,4,330,74
10,PPF44Q3G,6,4,GYM2,75
10,UAF44Q2,3,4,235,85
9,EEFG4,2,4,250,69
12,PGF44Q3C,3,4,GYM1,95
12,PQF44Q2Y,4,4,251,100
12,EEFGGUQV,2,4,335,80
9,PHF44H3,3,4,B17,93
9,PPF44Q2G,5,4,GYM2,67
9,PHF44H2,3,4,B17,96
9,PPF44Q3G,6,4,GYM2,90
11,SHF86H,1,4,248,100
10,EEF88QT,5,4,346,70
10,AQF44UVT,1,4,206,95
10,SCF84QGF,1,4,139,74
11,HUF44UQX,3,4,333,100
9,MRF44QWF,1,4,208,72
9,MEF44QT,3,4,105,83
10,HUF44UQX,3,4,333,80
9,MRF44,9,4,211,70
11,MQF44QGF,1,4,106,65
10,MRF44,8,4,107,68
12,FLFGG,2,4,121,75
10,SHFC6TM,2,4,149,100
12,SBF88UBD,1,4,338,78
10,SHFC6TM,2,4,149,100
12,PQF44Q2Y,4,4,251,100
12,PQF44Q3Y,4,4,251,100
9,PHF44Q3,3,4,B17,78
9,PPF44Q2B,6,4,GYM3,70
12,FMF44UQX,3,4,215,95
10,HGFCCQQ3,1,4,326,75
10,PGF44Q2C,3,4,GYM1,80
11,SPF44,3,4,229,86
12,ULFCCTP,1,4,B39,95
9,HGF87QWD,1,4,307,88
11,MRF44,7,4,223,65
10,SCF84QGF,1,4,139,65
9,MRF44QG,5,4,104,68
9,MRF44,7,4,223,78
9,PGF44Q3C,3,4,GYM1,95
9,PPF44Q2B,6,4,GYM3,95
11,SDF44HQE,1,4,247,93
9,PPF44Q2G,5,4,GYM2,91
9,PPF44Q3G,6,4,GYM2,100
9,HGF87QWD,1,4,307,85
9,EEF88,4,4,349,65
9,AWF84H,2,4,222,100
11,EEFGGQQF,1,4,249,85
12,EEFGGUQV,2,4,335,96
11,SHFC6TM,2,4,149,98
9,FSFC4H,8,4,122,93
9,PPF44Q2G,6,4,GYM2,92
9,PPF44Q3G,6,4,GYM2,87
12,SHFC6TM,2,4,149,98
12,BCF44T,33,4,204,85
12,MKF44Q2Y,4,4,319,100
12,FMF44UQX,3,4,215,83
11,EEFGCUQX,2,4,348,85
11,PPF44Q2G,6,4,GYM2,98
11,PPF44Q3G,6,4,GYM2,90
9,MRF44QG,4,4,219,85
10,HQFC4TH,1,4,316,94
10,BCF44T,33,4,204,100
10,PPF44Q2G,5,4,GYM2,67
11,MRF44H,8,4,107,96
9,MRF44H,7,4,223,91
9,HFF44,1,4,325,83
11,MQF44QGF,1,4,106,76
9,HGF87QTD,2,4,324,75
12,MCF88UBD,1,4,203,82
9,HUF43QGD,1,4,323,78
11,SCF84QGF,1,4,139,73
11,FJFCCU,2,4,124,69
9,AWF84,2,4,222,76
10,FSFC8,5,4,113,68
11,MRF44HG,5,4,104,90
10,SCF84QGF,1,4,139,73
10,HFF44UQX,1,4,315,91
10,BCF44T,33,4,204,100
10,PPF44Q2G,6,4,GYM2,93
12,BCF44T,33,4,204,90
10,FSFC8,5,4,113,80
9,AWF84H,2,4,222,100
11,EEFGCUQX,2,4,348,98
12,HTF44UQX,1,4,334A,65
11,FJFCCU,2,4,124,99
11,EEFGGQF,2,4,103,85
12,EEFGCUQX,2,4,348,95
9,MRF44HG,4,4,219,93
9,EEFGCQF,1,4,347,85
11,EEFGCUQX,2,4,348,96
11,MQF44QGF,1,4,106,71
10,MRF44,7,4,223,65
9,HGF87QGD,20,4,313,87
9,PPF44Q2G,6,4,GYM2,92
9,UAF44H3,3,4,235,90
12,BCF44T,23,4,204,100
12,PPF44Q3G,5,4,GYM2,90
10,FSFC8,5,4,113,75
9,FSFC8,5,4,113,65
10,PPF44Q2G,6,4,GYM2,90
10,PPF44Q3G,6,4,GYM2,85
10,EEF88QT,5,4,346,70
10,HGFCCQQ2,1,4,326,72
10,PPF44Q3G,6,4,GYM2,95
9,UAF44H3,3,4,235,99
12,MQF44QGF,1,4,106,72
9,FKFC4,3,4,114,81
11,EEFGGHTC,1,4,146,96
9,FSFC4,2,4,115,68
10,SCF84QGF,1,4,139,71
10,EEFGCHF,1,4,347,92
11,EEFCBQGD,1,4,350,65
10,MRF44QT,5,4,104,73
10,MRF44QT,4,4,219,65
12,HRF44XA,1,4,225,90
12,AWF84,2,4,222,86
9,MEF44,3,4,214,70
10,HFF44UQX,1,4,315,87
9,MRF44HG,5,4,104,97
12,AUFC4TA,1,4,232,100
9,MEF88QW,1,4,207,82
12,SHF86,1,4,248,85
10,HUF43QTD,1,4,323,65
9,PHF44H3,3,4,B17,95
9,PPF44Q2B,6,4,GYM3,90
10,PPF44Q2G,5,4,GYM2,88
10,HUF43HGD,1,4,323,98
10,HUF43QGD,1,4,323,68
10,PPF44Q2B,6,4,GYM3,90
10,UAF44H3,3,4,235,100
12,BCF44T,33,4,204,100
9,EEFG4QT,3,4,336,69
11,FJFCCU,2,4,124,95
9,MRF44,8,4,107,82
10,HQFC4TH,1,4,316,97
12,AWF84,2,4,222,88
10,SHFC6TM,2,4,149,98
9,EEFCBQGD,1,4,350,80
12,SHF88U,2,4,327,100
12,MCF88UBD,1,4,203,98
10,HUF44H,1,4,321,90
10,UAF44H2,3,4,235,99
ST,AWF84H,2,4,222,100
10,MRF44H,8,4,107,92
10,AQF44UVT,1,4,206,86
11,MRF44H,7,4,223,95
10,MRF44QWF,1,4,208,87
11,HRF44XA,1,4,225,94
10,HUF44UQX,3,4,333,100
11,PGF44Q2C,3,4,GYM1,95
11,PGF44Q3C,3,4,GYM1,95
11,FLFCCU,2,4,121,96
9,HGF87HGD,20,4,313,98
10,HFF44UQX,1,4,315,88
12,SPF44H,3,4,229,96
9,HGF87HGD,2,4,324,93
9,HGF88HQD,3,4,213,90
12,FMF44UQX,3,4,215,93
12,EEFGGQQF,1,4,249,85
10,EEF88QG,5,4,346,87
12,SBF88UBD,1,4,338,77
12,ULFCCTP,1,4,B39,90
12,HTF44UQX,1,4,334A,97
10,MRF44QT,4,4,219,68
12,BCF44T,23,4,204,80
12,PPF44Q3B,6,4,GYM3,65
9,HFF44,1,4,325,76
12,FMF44UQX,3,4,215,95
10,MRF44H,8,4,107,93
11,SPF44H,3,4,229,95
12,SPF44,3,4,229,86
9,HGF87QWD,1,4,307,65
11,EEFGGUGF,1,4,330,83
11,PGF44Q3C,3,4,GYM1,90
11,SCF88QQ2,1,4,138,71
9,MEF44,3,4,214,65
9,HGF87HWD,1,4,307,90
12,SHF88U,2,4,327,80
12,BCF44T,33,4,204,90
12,PGF44Q2C,3,4,GYM1,95
9,EEFG4QG,3,4,336,75
12,HTF44UQX,1,4,334A,97
9,PPF44Q2G,6,4,GYM2,100
9,UAF44H3,3,4,235,100
11,FLFCCU,2,4,121,96
11,PGF44Q2C,3,4,GYM1,65
11,PPF44Q3B,6,4,GYM3,65
12,SHF88U,2,4,327,100
9,EEFCBQTD,1,4,350,65
12,EEFGGQGC,1,4,146,65
9,SHFC6TM,2,4,149,98
11,PPF44Q2B,6,4,GYM3,90
11,SCF88QQ3,1,4,138,77
9,PPF44Q2G,6,4,GYM2,98
9,PPF44Q3G,6,4,GYM2,95
11,EEFGCUQX,2,4,348,94
12,AUFC4TA,1,4,232,90
11,MQF44QGF,1,4,106,76
11,FLFCCU,2,4,121,70
10,MRF44,10,4,221,79
9,FKFC4,3,4,114,71
12,MRF44QGF,1,4,205,75
10,MKFC4TC,2,4,108,80
9,PHF44Q3,3,4,B17,65
9,PPF44Q2G,5,4,GYM2,72
9,HGF87QQD,8,4,341,77
9,FSFC4,8,4,122,65
12,SPF44,3,4,229,84
12,FMF44UQX,3,4,215,91
10,MRF44,7,4,223,76
12,SDF44HQE,1,4,247,98
9,MEF44QG,3,4,105,86
9,HGF87HWD,1,4,307,90
10,MRF44QWF,1,4,208,73
9,EEFG4,2,4,250,74
11,SPF44,3,4,229,82
12,BCF44T,33,4,204,95
12,PPF44Q2B,6,4,GYM3,90
10,HGF87QTD,20,4,313,80
10,MRF44,8,4,107,87
10,HUF44,1,4,321,88
9,MRF44QG,5,4,104,88
11,PGF44Q3C,3,4,GYM1,90
11,SCF88QQ2,1,4,138,83
10,EEF88H,4,4,349,94
12,SBF88UBD,1,4,338,81
11,PPF44Q2G,6,4,GYM2,90
11,UAF88H3,3,4,235,98
9,HGF88HQD,3,4,213,91
9,FSFCCH,4,4,125,92
11,MRF44QT,4,4,219,75
12,MCF88UBD,1,4,203,91
9,EEFG4,2,4,250,79
10,EEF88H,4,4,349,94
9,HFF44,1,4,325,73
11,MQF44HTF,1,4,106,98
12,BCF44T,33,4,204,95
12,PPF44Q2B,6,4,GYM3,85
9,MRF44QTF,1,4,205,75
10,HGFCCQQ2,1,4,326,83
10,UAF44Q3,3,4,235,68
11,EEFGGQQF,1,4,249,75
9,EEFGGHF,2,4,103,90
11,SPF44,3,4,229,80
9,FKFC4H,3,4,114,100
9,MRF44,10,4,221,86
9,HFF44,1,4,325,65
12,MCF88UBD,1,4,203,95
9,EEFG8QF,1,4,334B,65
10,HQFC4TH,1,4,316,90
9,ESFG4QFB,1,4,334B,65
9,EEFG4HG,3,4,336,90
11,SCF88QQ3,1,4,138,85
11,UAF88H2,3,4,235,91
12,PQF44Q2Y,4,4,251,100
12,PQF44Q3Y,4,4,251,100
11,SBF88UBD,1,4,338,88
9,HGF88QQD,3,4,213,65
11,MRF44QWF,1,4,208,80
12,HTF44UQX,1,4,334A,98
12,FLFGG,2,4,121,72
11,MRF44,9,4,211,65
11,EQF44QQY,4,4,328,100
10,HUF43QTD,1,4,323,82
12,AUFC4TA,1,4,232,90
12,PGF44Q2C,3,4,GYM1,95
12,HRF44XA,1,4,225,85
9,FSFC4,8,4,122,89
10,EEFGGHF,2,4,103,98
9,PPF44Q2B,6,4,GYM3,80
9,PPF44Q3B,6,4,GYM3,70
9,HGF87QQD,8,4,341,74
11,EEFGCHH,1,4,331,90
10,MRF44,7,4,223,77
10,HGFCCQQ3,1,4,326,85
10,PPF44Q2G,5,4,GYM2,89
12,PPF44Q2B,6,4,GYM3,90
12,PPF44Q3B,6,4,GYM3,85
12,PGF44Q3C,3,4,GYM1,90
12,SCF88QQ2,1,4,138,77
11,MRF44,7,4,223,65
12,MCF88UBD,1,4,203,81
9,MEF44QG,3,4,105,89
11,SPF44,3,4,229,65
9,HUF43QGD,1,4,323,88
9,HGF87HGD,2,4,324,93
10,HUF44UQX,3,4,333,90
12,MCF88UBD,1,4,203,89
12,EEFGGHGC,1,4,146,95
9,HGF88QQD,3,4,213,72
9,AQF44UVT,1,4,206,88
10,MRF44QGF,1,4,205,67
10,MRF44,7,4,223,65
9,PPF44Q2G,6,4,GYM2,95
9,PPF44Q3G,6,4,GYM2,92
12,MKF44QQY,4,4,319,100
12,PGF44Q3C,3,4,GYM1,95
12,PPF44Q2G,5,4,GYM2,91
11,SCF88QQ2,1,4,138,78
11,UAF88Q3,3,4,235,86
10,HUF44UQX,3,4,333,100
12,EEFGCUQX,2,4,348,93
12,BCF44T,23,4,204,100
12,PGF44Q3C,3,4,GYM1,95
9,PHF44H2,3,4,B17,96
9,PPF44Q3G,5,4,GYM2,94
12,HTF44UQX,1,4,334A,99
12,PPF44Q2G,5,4,GYM2,81
12,SCF88QQ3,1,4,138,70
10,MRF44QT,5,4,104,66
10,AUFC4TA,1,4,232,100
12,EEFGCHH,1,4,331,91
10,HQFC4TH,1,4,316,92
11,UAF88Q2,3,4,235,80
11,UAF88Q3,3,4,235,80
11,SHF86H,1,4,248,100
11,PGF44Q3C,3,4,GYM1,95
11,UAF44Q2,3,4,235,84
11,MRF44,9,4,211,70
10,EEF88,4,4,349,81
11,HGFCCQQ2,1,4,326,78
11,PPF44Q3B,6,4,GYM3,85
11,MRF44QT,5,4,104,66
10,FSFC8,5,4,113,65
9,HGF88QQD,3,4,213,77
10,MRF44HG,5,4,104,99
11,SHF86H,1,4,248,100
12,HRF44XA,1,4,225,92
12,BCF44T,23,4,204,95
12,PPF44Q3B,6,4,GYM3,75
10,AUFC4TA,1,4,232,100
ST,AWF84H,2,4,222,100
9,HGF87QGD,2,4,324,65
11,AUFC4TA,1,4,232,90
10,FSFCCH,4,4,125,90
9,PHF44Q3,3,4,B17,72
9,PPF44Q2B,6,4,GYM3,70
9,HGF87HQD,8,4,341,95
11,EEFGGQQF,1,4,249,77
9,PHF44H3,3,4,B17,97
9,PPF44Q2B,6,4,GYM3,100
10,MRF44HG,5,4,104,97
9,EEFG4QG,3,4,336,80
10,HFF44UQX,1,4,315,89
9,EEFG4QG,3,4,336,80
9,UAF44H3,3,4,235,100
9,MRF44H,8,4,107,95
9,FKFC4H,3,4,114,100
10,FSFCC,4,4,125,78
11,EEFGGUGF,1,4,330,87
11,FLFCCU,2,4,121,92
11,MRF44,10,4,221,71
12,HTF44UQX,1,4,334A,95
10,HFF44UQX,1,4,315,87
11,EEFGGQQF,1,4,249,75
12,HTF44UQX,1,4,334A,65
11,PPF44Q2B,6,4,GYM3,90
11,SCF88QQ3,1,4,138,71
9,EEFCBHGD,1,4,350,92
10,AQF44UVT,1,4,206,88
10,HUF44UQX,3,4,333,100
9,HGF87QWD,1,4,307,75
10,HUF44,1,4,321,89
11,FLFCCU,2,4,121,80
9,FKFC4,3,4,114,86
9,HGFCCQQ2,1,4,326,70
9,PPF44Q3B,6,4,GYM3,65
9,HGF87HGD,20,4,313,93
10,HUF44UQX,3,4,333,100
10,BCF44T,33,4,204,100
10,PPF44Q2B,6,4,GYM3,100
11,FLFCCU,2,4,121,100
12,HRF44XA,1,4,225,65
9,PHF44H2,3,4,B17,94
9,PPF44Q3B,6,4,GYM3,90
11,FLFCCU,2,4,121,93
11,EEFGGUGF,1,4,330,83
10,AQF44UVT,1,4,206,97
12,FKFC4H,3,4,114,100
11,FLFCCU,2,4,121,93
11,FJFCCU,2,4,124,79
9,MEF44QG,3,4,105,86
12,EEFGGUTJ,1,4,B6,87
12,MCF88UBD,1,4,203,95
12,PGF44Q2C,3,4,GYM1,95
9,UAF88Q2,3,4,235,65
11,FJFCCU,2,4,124,66
9,EEFG4,2,4,250,65
12,FQF44QQY,4,4,216,91
11,EEFGGQQF,1,4,249,65
12,SCF84QGF,1,4,139,73
10,HUF44UQX,3,4,333,97
9,EEFGCQF,1,4,347,65
9,HGF87QTD,2,4,324,67
9,HGF87QGD,20,4,313,88
9,MRF44H,9,4,211,92
11,EEFGGHF,2,4,103,98
9,MEF44H,3,4,214,91
9,MEF44H,3,4,214,99
12,ULFCCTP,1,4,B39,95
11,AUFC4TA,1,4,232,70
12,ULFCCTP,1,4,B39,81
9,MRF44,8,4,107,65
11,FSFCC,4,4,125,70
9,FSFC8H,5,4,113,97
9,PHF44H2,3,4,B17,96
9,PPF44Q3G,6,4,GYM2,97
11,HTF44UQX,1,4,334A,90
9,MRF44HG,5,4,104,92
12,MCF88UBD,1,4,203,89
9,FSFC4H,8,4,122,90
10,HUF44UQX,3,4,333,100
9,PPF44Q2G,6,4,GYM2,95
9,UAF44H3,3,4,235,99
11,FSFCC,4,4,125,65
12,FMF44UQX,3,4,215,92
12,HTF44UQX,1,4,334A,93
9,PHF44H3,3,4,B17,98
9,PPF44Q2G,5,4,GYM2,100
10,HUF44UQX,3,4,333,100
12,EEFGGUGJ,1,4,B6,84
12,SHF88U,2,4,327,65
9,FSFC4,2,4,115,79
11,HUF44,1,4,321,86
10,HFF44UQX,1,4,315,89
12,SBF88UBD,1,4,338,81
10,MRF44,7,4,223,65
11,EEFGGHTC,1,4,146,93
9,HGF87HGD,2,4,324,96
9,HGF87HQD,8,4,341,95
12,FMF44UQX,3,4,215,89
10,SHFC6TM,2,4,149,100
9,EEFG4,2,4,250,82
9,HGF87HQD,8,4,341,93
11,HUF44H,1,4,321,90
9,HGF87HQD,8,4,341,90
9,HGFCCQQ3,1,4,326,65
9,UAF44Q2,3,4,235,65
9,HGF87HGD,20,4,313,91
11,EEFGCUQX,2,4,348,89
9,AUFC4TA,1,4,232,90
9,FSFC8,5,4,113,70
11,FSFCC,4,4,125,85
12,FMFGGH,2,4,111,91
11,AUFC4TA,1,4,232,92
9,HGF87QTD,2,4,324,65
12,AUFC4TA,1,4,232,100
12,FMF44UQX,3,4,215,94
9,PGF44Q3C,3,4,GYM1,95
9,PHF44H2,3,4,B17,91
9,HQFC4TH,1,4,316,91
9,PGF44Q2C,3,4,GYM1,75
9,PHF44Q3,3,4,B17,82
10,MRF44QG,4,4,219,75
9,MRF44QG,4,4,219,70
11,MRF44QTF,1,4,205,65
11,HGFCCQQ2,1,4,326,65
12,HTF44UQX,1,4,334A,96
12,MCF88UBD,1,4,203,86
11,EEFGGUQV,2,4,335,82
11,EEFGCQH,1,4,331,80
12,EEFGCUQX,2,4,348,96
12,SDF44QQE,1,4,247,87
11,MRF44,9,4,211,65
10,HUF44UQX,3,4,333,100
10,PPF44Q2G,6,4,GYM2,100
10,UAF44H3,3,4,235,100
12,HTF44UQX,1,4,334A,80
9,AWF84H,2,4,222,100
11,PGF44Q2C,3,4,GYM1,80
11,UAF88H3,3,4,235,96
9,ESFG4QFB,1,4,334B,75
9,EEFG8QF,1,4,334B,65
9,EEFGGHF,2,4,103,96
9,PPF44Q2G,5,4,GYM2,87
9,UAF44Q3,3,4,235,87
12,BCF44T,23,4,204,100
12,PPF44Q3B,6,4,GYM3,85
9,EEFG8QF,1,4,334B,80
9,PHF44Q3,3,4,B17,85
9,PPF44Q2G,5,4,GYM2,90
11,SPF44,3,4,229,88
9,EEFG8QF,1,4,334B,85
10,PPF44Q2G,6,4,GYM2,98
10,PPF44Q3G,6,4,GYM2,100
10,MRF44,8,4,107,89
9,EEFGCQF,1,4,347,65
12,ULFCCTP,1,4,B39,94
10,HUF44H,1,4,321,90
10,HUF44H,1,4,321,90
11,EEFGGHQF,1,4,249,91
9,PPF44Q2B,6,4,GYM3,100
9,PPF44Q3B,6,4,GYM3,90
10,MRF44,10,4,221,82
9,HGF87QQD,8,4,341,85
12,SBF88UBD,1,4,338,84
10,HQFC4TH,1,4,316,92
10,HUF44H,1,4,321,93
9,PPF44Q3G,6,4,GYM2,100
9,UAF44H2,3,4,235,96
9,PHF44H2,3,4,B17,94
9,PPF44Q3G,5,4,GYM2,95
12,FQF44QQY,4,4,216,91
9,MEF44HG,3,4,105,95
11,AUFC4TA,1,4,232,85
11,PGF44Q2C,3,4,GYM1,85
11,PGF44Q3C,3,4,GYM1,90
11,PPF44Q2G,6,4,GYM2,98
11,SCF88QQ3,1,4,138,77
9,PHF44H2,3,4,B17,96
9,PPF44Q3G,5,4,GYM2,97
9,EEFG4H,2,4,250,98
12,SPF44,3,4,229,85
10,HFF44UQX,1,4,315,90
10,EEFGGHF,2,4,103,97
11,FMFCC,2,4,111,76
12,SHF88U,2,4,327,75
11,EEFGGHTC,1,4,146,91
10,HFF44UQX,1,4,315,86
10,MRF44H,9,4,211,100
10,EEFGCQF,1,4,347,74
10,MRF44HG,5,4,104,90
12,EEFGGQQF,1,4,249,70
9,MEF44H,3,4,214,93
12,SBF88UBD,1,4,338,73
12,FMFCC,2,4,111,87
9,PHF44H2,3,4,B17,94
9,PPF44Q3G,5,4,GYM2,97
11,FJFCCU,2,4,124,96
10,EEFGCQF,1,4,347,78
10,AQF44UVT,1,4,206,99
12,EEFGCUQX,2,4,348,100
10,AQF44UVT,1,4,206,96
11,MRF44,8,4,107,78
10,EEF88QG,5,4,346,83
9,EEF88QW,1,4,246,79
9,HGF87QTD,20,4,313,75
10,HFF44UQX,1,4,315,86
9,MRF44,7,4,223,80
11,MRF44H,9,4,211,90
11,HUF44H,1,4,321,90
12,FMF44UQX,3,4,215,91
9,MRF44,9,4,211,80
11,FJFCCU,2,4,124,90
11,FJFCCU,2,4,124,92
10,HQFC4TH,1,4,316,90
11,FMFCCH,2,4,111,98
10,AQF44UVT,1,4,206,82
9,ESFG4QFB,1,4,334B,65
10,EEFGCQF,1,4,347,85
12,ULFCCTP,1,4,B39,87
10,MKFC4TC,2,4,108,70
12,PGF44Q2C,3,4,GYM1,95
9,FMFCCH,2,4,111,100
12,MCF88UBD,1,4,203,91
10,HUF43HTD,1,4,323,92
9,HGF87QTD,2,4,324,72
12,MCF88UBD,1,4,203,81
11,FMFCCH,2,4,111,96
10,HGFCCQQ3,1,4,326,65
10,PPF44Q2B,6,4,GYM3,65
12,FMF44UQX,3,4,215,93
12,FMF44UQX,3,4,215,90
12,MCF88UBD,1,4,203,89
12,MCF88UBD,1,4,203,93
11,FMF44UQX,3,4,215,97
12,MCF88UBD,1,4,203,100
11,FMFCC,2,4,111,78
9,HFF44H,1,4,325,90
10,AQF44UVT,1,4,206,99
10,PPF44Q2B,6,4,GYM3,80
10,UAF44H3,3,4,235,98
11,FMF44UQX,3,4,215,93
12,FQF44QQY,4,4,216,99
10,EEFG8QF,1,4,334B,65
9,PPF44Q3G,5,4,GYM2,90
9,UAF44H2,3,4,235,91
12,EEFGGUTF,1,4,330,65
11,EEFGCHH,1,4,331,93
10,SPF44H,3,4,229,90
11,MKFC4TC,2,4,108,65
10,MRF44,8,4,107,65
12,PGF44Q2C,3,4,GYM1,95
12,PPF44Q3B,6,4,GYM3,90
9,AWF84,2,4,222,80
10,MQF44QTF,1,4,106,65
11,EEFGGQQF,1,4,249,70
11,EEFGGUQV,2,4,335,82
12,FMFGG,2,4,111,78
9,FKFC4,3,4,114,65
12,MQF44QQY,4,4,204A,100
11,EEFGCQF,1,4,347,66
9,PPF44Q3G,6,4,GYM2,100
9,UAF44H2,3,4,235,95
10,EEF88H,4,4,349,90
11,EEFGGUGJ,1,4,B6,86
11,MRF44,10,4,221,68
10,HGFCCQQ2,1,4,326,65
10,UAF44Q3,3,4,235,77
12,MRF44QT,5,4,104,80
10,HRF44XA,1,4,225,75
11,EEFGGHGC,1,4,146,95
12,PPF44Q2B,6,4,GYM3,80
12,PPF44Q3B,6,4,GYM3,70
10,EEFGCQF,1,4,347,70
11,SCF84QGF,1,4,139,65
12,ULFCCTP,1,4,B39,95
11,SHF86H,1,4,248,100
9,PHF44Q2,3,4,B17,65
9,PPF44Q3B,6,4,GYM3,70
10,MRF44QT,5,4,104,67
10,SHFC6TM,2,4,149,100
10,SPF44H,3,4,229,95
12,EEF88QT,5,4,346,75
10,MKFC4TC,2,4,108,97
12,EEFGGUGJ,1,4,B6,85
9,MEF44QG,3,4,105,88
9,EEFG8QFT,1,4,334B,65
9,PHF44H2,3,4,B17,93
9,PPF44Q3G,6,4,GYM2,97
9,MEF44,3,4,214,65
12,PQF44Q3Y,4,4,251,100
12,UAF88H2,3,4,235,93
11,SPF44,3,4,229,85
12,FLFCCU,2,4,121,84
12,FMFCC,2,4,111,74
9,FKFC4H,3,4,114,97
9,FSFC4H,8,4,122,91
9,PPF44Q2G,6,4,GYM2,95
9,PPF44Q3G,5,4,GYM2,95
10,AQF44UVT,1,4,206,84
10,HUF43QGD,1,4,323,80
11,EEFGGUQV,2,4,335,87
11,EEFGGQTC,1,4,146,80
9,HGF87HWD,1,4,307,90
10,AQF44UVT,1,4,206,90
9,MEF44H,3,4,214,95
12,BCF44T,23,4,204,70
12,PPF44Q3B,6,4,GYM3,80
9,HGF87QTD,2,4,324,65
12,MRF44HGF,1,4,205,90
9,MEF44HG,3,4,105,100
12,EEFGCUQX,2,4,348,96
12,AQF44QQY,4,4,216,98
10,MRF44,9,4,211,87
9,AWF84,2,4,222,85
10,EEF88QG,5,4,346,65
12,EEFGGHGC,1,4,146,95
11,MQF44HGF,1,4,106,90
11,SDF44HQE,1,4,247,99
9,PPF44Q2G,5,4,GYM2,68
9,UAF44Q3,3,4,235,66
11,MRF44,9,4,211,65
11,PPF44Q3B,6,4,GYM3,80
11,SCF88HQ2,1,4,138,97
10,MRF44,10,4,221,65
10,HFF44UQX,1,4,315,89
12,HTF44UQX,1,4,334A,95
12,MRF44QWF,1,4,208,65
9,HGF87HGD,20,4,313,97
10,SHFC6TM,2,4,149,98
9,HGF87QGD,20,4,313,80
9,HUF43QTD,1,4,323,67
9,MRF44QGF,1,4,205,78
11,EEFGCUQX,2,4,348,89
9,MQF44QTF,1,4,106,84
9,AWF84H,2,4,222,100
11,EEFGGUGJ,1,4,B6,85
10,BCF44T,33,4,204,100
10,PPF44Q2G,5,4,GYM2,94
9,EEFGCHF,1,4,347,92
9,MEF44HG,3,4,105,91
11,EEFGGUGF,1,4,330,91
11,MQF44QGF,1,4,106,81
10,HUF44UQX,3,4,333,100
9,PHF44Q2,3,4,B17,89
11,EEFGGQQF,1,4,249,65
9,HGF88QQD,3,4,213,77
9,FSFC4,2,4,115,75
11,SBF88UBD,1,4,338,92
9,FSFC4H,8,4,122,94
9,EEFG4,2,4,250,76
11,MKFC4TC,2,4,108,65
9,EEFG4,2,4,250,68
12,BCF44T,33,4,204,100
12,PGF44Q2C,3,4,GYM1,95
11,EEFGCQH,1,4,331,78
11,MRF44QTF,1,4,205,65
9,MEF44,3,4,214,65
12,SHF86H,1,4,248,100
10,MRF44,8,4,107,77
9,MRF44H,9,4,211,90
10,MEF88HW,1,4,207,91
12,SHF88U,2,4,327,100
10,HQFC4TH,1,4,316,74
12,BCF44T,33,4,204,100
12,PPF44Q2G,5,4,GYM2,95
12,EQF44QQY,4,4,328,88
10,HFF44UQX,1,4,315,85
11,EEFGGUGJ,1,4,B6,85
11,MRF44QGF,1,4,205,82
9,PHF44H3,3,4,B17,93
9,PPF44Q2G,6,4,GYM2,95
11,SDF44HQE,1,4,247,99
12,ULFCCTP,1,4,B39,74
9,HGF87QTD,2,4,324,76
9,HGF87QGD,2,4,324,65
12,SPF44H,3,4,229,94
11,MRF44H,8,4,107,92
9,EEFG4,2,4,250,65
10,HFF44UQX,1,4,315,88
9,EEFCBQGD,1,4,350,65
11,EEFGGQQF,1,4,249,65
10,AUFC4TA,1,4,232,78
12,EEFGGUGJ,1,4,B6,72
9,FSFC8,5,4,113,72
9,HGF88QQD,3,4,213,67
12,FQF44QQY,4,4,216,100
11,EEFCBQTD,1,4,350,65
9,HGF88QQD,3,4,213,67
10,HUF44,1,4,321,88
9,FSFC4H,8,4,122,97
11,SPF44H,3,4,229,91
9,FKFC4,3,4,114,88
9,HGF87QGD,2,4,324,65
12,MCF88UBD,1,4,203,81
9,HGFCCQQ2,1,4,326,65
9,PPF44Q3B,6,4,GYM3,80
11,EEFGGUQV,2,4,335,82
11,PPF44Q3G,6,4,GYM2,98
11,SCF88QQ2,1,4,138,83
10,SDF44HQE,1,4,247,94
12,PQF44Q2Y,4,4,251,100
12,PQF44Q3Y,4,4,251,100
9,MEF44QT,3,4,105,87
12,EEFGCUQX,2,4,348,87
11,PPF44Q3G,5,4,GYM2,98
11,SCF88QQ2,1,4,138,89
10,HUF43QTD,1,4,323,70
9,FKFC4,3,4,114,65
9,FSFC8H,5,4,113,93
10,MRF44QGF,1,4,205,65
9,HGFCCQQ3,1,4,326,65
9,PPF44Q2B,6,4,GYM3,65
12,FMFGG,2,4,111,79
9,MRF44QG,5,4,104,80
11,FSFCC,4,4,125,75
9,SHFC6TM,2,4,149,100
12,FLFCCU,2,4,121,75
11,SCF88QQ2,1,4,138,78
10,SCF84QGF,1,4,139,69
11,MRF44,8,4,107,65
12,EEFGGHGC,1,4,146,98
11,EEFGCHH,1,4,331,90
12,MCF88UBD,1,4,203,97
9,MRF44,10,4,221,88
11,SHF86H,1,4,248,100
11,FJFCCU,2,4,124,97
12,ULFCCTP,1,4,B39,94
11,EEFGCUQX,2,4,348,94
11,EEFGGHTC,1,4,146,96
12,BCF44T,23,4,204,100
12,PGF44Q3C,3,4,GYM1,95
9,HGF88QQD,3,4,213,81
9,PPF44Q2G,5,4,GYM2,76
9,PPF44Q3G,5,4,GYM2,82
9,PPF44Q2G,6,4,GYM2,85
9,UAF44Q3,3,4,235,80
10,MRF44QG,4,4,219,73
11,PPF44Q2G,6,4,GYM2,75
11,PPF44Q3G,6,4,GYM2,80
10,MRF44,10,4,221,67
10,HRF44XA,1,4,225,70
9,HGF88QQD,3,4,213,78
9,HGF87QGD,20,4,313,88
11,SHFC6TM,2,4,149,100
12,MQF44QGF,1,4,106,72
9,EEFG4H,2,4,250,98
11,EEFGGUGJ,1,4,B6,94
10,MKFC4TC,2,4,108,89
12,FMF44UQX,3,4,215,91
12,EEFGGHGC,1,4,146,97
9,HGF88QQD,3,4,213,81
9,PPF44Q3G,6,4,GYM2,98
9,UAF44H2,3,4,235,97
9,MRF44QT,5,4,104,75
9,PPF44Q3G,5,4,GYM2,93
9,UAF44H2,3,4,235,100
12,EEFGGUGJ,1,4,B6,99
12,MRF44QGF,1,4,205,88
11,FSFCC,4,4,125,75
9,AWF84H,2,4,222,100
9,HGF87HTD,20,4,313,95
9,EEFG4H,2,4,250,94
9,PPF44Q2G,6,4,GYM2,98
9,PPF44Q3G,6,4,GYM2,90
10,MKFC4TC,2,4,108,87
12,FJFGG,2,4,124,80
10,HFF44H,1,4,325,93
9,FSFC4,2,4,115,85
10,MRF44,9,4,211,65
9,MEF88QW,1,4,207,81
10,HQFC4TH,1,4,316,91
10,MRF44,9,4,211,65
10,HUF44UQX,3,4,333,100
11,MRF44,8,4,107,80
9,EEFG4HG,3,4,336,90
9,HGF87QGD,20,4,313,83
9,EEFGGHF,2,4,103,90
11,FSFCC,4,4,125,70
10,PPF44Q3G,5,4,GYM2,95
10,UAF44H2,3,4,235,91
11,FJFCCU,2,4,124,71
10,EEFGGHF,2,4,103,90
12,PPF44Q2B,6,4,GYM3,95
11,HRF44XA,1,4,225,93
9,HGF87QTD,2,4,324,73
11,EEFGGHQF,1,4,249,90
9,HGF87QTD,20,4,313,75
11,PPF44Q2G,6,4,GYM2,72
11,PPF44Q3G,6,4,GYM2,77
9,ESFG4QFB,1,4,334B,78
9,MQF44QGF,1,4,106,65
10,AUFC4TA,1,4,232,65
11,HUF43QGD,1,4,323,65
12,EEFGCQH,1,4,331,85
12,BCF44T,23,4,204,100
12,PPF44Q3B,6,4,GYM3,70
10,BCF44T,23,4,204,100
10,PPF44Q3B,6,4,GYM3,85
12,BCF44T,33,4,204,90
12,PPF44Q2B,6,4,GYM3,75
11,EEFGGQQF,1,4,249,65
11,ULFCCTP,1,4,B39,94
9,FKFC4H,3,4,114,95
9,FKFC4,3,4,114,87
11,SHFC6TM,2,4,149,98
10,HUF43QGD,1,4,323,80
12,HRF44XA,1,4,225,93
10,HQFC4TH,1,4,316,92
12,PGF44Q2C,3,4,GYM1,95
9,MEF44QG,3,4,105,88
9,MEF44QG,3,4,105,76
11,SHF86H,1,4,248,100
9,HGFCCQQ3,1,4,326,65
9,MRF44,9,4,211,70
9,EEFCBQGD,1,4,350,87
11,PGF44Q3C,3,4,GYM1,90
11,SCF88QQ2,1,4,138,67
9,EEFGGHF,2,4,103,90
12,PGF44Q2C,3,4,GYM1,75
12,PGF44Q3C,3,4,GYM1,90
10,AQF44UVT,1,4,206,90
12,MCF88UBD,1,4,203,93
12,SHF86H,1,4,248,100
10,EEFCBQGD,1,4,350,65
10,EEF88,4,4,349,65
12,HTF44UQX,1,4,334A,97
12,BCF44T,33,4,204,95
12,PPF44Q2B,6,4,GYM3,80
11,EEFGCQF,1,4,347,65
9,HGF87QGD,2,4,324,70
12,MCF88UBD,1,4,203,88
10,HUF43QGD,1,4,323,83
11,PGF44Q2C,3,4,GYM1,95
11,PGF44Q3C,3,4,GYM1,95
12,BCF44T,33,4,204,95
12,PPF44Q2B,6,4,GYM3,80
9,PHF44H3,3,4,B17,95
9,PPF44Q2G,6,4,GYM2,100
9,HGFCCQQ3,1,4,326,85
9,UAF88Q2,3,4,235,83
12,MQF44HGF,1,4,106,95
9,PGF44Q2C,3,4,GYM1,75
9,PHF44Q3,3,4,B17,84
11,EEFCBQTD,1,4,350,65
9,PHF44H2,3,4,B17,92
9,PPF44Q3G,6,4,GYM2,98
10,MRF44QT,5,4,104,75
9,EEFG8QF,1,4,334B,86
10,SHFC6TM,2,4,149,98
9,MRF44HG,4,4,219,95
9,AWF84H,2,4,222,100
11,EEFGCQH,1,4,331,80
10,PPF44Q3G,6,4,GYM2,77
10,UAF44Q2,3,4,235,84
11,MRF44QWF,1,4,208,71
10,HUF43QGD,1,4,323,83
9,PPF44Q2B,6,4,GYM3,100
9,PPF44Q3B,6,4,GYM3,95
12,PGF44Q2C,3,4,GYM1,95
12,PGF44Q3C,3,4,GYM1,95
9,FKFC4H,3,4,114,100
10,BCF44T,33,4,204,95
10,PPF44Q2B,6,4,GYM3,95
9,FKFC4H,3,4,114,100
10,MRF44H,8,4,107,90
9,EEFGGHF,2,4,103,93
9,PHF44Q3,3,4,B17,89
9,PPF44Q2B,6,4,GYM3,90
10,BCF44T,23,4,204,100
10,PPF44Q3B,6,4,GYM3,90
10,MKFC4TC,2,4,108,88
10,HQFC4TH,1,4,316,93
10,FSFCC,4,4,125,83
12,HQF44QQY,4,4,317,96
10,HUF43HGD,1,4,323,90
9,SCF84QTF,1,4,139,65
11,EEFCBQTD,1,4,350,75
11,MRF44QWF,1,4,208,69
11,HUF44,1,4,321,70
9,SDF44HQE,1,4,247,99
11,PPF44Q2G,6,4,GYM2,85
11,PPF44Q3G,5,4,GYM2,89
9,FSFC8,5,4,113,70
12,HRF44XA,1,4,225,96
9,EEFGGHF,2,4,103,96
9,MEF44,3,4,214,66
12,HRF44XA,1,4,225,75
10,MQF44QTF,1,4,106,65
10,MRF44,8,4,107,75
12,BCF44T,23,4,204,100
12,PGF44Q3C,3,4,GYM1,90
11,PPF44Q2B,6,4,GYM3,80
11,SCF88QQ3,1,4,138,86
9,FSFC4,2,4,115,83
12,SBF88UBD,1,4,338,81
9,PHF44H2,3,4,B17,91
9,PPF44Q3G,5,4,GYM2,88
12,PPF44Q2G,6,4,GYM2,90
12,PPF44Q3G,6,4,GYM2,95
9,FSFC4,2,4,115,85
10,FKFC4,3,4,114,65
9,HGF87QQD,8,4,341,68
9,PPF44Q2G,6,4,GYM2,100
9,UAF44H3,3,4,235,100
11,MRF44QG,5,4,104,83
10,EEFGGHF,2,4,103,97
10,HFF44UQX,1,4,315,92
10,EEF88QG,5,4,346,78
10,EEF88QW,1,4,246,84
11,SPF44,3,4,229,82
10,EEFCBQTD,1,4,350,81
9,FSFC8H,5,4,113,92
10,HQFC4TH,1,4,316,94
10,HUF44UQX,3,4,333,100
10,AQF44UVT,1,4,206,94
9,ULFCCTP,1,4,B39,90
10,PGF44Q3C,3,4,GYM1,70
10,UAF44H2,3,4,235,93
10,HQFC4TH,1,4,316,78
12,EEFGGUQV,2,4,335,65
10,HFF44UQX,1,4,315,81
9,HGF88HQD,3,4,213,90
12,SHF86H,1,4,248,100
10,SCF88QQ3,1,4,138,69
10,UAF44Q2,3,4,235,85
10,HFF44,1,4,325,65
9,FSFC4H,8,4,122,90
9,FSFC4,2,4,115,84
9,HGFCCHQ2,1,4,326,95
9,PPF44Q3B,6,4,GYM3,90
9,HGFCCQQ3,1,4,326,65
9,UAF44Q2,3,4,235,78
9,PHF44Q2,3,4,B17,73
9,PPF44Q3B,6,4,GYM3,100
12,EEFGGHTC,1,4,146,90
11,SHF86H,1,4,248,100
11,EEFCBQGD,1,4,350,70
11,EEFGGUTF,1,4,330,80
9,EEFGCQFW,1,4,347,65
12,FMF44UQX,3,4,215,89
11,FLFCCU,2,4,121,93
10,MRF44HG,4,4,219,90
11,PGF44Q2C,3,4,GYM1,90
11,UAF88H3,3,4,235,100
9,EEFCBQGD,1,4,350,65
9,HGF87QGD,20,4,313,86
9,MRF44,7,4,223,65
12,PPF44Q2G,5,4,GYM2,65
12,PPF44Q3G,5,4,GYM2,75
9,EEFG4QT,3,4,336,65
11,UAF88Q2,3,4,235,75
9,HGF87QGD,20,4,313,70
12,PGF44Q2C,3,4,GYM1,95
12,SCF88QQ3,1,4,138,81
9,FSFC8,5,4,113,68
10,HGFCCQQ3,1,4,326,75
10,PPF44Q2B,6,4,GYM3,85
12,BCF44T,23,4,204,80
10,PPF44Q3G,5,4,GYM2,95
9,SHF88U,2,4,327,95
12,EEFGGUQV,2,4,335,92
11,MRF44,8,4,107,80
12,EEFGCUQX,2,4,348,86
12,SHF88U,2,4,327,85
ST,PGF44Q2C,3,4,GYM1,95
ST,PGF44Q3C,3,4,GYM1,95
9,HGF88HQD,3,4,213,91
12,EEFGGUQV,2,4,335,92
11,HRF44XA,1,4,225,87
9,FSFC4H,2,4,115,94
12,SHF88U,2,4,327,100
10,MRF44H,9,4,211,90
12,SBF88UBD,1,4,338,77
10,PPF44Q2G,6,4,GYM2,100
10,UAF44H3,3,4,235,97
9,MRF44,9,4,211,85
9,MEF44HG,3,4,105,95
10,MKFC4TC,2,4,108,67
10,EEF88QG,5,4,346,65
12,MRF44,7,4,223,80
11,MEF88QW,1,4,207,85
12,FMF44UQX,3,4,215,91
11,SHF86H,1,4,248,100
10,HUF44UQX,3,4,333,93
11,EEFGGQGC,1,4,146,86
10,EEF88QW,1,4,246,74
9,PHF44H2,3,4,B17,94
9,PPF44Q3G,6,4,GYM2,92
11,EEFGGUQV,2,4,335,80
11,FMFCC,2,4,111,85
12,MRF44QT,4,4,219,65
9,HGFCCQQ2,1,4,326,76
9,UAF88H3,3,4,235,92
11,FLFCCU,2,4,121,96
10,SPF44,3,4,229,77
9,HGF87QQD,8,4,341,80
11,EEFGCQH,1,4,331,80
9,HGF88QQD,3,4,213,77
9,PPF44Q2B,6,4,GYM3,70
11,PGF44Q2C,3,4,GYM1,80
11,PGF44Q3C,3,4,GYM1,80
9,HGF88QQD,3,4,213,69
11,PGF44Q3C,3,4,GYM1,95
11,EEFGCUQX,2,4,348,65
11,SBF88UBD,1,4,338,91
9,MEF44QT,3,4,105,82
12,MQF44QQY,4,4,204A,100
12,BCF44T,23,4,204,95
12,PPF44Q3B,6,4,GYM3,90
9,MEF88QW,1,4,207,69
11,SPF44,3,4,229,84
9,EEF88QW,1,4,246,80
9,HGF87QGD,20,4,313,86
12,PPF44Q3G,5,4,GYM2,87
10,EEF88QG,5,4,346,82
10,MRF44,8,4,107,83
9,MRF44HG,5,4,104,98
9,EEFCBQGD,1,4,350,87
11,SHF86H,1,4,248,100
9,FSFC4H,2,4,115,90
11,EEFGGUTF,1,4,330,65
9,MEF44,3,4,214,89
11,AUFC4TA,1,4,232,75
9,MRF44QT,5,4,104,75
11,EEFGGUGF,1,4,330,73
11,SHF86H,1,4,248,100
9,PHF44Q2,3,4,B17,87
9,PPF44Q3G,5,4,GYM2,93
12,MRF44QTF,1,4,205,72
10,SPF44,3,4,229,84
10,EEFGGUTJ,1,4,B6,85
10,MRF44,9,4,211,65
11,MQF44HTF,1,4,106,95
9,HGF87QGD,20,4,313,80
11,EEFGCUQX,2,4,348,94
9,MEF88QW,1,4,207,83
12,ULFCCTP,1,4,B39,92
10,EEF88,4,4,349,65
10,HUF44UQX,3,4,333,100
10,PPF44Q2B,6,4,GYM3,70
10,SCF88QQ3,1,4,138,65
10,HFF44,1,4,325,78
11,MRF44QT,4,4,219,75
9,FSFCCH,4,4,125,93
11,FSFCC,4,4,125,65
10,SHFC6TM,2,4,149,95
9,FSFC4,8,4,122,86
9,HGF87QGD,20,4,313,67
9,FSFC4,2,4,115,65
11,FSFCC,4,4,125,65
11,FSFCCH,4,4,125,97
9,FSFC4H,2,4,115,96
10,HUF44UQX,3,4,333,100
12,ULFCCTP,1,4,B39,94
12,SHF86H,1,4,248,100
9,MEF44,3,4,214,79
10,HUF43QGD,1,4,323,65
9,EEFG4QT,3,4,336,81
11,EEFGGUQV,2,4,335,65
9,PPF44Q3G,5,4,GYM2,89
9,UAF44Q2,3,4,235,65
9,PHF44Q2,3,4,B17,65
9,HGF88QQD,3,4,213,65
9,FSFC4,2,4,115,87
11,PGF44Q2C,3,4,GYM1,95
11,PPF44Q3B,6,4,GYM3,90
11,EEFGGHTC,1,4,146,95
11,EEFGGQTC,1,4,146,84
9,EEF88QW,1,4,246,80
11,FLFCCU,2,4,121,85
12,BCF44T,33,4,204,100
12,PPF44Q2B,6,4,GYM3,95
11,SBF88UBD,1,4,338,82
10,HFF44UQX,1,4,315,80
10,HUF44UQX,3,4,333,100
12,EEFGGQF,2,4,103,87
12,PPF44Q2G,6,4,GYM2,85
12,PPF44Q3G,5,4,GYM2,80
11,EEFGGUQV,2,4,335,90
9,FSFC4,2,4,115,68
11,SCF88QQ2,1,4,138,65
9,FSFC4,8,4,122,66
11,MQF44QTF,1,4,106,85
9,FSFCC,4,4,125,65
12,ULFCCTP,1,4,B39,95
12,MRF44QT,5,4,104,65
10,HUF44UQX,3,4,333,100
12,ULFCCTP,1,4,B39,85
9,EEFG4QT,3,4,336,65
10,EEFCBQGD,1,4,350,84
10,MQF44QTF,1,4,106,80
11,EEFGGUGF,1,4,330,87
9,AWF84,2,4,222,83
10,MKFC4TC,2,4,108,78
11,UAF88Q2,3,4,235,71
11,UAF88Q3,3,4,235,71
10,MKFC4TC,2,4,108,83
12,AWF84,2,4,222,79
10,HFF44,1,4,325,88
10,EEFCBQTD,1,4,350,65
11,EEFGCQH,1,4,331,85
9,PPF44Q2G,5,4,GYM2,68
9,PPF44Q3G,5,4,GYM2,66
12,HRF44XA,1,4,225,87
12,ULFCCTP,1,4,B39,92
10,FSFCC,4,4,125,87
11,FLFCCU,2,4,121,95
11,EEFCBQTD,1,4,350,86
12,FQF44QQY,4,4,216,86
11,EEFCBQGD,1,4,350,87
11,UQF44QQY,4,4,216,78
9,PPF44Q2G,6,4,GYM2,95
9,PPF44Q3G,6,4,GYM2,95
11,EEFGCUQX,2,4,348,95
12,ULFCCTP,1,4,B39,81
10,MRF44,7,4,223,65
10,EEF88QG,5,4,346,88
11,MRF44H,8,4,107,96
9,FSFC4,8,4,122,72
11,SDF44HQE,1,4,247,98
10,MKFC4TC,2,4,108,94
10,SHFC6TM,2,4,149,90
9,FKFC4H,3,4,114,100
11,EEFGGQQF,1,4,249,75
11,EEFGGUGJ,1,4,B6,90
11,MRF44QG,5,4,104,80
10,AQF44UVT,1,4,206,94
9,MRF44,10,4,221,65
12,FJFGG,2,4,124,65
12,FLFCCU,2,4,121,68
12,EEFGGUTF,1,4,330,91
9,PHF44Q2,3,4,B17,65
11,MRF44QGF,1,4,205,75
9,EEFG4HG,3,4,336,90
11,EEFGCUQX,2,4,348,88
12,PPF44Q3B,6,4,GYM3,65
9,HGF87QGD,20,4,313,82
12,MCF88UBD,1,4,203,96
11,EEFCBQTD,1,4,350,65
12,HTF44UQX,1,4,334A,97
12,MQF44QQY,4,4,204A,100
9,EEFGCQF,1,4,347,69
11,PGF44Q3C,3,4,GYM1,95
11,UAF88H2,3,4,235,93
12,MCF88UBD,1,4,203,97
12,BCF44T,33,4,204,90
12,UAF88Q2,3,4,235,86
10,SHFC6TM,2,4,149,100
12,FQF44QQY,4,4,216,100
12,EEFGCQH,1,4,331,88
12,BCF44T,23,4,204,95
10,BCF44T,33,4,204,100
10,PGF44Q2C,3,4,GYM1,95
12,SBF88UBD,1,4,338,72
10,SCF84HGF,1,4,139,92
9,HGF87QGD,2,4,324,72
12,UQF44QQY,4,4,216,98
12,SBF88UBD,1,4,338,90
11,EEFGGQQF,1,4,249,70
9,SHF88U,2,4,327,85
9,FSFC4,8,4,122,85
12,FLFGG,2,4,121,78
12,MCF88UBD,1,4,203,82
10,AQF44UVT,1,4,206,65
10,MRF44,9,4,211,85
10,HUF44,1,4,321,89
9,MEF44QG,3,4,105,68
9,EEFG4QT,3,4,336,65
10,EEF88H,4,4,349,93
10,MKFC4TC,2,4,108,98
12,PGF44Q2C,3,4,GYM1,95
9,HGF87QTD,20,4,313,80
9,MRF44,7,4,223,70
12,HQF44QQY,4,4,317,95
12,MQF44QQY,4,4,204A,100
10,HUF44UQX,3,4,333,100
11,PGF44Q2C,3,4,GYM1,90
11,PGF44Q3C,3,4,GYM1,95
11,AUFC4TA,1,4,232,98
10,HUF44UQX,3,4,333,82
11,MRF44,9,4,211,65
10,PPF44Q2G,5,4,GYM2,87
10,PPF44Q3G,6,4,GYM2,92
9,MEF44QT,3,4,105,65
10,HFF44,1,4,325,88
10,EEF88QT,5,4,346,65
12,SHF86H,1,4,248,100
10,PPF44Q2G,6,4,GYM2,100
10,PPF44Q3G,6,4,GYM2,97
12,BCF44T,33,4,204,95
12,SHF88U,2,4,327,85
12,SBF88UBD,1,4,338,95
10,AQF44UVT,1,4,206,78
11,HTF44UQX,1,4,334A,99
11,EEFGCUQX,2,4,348,88
10,EEF88QG,5,4,346,66
9,HGF87HQD,8,4,341,94
9,AUFC4TA,1,4,232,88
10,EEFGGHF,2,4,103,98
12,SBF88UBD,1,4,338,90
12,HQF44QQY,4,4,317,99
9,HGF87QWD,1,4,307,65
11,EEFGGUTF,1,4,330,93
10,AQF44UVT,1,4,206,86
10,AUFC4TA,1,4,232,93
10,HUF44H,1,4,321,92
12,MRF44,10,4,221,65
12,PGF44Q2C,3,4,GYM1,95
12,PGF44Q3C,3,4,GYM1,95
9,PHF44H3,3,4,B17,91
9,PPF44Q2G,5,4,GYM2,86
10,SCF84QTF,1,4,139,68
10,HGFCCQQ3,1,4,326,65
10,UAF44Q2,3,4,235,65
10,EEFGGQQF,1,4,249,65
10,SCF84QTF,1,4,139,68
10,HFF44UQX,1,4,315,83
12,SHF88U,2,4,327,85
12,EEFGGUTF,1,4,330,66
11,FLFCCU,2,4,121,99
9,EEFG4HG,3,4,336,95
9,MRF44QG,5,4,104,85
9,HGF88QQD,3,4,213,72
10,MKFC4TC,2,4,108,74
9,SCF84QGF,1,4,139,78
11,PPF44Q2G,5,4,GYM2,85
11,PPF44Q3G,5,4,GYM2,85
10,MRF44,8,4,107,80
11,FMFCCH,2,4,111,99
9,EEFGCQF,1,4,347,67
10,HUF43QGD,1,4,323,80
9,EEFGCQF,1,4,347,85
12,MCF88UBD,1,4,203,71
12,PGF44Q3C,3,4,GYM1,95
9,HGF87HGD,20,4,313,90
11,FSFCC,4,4,125,88
10,MRF44,9,4,211,80
9,MEF44,3,4,214,85
11,SCF84QTF,1,4,139,70
12,BCF44T,23,4,204,70
12,PPF44Q3B,6,4,GYM3,70
9,EEFG4,2,4,250,69
12,FMFGGH,2,4,111,90
11,HRF44XA,1,4,225,89
10,HQFC4TH,1,4,316,78
10,HFF44UQX,1,4,315,90
11,EEFGGQQF,1,4,249,75
9,PPF44Q3B,6,4,GYM3,75
9,UAF44Q2,3,4,235,66
9,EEFGGHFT,2,4,103,94
12,FMF44UQX,3,4,215,97
10,SDF44QQE,1,4,247,74
10,MKFC4TC,2,4,108,87
12,ULFCCTP,1,4,B39,95
9,HUF44H,1,4,321,90
11,EEFGCHH,1,4,331,90
11,SHF86H,1,4,248,100
10,SHFC6TM,2,4,149,100
10,SCF84QTF,1,4,139,70
10,MKFC4TC,2,4,108,91
9,HGF88QQD,3,4,213,70
10,SHFC6TM,2,4,149,98
9,MRF44,9,4,211,70
10,SHFC6TM,2,4,149,100
11,EEFGCQH,1,4,331,85
9,HGF87QGD,20,4,313,72
12,PGF44Q3C,3,4,GYM1,95
10,MKFC4TC,2,4,108,80
9,EEFG4QT,3,4,336,82
12,MQF44QQY,4,4,204A,100
11,SCF84QGF,1,4,139,74
11,EEFGCUQX,2,4,348,98
12,FQF44QQY,4,4,216,99
11,AUFC4TA,1,4,232,86
12,BCF44T,33,4,204,100
12,PPF44Q2B,6,4,GYM3,95
9,FSFC4H,2,4,115,98
9,MRF44HG,4,4,219,93
11,SPF44,3,4,229,83
12,SDF44HQE,1,4,247,90
9,MEF44H,3,4,214,92
11,SHFC6TM,2,4,149,100
10,AQF44UVT,1,4,206,96
12,PPF44Q3G,6,4,GYM2,85
10,EEF88,4,4,349,74
11,FSFCC,4,4,125,88
12,HQF44QQY,4,4,317,99
12,EEFGGUQV,2,4,335,85
11,MRF44QG,4,4,219,87
9,EEFG4HT,3,4,336,90
12,SHF88U,2,4,327,75
12,HTF44UQX,1,4,334A,97
10,EEF88,4,4,349,83
11,FLFCCU,2,4,121,95
9,HGF87QGD,2,4,324,65
12,EEFGGUGJ,1,4,B6,92
11,HRF44XA,1,4,225,92
11,EEFGGUGJ,1,4,B6,88
11,FLFCCU,2,4,121,100
12,SHF88U,2,4,327,95
9,EEFG4H,2,4,250,92
12,MQF44HTF,1,4,106,100
12,SBF88UBD,1,4,338,76
12,FJFCCU,2,4,124,99
11,EEFGCUQX,2,4,348,76
10,FSFC8,5,4,113,82
10,SCF84QGF,1,4,139,79
9,HGF88QQD,3,4,213,65
9,HGF87QQD,8,4,341,86
10,HUF44UQX,3,4,333,85
9,PHF44H2,3,4,B17,90
9,PPF44Q3G,5,4,GYM2,94
12,SQF44QQY,4,4,233,100
12,MQF44QQY,4,4,204A,100
9,PPF44Q2G,6,4,GYM2,65
9,UAF44Q3,3,4,235,66
9,PHF44H3,3,4,B17,94
9,PPF44Q2G,5,4,GYM2,85
9,FSFC4,2,4,115,81
11,SHF86H,1,4,248,100
12,BCF44T,33,4,204,100
12,PGF44Q2C,3,4,GYM1,95
11,MRF44QWF,1,4,208,65
9,PHF44H3,3,4,B17,92
9,PPF44Q2G,5,4,GYM2,75
12,EEFGGHGC,1,4,146,95
12,SHF88U,2,4,327,100
9,MEF44,3,4,214,65
10,BCF44T,23,4,204,95
10,PPF44Q3G,6,4,GYM2,98
9,PHF44H3,3,4,B17,93
9,PPF44Q2G,5,4,GYM2,90
9,MEF88QW,1,4,207,68
9,MEF44,3,4,214,75
10,FSFC8H,5,4,113,97
11,MKFC4TC,2,4,108,85
11,PPF44Q2G,6,4,GYM2,92
11,SCF88HQ3,1,4,138,93
12,AQF44QQY,4,4,216,99
10,SCF84QGF,1,4,139,68
9,MRF44QG,4,4,219,85
9,HGF87QQD,8,4,341,86
11,EEFGGQTC,1,4,146,82
12,HTF44UQX,1,4,334A,99
9,EEFG8QF,1,4,334B,65
10,PHF44Q3,3,4,B17,77
10,UAF44Q2,3,4,235,75
9,HUF43QGD,1,4,323,65
11,HUF44,1,4,321,79
9,FSFC4H,8,4,122,97
10,MEF44QT,3,4,105,75
9,PHF44H2,3,4,B17,93
9,PPF44Q3B,6,4,GYM3,90
12,SHF88U,2,4,327,90
11,PGF44Q2C,3,4,GYM1,80
11,PGF44Q3C,3,4,GYM1,80
11,EEFGGUGF,1,4,330,72
9,FSFC4,8,4,122,72
9,FSFC4H,8,4,122,96
9,PHF44H3,3,4,B17,92
9,PPF44Q2B,6,4,GYM3,100
10,MRF44HG,5,4,104,100
9,EEFG4H,2,4,250,99
9,EEFGGHF,2,4,103,93
9,HGF87QWD,1,4,307,80
12,PGF44Q3C,3,4,GYM1,95
12,ULFCCTP,1,4,B39,95
10,FSFCC,4,4,125,65
9,HFF44H,1,4,325,93
ST,AWF84H,2,4,222,100
10,HUF44UQX,3,4,333,83
10,BCF44T,23,4,204,65
10,PPF44Q3G,5,4,GYM2,88
11,SHF88U,2,4,327,85
11,SPF44,3,4,229,75
12,BCF44T,33,4,204,100
12,PPF44Q2G,6,4,GYM2,100
11,ULFCCTP,1,4,B39,94
9,PPF44Q2G,5,4,GYM2,65
9,PPF44Q3G,5,4,GYM2,77
9,PHF44H3,3,4,B17,97
9,PPF44Q2G,5,4,GYM2,93
9,MEF44QG,3,4,105,83
10,AQF44UVT,1,4,206,97
10,HUF43HGD,1,4,323,90
12,MKF44QQY,4,4,319,100
9,HGF87QTD,2,4,324,88
10,MQF44QTF,1,4,106,70
12,FQF44QQY,4,4,216,100
10,MKFC4TC,2,4,108,65
10,FSFCCH,4,4,125,92
10,HQFC4TH,1,4,316,75
10,MRF44,10,4,221,72
9,HGF87HQD,8,4,341,93
11,FLFCCU,2,4,121,100
9,EEFG8QF,1,4,334B,85
12,FMF44UQX,3,4,215,96
11,FSFCC,4,4,125,85
11,FMFCC,2,4,111,82
10,MRF44,7,4,223,85
9,HGF87QTD,20,4,313,70
12,HTF44UQX,1,4,334A,65
10,MEF44,3,4,214,65
10,EEF88,4,4,349,65
11,PPF44Q2B,6,4,GYM3,80
11,PPF44Q3B,6,4,GYM3,75
11,SHF86H,1,4,248,100
9,PPF44Q2B,6,4,GYM3,80
9,PPF44Q3B,6,4,GYM3,70
9,MEF44QT,3,4,105,70
9,EEFGCQF,1,4,347,69
11,HGFCCQQ2,1,4,326,72
11,PGF44Q3C,3,4,GYM1,85
11,EEF88,4,4,349,65
10,HUF44H,1,4,321,92
12,FMF44UQX,3,4,215,94
10,PPF44Q3B,6,4,GYM3,80
10,UAF44Q2,3,4,235,79
9,HUF44H,1,4,321,91
12,BCF44T,23,4,204,100
12,PPF44Q3G,6,4,GYM2,100
9,MEF44,3,4,214,84
ST,MQF44HTF,1,4,106,100
10,PGF44Q3C,3,4,GYM1,95
10,UAF44H2,3,4,235,95
12,HTF44UQX,1,4,334A,97
ST,PGF44Q2C,3,4,GYM1,90
ST,PGF44Q3C,3,4,GYM1,95
9,HGF87QGD,2,4,324,70
11,MEF88QW,1,4,207,65
9,FKFC4,3,4,114,75
11,EEFCBQTD,1,4,350,65
10,MRF44,8,4,107,85
12,MQF44QGF,1,4,106,88
11,PPF44Q2G,5,4,GYM2,97
11,PPF44Q3G,5,4,GYM2,97
10,MRF44QG,5,4,104,89
10,HFF44UQX,1,4,315,89
9,HGF87QWD,1,4,307,70
10,HUF44UQX,3,4,333,100
9,HQFC4TH,1,4,316,80
11,EEFGCQH,1,4,331,75
9,EEFG4QG,3,4,336,75
10,HQFC4TH,1,4,316,95
9,PHF44H2,3,4,B17,91
9,PPF44Q3G,5,4,GYM2,95
9,PPF44Q2B,6,4,GYM3,90
9,PPF44Q3B,6,4,GYM3,90
10,MRF44,10,4,221,65
9,EEFG4H,2,4,250,98
10,HUF44UQX,3,4,333,100
12,EEFCBHGD,1,4,350,95
11,UAF88Q2,3,4,235,66
11,MRF44,10,4,221,65
10,FSFCC,4,4,125,65
10,EEF88QG,5,4,346,75
9,HGF87QQD,8,4,341,85
9,HGF87QGD,20,4,313,82
9,MEF44,3,4,214,88
10,MRF44,10,4,221,81
11,PPF44Q3G,5,4,GYM2,95
11,UAF88H2,3,4,235,98
10,EEF88QG,5,4,346,84
12,FQF44QQY,4,4,216,91
12,FMF44UQX,3,4,215,99
11,FMFCCH,2,4,111,99
10,MRF44,7,4,223,65
10,EEFGCQF,1,4,347,82
11,AUFC4TA,1,4,232,85
12,MQF44QTF,1,4,106,89
10,HQFC4TH,1,4,316,74
10,HUF44UQX,3,4,333,97
10,HUF44UQX,3,4,333,100
11,HTF44UQX,1,4,334A,98
10,AQF44UVT,1,4,206,98
10,SCF84QGF,1,4,139,66
9,EEFG8QF,1,4,334B,65
9,PPF44Q3B,6,4,GYM3,100
9,UAF44H2,3,4,235,96
11,EEFGCUQX,2,4,348,91
9,HGF87QQD,8,4,341,83
12,EEFGCUQX,2,4,348,85
9,AWF84H,2,4,222,100
11,AQF44UVT,1,4,206,96
9,PHF44H2,3,4,B17,91
9,PPF44Q3G,5,4,GYM2,95
11,EEFGGUQV,2,4,335,86
9,EEFGGHFW,2,4,103,90
11,HUF44H,1,4,321,93
10,MRF44HG,5,4,104,100
9,PHF44H3,3,4,B17,92
9,PPF44Q2G,5,4,GYM2,91
9,EEFG4HG,3,4,336,90
9,EEFG4QG,3,4,336,85
10,SHFC6TM,2,4,149,100
12,SPF44H,3,4,229,94
10,HQFC4TH,1,4,316,88
10,HFF44UQX,1,4,315,91
10,MRF44H,9,4,211,90
11,PPF44Q2G,5,4,GYM2,93
11,PPF44Q3G,6,4,GYM2,98
9,EEFG8HF,1,4,334B,94
11,FMFCCH,2,4,111,96
9,EEFGCQF,1,4,347,72
11,FMF44UQX,3,4,215,93
9,EEFG4QG,3,4,336,88
10,SCF84QTF,1,4,139,66
10,HUF44H,1,4,321,91
10,EEF88H,4,4,349,98
9,AWF84H,2,4,222,100
12,MCF88UBD,1,4,203,71
11,UAF88Q2,3,4,235,70
10,MRF44QG,4,4,219,87
10,HFF44UQX,1,4,315,87
10,MRF44QT,5,4,104,70
12,EEFGCUQX,2,4,348,98
9,HGF87HGD,2,4,324,90
11,EEFGGQQF,1,4,249,85
9,FSFC8H,5,4,113,97
11,EEFGGQQF,1,4,249,85
12,FMF44UQX,3,4,215,94
11,EEF88QG,5,4,346,81
11,PPF44Q2G,5,4,GYM2,87
11,PPF44Q3G,5,4,GYM2,91
9,HGF87QQD,8,4,341,65
9,EEFG4,2,4,250,83
9,EEFG4QG,3,4,336,85
9,MRF44,10,4,221,86
9,FSFC8H,5,4,113,93
9,PHF44H3,3,4,B17,90
9,PPF44Q2G,5,4,GYM2,93
10,FMF44UQX,3,4,215,84
10,AQF44UVT,1,4,206,100
10,HQFC4TH,1,4,316,89
11,FJFCCU,2,4,124,97
12,FLFCCU,2,4,121,75
9,PHF44H3,3,4,B17,90
9,PPF44Q2G,6,4,GYM2,100
10,MRF44HG,5,4,104,91
10,HFF44UQX,1,4,315,91
9,PHF44H3,3,4,B17,97
9,PPF44Q2G,5,4,GYM2,88
10,MRF44HG,5,4,104,94
10,HQFC4TH,1,4,316,80
11,FJFCCU,2,4,124,92
12,MCF88UBD,1,4,203,84
9,PPF44Q2G,6,4,GYM2,97
9,PPF44Q3G,5,4,GYM2,85
9,PHF44H2,3,4,B17,90
9,PPF44Q3B,6,4,GYM3,100
10,ESFG4QFB,1,4,334B,65
9,MEF44HG,3,4,105,96
11,SHF86H,1,4,248,100
10,EEF88QT,5,4,346,65
11,EEFGCUQX,2,4,348,93
12,HTF44UQX,1,4,334A,97
10,SCF84QTF,1,4,139,66
10,BCF44T,23,4,204,100
10,PPF44Q3G,5,4,GYM2,93
12,MCF88UBD,1,4,203,89
9,HGF88HQD,3,4,213,90
11,EEFGCQH,1,4,331,80
10,EEFGGHF,2,4,103,98
10,SCF84QGF,1,4,139,76
10,ESFG4QFB,1,4,334B,65
12,FQF44QQY,4,4,216,89
12,FQF44QQY,4,4,216,100
9,EEFGCQF,1,4,347,76
11,MRF44,9,4,211,65
10,EEFGGQF,2,4,103,65
11,HUF44,1,4,321,88
9,PPF44Q2G,6,4,GYM2,100
9,PPF44Q3G,6,4,GYM2,97
9,EEFG8QF,1,4,334B,65
9,PHF44Q3,3,4,B17,84
9,PPF44Q2G,5,4,GYM2,90
9,PHF44Q3,3,4,B17,78
9,PPF44Q2G,5,4,GYM2,90
12,FMF44UQX,3,4,215,94
10,HUF44UQX,3,4,333,100
11,FMFCC,2,4,111,85
10,EEFGGHF,2,4,103,98
9,MRF44,10,4,221,85
10,HQFC4TH,1,4,316,86
9,FKFC4H,3,4,114,100
10,MKFC4TC,2,4,108,90
11,SPF44,3,4,229,80
12,SHF86H,1,4,248,100
12,MCF88UBD,1,4,203,98
9,MEF44H,3,4,214,99
12,FJFCCU,2,4,124,100
12,FMF44UQX,3,4,215,92
12,FJFCCU,2,4,124,96
10,SHFC6TM,2,4,149,100
12,MKF44Q2Y,4,4,319,100
11,FMFCCH,2,4,111,95
9,EEFGCQF,1,4,347,65
10,HUF44,1,4,321,87
9,HGF88QQD,3,4,213,74
9,EEFG4QG,3,4,336,88
9,MEF44,3,4,214,85
11,EEFGCUQX,2,4,348,84
10,PPF44Q2G,5,4,GYM2,83
10,PPF44Q3G,6,4,GYM2,100
10,HFF44UQX,1,4,315,68
10,FMF44UQX,3,4,215,93
10,HUF44UQX,3,4,333,100
9,MRF44,7,4,223,76
11,SPF44,3,4,229,85
12,SHF88U,2,4,327,70
10,HFF44UQX,1,4,315,91
11,EEFGGUQV,2,4,335,83
10,PPF44Q2G,6,4,GYM2,95
10,PPF44Q3G,6,4,GYM2,95
12,HFF44H,1,4,325,100
9,AWF84,2,4,222,87
12,FSFGG,4,4,125,78
10,HGFCCQQ2,1,4,326,65
10,EEF88,4,4,349,65
11,MKFC8UCT,2,5,106,81
12,MKFC8UCT,2,5,106,81
10,ULFC4TP,3,5,B39,86
9,HGF88QQD,8,5,341,80
11,EEFCCQGD,1,5,350,66
11,PPF44Q2G,7,5,GYM2,97
11,PPF44Q3G,7,5,GYM2,98
9,HFF44QQB,2,5,315,79
9,EEFG4,5,5,126,80
11,MRF44H,11,5,223,90
9,FSFC8,6,5,113,70
12,EEFGGUQX,2,5,347,78
12,SPF87UQD,1,5,332,95
9,SDF44QGE,1,5,247,83
12,HRF44XA,2,5,225,87
9,SHFC2TM,2,5,248,100
11,AUFC8UAT,2,5,204,82
11,EEFGGUGJ,2,5,B6,65
9,HGF87QGD,6,5,311,80
11,SPF87UQD,1,5,332,100
11,PPF44Q2B,7,5,GYM3,95
11,PPF44Q3B,7,5,GYM3,90
12,EEFGGUQX,2,5,347,90
9,EEF88QG,7,5,146,65
9,MKF44,2,5,108,75
9,SHF82H,2,5,228,91
9,SHFC2TM,2,5,248,100
9,MEF44,4,5,214,65
12,ULFC8TP,1,5,232,89
11,ULFC8TP,1,5,232,100
11,SDF44HTE,1,5,247,90
11,MPF44UQJ,2,5,208,99
11,SDF44QGE,1,5,247,87
9,SHFC2TM,2,5,248,85
9,HGF88QG,1,5,321,75
9,SHFC2TM,2,5,248,100
10,EEFCCQGD,1,5,350,65
9,EEFGGUQX,2,5,347,95
9,HFF44QQB,2,5,315,65
9,HGF88QQD,8,5,341,65
10,MRF44QG,6,5,104,66
11,MKFC8UCT,2,5,106,65
12,PGF44Q3C,4,5,GYM1,65
12,PPF44Q2B,7,5,GYM3,90
9,HGF88QTD,20,5,313,85
10,ULFC4TP,3,5,B39,77
11,EEFGGUQV,3,5,335,92
10,FSFC8,6,5,113,78
9,EEFG4H,5,5,126,95
9,HGF88QQD,8,5,341,88
11,SHFCATM,2,5,327,100
12,PPF44Q2G,7,5,GYM2,90
9,PHF44H2,4,5,B17,100
9,PPF44Q3B,8,5,GYM3,90
9,MRF44H,11,5,223,92
11,EEFGGQGF,2,5,249,75
10,ULFC4TP,3,5,B39,65
11,SHFCATM,2,5,327,84
9,SLF44H,4,5,213,95
9,EEFG4HG,4,5,336,94
9,PHF44Q3,4,5,B17,82
9,PPF44Q2B,8,5,GYM3,90
10,HFF44QQB,2,5,315,86
10,EEF88QT,6,5,346,65
12,ULFC8TP,1,5,232,67
11,MRF44QTF,2,5,105,65
10,MRF44QG,7,5,221,82
10,EEF88,5,5,331,72
10,PPF44Q2B,7,5,GYM3,80
10,PPF44Q3B,7,5,GYM3,65
12,EEFGGUQX,2,5,347,95
9,SLF44,4,5,213,72
9,HFF44QGB,2,5,334A,85
9,HGF88QGD,2,5,324,88
11,FSFC4,7,5,122,69
9,SLF44,4,5,213,79
9,SHFC2TM,2,5,248,85
12,PGF44Q3C,4,5,GYM1,90
10,EEF88QW,2,5,246,66
10,SDF44QWE,2,5,328B,85
12,PGF44Q3C,4,5,GYM1,70
12,PPF44Q2G,7,5,GYM2,85
9,EEFG4H,5,5,126,91
11,PGF44Q2C,4,5,GYM1,95
11,PPF44Q3B,7,5,GYM3,95
11,EEFGGUTJ,2,5,B6,85
11,MKFC8UCT,2,5,106,90
12,SPF87UQD,1,5,332,100
10,HFF44QGB,2,5,334A,73
10,ULFC8TP,1,5,232,85
9,HGF87QQD,4,5,314,85
9,SLF44QGF,21,5,338,73
9,HGF87HGD,6,5,311,94
11,EEFGGUQV,3,5,335,90
9,EEFG4H,10,5,349,98
9,HGF88HGD,2,5,324,98
11,AUFC8UAT,2,5,204,69
9,HFF44QGB,2,5,334A,66
9,EEFG4H,5,5,126,92
12,PGF44Q2C,4,5,GYM1,85
9,MRF44QG,7,5,221,84
11,EEFCCQGD,1,5,350,65
10,SCF44QT,3,5,231,85
10,EEF88,5,5,331,83
9,HGF87QQD,4,5,314,66
10,FSFC8,6,5,113,80
12,MRF44,11,5,223,71
11,MKFC8UCT,2,5,106,80
9,EEFG4,10,5,349,65
10,MRF44QG,6,5,104,80
9,HGF88QQD,8,5,341,70
12,EEFGGQQC,2,5,250,70
11,EEFGGQQC,2,5,250,65
9,SLF44H,5,5,333,90
9,SLF44H,4,5,213,90
9,MEF88QT,1,5,207,79
9,SLF44QGF,21,5,338,65
9,HGF84QF,2,5,326,76
9,HGF88QGD,2,5,324,88
12,ULFC4TP,3,5,B39,70
9,SHFC2TM,2,5,248,95
12,MRF44QGF,2,5,105,86
9,EEFGCQF,2,5,348,79
10,ULFC4TP,3,5,B39,100
9,SHF82,2,5,228,85
11,SHFCATM,2,5,327,91
9,SLF44QG,3,5,238,71
9,HGF87QQD,4,5,314,65
9,SLF44HT,3,5,238,92
10,ULFC4TP,3,5,B39,74
11,PPF44Q3B,8,5,GYM3,90
9,PPF44Q2G,7,5,GYM2,90
9,PPF44Q3G,7,5,GYM2,97
11,MKFC8UCT,2,5,106,65
9,PHF44Q3,4,5,B17,65
9,PPF44Q2B,8,5,GYM3,75
11,EEF88,5,5,331,80
10,SCF84QGF,2,5,139,69
10,ULFC4TP,3,5,B39,65
9,SLF44QGF,21,5,338,71
10,EEF88HG,7,5,146,91
10,ULFC4TP,3,5,B39,78
10,EEF88QT,7,5,146,65
10,SDF44QWE,2,5,328B,82
12,HRF44XA,2,5,225,92
9,HGF88QQD,8,5,341,88
12,EEFGGUGJ,2,5,B6,96
11,EEFGGQGF,2,5,249,70
12,MEF88QG,1,5,207,65
9,MEF44,4,5,214,78
9,HGF88QG,1,5,321,70
12,EQF44QQY,5,5,328,90
10,MRF44,11,5,223,88
9,MRF44QGF,2,5,105,65
10,HFF44QGB,2,5,334A,73
11,SCF84QGF,2,5,139,89
11,SCF88HQ2,2,5,229,90
9,MKF44,2,5,108,80
9,FSFC4,7,5,122,65
12,PGF44Q2C,4,5,GYM1,90
12,PGF44Q3C,4,5,GYM1,80
11,FJFCCU,20,5,124,65
9,PPF44Q2B,7,5,GYM3,70
9,PPF44Q3B,7,5,GYM3,70
11,PPF44Q3G,7,5,GYM2,92
11,SCF88QQ2,2,5,229,85
10,HGF88HG,1,5,321,90
11,AUFC8UAT,2,5,204,90
11,ULFC8TP,1,5,232,90
9,FSFC4,7,5,122,65
9,FSFC4,7,5,122,65
9,HGF87QQD,4,5,314,85
11,PPF44Q2G,7,5,GYM2,100
11,SPF88HQ3,1,5,226,91
11,EEFGGQGF,2,5,249,87
12,PPF44Q2G,7,5,GYM2,95
12,PPF44Q3G,7,5,GYM2,90
11,PPF44Q2B,8,5,GYM3,90
11,PPF44Q3B,8,5,GYM3,90
12,EEFGGUWF,1,5,330,81
10,MRF44HGF,2,5,105,95
9,SHFC2TM,2,5,248,100
12,PGF44Q3C,4,5,GYM1,80
10,EEF88QT,6,5,346,65
9,EEF88QW,2,5,246,65
10,MEF88QG,1,5,207,70
11,MKFC8UCT,2,5,106,87
9,FSFC8H,6,5,113,96
9,AUFC8UAT,2,5,204,100
9,EEFG4,10,5,349,65
9,HGF87QQD,4,5,314,76
9,MEF44QW,1,5,203,65
10,ULFC4TP,3,5,B39,99
9,SHFC2TM,2,5,248,90
9,EEF88,5,5,331,80
10,HGF88QG,1,5,321,72
9,HGF88HQD,8,5,341,91
9,HGF88QGD,2,5,324,66
10,MEF88QG,1,5,207,84
9,SHF82,2,5,228,86
12,SHFC2TM,2,5,248,75
12,HGF88QQD,8,5,341,65
11,PPF44Q3B,8,5,GYM3,90
9,HGF88QGD,20,5,313,76
9,PHF44H3,4,5,B17,95
9,PPF44Q2B,8,5,GYM3,90
10,ULFC4TP,3,5,B39,84
11,EEFGGUQV,3,5,335,89
10,MRF44HG,7,5,221,93
9,SLF44QTF,21,5,338,65
12,PGF44Q2C,4,5,GYM1,70
9,SHFC2TM,2,5,248,75
12,HRF44XA,2,5,225,87
9,SLF44H,5,5,333,100
9,PHF44Q3,4,5,B17,87
9,PPF44Q2G,7,5,GYM2,100
11,MRF44QW,1,5,219,70
12,FJFCCU,20,5,124,65
10,HFF44QGB,2,5,334A,77
10,MRF44,11,5,223,88
12,EEFGGUQX,2,5,347,75
9,SLF44H,4,5,213,91
10,PPF44Q2B,7,5,GYM3,90
10,PPF44Q3B,7,5,GYM3,85
9,MRF44H,11,5,223,100
9,PPF44Q2G,7,5,GYM2,100
9,PPF44Q3G,7,5,GYM2,100
11,MRF44QW,1,5,219,65
9,EEFG4,10,5,349,85
10,HFF44QTB,2,5,334A,70
10,SCF84QTF,2,5,139,70
11,EEFGGQTF,2,5,249,65
9,MRF44,11,5,223,81
9,EEFG4HT,4,5,336,92
9,HGF88QWD,1,5,307,80
11,HRF44XA,2,5,225,91
10,EEF88HG,6,5,346,90
11,EEFGGUTJ,2,5,B6,65
10,MRF44,11,5,223,80
11,EEFCCQGD,1,5,350,68
11,MEF44QW,1,5,203,68
9,EEF84QFT,2,5,334B,83
9,FSFC4,7,5,122,86
11,EEFGGUWF,1,5,330,85
11,SHFCATM,2,5,327,92
9,SLF44QG,3,5,238,67
9,EEFG4,5,5,126,85
9,PHF44Q3,4,5,B17,75
9,PPF44Q2G,7,5,GYM2,100
12,SHFCATM,2,5,327,100
11,FJFCCU,20,5,124,69
9,SLF44H,4,5,213,91
9,HGF88QQD,8,5,341,77
9,HGF84HF,2,5,326,100
12,PGF44Q2C,4,5,GYM1,90
12,PGF44Q3C,4,5,GYM1,80
10,MRF44HW,1,5,219,99
12,PGF44Q2C,4,5,GYM1,80
12,PGF44Q3C,4,5,GYM1,65
9,HGF88HG,1,5,321,90
9,MEF44H,4,5,214,94
9,PHF44H3,4,5,B17,98
9,PPF44Q2B,8,5,GYM3,90
9,MEF44HW,1,5,203,92
11,HQFC8UHT,1,5,316,95
9,HGF88HGD,2,5,324,100
12,HRF44XA,2,5,225,88
11,ULFC8TP,1,5,232,90
11,MGF88QQ2,5,5,226,76
11,SCF88QQ3,2,5,229,85
12,PGF44Q3C,4,5,GYM1,70
12,EEFGGUQX,2,5,347,84
9,EEFG4,10,5,349,70
10,MRF44QGF,2,5,105,65
9,HGF87QQD,4,5,314,88
9,MEF44QW,1,5,203,67
9,MKF44,2,5,108,83
12,HPF44X,1,5,323,99
12,PGF44Q2C,4,5,GYM1,80
12,PGF44Q3C,4,5,GYM1,70
9,SLF44QG,3,5,238,81
11,MKFC8UCT,2,5,106,92
12,AUFC8UAT,2,5,204,92
10,EEF88,5,5,331,75
12,HPF44X,1,5,323,97
10,HFF44HTB,2,5,334A,92
12,SCF87UQD,1,5,141,96
9,MKF44,2,5,108,84
10,EEF88H,5,5,331,90
12,SHFCATM,2,5,327,92
9,SLF44H,5,5,333,96
9,SLF44H,4,5,213,97
12,PGF44Q3C,4,5,GYM1,65
9,SLF44H,5,5,333,90
9,EEFGCQF,2,5,348,77
10,FJFC8,1,5,124,74
12,EEFGGUQX,2,5,347,83
11,HRF44XA,2,5,225,87
12,EEF84QF,2,5,334B,73
11,MKFC8UCT,2,5,106,92
9,HGF87QGD,6,5,311,70
12,PPF44Q3B,7,5,GYM3,98
11,AUFC8UAT,2,5,204,97
9,HGF87HQD,4,5,314,94
11,SDF44QGE,1,5,247,84
9,SLF44QGF,21,5,338,65
9,SLF44QGF,21,5,338,75
12,EEFGGUTJ,2,5,B6,87
12,MPF44UQJ,2,5,208,99
12,EEF88QG,6,5,346,88
11,PGF44Q2C,4,5,GYM1,90
11,PGF44Q3C,4,5,GYM1,95
10,EEF88,5,5,331,87
12,PPF44Q2G,7,5,GYM2,98
11,ULFC4TP,3,5,B39,92
10,MRF44HG,6,5,104,92
9,SLF44QTF,21,5,338,65
10,MRF44H,11,5,223,98
11,HQFC8UHT,1,5,316,96
11,MRF44H,12,5,211,97
9,MEF44H,4,5,214,93
10,HGF88HG,1,5,321,90
11,MRF44H,12,5,211,90
11,HQFC8UHT,1,5,316,94
9,HGF88QTD,2,5,324,78
9,SLF44,5,5,333,89
10,EEF88,5,5,331,70
11,PPF44Q2G,7,5,GYM2,97
11,SCF88QQ3,2,5,229,78
11,PGF44Q3C,4,5,GYM1,70
11,SCF88QQ2,2,5,229,76
10,EEF88HG,6,5,346,91
12,SCF87UQD,1,5,141,70
12,EEFGGUQX,2,5,347,75
9,FSFC4H,7,5,122,91
10,MRF44,11,5,223,74
12,HPF44X,1,5,323,99
11,EEFGGUGJ,2,5,B6,92
10,HFF44HQB,2,5,315,95
12,HRF44XA,2,5,225,88
10,SCF44,5,5,138,70
11,MRF44,12,5,211,65
9,HGF88QQD,8,5,341,84
9,SLF44H,4,5,213,92
10,HFF44QQB,2,5,315,80
11,EEFGGUGJ,2,5,B6,80
11,EEF84QF,2,5,334B,88
9,HGF84HF,2,5,326,90
12,EEFGGQQC,2,5,250,74
10,PPF44Q2B,7,5,GYM3,90
10,PPF44Q3B,8,5,GYM3,90
12,ULFC8TP,1,5,232,100
12,HRF44XA,2,5,225,87
9,HGF88HG,1,5,321,90
11,EEFGGUGJ,2,5,B6,91
12,SQF44QQY,5,5,233,100
10,MKF44,2,5,108,70
11,HQFC8UHT,1,5,316,93
11,EEF88,5,5,331,70
10,EEF88,5,5,331,87
9,SLF44QG,3,5,238,70
11,PPF44Q2B,8,5,GYM3,90
11,SCF88QQ3,2,5,229,80
12,MPF44UQS,2,5,205,70
9,SCF44QG,3,5,231,81
12,MRF44QT,7,5,221,68
9,FSFC4,7,5,122,75
9,HGF88QG,1,5,321,65
9,PHF44Q3,4,5,B17,65
9,PPF44Q2B,7,5,GYM3,70
9,EEF88QW,2,5,246,65
10,MRF44QG,7,5,221,67
12,PQF44Q2Y,5,5,251,100
12,PQF44Q3Y,5,5,251,100
9,HGF87QQD,4,5,314,86
12,AUFC8UAT,2,5,204,96
9,MRF44QGF,2,5,105,65
11,PQF44Q2Y,5,5,251,100
11,PQF44Q3Y,5,5,251,100
9,EEFG4,10,5,349,73
9,MRF44QGF,2,5,105,65
9,HGF88QG,1,5,321,65
10,MRF44,11,5,223,81
9,SLF44QT,3,5,238,72
12,ULFC4TP,3,5,B39,90
9,HGF88HQD,8,5,341,93
12,PPF44Q3B,8,5,GYM3,90
10,MRF44QG,7,5,221,81
12,HPF44X,1,5,323,98
9,HGF88HQD,8,5,341,92
12,PPF44Q2B,8,5,GYM3,90
9,HGF88QWD,1,5,307,80
11,SHFC2TM,2,5,248,85
10,HFF44QTB,2,5,334A,83
9,HGF88QGD,20,5,313,86
12,PPF44Q2G,7,5,GYM2,90
12,PPF44Q3G,7,5,GYM2,90
11,EEFGGQQC,2,5,250,65
12,SCF87UQD,1,5,141,65
9,HGF87QTD,6,5,311,82
11,MGF88QQ2,5,5,226,77
12,ULFC8TP,1,5,232,91
9,SLF44,5,5,333,65
12,MPF44UQS,2,5,205,97
12,HPF44X,1,5,323,98
9,PGF44Q3C,4,5,GYM1,95
9,PPF44Q2B,8,5,GYM3,95
10,SCF44,5,5,138,80
10,FSFC8,6,5,113,80
9,EEFGGUWF,1,5,330,78
10,SCF44,5,5,138,70
11,EEFGGQQC,2,5,250,70
9,PHF44H2,4,5,B17,97
9,PPF44Q3B,8,5,GYM3,90
9,EEF84QF,2,5,334B,80
12,ULFC4TP,3,5,B39,97
9,SLF44H,5,5,333,92
10,MRF44H,12,5,211,97
11,PGF44Q2C,4,5,GYM1,100
11,PGF44Q3C,4,5,GYM1,100
12,EEFGGQQC,2,5,250,74
12,EEFGGUQX,2,5,347,80
9,HGF87QGD,6,5,311,80
9,MKF44,2,5,108,80
10,EEF88QG,6,5,346,88
10,MRF44,12,5,211,83
10,MGF88HQ2,5,5,226,92
9,SHF82,2,5,228,80
12,PPF44Q3G,7,5,GYM2,95
12,SCF88QQ2,2,5,229,85
12,ULFC8TP,1,5,232,65
10,HFF44QQB,2,5,315,83
9,FSFC4,7,5,122,88
12,SHFCATM,2,5,327,68
9,EEFG4,5,5,126,80
11,PPF44Q2B,7,5,GYM3,95
11,PPF44Q3B,8,5,GYM3,90
11,SDF44QWE,2,5,328B,85
10,FSFC8,6,5,113,70
12,PPF44Q2B,7,5,GYM3,70
9,HGF88HWD,1,5,307,90
12,HQF44QQY,5,5,317,95
11,MRF44QW,1,5,219,72
11,PPF44Q2B,8,5,GYM3,95
11,PPF44Q3B,7,5,GYM3,98
10,MRF44,11,5,223,81
9,PHF44H2,4,5,B17,96
9,PPF44Q3G,7,5,GYM2,100
10,MRF44QG,6,5,104,65
11,EEFGGQGF,2,5,249,80
11,MKFC8UCT,2,5,106,65
9,HGF87QGD,6,5,311,85
9,PHF44H2,4,5,B17,93
9,PPF44Q3B,7,5,GYM3,98
11,PPF44Q3G,7,5,GYM2,95
11,SCF88QQ2,2,5,229,78
9,EEFG4,5,5,126,70
9,HGF88HGD,2,5,324,95
12,SQF44QQY,5,5,233,100
11,HQFC8UHT,1,5,316,94
11,SPF87UQD,1,5,332,90
9,HGF88QQD,8,5,341,65
9,EEFG4HG,4,5,336,95
9,EEFG4,10,5,349,65
9,EEFG4QT,4,5,336,74
9,FSFC8,6,5,113,80
12,ULFC8TP,1,5,232,90
11,EEFGGQTF,2,5,249,77
11,SCF44QT,3,5,231,70
11,EEFGGUQV,3,5,335,80
9,HGF88QG,1,5,321,65
11,EEFGGQQC,2,5,250,71
12,EEFGGUWF,1,5,330,85
10,EEFGGUGJ,2,5,B6,68
12,EEFGGUQX,2,5,347,76
9,MEF44,4,5,214,82
12,PGF44Q3C,4,5,GYM1,70
12,PPF44Q2G,7,5,GYM2,98
10,SCF44QG,3,5,231,87
11,MPF44UQJ,2,5,208,100
11,MKFC8UCT,2,5,106,97
10,EEF88,5,5,331,80
12,EEFGGQQC,2,5,250,65
12,EEFGGQQC,2,5,250,65
9,HGF84HF,2,5,326,97
11,EEFGGQTF,2,5,249,69
9,MEF44H,4,5,214,100
10,MRF44H,12,5,211,90
9,HGF87QQD,4,5,314,85
9,HGF88QG,1,5,321,65
10,EEFGCQF,2,5,348,84
11,SLF44,5,5,333,88
11,SCF84QGF,2,5,139,83
10,MRF44QG,7,5,221,80
11,MGF88QQ2,5,5,226,82
11,SCF88QQ3,2,5,229,84
11,MRF44,12,5,211,75
10,AUFC8UAT,2,5,204,81
9,FSFC4,7,5,122,86
9,SHFC2TM,2,5,248,95
9,PHF44Q3,4,5,B17,72
9,PPF44Q2B,8,5,GYM3,90
11,HQFC8UHT,1,5,316,75
10,EEF88QT,7,5,146,75
9,SLF44H,4,5,213,97
9,HGF87HQD,4,5,314,90
11,PPF44Q3G,7,5,GYM2,97
11,SCF88QQ2,2,5,229,80
11,MPF44UQJ,2,5,208,65
12,PGF44Q2C,4,5,GYM1,95
9,HGF88QGD,20,5,313,81
11,AUFC8UAT,2,5,204,90
12,PGF44Q2C,4,5,GYM1,90
12,PGF44Q3C,4,5,GYM1,85
12,PPF44Q2B,7,5,GYM3,90
12,PPF44Q3B,7,5,GYM3,80
12,EEFGGUQV,3,5,335,90
10,MRF44,12,5,211,80
12,SPF87UQD,1,5,332,100
9,MEF44H,4,5,214,90
10,FSFC8,6,5,113,65
9,FSFC4,7,5,122,71
11,MRF44QW,1,5,219,75
12,PGF44Q2C,4,5,GYM1,65
11,HRF44XA,2,5,225,83
11,MRF44,12,5,211,65
11,ULFC4TP,3,5,B39,65
12,EEFGGQQC,2,5,250,65
9,PHF44Q3,4,5,B17,70
9,PPF44Q2B,7,5,GYM3,90
10,EEF88HG,6,5,346,99
12,MPF44UQJ,2,5,208,99
11,EEF84QF,2,5,334B,65
11,SCF87UQD,1,5,141,90
9,MEF44,4,5,214,71
9,HGF87QQD,4,5,314,88
10,EEF88QG,7,5,146,87
9,SLF44,5,5,333,89
9,MEF88QG,1,5,207,65
11,AUFC8UAT,2,5,204,99
11,AUFC8UAT,2,5,204,94
9,SLF44H,5,5,333,92
11,MRF44,11,5,223,74
9,MKF44H,2,5,108,95
11,EEFGGQTF,2,5,249,80
11,EEFGGQGF,2,5,249,86
9,SDF44QWE,2,5,328B,65
9,SLF44,5,5,333,65
9,EEFG4H,10,5,349,98
10,HFF44QTB,2,5,334A,86
11,HRF44XA,2,5,225,83
9,HGF88QQD,8,5,341,83
10,EEF88QW,2,5,246,73
10,MRF44,12,5,211,85
12,HQFC8UHT,1,5,316,95
9,MEF88QG,1,5,207,66
9,HGF88QGD,20,5,313,85
9,HGF88QG,1,5,321,65
9,EEFG4,10,5,349,65
11,MKFC8UCT,2,5,106,81
10,EEF88QG,6,5,346,75
9,SDF44QTE,1,5,247,65
11,ULFC4TP,3,5,B39,99
12,HQFC8UHT,1,5,316,87
10,EEFGGQGF,2,5,249,65
9,SLF44QG,3,5,238,72
11,SHFCATM,2,5,327,98
9,HGF87QTD,6,5,311,76
11,SHFCATM,2,5,327,70
12,PPF44Q3B,7,5,GYM3,80
12,SCF88QQ2,2,5,229,65
12,MRF44QT,6,5,104,82
10,PPF44Q2A,1,5,GYM1,80
10,PPF44Q3A,1,5,GYM1,85
10,MRF44QG,7,5,221,72
12,MRF44QT,7,5,221,65
10,HFF44QQB,2,5,315,65
10,HFF44QQB,2,5,315,65
9,MEF44,4,5,214,77
9,HGF88QWD,1,5,307,75
9,EEFG4H,5,5,126,90
9,HFF44QTB,2,5,334A,80
11,PPF44Q2B,7,5,GYM3,85
11,PPF44Q3B,7,5,GYM3,85
9,SCF44QT,3,5,231,80
11,EEFGGUQV,3,5,335,90
11,EEFGGUQV,3,5,335,94
9,PHF44Q3,4,5,B17,65
9,PPF44Q2G,7,5,GYM2,65
12,PPF44Q2B,8,5,GYM3,75
12,SCF88QQ3,2,5,229,69
9,HGF88HQD,8,5,341,90
12,EEFGGUWF,1,5,330,86
12,EEFGGUWF,1,5,330,87
9,MKF44,2,5,108,77
10,SCF84QTF,2,5,139,72
9,EEF88QW,2,5,246,65
9,SHFC2TM,2,5,248,100
11,HRF44XA,2,5,225,91
11,MKFC8UCT,2,5,106,93
11,EEFGGUGJ,2,5,B6,76
9,SHFC2TM,2,5,248,95
9,PHF44Q3,4,5,B17,85
9,PPF44Q2B,8,5,GYM3,95
9,HGF88QGD,2,5,324,82
12,MPF44UQS,2,5,205,66
9,SHF82,2,5,228,81
9,HGF88QG,1,5,321,73
9,SLF44QGF,21,5,338,78
11,PPF44Q2B,7,5,GYM3,90
11,PPF44Q3B,7,5,GYM3,85
11,EEFGGUQV,3,5,335,80
11,MPF44UQJ,2,5,208,65
9,SLF44HT,3,5,238,91
9,SLF44HGF,21,5,338,95
9,EEFGCQF,2,5,348,73
9,EEFG4H,10,5,349,98
11,SDF44QTE,1,5,247,65
11,MRF44QGF,2,5,105,66
10,MKFC8UCT,2,5,106,72
11,EEF84QF,2,5,334B,65
9,SLF44QTF,21,5,338,65
9,SHF82,2,5,228,88
11,SPF87UQD,1,5,332,80
9,PHF44Q3,4,5,B17,75
9,PPF44Q2G,7,5,GYM2,100
12,ULFC8TP,1,5,232,100
12,EEFGGUTJ,2,5,B6,94
9,SLF44QTF,21,5,338,75
9,PHF44Q2,4,5,B17,65
9,PPF44Q3G,7,5,GYM2,98
9,MEF44,4,5,214,70
9,HGF87HQD,4,5,314,94
9,HGF88QG,1,5,321,70
12,HRF44XA,2,5,225,93
9,SCF84QGF,2,5,139,69
11,EEFGGUWF,1,5,330,65
12,HPF44X,1,5,323,99
9,PHF44Q3,4,5,B17,75
9,PPF44Q2B,7,5,GYM3,90
12,PGF44Q2C,4,5,GYM1,85
9,EEFG4H,5,5,126,93
11,HRF44XA,2,5,225,88
9,HGF88QTD,2,5,324,86
10,MRF44,12,5,211,88
11,MPF44UQJ,2,5,208,100
10,SCF84QGF,2,5,139,77
9,EEFG4,5,5,126,80
10,EEF88HG,6,5,346,95
9,MEF44,4,5,214,77
9,PHF44Q2,4,5,B17,82
9,PPF44Q3G,7,5,GYM2,90
12,EEFGGHQC,2,5,250,92
9,HGF88QGD,2,5,324,72
11,EEFGGQQC,2,5,250,75
10,HFF44HQB,2,5,315,92
12,SPF87UQD,1,5,332,100
9,SCF84QGF,2,5,139,67
11,SHFCATM,2,5,327,72
9,FSFC8,6,5,113,65
10,EEF88,5,5,331,80
10,EEFGGQQC,2,5,250,77
11,ULFC4TP,3,5,B39,96
9,HGF87QTD,6,5,311,87
9,PHF44Q2,4,5,B17,65
9,PPF44Q3B,8,5,GYM3,65
9,HGF87QGD,6,5,311,75
10,HFF44HGB,2,5,334A,93
12,HRF44XA,2,5,225,94
10,EEF88,5,5,331,80
10,MRF44,11,5,223,70
10,MRF44H,12,5,211,90
12,PPF44Q2B,7,5,GYM3,90
12,PPF44Q3B,7,5,GYM3,90
9,SLF44,4,5,213,81
12,MRF44QG,6,5,104,65
12,MPF44UQS,2,5,205,70
9,FSFC4H,7,5,122,90
10,FSFC8,6,5,113,65
11,MRF44H,11,5,223,96
12,MPF44UQS,2,5,205,80
9,SDF44QWE,2,5,328B,81
9,HGF88QWD,1,5,307,88
11,EEFGGUQV,3,5,335,80
11,PPF44Q2G,7,5,GYM2,98
11,PPF44Q3G,7,5,GYM2,97
10,HFF44QGB,2,5,334A,68
9,HGF84QF,2,5,326,88
12,MPF44UQJ,2,5,208,100
11,MKF44,2,5,108,70
9,EEFG4QG,4,5,336,88
9,MKF44H,2,5,108,93
11,EEF84QF,2,5,334B,72
9,HGF87HQD,4,5,314,98
9,HGF88QWD,1,5,307,85
9,FSFC8,6,5,113,81
11,MRF44,11,5,223,84
11,MRF44QT,6,5,104,80
9,PGF44Q3C,4,5,GYM1,65
9,PHF44Q2,4,5,B17,77
9,SLF44HT,3,5,238,93
9,EEFG4QT,4,5,336,69
12,EEFGGQQC,2,5,250,86
12,EEFGGUQV,3,5,335,91
11,MRF44,12,5,211,87
11,MPF44UQJ,2,5,208,90
9,PHF44Q3,4,5,B17,85
9,PPF44Q2B,8,5,GYM3,90
10,EEF88HG,7,5,146,92
10,SCF84QGF,2,5,139,78
9,HGF88QG,1,5,321,76
11,PPF44Q2G,7,5,GYM2,70
11,PPF44Q3G,7,5,GYM2,70
9,HGF88QTD,2,5,324,75
9,EEF88QG,7,5,146,86
11,MKFC8UCT,2,5,106,86
10,HFF44QGB,2,5,334A,75
10,SCF44QG,3,5,231,80
10,MRF44HG,6,5,104,100
10,SCF44,5,5,138,86
9,MEF44,4,5,214,67
11,SCF87UQD,1,5,141,73
12,SDF44QGE,1,5,247,76
12,PPF44Q3B,7,5,GYM3,65
11,MKFC8UCT,2,5,106,100
12,PPF44Q3B,7,5,GYM3,98
9,SLF44HGF,21,5,338,93
9,EEFGCHF,2,5,348,98
9,SLF44HGF,21,5,338,90
9,SCF44QG,3,5,231,87
11,FJFCCU,20,5,124,98
11,EEFGGUQV,3,5,335,75
10,MGF88QQ2,5,5,226,78
10,PGF44Q3C,4,5,GYM1,70
9,HGF88QGD,20,5,313,87
9,SHFC2TM,2,5,248,100
12,EEFGGUQX,2,5,347,82
10,MEF88HG,1,5,207,91
10,HFF44QTB,2,5,334A,85
9,EEFG4HG,4,5,336,90
9,EEFG4QG,4,5,336,84
11,MRF44HT,7,5,221,90
9,PHF44Q2,4,5,B17,70
9,PPF44Q3G,7,5,GYM2,97
9,FSFC4,7,5,122,72
10,EEF88,5,5,331,78
10,HGF87QGD,6,5,311,88
11,EEFCCQGD,1,5,350,65
10,HFF44QTB,2,5,334A,85
10,HFF44QTB,2,5,334A,88
9,SCF44,5,5,138,82
12,HPF44X,1,5,323,95
11,MEF88QG,1,5,207,70
9,PHF44H2,4,5,B17,94
9,PPF44Q3G,7,5,GYM2,100
11,MRF44QT,7,5,221,65
12,PGF44Q3C,4,5,GYM1,90
9,SCF44H,5,5,138,96
12,SPF87UQD,1,5,332,100
9,EEFGCQFW,2,5,348,84
9,HGF84QF,2,5,326,86
9,EEFGGQGF,2,5,249,65
10,EEF88QT,6,5,346,77
10,MRF44H,12,5,211,92
10,EEF88HG,6,5,346,91
12,ULFC4TP,3,5,B39,93
12,PPF44Q2B,7,5,GYM3,65
12,PPF44Q3B,7,5,GYM3,65
9,PHF44H2,4,5,B17,92
9,PPF44Q3B,8,5,GYM3,90
12,PQF44Q2Y,5,5,251,100
12,PQF44Q3Y,5,5,251,100
9,PPF44Q2B,8,5,GYM3,90
9,PPF44Q3B,8,5,GYM3,90
10,HFF44QQB,2,5,315,79
9,EEFCCQGD,1,5,350,80
12,PGF44Q2C,4,5,GYM1,90
12,PGF44Q3C,4,5,GYM1,90
12,SPF87UQD,1,5,332,100
10,SCF44,5,5,138,72
10,FJFC8H,1,5,124,90
11,AUFC8UAT,2,5,204,100
11,MPF44UQJ,2,5,208,99
9,ULFC8TP,1,5,232,77
11,HQFC8UHT,1,5,316,93
9,HGF88HGD,20,5,313,98
12,MPF44UQJ,2,5,208,99
9,HGF88HGD,2,5,324,93
9,SLF44H,4,5,213,96
9,PPF44Q2G,7,5,GYM2,100
9,PPF44Q3G,7,5,GYM2,100
12,MKF44,2,5,108,85
12,EEFGGUGJ,2,5,B6,76
10,MRF44H,12,5,211,90
12,PPF44Q3G,7,5,GYM2,70
12,SQF44Q2Y,5,5,233,100
12,PPF44Q2B,7,5,GYM3,98
12,PPF44Q3B,7,5,GYM3,98
12,MKF44,2,5,108,83
9,PHF44H2,4,5,B17,92
9,PPF44Q3G,7,5,GYM2,100
12,PPF44Q3G,7,5,GYM2,75
12,PGF44Q3C,4,5,GYM1,65
12,SDF44HGE,1,5,247,94
12,SCF87UQD,1,5,141,87
12,EEF84HF,2,5,334B,92
12,PPF44Q2G,7,5,GYM2,65
12,PPF44Q3G,7,5,GYM2,65
11,EEF84HF,2,5,334B,90
9,HGF88QWD,1,5,307,65
11,ULFC4TP,3,5,B39,86
11,ULFC8TP,1,5,232,78
10,SCF84QTF,2,5,139,70
9,EEFG4QG,4,5,336,77
9,HGF88HWD,1,5,307,90
11,MPF44UQJ,2,5,208,98
11,HQFC8UHT,1,5,316,93
9,SCF44,5,5,138,75
9,EEFCCQTD,1,5,350,65
12,MKFC8UCT,2,5,106,76
9,HGF88QG,1,5,321,75
11,SDF44HGE,1,5,247,95
9,MEF44,4,5,214,79
11,PGF44Q2C,4,5,GYM1,90
11,PGF44Q3C,4,5,GYM1,100
11,PPF44Q2G,7,5,GYM2,97
11,PPF44Q3G,7,5,GYM2,98
12,FJFCCU,20,5,124,72
11,EEFGGUGJ,2,5,B6,85
11,PGF44Q2C,4,5,GYM1,90
11,SCF88QQ3,2,5,229,66
9,HGF87QTD,6,5,311,71
10,MEF88QG,1,5,207,80
11,HRF44XA,2,5,225,89
10,SCF84QGF,2,5,139,70
9,SHFC2TM,2,5,248,70
12,EEF84QF,2,5,334B,72
10,HFF44HQB,2,5,315,93
9,HGF84QF,2,5,326,80
9,HGF88QQD,8,5,341,77
9,PPF44Q2B,8,5,GYM3,90
9,PPF44Q3B,7,5,GYM3,95
9,HFF44QQB,2,5,315,75
12,PGF44Q2C,4,5,GYM1,90
12,SCF87UQD,1,5,141,83
12,PGF44Q2C,4,5,GYM1,90
9,FSFC4,7,5,122,83
9,HGF88HWD,1,5,307,90
10,SDF44HWE,2,5,328B,92
9,SLF44QG,3,5,238,73
9,EEFG4QG,4,5,336,85
12,MPF44UQS,2,5,205,70
10,HGF88QTD,20,5,313,80
11,MKFC8UCT,2,5,106,65
12,EEFGGUQX,2,5,347,85
10,MRF44QGF,2,5,105,65
11,SPF87UQD,1,5,332,85
9,MRF44QG,6,5,104,78
11,PPF44Q2B,8,5,GYM3,90
11,SCF88QQ3,2,5,229,80
9,EEF88HG,6,5,346,94
12,PGF44Q2C,4,5,GYM1,90
12,PPF44Q2B,7,5,GYM3,95
12,PPF44Q3B,7,5,GYM3,98
9,HGF87QGD,6,5,311,85
9,HGF88QG,1,5,321,88
12,SDF44HGE,1,5,247,95
11,EEFGGHTF,2,5,249,90
9,HGF88QT,1,5,321,75
9,FSFC4,7,5,122,85
10,MEF88QT,1,5,207,85
11,SCF44,5,5,138,74
10,HFF44QQB,2,5,315,82
11,PPF44Q3B,7,5,GYM3,95
9,EEF84HF,2,5,334B,92
9,EEFGCQF,2,5,348,86
12,EEFGGUQX,2,5,347,75
10,SCF44,5,5,138,81
9,PPF44Q2B,8,5,GYM3,90
9,PPF44Q3B,8,5,GYM3,90
12,PPF44Q3G,7,5,GYM2,80
11,MPF44UQJ,2,5,208,98
11,EEFGGUTJ,2,5,B6,89
12,PGF44Q2C,4,5,GYM1,85
12,PGF44Q3C,4,5,GYM1,75
9,MKF44,2,5,108,65
11,SCF88QQ2,2,5,229,86
11,SCF88QQ3,2,5,229,86
10,MRF44QTF,2,5,105,71
12,EEFGGUTJ,2,5,B6,93
12,SCF87UQD,1,5,141,70
9,EEFG4H,5,5,126,92
9,HGF87QQD,4,5,314,82
9,HGF88QQD,8,5,341,74
11,MPF44UQJ,2,5,208,100
10,EEF88,5,5,331,75
10,MRF44,12,5,211,65
11,PPF44Q2B,8,5,GYM3,95
12,HPF44X,1,5,323,97
9,SLF44,4,5,213,85
9,PHF44Q2,4,5,B17,72
9,PPF44Q3G,7,5,GYM2,90
11,PPF44Q2B,7,5,GYM3,80
11,PPF44Q3B,7,5,GYM3,85
9,SHFC2TM,2,5,248,100
9,HGF88HGD,2,5,324,93
10,MRF44H,11,5,223,90
12,EEFGGUQX,2,5,347,86
12,EEFGGQGF,2,5,249,70
10,MRF44QT,7,5,221,65
10,EEFGCQF,2,5,348,67
10,HFF44QGB,2,5,334A,73
12,HPF44X,1,5,323,99
11,EEFGGUGJ,2,5,B6,87
9,PHF44Q3,4,5,B17,85
9,PPF44Q2B,8,5,GYM3,95
10,MRF44H,11,5,223,92
9,EEFG4H,10,5,349,99
12,PPF44Q2G,7,5,GYM2,98
12,SCF87UQD,1,5,141,95
12,MRF44QW,1,5,219,85
10,SCF84QTF,2,5,139,76
9,PGF44Q2C,4,5,GYM1,95
9,PGF44Q3C,4,5,GYM1,90
10,HGF88QG,1,5,321,85
12,MPF44UQJ,2,5,208,99
10,SCF44,5,5,138,85
9,SLF44,4,5,213,77
11,SHFCATM,2,5,327,91
11,SDF44QGE,1,5,247,87
11,EEFGGQTF,2,5,249,84
10,MEF88QG,1,5,207,84
9,SLF44HG,3,5,238,96
12,MPF44UQJ,2,5,208,100
11,EEFGGUTJ,2,5,B6,85
10,EEF88,5,5,331,85
9,HGF88QGD,2,5,324,65
9,HGF87QTD,6,5,311,78
9,SHFC2TM,2,5,248,85
9,HGF88HQD,8,5,341,95
11,EEFGGQQC,2,5,250,65
9,EEFG4H,10,5,349,90
10,EEF88HG,7,5,146,93
12,HPF44X,1,5,323,98
9,SHF82H,2,5,228,91
10,HGF88QG,1,5,321,70
9,SLF44HG,3,5,238,99
9,PHF44H2,4,5,B17,100
9,PPF44Q3B,7,5,GYM3,95
9,EEF84QF,2,5,334B,86
10,ULFC4TP,3,5,B39,88
11,PPF44Q2B,7,5,GYM3,95
11,SCF88QQ3,2,5,229,89
11,HQFC8UHT,1,5,316,87
11,AUFC8UAT,2,5,204,96
10,SCF44HG,3,5,231,90
11,MRF44QW,1,5,219,85
9,EEFCCHGD,1,5,350,92
12,MPF44UQS,2,5,205,65
10,SCF44HG,3,5,231,96
9,HGF88QWD,1,5,307,75
10,EEF88QG,7,5,146,81
11,HQFC8UHT,1,5,316,90
9,HGF87HGD,6,5,311,90
9,EEFG4,10,5,349,65
10,MRF44QTF,2,5,105,65
9,EEF88QW,2,5,246,66
9,HGF88HGD,20,5,313,93
10,MRF44QG,6,5,104,85
11,SPF87UQD,1,5,332,100
11,MPF44UQJ,2,5,208,98
12,PPF44Q2B,7,5,GYM3,90
12,PQF44Q3Y,5,5,251,100
12,EEFGGUQX,2,5,347,88
11,HQFC8UHT,1,5,316,94
12,PPF44Q2B,8,5,GYM3,90
12,PPF44Q3B,8,5,GYM3,90
11,HQFC8UHT,1,5,316,87
10,EEF88HG,6,5,346,98
12,PPF44Q3B,7,5,GYM3,80
11,HRF44XA,2,5,225,87
11,EEFGGUQV,3,5,335,83
9,EEFG4QG,4,5,336,85
12,SCF87UQD,1,5,141,90
12,MQF44QQY,5,5,204A,100
9,MEF44,4,5,214,75
12,EEFGGQGF,2,5,249,86
12,SCF87UQD,1,5,141,65
12,SPF87UQD,1,5,332,100
11,EEFGGUQV,3,5,335,80
12,PGF44Q3C,4,5,GYM1,80
12,PQF44Q2Y,5,5,251,100
9,MKF44,2,5,108,76
10,EEF88H,5,5,331,90
9,HGF88QTD,2,5,324,67
9,HGF88QGD,20,5,313,88
9,HGF87HQD,4,5,314,95
11,FJFCCU,20,5,124,94
9,SLF44H,4,5,213,94
9,HGF84HF,2,5,326,95
9,HGF84QF,2,5,326,65
11,AUFC8UAT,2,5,204,66
12,PPF44Q3G,7,5,GYM2,95
12,SCF88QQ2,2,5,229,89
9,HGF87QGD,6,5,311,85
9,SLF44H,5,5,333,100
11,PPF44Q2B,7,5,GYM3,95
11,SCF88QQ3,2,5,229,65
9,HGF87HQD,4,5,314,90
11,SHF82H,2,5,228,91
9,FSFC4,7,5,122,88
12,PPF44Q3B,8,5,GYM3,90
12,SCF88QQ2,2,5,229,75
11,EEFGGUQV,3,5,335,65
10,EEF88HG,7,5,146,90
12,MQF44QQY,5,5,204A,100
9,EEFG4,10,5,349,88
10,MRF44HG,6,5,104,95
9,SLF44HG,3,5,238,98
12,SQF44QQY,5,5,233,100
9,PHF44H2,4,5,B17,98
9,PPF44Q3G,7,5,GYM2,100
9,SLF44QG,3,5,238,88
12,MPF44UQS,2,5,205,80
12,MPF44UQS,2,5,205,67
11,EEFGGUQV,3,5,335,93
12,MPF44UQJ,2,5,208,80
12,PQF44Q2Y,5,5,251,100
12,PQF44Q3Y,5,5,251,100
9,EEFG4H,10,5,349,95
11,SDF44QGE,1,5,247,86
9,PHF44H3,4,5,B17,95
9,PPF44Q2G,7,5,GYM2,100
12,PPF44Q3B,7,5,GYM3,90
10,SCF84QGF,2,5,139,75
11,MRF44QT,7,5,221,82
9,HGF88HGD,2,5,324,96
10,MRF44QGF,2,5,105,65
12,SCF87UQD,1,5,141,83
10,SCF44,5,5,138,77
9,HGF88HQD,8,5,341,95
12,HPF44X,1,5,323,80
9,SLF44H,5,5,333,96
11,SHFCATM,2,5,327,75
9,HGF88HQD,8,5,341,93
9,HGF88HQD,8,5,341,90
9,MEF88QT,1,5,207,78
9,HGF88HGD,20,5,313,91
11,PPF44Q2G,7,5,GYM2,97
11,PPF44Q3G,7,5,GYM2,98
9,MRF44QT,7,5,221,80
9,HGF84QF,2,5,326,73
10,SDF44QGE,1,5,247,80
11,EEFGGUGJ,2,5,B6,86
11,AUFC8UAT,2,5,204,68
9,HGF88QTD,2,5,324,65
12,SCF87UQD,1,5,141,72
9,EEFG4H,5,5,126,94
12,MPF44UQJ,2,5,208,99
9,EEFG4H,5,5,126,91
9,HGF88QG,1,5,321,85
9,HGF87QQD,4,5,314,68
9,PHF44Q3,4,5,B17,80
9,PPF44Q2G,7,5,GYM2,87
11,SCF84QTF,2,5,139,65
12,PGF44Q3C,4,5,GYM1,90
12,HPF44X,1,5,323,98
11,SCF88QQ3,2,5,229,86
11,HQFC8UHT,1,5,316,92
12,SCF87UQD,1,5,141,80
12,PGF44Q2C,4,5,GYM1,90
12,PGF44Q3C,4,5,GYM1,90
11,MRF44QT,6,5,104,65
12,MPF44UQS,2,5,205,65
10,EEF88HG,7,5,146,90
12,PPF44Q3B,7,5,GYM3,90
11,EEFGCQF,2,5,348,84
9,SLF44QGF,21,5,338,82
11,FJFCCU,20,5,124,93
11,EEFGCQF,2,5,348,81
9,HGF84QF,2,5,326,65
9,HGF84QF,2,5,326,66
9,SLF44H,5,5,333,90
12,EEFGGUGJ,2,5,B6,92
9,SLF44H,5,5,333,90
9,HGF84QF,2,5,326,65
9,HGF84QF,2,5,326,78
9,HGF84QF,2,5,326,76
10,SCF84HGF,2,5,139,90
12,PPF44Q3G,7,5,GYM2,68
9,HGF84QF,2,5,326,65
12,MRF44QGF,2,5,105,70
10,EEFGCQFT,2,5,348,65
11,MPF44UQJ,2,5,208,96
9,EEFG4HG,4,5,336,90
10,MRF44HW,1,5,219,92
9,HGF88QQD,8,5,341,85
12,PPF44Q2B,8,5,GYM3,90
10,MRF44H,11,5,223,99
9,HGF87QGD,6,5,311,85
11,HFF44HQB,2,5,315,97
11,MRF44,11,5,223,78
11,EEFGGUTJ,2,5,B6,88
11,FJFCCU,20,5,124,73
11,FJFC8,1,5,124,76
9,SHFC2TM,2,5,248,100
12,ULFC8TP,1,5,232,98
10,PPF44Q2G,7,5,GYM2,100
10,PPF44Q3G,7,5,GYM2,100
11,SHFCATM,2,5,327,90
12,EEF84QF,2,5,334B,65
10,MRF44H,12,5,211,95
10,SCF44HG,3,5,231,100
9,SLF44HG,3,5,238,98
12,MEF88QG,1,5,207,65
10,MRF44QGF,2,5,105,65
10,EEF88QG,6,5,346,85
10,EEF88QG,7,5,146,87
9,SLF44QG,3,5,238,85
9,MKF44H,2,5,108,90
10,MRF44HW,1,5,219,95
12,SHFC2TM,2,5,248,75
11,EEFGGUGJ,2,5,B6,95
10,HFF44QGB,2,5,334A,86
12,EEFGGQGF,2,5,249,80
12,EEFGGQGF,2,5,249,84
9,EEFG4,10,5,349,88
12,SPF87UQD,1,5,332,95
11,PPF44Q2B,8,5,GYM3,90
11,PPF44Q3B,8,5,GYM3,90
10,ULFC4TP,3,5,B39,93
9,PHF44H3,4,5,B17,92
9,PPF44Q2B,8,5,GYM3,90
9,HGF88QTD,20,5,313,75
12,PPF44Q2G,7,5,GYM2,65
10,SCF44QG,3,5,231,75
12,EEF88QG,7,5,146,65
11,FJFCCU,20,5,124,96
11,MPF44UQJ,2,5,208,99
12,MPF44UQS,2,5,205,95
11,AUFC8UAT,2,5,204,92
9,EEFG4HG,4,5,336,90
11,MKFC8UCT,2,5,106,98
11,MKFC8UCT,2,5,106,70
10,MRF44HG,6,5,104,91
9,SLF44QGF,21,5,338,65
9,EEFG4,5,5,126,80
10,MRF44QG,7,5,221,71
11,EEFGGUQV,3,5,335,85
12,PPF44Q2B,7,5,GYM3,90
12,PPF44Q3B,8,5,GYM3,90
9,PPF44Q2B,7,5,GYM3,95
9,PPF44Q3B,7,5,GYM3,95
9,EEF88QG,7,5,146,89
12,SPF87UQD,1,5,332,95
10,EEF88HT,7,5,146,93
9,HGF88QTD,2,5,324,72
11,SCF44,5,5,138,70
9,PHF44Q3,4,5,B17,65
9,PPF44Q2B,8,5,GYM3,90
10,EEFGCQF,2,5,348,65
10,MRF44HG,6,5,104,90
12,EEFGGUQV,3,5,335,91
12,EEFGGUQX,2,5,347,84
9,MEF44QW,1,5,203,79
10,SCF44,5,5,138,75
12,MKFC8UCT,2,5,106,100
9,HGF88QG,1,5,321,85
11,EEFGCQF,2,5,348,68
11,HFF44QQB,2,5,315,82
12,EEF84QF,2,5,334B,86
9,HGF84QF,2,5,326,85
9,SLF44H,4,5,213,90
11,HQFC8UHT,1,5,316,96
10,HRF44XA,2,5,225,87
9,SLF44QG,3,5,238,75
11,EEFGGUTJ,2,5,B6,93
10,FSFC8,6,5,113,80
12,HPF44X,1,5,323,98
9,SLF44QTF,21,5,338,65
10,MRF44QTF,2,5,105,65
11,MKFC8UCT,2,5,106,70
11,SHFCATM,2,5,327,68
9,EEFG4,5,5,126,75
12,SPF87UQD,1,5,332,80
9,EEFG4,5,5,126,85
9,EEFG4,10,5,349,65
12,SPF87UQD,1,5,332,100
11,HFF44QGB,2,5,334A,78
9,MEF44,4,5,214,88
9,HGF87QQD,4,5,314,77
11,PPF44Q2B,7,5,GYM3,90
11,SCF88QQ3,2,5,229,65
11,EEFGGQQC,2,5,250,80
10,MRF44,11,5,223,79
12,SHF82H,2,5,228,96
10,SCF44QG,3,5,231,65
10,MRF44,12,5,211,77
11,MKFC8UCT,2,5,106,87
12,MPF44UQJ,2,5,208,94
9,PHF44H2,4,5,B17,93
9,PPF44Q3G,7,5,GYM2,100
10,MRF44QGF,2,5,105,85
10,SDF44HWE,2,5,328B,94
9,MRF44H,12,5,211,93
12,SCF87UQD,1,5,141,87
11,SCF88QQ2,2,5,229,85
9,EEFGCQF,2,5,348,70
10,EEF88HG,6,5,346,98
11,EEF88QW,2,5,246,69
12,SCF87UQD,1,5,141,65
9,HGF87HGD,6,5,311,92
9,HFF44HQB,2,5,315,98
9,EEFG4HG,4,5,336,100
11,EEFGGQTF,2,5,249,65
12,PGF44Q2C,4,5,GYM1,80
12,SPF88HQ3,1,5,226,94
11,AUFC8UAT,2,5,204,90
10,EEF88,5,5,331,70
12,SCF44QT,3,5,231,70
9,HGF87QQD,4,5,314,87
9,MEF44,4,5,214,85
9,MKF44H,2,5,108,90
10,MRF44QG,6,5,104,71
10,SCF84QGF,2,5,139,81
9,SHF82,2,5,228,80
11,MRF44QT,7,5,221,68
9,HGF88HWD,1,5,307,90
9,FSFC4H,7,5,122,95
9,HGF88QTD,2,5,324,65
9,EEF84QF,2,5,334B,68
12,PQF44Q2Y,5,5,251,100
12,PQF44Q3Y,5,5,251,100
12,EEFGGUGJ,2,5,B6,68
9,HGF87HGD,6,5,311,96
9,SCF44QG,3,5,231,65
9,PHF44H2,4,5,B17,100
9,PPF44Q3G,7,5,GYM2,95
9,EEFG4QT,4,5,336,67
12,PPF44Q2B,7,5,GYM3,95
12,PPF44Q3B,8,5,GYM3,90
9,SLF44QG,3,5,238,87
11,PPF44Q3B,8,5,GYM3,90
11,SCF88QQ3,2,5,229,89
9,MEF44QW,1,5,203,66
11,SHFCATM,2,5,327,93
9,HGF88HGD,20,5,313,97
9,HGF88QGD,20,5,313,80
9,PHF44Q2,4,5,B17,80
9,PPF44Q3A,1,5,GYM1,90
9,MEF44,4,5,214,80
11,MKFC8UCT,2,5,106,74
9,EEFG4HG,4,5,336,90
9,MKF44,2,5,108,75
9,MEF88QG,1,5,207,78
9,EEFG4,5,5,126,65
10,EEF88HG,7,5,146,92
9,FSFC4H,7,5,122,91
9,SLF44HG,3,5,238,92
11,PGF44Q3C,4,5,GYM1,80
11,SCF88QQ2,2,5,229,85
9,HGF84QF,2,5,326,76
11,PPF44Q2B,8,5,GYM3,75
9,HGF88QG,1,5,321,70
9,SLF44H,5,5,333,94
9,PHF44Q3,4,5,B17,75
9,PPF44Q2B,8,5,GYM3,95
9,MEF44,4,5,214,70
11,PPF44Q3B,7,5,GYM3,85
10,SCF84QGF,2,5,139,79
9,SHF82H,2,5,228,90
10,MEF88QT,1,5,207,68
9,MEF44QW,1,5,203,65
11,HQFC8UHT,1,5,316,86
11,SHFCATM,2,5,327,65
11,EEFGGQTF,2,5,249,83
9,MEF44,4,5,214,66
9,EEFG4,10,5,349,75
12,MRF44QT,6,5,104,80
9,MEF88QT,1,5,207,82
10,FSFC8,6,5,113,70
9,SCF44H,5,5,138,91
10,MRF44QG,6,5,104,73
12,SCF87UQD,1,5,141,90
11,AUFC8UAT,2,5,204,80
11,EEFGGQGF,2,5,249,85
9,EEFG4HG,4,5,336,90
11,PGF44Q2C,4,5,GYM1,100
11,PGF44Q3C,4,5,GYM1,100
9,HGF88QTD,2,5,324,76
9,HGF88QGD,2,5,324,65
11,HFF44QQB,2,5,315,89
12,SCF87UQD,1,5,141,65
10,EEF88HG,6,5,346,99
9,EEFCCQGD,1,5,350,65
12,MRF44QG,7,5,221,84
9,HGF84QF,2,5,326,83
12,PPF44Q2G,7,5,GYM2,100
11,EEFCCQTD,1,5,350,65
9,MRF44,11,5,223,76
9,MEF44,4,5,214,75
9,EEFG4,5,5,126,70
10,MRF44,11,5,223,78
9,PHF44Q3,4,5,B17,75
9,PPF44Q2G,7,5,GYM2,75
11,PGF44Q2C,4,5,GYM1,100
11,PGF44Q3C,4,5,GYM1,100
9,HGF87QQD,4,5,314,82
9,EEFG4,10,5,349,65
9,MEF44,4,5,214,85
9,HGF88QGD,2,5,324,65
11,SDF44HTE,1,5,247,90
11,SDF44HTE,1,5,247,90
12,HPF44X,1,5,323,98
11,HFF44HQB,2,5,315,98
11,SHFCATM,2,5,327,100
12,MRF44QTF,2,5,105,86
9,PHF44Q2,4,5,B17,86
9,PPF44Q3G,7,5,GYM2,100
10,SCF84QGF,2,5,139,66
12,MRF44QTF,2,5,105,74
12,PQF44Q2Y,5,5,251,100
12,PQF44Q3Y,5,5,251,100
9,SCF44,5,5,138,78
11,SCF44QT,3,5,231,73
11,ULFC8TP,1,5,232,77
11,EEF88QG,7,5,146,88
11,MKFC8UCT,2,5,106,69
12,PPF44Q2B,7,5,GYM3,85
12,PPF44Q3B,7,5,GYM3,80
12,SCF87UQD,1,5,141,93
11,MKFC8UCT,2,5,106,80
12,PGF44Q3C,4,5,GYM1,80
12,PPF44Q2G,7,5,GYM2,98
11,ULFC4TP,3,5,B39,80
9,SHF82H,2,5,228,90
9,EEFGCQF,2,5,348,65
9,FSFC4,7,5,122,65
10,HFF44QGB,2,5,334A,78
10,ULFC4TP,3,5,B39,80
11,EEFGGQQC,2,5,250,82
10,EEF88QG,6,5,346,89
10,AUFC8UAT,2,5,204,80
9,SLF44H,5,5,333,94
9,HGF88QGD,20,5,313,88
12,HPF44X,1,5,323,75
12,MPF44UQS,2,5,205,65
12,SCF87UQD,1,5,141,91
9,FSFC8,6,5,113,80
12,SPF87UQD,1,5,332,100
9,SLF44H,5,5,333,90
12,SPF87UQD,1,5,332,100
9,EEFGCQF,2,5,348,73
9,HGF88HTD,20,5,313,95
9,MEF44H,4,5,214,99
9,EEFG4,10,5,349,70
10,MRF44,12,5,211,80
9,SHFC2TM,2,5,248,95
10,HFF44QQB,2,5,315,76
10,SHF82,2,5,228,79
9,PPF44Q2B,8,5,GYM3,90
9,PPF44Q3B,8,5,GYM3,90
12,EEFGGHGF,2,5,249,92
9,HGF88QGD,20,5,313,83
9,HGF84QF,2,5,326,88
11,HRF44XA,2,5,225,80
10,PHF44Q3,4,5,B17,65
10,PPF44Q2B,7,5,GYM3,80
12,SCF87UQD,1,5,141,95
11,FJFCCU,20,5,124,89
9,HGF88QTD,2,5,324,73
9,HGF88QTD,20,5,313,75
9,SDF44QWE,2,5,328B,71
9,HGF84QF,2,5,326,72
11,EEFGGQQC,2,5,250,65
12,MPF44UQJ,2,5,208,97
12,HQFC8UHT,1,5,316,96
11,MRF44,12,5,211,85
9,HGF87QTD,6,5,311,65
10,MRF44QG,7,5,221,70
11,FSFC8H,6,5,113,95
12,EEFGGUGJ,2,5,B6,65
11,MPF44UQJ,2,5,208,65
11,PGF44Q2C,4,5,GYM1,75
11,SCF88QQ3,2,5,229,65
9,EEFG4,10,5,349,80
11,SHF82,2,5,228,86
10,MRF44QG,7,5,221,65
9,SLF44,4,5,213,72
12,HPF44X,1,5,323,95
9,FSFC8,6,5,113,76
11,SHFCATM,2,5,327,66
9,SHFC2TM,2,5,248,85
9,EEFCCQGD,1,5,350,87
11,AUFC8UAT,2,5,204,76
9,HGF84QF,2,5,326,73
9,FSFC4,7,5,122,83
11,HFF44QGB,2,5,334A,85
10,SCF44,5,5,138,87
12,EEFGGUQX,2,5,347,93
12,MRF44HG,6,5,104,92
10,EEFCCQGD,1,5,350,65
12,SPF87UQD,1,5,332,100
9,HGF88QGD,2,5,324,70
10,HFF44QGB,2,5,334A,86
11,EEFGGUGJ,2,5,B6,85
9,HGF87QQD,4,5,314,87
9,EEFGCQF,2,5,348,74
12,HGF84QF,2,5,326,81
9,SLF44H,5,5,333,90
11,EEFCCQTD,1,5,350,65
9,PGF44Q2C,4,5,GYM1,100
9,PGF44Q3C,4,5,GYM1,100
9,SLF44HGF,21,5,338,94
9,SCF44QG,3,5,231,86
10,HFF44QGB,2,5,334A,71
9,MEF44H,4,5,214,91
9,EEFG4H,10,5,349,98
9,SHF82H,2,5,228,95
9,HGF87HGD,6,5,311,90
11,PPF44Q2B,8,5,GYM3,95
11,PPF44Q3B,7,5,GYM3,98
11,HQFC8UHT,1,5,316,90
11,PPF44Q2B,7,5,GYM3,90
10,MRF44,12,5,211,65
10,ULFC4TP,3,5,B39,83
9,EEFG4,10,5,349,79
12,SPF87UQD,1,5,332,100
10,ULFC4TP,3,5,B39,97
10,SCF44QT,3,5,231,80
9,PPF44Q2G,7,5,GYM2,98
9,PPF44Q3G,7,5,GYM2,100
9,FSFC4H,7,5,122,94
9,HGF87QTD,6,5,311,80
10,MRF44QT,6,5,104,81
10,HFF44HGB,2,5,334A,92
9,SLF44QT,3,5,238,67
10,MRF44,11,5,223,88
10,SCF44,5,5,138,84
12,MPF44UQS,2,5,205,65
10,FSFC8,6,5,113,73
9,EEF88QT,6,5,346,80
9,SLF44H,5,5,333,90
11,EEFCCQTD,1,5,350,75
11,EEFGGUWF,1,5,330,78
9,MEF44H,4,5,214,95
9,HGF84QF,2,5,326,65
11,HGF84QF,2,5,326,66
10,MRF44QG,6,5,104,65
11,SDF44QGE,1,5,247,89
12,MPF44UQS,2,5,205,75
9,FSFC8,6,5,113,70
11,SDF44HWE,2,5,328B,92
9,PHF44H2,4,5,B17,100
9,PPF44Q3B,7,5,GYM3,98
11,EEF88QT,6,5,346,65
11,MEF44QW,1,5,203,67
12,FJFCCU,20,5,124,75
12,EEFGGQQC,2,5,250,81
11,MKFC8UCT,2,5,106,66
9,SHFC2TM,2,5,248,90
9,SHF82H,2,5,228,97
12,EEFGGUQX,2,5,347,90
9,SHF82H,2,5,228,98
9,EEFG4,10,5,349,65
9,EEFG4,5,5,126,80
9,HGF87QGD,6,5,311,80
9,HGF88QQD,8,5,341,68
10,PPF44Q3B,7,5,GYM3,90
10,SCF88QQ2,2,5,229,88
9,SHF82H,2,5,228,100
12,PPF44Q2B,7,5,GYM3,95
10,HFF44HGB,2,5,334A,92
12,PPF44Q2B,7,5,GYM3,90
12,PPF44Q3B,7,5,GYM3,90
10,MRF44QW,1,5,219,85
12,SQF44QQY,5,5,233,100
11,HPF44X,1,5,323,99
10,EEFCCQTD,1,5,350,81
11,SDF44QWE,2,5,328B,86
10,EEF88H,5,5,331,90
10,EEF88HG,6,5,346,96
9,EEFGGUWF,1,5,330,87
11,ULFC8TP,1,5,232,91
10,MRF44QG,7,5,221,75
10,MRF44QG,6,5,104,83
9,SHF82H,2,5,228,100
12,PPF44Q2B,7,5,GYM3,90
12,PPF44Q3B,7,5,GYM3,90
9,SLF44,4,5,213,85
9,HFF44HQB,2,5,315,92
9,HFF44QTB,2,5,334A,75
11,EEFGGQTF,2,5,249,67
11,SHFCATM,2,5,327,100
11,EEFCCQGD,1,5,350,70
9,EEFGGUWF,1,5,330,65
12,ULFC8TP,1,5,232,98
11,HRF44XA,2,5,225,90
9,EEFCCQGD,1,5,350,65
9,HGF88QGD,20,5,313,86
9,PHF44H3,4,5,B17,91
9,PPF44Q2B,8,5,GYM3,90
12,MPF44UQJ,2,5,208,88
12,EEFGGQGF,2,5,249,78
9,SCF44,5,5,138,86
9,EEFGCQFW,2,5,348,72
9,PPF44Q2B,8,5,GYM3,90
9,PPF44Q3B,7,5,GYM3,70
9,HGF88QGD,20,5,313,70
9,FSFC4,7,5,122,65
10,SCF84QTF,2,5,139,69
9,PHF44Q3,4,5,B17,85
9,PPF44Q2B,7,5,GYM3,98
12,MPF44UQS,2,5,205,98
10,MGF88HQ2,5,5,226,92
10,EEF88,5,5,331,72
12,MPF44UQS,2,5,205,66
11,EEFGGUQV,3,5,335,84
12,PPF44Q2B,8,5,GYM3,90
12,PPF44Q3B,8,5,GYM3,90
11,SPF87UQD,1,5,332,95
12,SCF87UQD,1,5,141,77
12,EEFGGUQX,2,5,347,86
9,FSFC8,6,5,113,85
12,MPF44UQS,2,5,205,67
11,AUFC8UAT,2,5,204,92
9,SHF82,2,5,228,83
9,EEFG4,5,5,126,75
12,SCF87UQD,1,5,141,85
10,EEF88,5,5,331,83
12,PPF44Q2G,7,5,GYM2,100
10,SCF84QTF,2,5,139,86
9,MEF88QG,1,5,207,75
9,SCF44HG,3,5,231,90
9,EEFG4H,5,5,126,94
10,HFF44QGB,2,5,334A,80
9,HGF87HQD,4,5,314,93
12,PGF44Q2C,4,5,GYM1,70
12,PGF44Q3C,4,5,GYM1,65
9,SHFC2TM,2,5,248,65
11,SHFCATM,2,5,327,85
11,PGF44Q2C,4,5,GYM1,65
11,PPF44Q3B,8,5,GYM3,65
10,SCF44QG,3,5,231,87
11,SDF44QGE,1,5,247,78
12,SHFCATM,2,5,327,88
9,FSFC4,7,5,122,71
11,SPF87UQD,1,5,332,100
10,EEF88,5,5,331,72
12,MPF44UQS,2,5,205,67
9,HGF88QQD,8,5,341,80
11,HQFC8UHT,1,5,316,89
12,MPF44UQS,2,5,205,68
9,MEF44QW,1,5,203,66
11,EEF88QT,7,5,146,76
9,MKF44,2,5,108,85
12,PGF44Q2C,4,5,GYM1,70
12,PPF44Q3G,7,5,GYM2,80
12,SCF87UQD,1,5,141,68
11,HRF44XA,2,5,225,90
11,HQFC8UHT,1,5,316,94
9,SLF44HT,3,5,238,90
12,MPF44UQS,2,5,205,97
9,HGF87QTD,6,5,311,75
9,EEFG4,5,5,126,80
9,SDF44QWE,2,5,328B,82
9,HGF87HQD,4,5,314,98
11,EEFGGQQC,2,5,250,88
9,HGF88QGD,20,5,313,86
12,EEF88QG,7,5,146,79
9,EEFCCQGD,1,5,350,87
11,PPF44Q2B,8,5,GYM3,90
11,PPF44Q3B,7,5,GYM3,80
11,EEFGGUQV,3,5,335,65
9,SHF82H,2,5,228,98
11,MRF44QT,6,5,104,65
9,SHF82,2,5,228,87
10,SCF84QGF,2,5,139,68
9,SLF44H,5,5,333,92
10,EEF88QT,6,5,346,81
11,MRF44QGF,2,5,105,81
12,HQF44QQY,5,5,317,65
9,MEF44QW,1,5,203,80
12,AUFC8UAT,2,5,204,85
10,MRF44QT,6,5,104,65
10,SCF44,5,5,138,65
10,SCF44QG,3,5,231,65
9,HGF84QF,2,5,326,65
9,EEF88,5,5,331,65
11,AUFC8UAT,2,5,204,87
9,FSFC4,7,5,122,79
9,HGF88QGD,20,5,313,80
11,SDF44HGE,1,5,247,93
9,EEFG4QG,4,5,336,85
12,PGF44Q2C,4,5,GYM1,65
10,ULFC4TP,3,5,B39,95
10,EEF88QG,6,5,346,66
10,FJFC8,1,5,124,69
11,EEF88QT,7,5,146,82
9,SLF44QGF,21,5,338,78
11,ULFC8TP,1,5,232,83
9,SHF82H,2,5,228,92
9,HGF88QGD,20,5,313,67
9,EEFG4,5,5,126,65
10,ULFC4TP,3,5,B39,93
11,MPF44UQJ,2,5,208,65
11,SDF44HTE,1,5,247,95
9,PHF44Q3,4,5,B17,82
9,PPF44Q2B,8,5,GYM3,90
12,PGF44Q2C,4,5,GYM1,80
12,PQF44Q3Y,5,5,251,100
12,MPF44UQJ,2,5,208,85
12,ULFC8TP,1,5,232,77
10,MRF44QW,1,5,219,75
9,EEFGCQF,2,5,348,65
9,SHFC2TM,2,5,248,100
11,PPF44Q2B,7,5,GYM3,90
11,PPF44Q3B,7,5,GYM3,98
9,FSFC4H,7,5,122,92
9,HGF87QGD,6,5,311,70
9,MEF44,4,5,214,78
9,HGF87QGD,6,5,311,80
11,SDF44HTE,1,5,247,90
11,MRF44QT,7,5,221,75
11,EEFGGUWF,1,5,330,81
11,HQFC8UHT,1,5,316,93
12,EQF44QQY,5,5,328,100
11,MPF44UQJ,2,5,208,88
10,EEF88,5,5,331,75
10,FSFC8,6,5,113,80
10,EEF88QT,6,5,346,85
12,ULFC8TP,1,5,232,88
11,ULFC4TP,3,5,B39,88
9,SLF44,5,5,333,76
11,SHFC2TM,2,5,248,75
9,EEFG4,10,5,349,80
9,SLF44QT,3,5,238,80
11,SDF44QTE,1,5,247,75
12,PGF44Q3C,4,5,GYM1,90
12,PPF44Q2G,7,5,GYM2,100
10,FSFC8,6,5,113,65
10,SCF44QG,3,5,231,75
11,EEFGGUQV,3,5,335,65
12,PPF44Q3B,8,5,GYM3,90
11,ULFC8TP,1,5,232,94
10,EEFCCQGD,1,5,350,84
11,SCF88QQ3,2,5,229,77
9,FSFC8,6,5,113,65
9,SLF44QT,3,5,238,65
10,SCF84QGF,2,5,139,76
9,MKF44,2,5,108,85
10,MRF44,11,5,223,87
11,MPF44UQJ,2,5,208,65
12,PGF44Q2C,4,5,GYM1,80
12,SCF88QQ3,2,5,229,65
10,SCF84QTF,2,5,139,78
10,EEFCCQTD,1,5,350,65
11,PPF44Q3G,7,5,GYM2,92
9,SLF44,5,5,333,89
9,SHFC2TM,2,5,248,95
12,SDF44QGE,1,5,247,88
12,PQF44Q2Y,5,5,251,100
12,PQF44Q3Y,5,5,251,100
12,PGF44Q2C,4,5,GYM1,90
12,PPF44Q3G,7,5,GYM2,95
10,FJFC8,1,5,124,88
10,PPF44Q2G,7,5,GYM2,87
11,HQFC8UHT,1,5,316,90
11,EEFCCQTD,1,5,350,86
9,EEFG4,10,5,349,65
11,EEFGGQGF,2,5,249,81
10,PPF44Q2B,7,5,GYM3,98
10,PPF44Q3B,8,5,GYM3,90
12,ULFC8TP,1,5,232,91
11,EEFCCQGD,1,5,350,87
12,EEFGGQQC,2,5,250,69
11,EEF88,5,5,331,65
12,PQF44Q2Y,5,5,251,100
12,PQF44Q3Y,5,5,251,100
9,EEF88,5,5,331,78
11,SPF87UQD,1,5,332,87
12,PGF44Q2C,4,5,GYM1,95
12,PPF44Q3B,7,5,GYM3,85
11,PPF44Q3B,7,5,GYM3,85
11,SCF88QQ2,2,5,229,72
9,SLF44,4,5,213,85
10,ULFC4TP,3,5,B39,88
11,AUFC8UAT,2,5,204,98
9,HGF87QGD,6,5,311,75
9,SLF44QG,3,5,238,66
9,SLF44,4,5,213,84
10,EEF88QG,6,5,346,88
9,SLF44QG,3,5,238,88
11,AUFC8UAT,2,5,204,93
11,PGF44Q3C,4,5,GYM1,70
11,SCF88QQ2,2,5,229,68
9,EEFG4HG,4,5,336,95
12,HPF44X,1,5,323,98
12,MKFC8UCT,2,5,106,91
12,PPF44Q2B,7,5,GYM3,90
12,SPF88HQ3,1,5,226,92
12,PPF44Q2G,7,5,GYM2,100
12,PPF44Q3G,7,5,GYM2,95
9,SLF44,5,5,333,84
12,SPF87UQD,1,5,332,95
11,MPF44UQJ,2,5,208,99
11,PPF44Q3B,7,5,GYM3,85
11,SPF87UQD,1,5,332,95
9,MKF44,2,5,108,83
10,MEF88QG,1,5,207,69
11,MKFC8UCT,2,5,106,86
9,HGF88QGD,20,5,313,82
9,EEFG4HG,4,5,336,90
11,EEFCCQTD,1,5,350,65
12,PGF44Q2C,4,5,GYM1,95
12,PGF44Q3C,4,5,GYM1,80
12,ULFC8TP,1,5,232,100
11,SHFCATM,2,5,327,73
9,HGF84QF,2,5,326,65
9,EEFGCQF,2,5,348,67
11,HQFC8UHT,1,5,316,91
12,SCF87UQD,1,5,141,96
10,HFF44QQB,2,5,315,65
12,HRF44XA,2,5,225,91
12,MPF44UQS,2,5,205,75
9,PHF44H2,4,5,B17,99
9,PPF44Q3B,8,5,GYM3,90
9,HGF88QGD,2,5,324,72
12,PPF44Q2B,8,5,GYM3,90
12,PPF44Q3B,8,5,GYM3,90
12,EEFGGHQC,2,5,250,97
11,SCF44QG,3,5,231,65
9,EEFG4H,5,5,126,95
12,EEFGGUQX,2,5,347,80
10,HFF44QQB,2,5,315,85
12,FQF44QQY,5,5,216,88
12,PGF44Q2C,4,5,GYM1,80
12,PPF44Q3B,8,5,GYM3,90
10,PGF44Q2C,4,5,GYM1,85
10,SCF88QQ3,2,5,229,65
9,PHF44Q2,4,5,B17,88
9,PPF44Q3B,8,5,GYM3,90
10,MRF44HG,6,5,104,95
12,ULFC4TP,3,5,B39,88
9,HGF88QTD,20,5,313,80
9,MEF44H,4,5,214,95
9,SCF44,5,5,138,74
10,EEF88QG,7,5,146,88
12,HPF44X,1,5,323,99
10,MRF44H,12,5,211,96
10,MRF44,12,5,211,75
10,EEF88,5,5,331,80
11,FJFCCU,20,5,124,68
9,SLF44QT,3,5,238,70
9,HGF87QQD,4,5,314,87
9,SLF44,5,5,333,72
12,MPF44UQS,2,5,205,65
10,SCF84HGF,2,5,139,96
12,PPF44Q2B,8,5,GYM3,90
12,PPF44Q3B,8,5,GYM3,90
12,PGF44Q3C,4,5,GYM1,65
12,PQF44Q2Y,5,5,251,100
12,MKFC8UCT,2,5,106,97
10,MRF44,11,5,223,88
11,HQFC8UHT,1,5,316,97
11,PPF44Q2B,8,5,GYM3,90
11,PPF44Q3B,8,5,GYM3,90
11,FQF44QQY,5,5,216,79
9,HGF88HQD,8,5,341,94
9,MRF44HGF,2,5,105,94
12,EEFGGUQX,2,5,347,88
12,PPF44Q2G,7,5,GYM2,98
12,PPF44Q3G,7,5,GYM2,95
9,HGF88QWD,1,5,307,65
11,EEFGGUTJ,2,5,B6,96
10,MRF44HG,7,5,221,90
10,FJFC8,1,5,124,65
10,PPF44Q2B,8,5,GYM3,90
10,PPF44Q3B,8,5,GYM3,90
10,EEF88,5,5,331,80
10,EEF88QT,7,5,146,65
12,MPF44UQS,2,5,205,65
12,MRF44,12,5,211,67
9,SCF44QG,3,5,231,75
10,FSFC8,6,5,113,65
12,SPF87UQD,1,5,332,85
10,EEF88QT,7,5,146,85
9,SLF44H,4,5,213,90
12,EEFGGHQC,2,5,250,93
12,EEFGGUQX,2,5,347,67
12,PPF44Q2B,8,5,GYM3,90
12,PPF44Q3B,8,5,GYM3,90
11,SPF87UQD,1,5,332,100
9,MKF44H,2,5,108,96
9,HGF87HQD,4,5,314,92
9,EEFGCQF,2,5,348,84
10,EEF88QT,7,5,146,89
9,FSFC8,6,5,113,65
11,ULFC4TP,3,5,B39,90
10,EEF88QG,7,5,146,85
10,MRF44HG,6,5,104,91
9,PGF44Q3C,4,5,GYM1,100
9,PHF44Q2,4,5,B17,65
10,MRF44QG,7,5,221,76
9,SLF44HGF,21,5,338,92
12,HQF44QQY,5,5,317,98
12,SCF87UQD,1,5,141,83
9,HGF88HGD,20,5,313,90
11,HRF44XA,2,5,225,90
10,EEF88HG,6,5,346,92
12,MPF44UQS,2,5,205,65
9,PHF44H3,4,5,B17,100
9,PPF44Q2B,7,5,GYM3,95
11,EEFGGUTJ,2,5,B6,95
12,HQF44QQY,5,5,317,98
11,EEFGGUTJ,2,5,B6,93
11,FJFCCU,20,5,124,78
9,SHFC2TM,2,5,248,85
12,FJFC8H,1,5,124,95
12,EEF88QW,2,5,246,85
10,MRF44H,12,5,211,98
12,SCF87UQD,1,5,141,80
12,EEFGGUQX,2,5,347,76
12,PGF44Q3C,4,5,GYM1,95
12,PPF44Q2G,7,5,GYM2,100
9,PHF44H2,4,5,B17,97
9,PPF44Q3B,7,5,GYM3,90
10,HFF44QQB,2,5,315,84
11,MRF44H,11,5,223,93
11,SHFCATM,2,5,327,94
10,HFF44HQB,2,5,315,95
10,MEF88QT,1,5,207,86
9,SLF44,4,5,213,89
11,FJFCCU,20,5,124,92
10,MRF44QT,6,5,104,74
9,MKF44,2,5,108,74
10,HFF44HTB,2,5,334A,95
9,SLF44,4,5,213,71
11,EEFGGQGF,2,5,249,81
9,HGF88QGD,20,5,313,72
12,EEFGGUQX,2,5,347,85
12,EEFGGUQX,2,5,347,96
9,SHF82,2,5,228,81
10,MEF88HG,1,5,207,90
11,EEFGGQGF,2,5,249,80
11,PGF44Q2C,4,5,GYM1,100
11,PGF44Q3C,4,5,GYM1,100
10,HFF44HQB,2,5,315,93
12,EEFGGUQX,2,5,347,85
9,EEFG4,5,5,126,85
11,AUFC8UAT,2,5,204,87
12,SQF44QQY,5,5,233,100
9,SLF44HG,3,5,238,96
9,SHF82,2,5,228,89
12,MPF44UQS,2,5,205,78
9,EEFG4H,10,5,349,91
11,EEFGGQTF,2,5,249,65
11,PPF44Q2G,7,5,GYM2,100
11,PPF44Q3G,7,5,GYM2,100
11,MRF44QTF,2,5,105,65
12,MPF44UQS,2,5,205,88
10,HGF88QG,1,5,321,88
10,EEF84QF,2,5,334B,83
11,EEFGGUGJ,2,5,B6,82
11,ULFC4TP,3,5,B39,97
12,SCF87UQD,1,5,141,89
12,MRF44,12,5,211,65
9,PHF44H3,4,5,B17,99
9,PPF44Q2G,7,5,GYM2,100
12,MRF44,12,5,211,65
10,HFF44QQB,2,5,315,82
10,MEF88HG,1,5,207,95
11,HRF44XA,2,5,225,94
9,HGF88QGD,2,5,324,65
9,SCF84QTF,2,5,139,69
12,MQF44QQY,5,5,204A,100
11,MRF44QG,7,5,221,65
11,HQFC8UHT,1,5,316,92
10,FJFC8H,1,5,124,95
10,HFF44QQB,2,5,315,65
9,PHF44Q2,4,5,B17,87
9,PPF44Q3B,7,5,GYM3,98
12,SCF44QT,3,5,231,85
11,EEFGGQTF,2,5,249,85
12,PGF44Q3C,4,5,GYM1,80
12,SPF87UQD,1,5,332,100
11,SHFCATM,2,5,327,100
12,EEFGGQGF,2,5,249,65
10,SCF44,5,5,138,78
10,HFF44QGB,2,5,334A,75
9,SLF44QG,3,5,238,83
9,HGF88QQD,8,5,341,86
10,ULFC4TP,3,5,B39,81
12,HPF44X,1,5,323,97
9,MEF44,4,5,214,88
12,SPF87UQD,1,5,332,85
9,SHF82,2,5,228,76
9,SLF44,4,5,213,83
9,EEFG4,5,5,126,65
11,SHFCATM,2,5,327,100
11,EEF84QFW,2,5,334B,65
9,EEFG4,10,5,349,65
12,MRF44QG,6,5,104,86
12,HQF44QQY,5,5,317,98
9,SLF44,4,5,213,85
10,HFF44HGB,2,5,334A,90
9,EEFG4QT,4,5,336,74
9,SHFC2TM,2,5,248,100
9,SLF44,5,5,333,86
9,PPF44Q2A,1,5,GYM1,65
9,PPF44Q3A,1,5,GYM1,65
12,SCF87UQD,1,5,141,75
9,SHF82,2,5,228,66
9,PHF44Q3,4,5,B17,80
9,PPF44Q2B,7,5,GYM3,95
12,SCF87UQD,1,5,141,87
11,SCF88QQ3,2,5,229,88
11,ULFC8TP,1,5,232,94
12,SCF87UQD,1,5,141,79
9,PHF44Q3,4,5,B17,83
9,PPF44Q2B,8,5,GYM3,90
9,HGF88QQD,8,5,341,86
11,MRF44HTF,2,5,105,93
12,MKFC8UCT,2,5,106,65
10,MEF88QG,1,5,207,80
9,EEFGCQF,2,5,348,79
9,SHF82H,2,5,228,96
10,EEF88HT,7,5,146,90
9,FSFC8H,6,5,113,100
10,MRF44,11,5,223,74
9,EEFG4HG,4,5,336,90
9,SLF44H,5,5,333,99
12,MRF44QTF,2,5,105,85
10,SHFCATM,2,5,327,81
11,EEFGGUQV,3,5,335,90
11,SCF44QT,3,5,231,65
12,PPF44Q2B,7,5,GYM3,70
9,PHF44Q3,4,5,B17,82
9,PPF44Q2B,7,5,GYM3,98
9,EEFG4H,10,5,349,95
9,HGF87QQD,4,5,314,84
9,HGF84QF,2,5,326,84
9,HGF88HG,1,5,321,95
9,HGF88QWD,1,5,307,80
12,HRF44XA,2,5,225,92
10,ULFC8TP,1,5,232,65
11,PPF44Q2B,8,5,GYM3,75
11,PPF44Q3B,8,5,GYM3,75
11,PPF44Q2G,7,5,GYM2,88
11,PPF44Q3G,7,5,GYM2,90
12,SCF87UQD,1,5,141,66
9,EEFG4,5,5,126,65
9,SLF44H,4,5,213,96
9,MKF44,2,5,108,65
10,ULFC4TP,3,5,B39,89
9,HGF88QTD,2,5,324,88
10,SDF44QTE,1,5,247,65
12,EEF84QF,2,5,334B,80
10,SCF44H,5,5,138,93
11,EEFGGUGJ,2,5,B6,94
9,HGF87HQD,4,5,314,93
9,HGF88HQD,8,5,341,93
9,EEFG4HG,4,5,336,90
11,MKFC8UCT,2,5,106,89
9,HGF84QF,2,5,326,67
12,PGF44Q2C,4,5,GYM1,85
11,MRF44,11,5,223,88
11,MKFC8UCT,2,5,106,66
10,SCF44,5,5,138,88
9,HGF88QTD,20,5,313,70
11,HFF44HQB,2,5,315,99
10,EEFGCQF,2,5,348,78
11,SHFCATM,2,5,327,71
9,FSFC8,6,5,113,65
9,SHF82,2,5,228,83
9,EEF88QT,7,5,146,84
9,SLF44QGF,21,5,338,65
10,EEF88HG,6,5,346,90
10,MRF44QT,6,5,104,75
11,FJFCCU,20,5,124,90
10,SCF44QT,3,5,231,85
9,HGF88QGD,2,5,324,70
11,EEFGGUWF,1,5,330,84
12,MRF44,11,5,223,75
9,EEFG4,10,5,349,74
9,SHF82,2,5,228,78
11,EEFCCQTD,1,5,350,65
9,MEF44QW,1,5,203,85
12,MRF44QGF,2,5,105,85
11,MRF44,11,5,223,82
10,FSFC8,6,5,113,87
10,MRF44,11,5,223,87
9,EEFG4H,5,5,126,91
9,HGF88QWD,1,5,307,70
9,EEFG4,5,5,126,80
11,EEF84QF,2,5,334B,83
9,PHF44H2,4,5,B17,96
9,PPF44Q3G,7,5,GYM2,95
12,EEF88,5,5,331,66
11,HRF44XA,2,5,225,90
9,SLF44H,5,5,333,100
9,EEF84QF,2,5,334B,68
9,MEF44,4,5,214,81
10,FSFC8H,6,5,113,91
10,MRF44H,11,5,223,98
12,EEFCCHGD,1,5,350,95
11,SDF44HGE,1,5,247,95
10,MEF88QT,1,5,207,81
10,SCF44QG,3,5,231,65
11,PGF44Q2C,4,5,GYM1,80
11,SCF88QQ3,2,5,229,65
9,HGF88QQD,8,5,341,85
9,SLF44,5,5,333,88
10,EEF88H,5,5,331,90
9,HGF88QGD,20,5,313,82
9,EEFG4,10,5,349,83
10,EEFGCQF,2,5,348,85
12,HRF44XA,2,5,225,92
12,SPF87UQD,1,5,332,100
12,EEFGGUQX,2,5,347,72
12,MQF44QQY,5,5,204A,100
11,EEFGGHQC,2,5,250,99
12,SQF44QQY,5,5,233,80
11,SDF44QGE,1,5,247,80
12,MPF44UQS,2,5,205,98
10,MRF44QG,6,5,104,80
9,MRF44H,11,5,223,90
10,MRF44QGF,2,5,105,65
9,HGF84QF,2,5,326,70
12,PGF44Q2C,4,5,GYM1,80
12,PGF44Q3C,4,5,GYM1,80
9,HGF88QQD,8,5,341,83
12,SCF87UQD,1,5,141,90
12,EEFGGUGJ,2,5,B6,65
9,EEFGCQF,2,5,348,77
11,SCF44HG,3,5,231,100
9,MEF44H,4,5,214,90
11,MPF44UQJ,2,5,208,96
11,MKF44,2,5,108,80
11,PPF44Q2B,7,5,GYM3,65
11,PPF44Q3B,8,5,GYM3,65
9,SCF44,5,5,138,85
12,FJFC8H,1,5,124,98
10,SCF44H,5,5,138,90
9,HGF88HG,1,5,321,92
11,PPF44Q2G,7,5,GYM2,75
11,PPF44Q3G,7,5,GYM2,72
10,EEF88QT,7,5,146,88
9,PHF44H2,4,5,B17,92
9,PPF44Q3B,8,5,GYM3,90
9,PHF44Q2,4,5,B17,80
9,PPF44Q3B,8,5,GYM3,90
9,PHF44Q2,4,5,B17,80
9,PPF44Q3G,7,5,GYM2,100
12,SQF44QQY,5,5,233,100
11,EEFGGHQC,2,5,250,94
10,SCF44,5,5,138,89
12,PQF44Q2Y,5,5,251,100
12,PQF44Q3Y,5,5,251,100
10,SCF44QT,3,5,231,70
12,SPF87UQD,1,5,332,100
9,HGF88HGD,2,5,324,90
11,MKFC8UCT,2,5,106,95
9,HGF87HQD,4,5,314,93
11,EEFGGQQC,2,5,250,72
12,MPF44UQJ,2,5,208,100
11,MRF44HG,6,5,104,95
10,FSFC8,6,5,113,75
11,HGF88QG,1,5,321,65
9,HGF88QQD,8,5,341,65
9,SLF44QGF,21,5,338,73
12,EEF88,5,5,331,66
9,SHF82H,2,5,228,97
9,SLF44H,4,5,213,93
9,EEFG4H,5,5,126,96
12,EEF84QF,2,5,334B,83
10,SCF44QG,3,5,231,89
10,EEF88H,5,5,331,90
11,EEFGGHQC,2,5,250,97
10,PPF44Q2G,7,5,GYM2,85
10,PPF44Q3G,7,5,GYM2,85
12,PQF44Q2Y,5,5,251,100
12,PQF44Q3Y,5,5,251,100
9,FSFC4,7,5,122,89
9,SLF44,4,5,213,88
12,SQF44QQY,5,5,233,100
10,EEF88,5,5,331,78
11,PPF44Q2G,7,5,GYM2,100
11,PPF44Q3G,7,5,GYM2,100
12,HQF44QQY,5,5,317,96
12,PPF44Q3G,7,5,GYM2,85
9,EEFG4HG,4,5,336,93
9,PHF44H3,4,5,B17,100
9,PPF44Q2B,7,5,GYM3,90
12,PPF44Q2B,8,5,GYM3,90
12,PPF44Q3B,7,5,GYM3,98
11,SCF88QQ3,2,5,229,83
10,SCF84QTF,2,5,139,78
11,SHFCATM,2,5,327,100
12,PPF44Q2G,7,5,GYM2,95
12,PPF44Q3G,7,5,GYM2,90
9,PPF44Q2B,7,5,GYM3,98
9,PPF44Q3B,8,5,GYM3,90
10,MRF44QTF,2,5,105,65
10,MRF44H,12,5,211,95
12,HQF44QQY,5,5,317,96
10,EEFGCQF,2,5,348,71
9,MRF44HGF,2,5,105,93
11,EEFGCQF,2,5,348,77
11,SHFCATM,2,5,327,82
11,EEF84QF,2,5,334B,82
9,EEFG4HG,4,5,336,96
9,PHF44Q3,4,5,B17,65
9,PPF44Q2B,7,5,GYM3,90
11,EEF84QF,2,5,334B,80
9,SLF44QGF,21,5,338,77
12,MPF44UQS,2,5,205,75
12,EEFGGHQC,2,5,250,98
11,SHFCATM,2,5,327,94
9,SLF44QG,3,5,238,79
10,EEF88QG,7,5,146,89
11,MRF44,12,5,211,73
12,PQF44Q2Y,5,5,251,100
12,PQF44Q3Y,5,5,251,100
9,MKF44H,2,5,108,96
9,EEF84QF,2,5,334B,73
12,SPF87UQD,1,5,332,100
12,HRF44XA,2,5,225,87
10,EEF88QG,6,5,346,89
11,PPF44Q2B,8,5,GYM3,90
11,PPF44Q3B,8,5,GYM3,90
11,MPF44UQJ,2,5,208,85
9,HGF84QF,2,5,326,65
10,SCF44,5,5,138,70
9,SCF84QGF,2,5,139,78
9,MKF44,2,5,108,83
10,SCF84QGF,2,5,139,79
10,MRF44HG,7,5,221,97
11,EEF84QF,2,5,334B,85
12,PPF44Q2B,7,5,GYM3,90
12,PPF44Q3B,7,5,GYM3,65
10,SCF44,5,5,138,81
12,MKF44QQY,5,5,319,100
11,SHFCATM,2,5,327,86
12,MPF44UQJ,2,5,208,95
9,PHF44Q3,4,5,B17,65
9,PPF44Q2G,7,5,GYM2,100
12,EQF44QQY,5,5,328,100
10,MEF88QG,1,5,207,86
11,FKFCCU,1,6,114,78
10,SCF84QGF,3,6,229,65
9,MRF44,13,6,203,89
11,PGF44Q3C,5,6,GYM1,100
11,SEF88QQ2,2,6,341,82
11,EEFGGUGF,2,6,330,65
9,HUF44QQB,2,6,315,86
9,MKF44,3,6,108,80
11,EEF44UCC,1,6,347,78
9,UEFG4,2,6,227,66
12,MPF44UQS,3,6,104,90
12,SPF88UQD,1,6,332,95
12,MKFCCTC,2,6,106,93
9,FKFC4H,4,6,115,100
11,PGF44Q2C,5,6,GYM1,100
11,SEF88QQ3,2,6,341,85
11,FFFCC,2,6,111,67
9,HGF88QGD,6,6,311,80
11,SPF88UQD,1,6,332,100
11,SPF44,4,6,238,88
12,PPF44Q2G,9,6,GYM2,80
12,SEF88QQ3,2,6,341,80
9,HGF87HQD,20,6,323,95
9,PHF44Q3,5,6,B17,75
9,PPF44Q2B,10,6,GYM3,90
12,PPF44Q2B,9,6,GYM3,90
9,EEFG4HT,5,6,246,95
10,SCF44H,6,6,138,90
9,PHF44H3,5,6,B17,100
9,PPF44Q2G,9,6,GYM2,97
9,SLF44H,6,6,338,92
9,SCF44,6,6,138,87
9,PHF44Q2,5,6,B17,84
9,PPF44Q3B,10,6,GYM3,92
12,FFFCC,2,6,111,81
10,HUF44UQX,4,6,325,87
12,PGF44Q3C,5,6,GYM1,100
11,FSFCCU,5,6,113,100
11,MRF44,13,6,203,74
11,MRF44,15,6,107,73
9,HGF87QQD,20,6,323,70
9,PPF44Q3B,10,6,GYM3,88
9,HUF44QQB,2,6,315,65
10,HFF44QG,1,6,316,84
11,FSFCCU,5,6,113,75
10,FSFC8,7,6,125,65
9,FJFC4,1,6,124,86
10,SCF84QQF,2,6,231,68
10,EEF88HF,1,6,122,99
9,AWF84H,3,6,222,94
12,MPF44UQS,3,6,104,65
9,EEFG4H,6,6,126,95
9,FKFC4H,4,6,115,100
11,PGF44Q3C,5,6,GYM1,80
10,EEF88QG,8,6,146,82
9,HGF87QQD,20,6,323,75
11,PGF44Q2C,5,6,GYM1,90
11,PPF44Q3G,9,6,GYM2,98
11,FFFCCH,2,6,111,92
10,HUF44HQB,2,6,315,94
12,SDF44QTE,2,6,247,70
10,EEF88HG,9,6,346,94
11,FFFCC,2,6,111,65
10,HUF44UQX,4,6,325,82
12,SDF44UVX,3,6,228,95
9,SLF44QW,3,6,350,65
10,EEF88HF,1,6,122,98
9,EEFG4,6,6,126,65
9,HUF44HGB,2,6,334A,90
9,PPF44Q2G,8,6,GYM2,100
9,PPF44Q3G,9,6,GYM2,93
11,SEF88QQ2,2,6,341,70
11,ULFCCTP,2,6,B39,97
9,HGF87QQD,9,6,321,83
9,EEFGGQF,3,6,334B,65
12,ULFCCTP,2,6,B39,97
11,PPF44Q2B,9,6,GYM3,80
11,SEF88QQ3,2,6,341,81
11,UEFGCU,1,6,B27,90
10,PPF44Q3G,8,6,GYM2,75
10,UAF44Q2,4,6,235,66
11,SLF88QQ3,2,6,213,80
10,HUF44QW,1,6,329B,75
12,SDF44UVX,3,6,228,65
10,PPF44Q2G,8,6,GYM2,100
10,UAF44H3,4,6,235,100
9,PHF44H2,5,6,B17,90
9,PPF44Q3G,8,6,GYM2,100
11,HUF44QT,3,6,313,85
10,SCF84QWF,1,6,139,77
11,SDF44QTE,2,6,247,80
9,FKFC4H,4,6,115,91
11,SPF44H,4,6,238,90
12,SPF88UQD,1,6,332,100
10,HUF44QGB,2,6,334A,77
11,PPF44Q3B,10,6,GYM3,95
11,UAF88H2,4,6,235,94
10,SCF84QWF,1,6,139,87
9,HGF88QQD,4,6,314,85
9,PPF44Q2G,9,6,GYM2,75
9,HGF88HGD,6,6,311,94
11,MRF44,13,6,203,84
9,FKFC4H,4,6,115,100
9,MEF44HG,4,6,105,100
9,EEFGGQF,3,6,334B,68
11,PGF44Q3C,5,6,GYM1,65
11,SEF88QQ2,2,6,341,83
9,HUF44QGB,2,6,334A,75
10,PPF44Q2B,10,6,GYM3,90
10,UAF44H3,4,6,235,95
9,UEFG4H,2,6,227,97
12,SHF88U,3,6,327,90
10,FSFCCU,5,6,113,85
12,AUFCCTA,2,6,204,100
11,FKFCCU,1,6,114,65
10,MRF44,14,6,214,89
9,HGF88QQD,4,6,314,66
9,FKFC4,4,6,115,65
12,SDF88TV,3,6,206,97
10,EEFG8HH,1,6,348,94
11,FSF44UQX,2,6,123,92
9,PHF44H2,5,6,B17,92
9,PPF44Q3B,9,6,GYM3,90
10,SCF84QQF,2,6,231,82
9,SCF84QGF,3,6,229,84
12,AUFCCTA,2,6,204,70
11,SDF44UVX,3,6,228,65
10,HUF44UQX,4,6,325,86
9,HGF87QQD,20,6,323,65
9,PPF44Q3B,10,6,GYM3,95
9,UAF44H2,4,6,235,91
9,SCF84QTF,3,6,229,65
9,MEF44QG,4,6,105,89
12,PPF44Q2B,9,6,GYM3,90
12,PPF44Q3B,9,6,GYM3,90
10,SCF84QQF,2,6,231,65
10,EEF88HG,8,6,146,94
9,FKFC4,4,6,115,80
10,EEF88HF,1,6,122,96
11,FSFCCU,5,6,113,75
9,MEF44QG,4,6,105,81
9,HGF88QQD,4,6,314,65
9,PHF44Q2,5,6,B17,87
9,PPF44Q3G,9,6,GYM2,92
11,HUF44QW,1,6,329B,85
10,MKFC4TC,3,6,322,80
9,HGF87QQD,20,6,323,75
11,MGF88QQ3,1,6,211,82
10,EEF88QT,9,6,346,84
12,PGF44Q3C,5,6,GYM1,100
12,SEF88HQ2,2,6,341,92
9,SLF44,6,6,338,65
11,MGF88QQ3,1,6,211,85
11,PPF44Q2B,9,6,GYM3,90
10,SDF44QWE,3,6,328B,81
10,EEFG8QH,1,6,348,79
9,EEFGGQF,3,6,334B,65
11,MRF44,13,6,203,85
12,SDF44HGE,2,6,247,90
10,PGF44Q3C,5,6,GYM1,65
10,SLF88QQ2,2,6,213,69
11,SCF84QQF,2,6,231,80
12,FSF44UQX,2,6,123,100
11,MGF88QQ3,1,6,211,75
11,PGF44Q2C,5,6,GYM1,95
12,SDF88TV,3,6,206,94
9,PHF44H2,5,6,B17,100
9,SLF88HQ3,2,6,213,95
10,EEFG8QH,1,6,348,85
10,HUF44QGB,2,6,334A,80
11,FFFCC,2,6,111,87
10,SCF84QTF,3,6,229,65
12,MKF44QQY,6,6,319,100
12,ULFCCTP,2,6,B39,97
11,SPF44H,4,6,238,90
10,HUF44QG,3,6,313,74
9,SCF84QGF,3,6,229,65
9,HGF88QQD,4,6,314,85
11,SDF44HGE,2,6,247,93
12,SDF44HGE,2,6,247,90
10,PPF44Q2G,8,6,GYM2,95
10,PPF44Q3G,8,6,GYM2,80
10,PPF44Q3B,10,6,GYM3,70
10,SLF88QQ2,2,6,213,86
9,PHF44Q3,5,6,B17,82
9,PPF44Q2B,9,6,GYM3,90
9,HFF44QG,1,6,316,65
12,SBF87UBD,2,6,336,88
9,UEFG4H,2,6,227,94
12,PGF44Q2C,5,6,GYM1,80
12,PGF44Q3C,5,6,GYM1,75
9,HGF87QQD,20,6,323,65
9,MKF44,3,6,108,88
9,HGF88QQD,4,6,314,76
9,UEFG4,2,6,227,77
10,HUF44UQX,4,6,325,86
12,PPF44Q3B,10,6,GYM3,95
12,SEF88HQ2,2,6,341,94
10,SCF84QGF,3,6,229,65
12,PQF44Q2Y,6,6,251,100
12,PQF44Q3Y,6,6,251,100
9,EEFG4QT,5,6,246,80
12,FSF44UQX,2,6,123,65
9,FMFC4H,2,6,215,99
11,EEF44UCC,1,6,347,72
9,FMFC8H,20,6,116,90
9,UEFG4,2,6,227,85
10,EEF88HG,9,6,346,96
9,HUF44QW,1,6,329B,65
11,FFFCC,2,6,111,80
11,UAF44Q3,4,6,235,81
11,SCF84QGF,3,6,229,68
9,EEFGGQFT,3,6,334B,65
12,SDF44HTE,2,6,247,90
9,EEFGGQF,3,6,334B,80
11,PGF44Q2C,5,6,GYM1,87
11,PGF44Q3C,5,6,GYM1,78
9,PHF44Q2,5,6,B17,65
9,PPF44Q3G,9,6,GYM2,95
12,PGF44Q2C,5,6,GYM1,95
12,PGF44Q3C,5,6,GYM1,85
9,MRF44H,15,6,107,100
9,HGF87QQD,9,6,321,80
11,SDF44HWE,3,6,328B,90
12,EEFGGQGC,2,6,250,71
10,HUF44QGB,2,6,334A,85
10,SCF44,6,6,138,77
12,FQF44QQY,6,6,216,100
9,MRF44H,15,6,107,95
10,MKFC4TC,3,6,322,90
9,UEFG4,2,6,227,82
12,MGF88QQ2,1,6,211,70
12,UAF88Q3,4,6,235,81
11,SCF84QWF,1,6,139,67
9,PHF44Q2,5,6,B17,75
9,PPF44Q3G,9,6,GYM2,98
10,HUF44QTB,2,6,334A,73
11,FSF44UQX,2,6,123,100
11,EEFGGQTC,2,6,250,70
9,PHF44Q3,5,6,B17,71
9,PPF44Q2B,9,6,GYM3,90
9,UEFG4H,2,6,227,92
10,FSFCCU,5,6,113,90
9,FJFC4,1,6,124,71
11,SDF44QGE,2,6,247,87
10,HUF44UQX,4,6,325,91
10,HUF44QG,3,6,313,82
11,HFF44QT,1,6,316,70
10,EEF88HG,8,6,146,96
10,EEF88QT,9,6,346,86
12,MPF44UQS,3,6,104,88
12,FFFCCH,2,6,111,93
11,SDF44HWE,3,6,328B,90
9,UEFG4,2,6,227,72
9,MKF44,3,6,108,65
11,EEFGGQGC,2,6,250,80
9,PHF44Q2,5,6,B17,65
9,PPF44Q3G,9,6,GYM2,65
12,ULFCCTP,2,6,B39,90
9,PHF44H2,5,6,B17,95
9,PPF44Q3B,9,6,GYM3,90
9,AWF84H,3,6,222,91
12,PGF44Q2C,5,6,GYM1,100
12,PGF44Q3C,5,6,GYM1,100
9,SEF88QQ3,2,6,341,75
9,SLF88QQ2,2,6,213,87
11,EEF88QT,9,6,346,87
9,MKF44,3,6,108,84
9,AWF84,3,6,222,84
10,SCF44,6,6,138,80
12,SPF44,4,6,238,82
12,SQF44QQY,6,6,233,100
10,SCF84HWF,1,6,139,98
12,MKFCCTC,2,6,106,82
10,SHFC6TM,3,6,149,100
12,FQF44QQY,6,6,216,90
10,EEFGGUGF,2,6,330,81
9,HGF87QQD,9,6,321,88
11,MRF44,13,6,203,75
9,FJFC4,1,6,124,73
11,SDF44HGE,2,6,247,93
12,MPF44UQS,3,6,104,96
11,SCF44,6,6,138,65
12,MKFCCTC,2,6,106,82
10,EEF88HG,8,6,146,90
12,PPF44Q2B,9,6,GYM3,65
12,UQF44Q3Y,6,6,216,100
10,EEF88QG,8,6,146,78
12,SDF88TV,3,6,206,98
12,FMF44UQX,4,6,225,93
12,AUFCCTA,2,6,204,90
12,FSF44UQX,2,6,123,100
9,FKFC4,4,6,115,70
9,FJFC4,1,6,124,75
9,HGF88QQD,4,6,314,88
9,SCF84QWF,1,6,139,66
11,FFFCCH,2,6,111,94
12,ANF44X,2,6,B7,94
12,FMF44UQX,4,6,225,71
9,PPF44Q2G,9,6,GYM2,97
9,PPF44Q3G,9,6,GYM2,97
11,SPF44H,4,6,238,98
12,EEFGGHGC,2,6,250,95
10,HUF44HG,3,6,313,90
10,HUF44HTB,2,6,334A,95
9,PPF44Q3G,8,6,GYM2,100
9,UAF44H2,4,6,235,92
12,SCF88UQD,1,6,141,96
9,FMFC4H,2,6,215,100
10,MRF44H,13,6,203,100
12,SDF44UVX,3,6,228,88
9,SCF44,6,6,138,83
10,AUFC4TA,2,6,232,100
9,PPF44Q2G,8,6,GYM2,100
9,EEF88HF,1,6,122,96
12,MKFCCTC,2,6,106,74
9,PPF44Q2B,10,6,GYM3,90
9,PPF44Q3B,10,6,GYM3,92
10,SHFC6TM,3,6,149,100
9,MKF44,3,6,108,65
12,MKFCCTC,2,6,106,79
10,PPF44Q3G,8,6,GYM2,100
10,UAF44H2,4,6,235,94
12,AUFCCTA,2,6,204,98
9,HGF88QGD,6,6,311,70
12,SDF88TV,3,6,206,94
10,HUF44UQX,4,6,325,92
9,HGF88HQD,4,6,314,94
11,FMFCCU,20,6,116,100
11,EEF44UCC,1,6,347,68
9,SCF44,6,6,138,72
9,FMFC4H,2,6,215,90
9,AWF84H,3,6,222,92
12,PGF44Q3C,5,6,GYM1,70
12,PPF44Q2B,9,6,GYM3,80
12,SPF44H,4,6,238,98
12,MKFCCTC,2,6,106,100
11,EEF44UCC,1,6,347,92
12,FJFC4H,1,6,124,97
12,FMF44UQX,4,6,225,89
12,ULFCCTP,2,6,B39,97
10,SCF44,6,6,138,85
11,FMFCCU,20,6,116,99
9,UEFG4,2,6,227,71
9,PPF44Q3B,9,6,GYM3,85
10,EEF88HG,9,6,346,99
9,PHF44H3,5,6,B17,96
9,PPF44Q2G,9,6,GYM2,100
9,EEF88HF,1,6,122,98
11,HUF44HG,3,6,313,90
11,PGF44Q3C,5,6,GYM1,100
11,UAF88H2,4,6,235,99
9,FMFC4,2,6,215,88
10,SCF84QQF,2,6,231,65
11,FFFCC,2,6,111,69
10,FMFC8,20,6,116,80
12,SCF88UQD,1,6,141,70
10,AUFC4TA,2,6,232,99
12,SQF44QQY,6,6,233,100
11,ULFCCTP,2,6,B39,92
10,HUF44HQB,2,6,315,90
11,PGF44Q3C,5,6,GYM1,100
11,UAF88H2,4,6,235,95
12,FMFC4H,2,6,215,98
12,EEF44UCC,1,6,347,90
11,FKFCCU,1,6,114,89
11,MRF44H,15,6,107,100
11,MGF88QQ2,1,6,211,73
11,PPF44Q3B,9,6,GYM3,90
9,HGF87QQD,9,6,321,76
10,HUF44QQB,2,6,315,87
9,AWF84,3,6,222,68
11,FKFCCU,1,6,114,99
11,FKFCCU,1,6,114,99
9,EEFGGQF,3,6,334B,82
12,AUFCCTA,2,6,204,83
10,HUF44UQX,4,6,325,87
11,FKFCCU,1,6,114,99
12,ANF44X,2,6,B7,85
12,EEFGGQTC,2,6,250,88
10,HUF44UQX,4,6,325,86
10,HUF44UQX,4,6,325,80
9,AWF84,3,6,222,73
11,FKFCCU,1,6,114,72
12,FJFC4,1,6,124,65
12,PQF44Q2Y,6,6,251,100
12,PQF44Q3Y,6,6,251,100
9,PPF44Q2G,8,6,GYM2,100
9,UAF44H3,4,6,235,92
12,PPF44Q2G,8,6,GYM2,75
10,HUF44UQX,4,6,325,87
12,ANF44X,2,6,B7,81
9,MKF44,3,6,108,70
12,EEFGGUTF,2,6,330,65
9,SCF84QQF,2,6,231,65
9,UEFG4,2,6,227,65
11,HFF44QT,1,6,316,65
9,SEF88QQ2,2,6,341,70
9,SLF88QQ3,2,6,213,65
12,MKFCCTC,2,6,106,82
10,SHFC6TM,3,6,149,98
10,FSFC8H,7,6,125,90
12,PPF44Q2B,9,6,GYM3,90
12,SEF88QQ3,2,6,341,78
9,HGF88QQD,4,6,314,86
12,PGF44Q2C,5,6,GYM1,100
12,PPF44Q3G,8,6,GYM2,100
9,FKFC4H,4,6,115,90
9,EEFG4,6,6,126,75
9,PPF44Q2B,9,6,GYM3,95
9,PPF44Q3B,9,6,GYM3,95
10,FSFC8,7,6,125,80
11,PPF44Q2G,8,6,GYM2,90
11,SEF88QQ3,2,6,341,74
9,EEFG4QT,5,6,246,65
12,SDF44UVX,3,6,228,88
12,MKF44QQY,6,6,319,100
12,MKFCCTC,2,6,106,80
12,PPF44Q2G,9,6,GYM2,95
12,PQF44Q3Y,6,6,251,100
9,MRF44H,15,6,107,100
10,PPF44Q2G,8,6,GYM2,100
10,UAF44Q3,4,6,235,87
12,MKFCCTC,2,6,106,86
9,MKF44,3,6,108,83
10,HUF44QTB,2,6,334A,84
12,ANF44X,2,6,B7,90
12,UQF44QQY,6,6,216,91
12,SCF88UQD,1,6,141,65
9,HGF88QTD,6,6,311,82
11,PPF44Q3G,9,6,GYM2,90
11,UAF88H2,4,6,235,91
10,HUF44HG,3,6,313,90
12,ULFCCTP,2,6,B39,89
10,HUF44UQX,4,6,325,92
12,AWF84,3,6,222,84
12,SDF88TV,3,6,206,85
12,SDF44UVX,3,6,228,65
10,HUF44UQX,4,6,325,98
10,HFF44HG,1,6,316,93
10,EEF88HG,9,6,346,93
10,FSFC8,7,6,125,85
9,UEFG4H,2,6,227,90
9,PPF44Q2B,10,6,GYM3,95
9,PPF44Q3B,10,6,GYM3,94
12,FFFCCH,2,6,111,90
9,EEF88HF,1,6,122,95
10,AUFC4TA,2,6,232,95
10,SCF44H,6,6,138,93
11,SPF44H,4,6,238,98
12,SCF84QQF,2,6,231,75
12,PPF44Q2G,9,6,GYM2,82
12,PQF44Q3Y,6,6,251,100
9,HGF88QGD,6,6,311,80
9,SCF84QQF,2,6,231,71
10,SCF44,6,6,138,70
10,HFF44QG,1,6,316,85
12,PPF44Q3B,9,6,GYM3,90
12,UAF88H2,4,6,235,97
12,PPF44Q3G,8,6,GYM2,100
10,HUF44UQX,4,6,325,86
9,PPF44Q3B,9,6,GYM3,90
9,UAF44Q2,4,6,235,82
12,UEFGCU,1,6,B27,95
10,HUF44QQB,2,6,315,87
9,UEFG4,2,6,227,68
11,UEFGCU,1,6,B27,95
12,EEF88QG,8,6,146,75
9,HGF87QQD,20,6,323,70
11,SPF44H,4,6,238,96
ST,EEFGGUTF,2,6,330,73
12,FSFCCU,5,6,113,70
10,HUF44UQX,4,6,325,81
11,PPF44Q2B,10,6,GYM3,65
11,SEF88QQ3,2,6,341,70
9,SLF44QW,3,6,350,75
12,ULFCCTP,2,6,B39,94
11,EEF88QT,8,6,146,80
11,ULFCCTP,2,6,B39,97
12,PPF44Q2G,9,6,GYM2,85
10,FSFC8,7,6,125,80
11,EEFGGHGC,2,6,250,94
11,EEF44UCC,1,6,347,80
9,HGF88QGD,6,6,311,85
10,EEFG8QH,1,6,348,81
9,SLF44,6,6,338,80
10,SHFC6TM,3,6,149,85
11,ULFCCTP,2,6,B39,91
9,SCF44,6,6,138,79
12,PPF44Q2B,10,6,GYM3,92
11,SPF88UQD,1,6,332,90
9,PGF44Q2C,5,6,GYM1,80
9,PGF44Q3C,5,6,GYM1,75
9,SCF84QQF,2,6,231,82
10,PPF44Q2G,9,6,GYM2,100
10,PPF44Q3G,9,6,GYM2,100
9,MEF44QG,4,6,105,75
9,UEFG4,2,6,227,68
12,FSF44UQX,2,6,123,100
11,EEFGGQTC,2,6,250,82
11,MGF88QQ2,1,6,211,73
11,FSF44UQX,2,6,123,80
10,EEFG8QH,1,6,348,73
9,SLF44,6,6,338,80
9,HGF87HQD,20,6,323,90
12,PGF44Q3C,5,6,GYM1,100
12,SLF88HQ2,2,6,213,91
9,SLF44H,6,6,338,91
12,AUFCCTA,2,6,204,100
10,MRF44,15,6,107,79
11,SPF44H,4,6,238,100
10,FMFC8H,20,6,116,95
12,PGF44Q2C,5,6,GYM1,100
12,PGF44Q3C,5,6,GYM1,100
12,FMF44UQX,4,6,225,80
12,FMF44UQX,4,6,225,97
9,FMFC4H,2,6,215,100
11,SCF84QTF,3,6,229,65
9,SLF44H,6,6,338,93
10,SPF44H,4,6,238,92
11,PGF44Q3C,5,6,GYM1,65
11,SEF88QQ2,2,6,341,65
9,HGF88QQD,4,6,314,85
12,EEF88HF,1,6,122,95
10,SCF84QGF,3,6,229,66
11,FSFCCU,5,6,113,77
11,AUFC4TA,2,6,232,87
10,SCF44,6,6,138,74
11,SDF44QTE,2,6,247,72
12,FKFCCU,1,6,114,100
11,MGF88QQ3,1,6,211,85
9,UEFG4,2,6,227,71
11,SPF44,4,6,238,84
11,SCF84QQF,2,6,231,65
9,UEFG4,2,6,227,78
11,MRF44,15,6,107,83
10,FSFC8,7,6,125,65
9,FKFC4H,4,6,115,100
9,EEFG4H,6,6,126,97
9,HGF88HQD,4,6,314,90
11,FSF44UQX,2,6,123,98
11,EEFGGQGC,2,6,250,65
11,MGF88QQ3,1,6,211,87
11,PGF44Q2C,5,6,GYM1,85
12,FSFCCU,5,6,113,67
9,PGF44Q3C,5,6,GYM1,65
9,SLF88QQ2,2,6,213,69
9,SLF44,6,6,338,65
11,FSF44UQX,2,6,123,98
12,MPF44UQS,3,6,104,75
12,ULFCCTP,2,6,B39,87
11,AUFC4TA,2,6,232,67
12,SPF88UQD,1,6,332,100
9,EEFG4,6,6,126,80
9,PPF44Q3G,8,6,GYM2,65
9,UAF44Q2,4,6,235,68
11,HFF44QT,1,6,316,85
11,FSF44UQX,2,6,123,76
11,MKFC4TC,3,6,322,75
11,SCF84QWF,1,6,139,65
12,MKFCCTC,2,6,106,94
11,SDF44UVX,3,6,228,81
12,PGF44Q2C,5,6,GYM1,85
12,PGF44Q3C,5,6,GYM1,70
9,EEFG4QT,5,6,246,65
12,FSF44UQX,2,6,123,100
11,SCF88UQD,1,6,141,90
9,EEFG4,6,6,126,80
9,HGF88QQD,4,6,314,88
10,AUFC4TA,2,6,232,100
9,MRF44,13,6,203,88
9,MEF44QT,4,6,105,70
10,PPF44Q2G,8,6,GYM2,100
10,PPF44Q3G,8,6,GYM2,90
11,SBF87UBD,2,6,336,97
11,EEFGGUGF,2,6,330,92
11,SDF44HTE,2,6,247,95
11,SDF44HWE,3,6,328B,93
11,EEFGGQGC,2,6,250,76
10,EEFG8QH,1,6,348,89
10,EEF88HF,1,6,122,97
11,EEFGGQTC,2,6,250,75
11,FSFCCU,5,6,113,92
9,UEFG4H,2,6,227,96
10,HUF44QTB,2,6,334A,88
12,PPF44Q3G,9,6,GYM2,90
11,FSFCCU,5,6,113,92
9,PHF44H3,5,6,B17,96
9,PPF44Q2B,10,6,GYM3,95
10,SCF84QWF,1,6,139,65
10,SPF44,4,6,238,89
12,ULFCCTP,2,6,B39,65
9,AWF84,3,6,222,84
9,PHF44Q3,5,6,B17,85
9,PPF44Q2B,9,6,GYM3,90
11,EEF44UCC,1,6,347,93
10,EEFG8QH,1,6,348,75
11,EEFGGUGF,2,6,330,97
11,SBF87UBD,2,6,336,88
10,MGF88QQ2,1,6,211,70
10,SEF88QQ3,2,6,341,86
9,EEFGGUTF,2,6,330,65
12,SBF87UBD,2,6,336,92
9,HUF44QW,1,6,329B,65
11,SHF88U,3,6,327,85
11,EEFGGUGF,2,6,330,88
10,HFF44QG,1,6,316,65
11,SPF44H,4,6,238,96
9,HGF88QTD,6,6,311,76
12,SHF88U,3,6,327,90
9,MEF44QT,4,6,105,74
12,AUFCCTA,2,6,204,70
12,MGF88QQ2,1,6,211,67
12,SLF88QQ3,2,6,213,85
12,SEF88HQ3,2,6,341,90
12,FSF44UQX,2,6,123,100
10,SCF84QWF,1,6,139,80
10,MGF88QQ3,1,6,211,67
10,PPF44Q2G,9,6,GYM2,98
12,UEFGCU,1,6,B27,80
10,HUF44QQB,2,6,315,70
10,HUF44QQB,2,6,315,65
9,FMFC4,2,6,215,88
11,UEFGCU,1,6,B27,100
10,MKFC4TC,3,6,322,87
9,SLF44QW,3,6,350,65
9,HGF87QQD,20,6,323,85
10,MRF44,14,6,214,85
9,HUF44QTB,2,6,334A,80
12,ULFCCTP,2,6,B39,78
12,MKFCCTC,2,6,106,85
9,EEFGGUTF,2,6,330,67
11,SPF44,4,6,238,88
9,FKFC4,4,6,115,65
12,FMF44UQX,4,6,225,79
9,PPF44Q3G,9,6,GYM2,97
9,UAF44Q2,4,6,235,75
9,UEFG4H,2,6,227,96
12,SLF88QQ2,2,6,213,78
12,ULFCCTP,2,6,B39,71
10,AUFC4TA,2,6,232,80
11,PPF44Q2G,9,6,GYM2,93
11,PPF44Q3G,8,6,GYM2,80
12,UAF44H2,4,6,235,99
12,UAF44H3,4,6,235,99
9,PPF44Q3G,8,6,GYM2,100
9,UAF44H2,4,6,235,92
9,EEFG4,6,6,126,86
9,SLF44,6,6,338,70
9,PHF44Q2,5,6,B17,68
9,PPF44Q3B,10,6,GYM3,95
9,AWF84,3,6,222,68
9,AWF84H,3,6,222,90
10,MKFC4TC,3,6,322,83
11,SDF44UVX,3,6,228,90
9,FMFC4H,2,6,215,99
9,PHF44Q3,5,6,B17,65
9,MEF44QT,4,6,105,88
9,FMFC4H,2,6,215,99
9,PHF44Q2,5,6,B17,65
9,PPF44Q3G,8,6,GYM2,100
11,SLF88QQ3,2,6,213,67
10,EEF88HF,1,6,122,94
12,FMF44UQX,4,6,225,93
11,MGF88QQ3,1,6,211,65
11,PGF44Q2C,5,6,GYM1,75
9,UEFG4,2,6,227,65
9,EEFG4QG,5,6,246,65
11,SPF88UQD,1,6,332,80
11,EEF88QT,8,6,146,83
9,EEFG4H,6,6,126,91
12,MKFC4TC,3,6,322,91
9,EEFGGQFT,3,6,334B,65
10,HUF44UQX,4,6,325,89
9,PHF44Q3,5,6,B17,72
9,PPF44Q2B,9,6,GYM3,90
10,PPF44Q3G,8,6,GYM2,100
10,UAF44H2,4,6,235,100
10,MGF88QQ3,1,6,211,65
10,PPF44Q2B,10,6,GYM3,92
9,HGF88HQD,4,6,314,94
11,PPF44Q2G,8,6,GYM2,100
11,PPF44Q3G,9,6,GYM2,97
12,FJFC4H,1,6,124,92
11,FSFCCU,5,6,113,75
9,PPF44Q2B,9,6,GYM3,90
9,SLF88QQ3,2,6,213,72
12,SDF88TV,3,6,206,90
12,SHF88U,3,6,327,65
9,EEFGGQF,3,6,334B,75
10,HUF44UQX,4,6,325,85
12,SHF88U,3,6,327,90
9,MRF44H,14,6,214,90
9,AWF84,3,6,222,74
11,FFFCC,2,6,111,89
10,EEFG8QH,1,6,348,88
12,SHF88U,3,6,327,100
11,SDF44UVX,3,6,228,94
10,HUF44UQX,4,6,325,89
ST,HFF44QG,1,6,316,80
12,SHF88U,3,6,327,85
10,EEF88QG,9,6,346,82
11,SCF44,6,6,138,71
10,HUF44HQB,2,6,315,91
9,UEFG4,2,6,227,87
12,SPF88UQD,1,6,332,100
12,FSF44UQX,2,6,123,65
9,MKF44,3,6,108,85
11,FKFCCU,1,6,114,65
11,EEFGGUGF,2,6,330,65
9,MKF44,3,6,108,88
10,FSFC8,7,6,125,66
9,HGF88QTD,6,6,311,87
9,HGF88QGD,6,6,311,75
9,PPF44Q2G,8,6,GYM2,100
9,UAF44H3,4,6,235,92
11,PGF44Q2C,5,6,GYM1,65
11,PPF44Q3B,10,6,GYM3,65
10,HUF44HGB,2,6,334A,91
12,PPF44Q3G,9,6,GYM2,100
10,MKFC4TC,3,6,322,68
12,ANF44X,2,6,B7,100
10,HUF44UQX,4,6,325,84
9,MEF44QG,4,6,105,88
12,PPF44Q3G,8,6,GYM2,70
9,HGF87QQD,20,6,323,65
12,SDF88TV,3,6,206,93
9,EEFG4QT,5,6,246,81
12,FSFCCU,5,6,113,90
12,SHF88U,3,6,327,100
9,SLF88QQ3,2,6,213,82
9,UAF44Q2,4,6,235,66
9,SLF44HW,3,6,350,90
11,SDF44UVX,3,6,228,65
11,FSFC8H,7,6,125,100
10,HUF44QGB,2,6,334A,75
12,SBF87UBD,2,6,336,94
11,MRF44,13,6,203,67
9,MKF44,3,6,108,87
11,PPF44Q2G,9,6,GYM2,87
11,PPF44Q3G,9,6,GYM2,88
9,HGF88HQD,4,6,314,98
9,HGF87QQD,20,6,323,70
9,PPF44Q2G,9,6,GYM2,97
9,PPF44Q3G,8,6,GYM2,95
12,ULFCCTP,2,6,B39,89
9,UEFG4,2,6,227,71
9,AWF84,3,6,222,80
9,MEF44QT,4,6,105,78
9,EEFG4H,6,6,126,90
12,FMFCCU,20,6,116,92
12,SDF88TV,3,6,206,75
11,EEF44UCC,1,6,347,84
10,SCF44H,6,6,138,95
10,FSFC8H,7,6,125,96
11,EEF44UCC,1,6,347,97
9,PPF44Q2G,8,6,GYM2,100
9,PPF44Q3G,9,6,GYM2,100
10,EEFGGQF,3,6,334B,65
9,PHF44H2,5,6,B17,97
9,PPF44Q3G,9,6,GYM2,83
11,SEF88QQ2,2,6,341,70
11,UAF88Q3,4,6,235,78
9,UEFG4,2,6,227,76
12,ANF44X,2,6,B7,80
10,SCF84QGF,3,6,229,65
10,HUF44QGB,2,6,334A,81
10,MRF44,14,6,214,86
10,AUFC4TA,2,6,232,100
12,PGF44Q2C,5,6,GYM1,98
12,PGF44Q3C,5,6,GYM1,95
9,FJFC4,1,6,124,87
11,SCF88UQD,1,6,141,73
12,MPF44UQS,3,6,104,65
9,PPF44Q3G,9,6,GYM2,67
9,SLF88QQ2,2,6,213,76
12,FMF44UQX,4,6,225,72
12,FQF44QQY,6,6,216,96
9,MKF44H,3,6,108,95
9,UEFG4H,2,6,227,90
11,FMF44UQX,4,6,225,85
12,EEF44UCC,1,6,347,88
9,UEFG4H,2,6,227,90
9,PPF44Q3G,9,6,GYM2,97
9,SLF88QQ2,2,6,213,84
10,SCF84QGF,3,6,229,65
9,FJFC4,1,6,124,84
9,EEFG4H,6,6,126,94
9,HUF44HW,1,6,329B,90
10,MRF44,15,6,107,82
10,HUF44QTB,2,6,334A,81
10,AUFC4TA,2,6,232,89
9,PPF44Q2G,9,6,GYM2,100
12,PPF44Q2B,9,6,GYM3,85
9,HGF87QQD,20,6,323,80
11,FSFCCU,5,6,113,75
9,EEFGGQFW,3,6,334B,70
10,HGF88QGD,6,6,311,88
10,HUF44HTB,2,6,334A,90
10,HUF44QTB,2,6,334A,81
12,MPF44UQS,3,6,104,93
9,PHF44H2,5,6,B17,99
9,PPF44Q3G,8,6,GYM2,95
12,UEFGCU,1,6,B27,95
11,PGF44Q3C,5,6,GYM1,68
11,UAF88Q2,4,6,235,83
9,SLF44,6,6,338,80
9,PPF44Q2B,10,6,GYM3,65
9,PPF44Q3B,9,6,GYM3,65
11,FSFCCU,5,6,113,65
9,UEFG4,2,6,227,82
12,ANF44X,2,6,B7,93
10,FMFC8H,20,6,116,100
9,EEFG4HG,5,6,246,94
12,SPF88UQD,1,6,332,100
9,SCF84QWF,1,6,139,65
9,EEFGGQF,3,6,334B,83
9,HUF44QW,1,6,329B,70
12,SHF88U,3,6,327,85
9,HGF87QQD,9,6,321,80
10,EEF88HG,8,6,146,92
10,PPF44Q2G,9,6,GYM2,98
10,PPF44Q3G,9,6,GYM2,98
10,EEFGGQF,3,6,334B,68
12,EEF44UCC,1,6,347,91
10,EEF88HF,1,6,122,97
9,FJFC4,1,6,124,80
11,EEF44UCC,1,6,347,95
9,HGF87QQD,20,6,323,80
9,HGF87QQD,9,6,321,78
10,EEFG8HH,1,6,348,96
12,FMF44UQX,4,6,225,89
9,FMFC4H,2,6,215,99
10,HUF44QQB,2,6,315,77
12,SPF88UQD,1,6,332,100
10,PPF44Q2G,9,6,GYM2,100
10,PPF44Q3G,8,6,GYM2,100
ST,EEFGGUTF,2,6,330,76
10,SCF84HQF,2,6,231,95
10,HUF44QG,3,6,313,88
11,PPF44Q2G,9,6,GYM2,95
11,PPF44Q3G,8,6,GYM2,100
10,SCF84HWF,1,6,139,90
11,PPF44Q2G,9,6,GYM2,100
11,PPF44Q3G,9,6,GYM2,100
9,PPF44Q2G,8,6,GYM2,95
10,MRF44H,15,6,107,100
11,SPF44H,4,6,238,96
11,PPF44Q2G,8,6,GYM2,100
11,PPF44Q3G,8,6,GYM2,100
10,SHFC6TM,3,6,149,100
9,EEF88HF,1,6,122,94
9,FMFC4H,2,6,215,98
9,FMFC4H,2,6,215,97
12,EEF88HF,1,6,122,93
12,MKFCCTC,2,6,106,97
10,HUF44UQX,4,6,325,74
12,ULFCCTP,2,6,B39,90
12,UEFGCU,1,6,B27,100
12,MPF44UQS,3,6,104,93
10,EEFGGQF,3,6,334B,78
12,EEFGGUGF,2,6,330,74
12,PPF44Q2G,9,6,GYM2,90
9,FMFC4H,2,6,215,99
12,EEF88HF,1,6,122,95
12,EEF88QT,8,6,146,75
12,MPF44UQS,3,6,104,99
10,HUF44UQX,4,6,325,86
11,FMFCCU,20,6,116,100
12,SCF88UQD,1,6,141,87
12,PPF44Q3G,9,6,GYM2,100
11,SPF44H,4,6,238,97
11,MRF44,13,6,203,80
10,HUF44QT,3,6,313,70
9,PHF44H3,5,6,B17,100
9,PPF44Q2B,9,6,GYM3,90
9,FJFC4,1,6,124,68
12,SLF88QQ2,2,6,213,79
12,UAF44Q3,4,6,235,87
12,ANF44X,2,6,B7,83
11,FSF44UQX,2,6,123,100
9,PHF44Q3,5,6,B17,89
9,PPF44Q2G,8,6,GYM2,85
12,ANF44X,2,6,B7,85
9,SCF44H,6,6,138,94
9,PHF44H3,5,6,B17,94
9,PPF44Q2B,10,6,GYM3,94
12,MKFCCTC,2,6,106,65
12,EQF44QQY,6,6,328,95
12,MPF44UQS,3,6,104,85
11,EEFGGQGC,2,6,250,87
11,AUFC4TA,2,6,232,82
11,FSF44UQX,2,6,123,95
12,MRF44H,15,6,107,90
11,EEFGGUGF,2,6,330,75
9,EEF88QF,1,6,122,65
11,MGF88QQ3,1,6,211,73
11,UAF88Q2,4,6,235,81
10,HUF44UQX,4,6,325,88
9,HGF88QTD,6,6,311,71
11,FFFCC,2,6,111,82
10,PPF44Q2B,10,6,GYM3,65
10,PPF44Q3B,9,6,GYM3,65
9,EEFG4,6,6,126,65
12,PPF44Q2B,9,6,GYM3,90
12,PPF44Q3B,10,6,GYM3,85
10,HUF44QQB,2,6,315,89
9,MRF44,14,6,214,75
9,FSFC8,7,6,125,85
9,HUF44QQB,2,6,315,65
12,SCF88UQD,1,6,141,83
10,EEF88HG,8,6,146,90
9,HGF87QQD,20,6,323,65
9,FJFC4,1,6,124,67
11,PPF44Q2B,9,6,GYM3,65
10,PPF44Q2B,9,6,GYM3,95
10,SLF88QQ3,2,6,213,89
9,HGF87QQD,20,6,323,83
11,MRF44,13,6,203,70
12,PQF44Q2Y,6,6,251,100
12,PQF44Q3Y,6,6,251,100
10,SCF84QTF,3,6,229,65
10,EEF88HF,1,6,122,99
10,MRF44,13,6,203,82
9,HGF87QQD,9,6,321,82
11,MGF88QQ2,1,6,211,88
10,SCF44,6,6,138,77
12,UEFGCU,1,6,B27,100
10,SCF84QGF,3,6,229,65
11,SPF88UQD,1,6,332,85
11,FMFCCU,20,6,116,80
12,PQF44Q2Y,6,6,251,100
12,PQF44Q3Y,6,6,251,100
11,FSFCCU,5,6,113,65
12,MKFCCTC,2,6,106,90
9,UEFG4H,2,6,227,91
10,FMFC8H,20,6,116,100
9,HGF88QGD,6,6,311,85
9,SCF44,6,6,138,72
11,PPF44Q2G,9,6,GYM2,75
11,SEF88HQ3,2,6,341,91
12,FMF44UQX,4,6,225,90
9,HFF44HT,1,6,316,90
9,UEFG4,2,6,227,74
11,FSF44UQX,2,6,123,80
10,EEF88QT,8,6,146,70
11,PPF44Q2G,9,6,GYM2,77
10,HUF44QQB,2,6,315,78
9,PPF44Q3B,10,6,GYM3,85
9,UAF44Q2,4,6,235,65
11,MRF44H,15,6,107,96
9,PHF44H3,5,6,B17,92
9,PPF44Q2G,8,6,GYM2,100
12,PPF44Q2G,9,6,GYM2,100
12,PPF44Q3G,9,6,GYM2,97
9,UEFG4,2,6,227,65
10,EEFG8QH,1,6,348,89
11,EEFGGQF,3,6,334B,65
12,SBF87UBD,2,6,336,80
11,EEF44UCC,1,6,347,81
9,FKFC4,4,6,115,73
12,FMFC4H,2,6,215,93
11,SHFC6TM,3,6,149,100
9,HGF87QQD,9,6,321,70
11,SHF88U,3,6,327,100
10,PPF44Q2G,8,6,GYM2,100
10,PPF44Q3G,8,6,GYM2,100
12,SDF44QTE,2,6,247,85
12,SCF88UQD,1,6,141,70
12,FQF44QQY,6,6,216,70
10,SHFC6TM,3,6,149,100
9,HGF88QQD,4,6,314,82
9,PPF44Q2B,10,6,GYM3,93
9,UAF44H3,4,6,235,91
10,EEF88QG,8,6,146,75
12,SBF87UBD,2,6,336,88
12,SDF44UVX,3,6,228,85
11,ULFCCTP,2,6,B39,89
12,SCF84QTF,3,6,229,65
12,MKFCCTC,2,6,106,93
12,PGF44Q2C,5,6,GYM1,100
9,EEFG4QG,5,6,246,88
9,EEFG4QG,5,6,246,69
11,MRF44,13,6,203,88
9,MRF44,13,6,203,88
10,PGF44Q2C,5,6,GYM1,98
10,UAF44Q3,4,6,235,85
12,SBF87UBD,2,6,336,86
12,FKFCCU,1,6,114,86
9,FKFC4H,4,6,115,100
10,SHFC6TM,3,6,149,100
9,SPF44H,4,6,238,91
10,SDF44QGE,2,6,247,65
10,HUF44QGB,2,6,334A,80
12,PGF44Q3C,5,6,GYM1,100
12,ANF44X,2,6,B7,96
11,EEFGGUGF,2,6,330,85
9,FKFC4,4,6,115,79
12,SBF87UBD,2,6,336,83
12,FQF44QQY,6,6,216,90
9,FSFC8H,7,6,125,100
12,SCF88UQD,1,6,141,95
12,EEFGGHTC,2,6,250,94
10,SLF88QQ3,2,6,213,89
10,UAF44H2,4,6,235,91
9,EEF88HF,1,6,122,92
12,SDF44UVX,3,6,228,81
10,MRF44,14,6,214,86
12,MKF44QQY,6,6,319,100
9,EEFG4,6,6,126,80
11,FFFCC,2,6,111,85
11,EEFGGUGF,2,6,330,89
11,PPF44Q2B,9,6,GYM3,95
11,PPF44Q3B,10,6,GYM3,98
10,MRF44,14,6,214,84
11,FFFCC,2,6,111,65
11,PPF44Q2B,9,6,GYM3,65
10,HUF44QG,3,6,313,80
10,SHFC6TM,3,6,149,100
12,EEF44UCC,1,6,347,94
12,SBF87UBD,2,6,336,76
10,EEF88HG,9,6,346,98
ST,EEFGGUTF,2,6,330,76
10,AUFC4TA,2,6,232,95
9,HGF88QTD,6,6,311,78
11,PPF44Q2G,8,6,GYM2,80
11,PPF44Q3G,9,6,GYM2,92
10,HUF44UQX,4,6,325,82
9,HGF87QQD,9,6,321,65
9,MEF44HG,4,6,105,94
11,FKFCCU,1,6,114,89
12,SDF88TV,3,6,206,97
10,SCF84QQF,2,6,231,65
10,SPF44H,4,6,238,95
9,FJFC4H,1,6,124,98
9,PPF44Q2G,9,6,GYM2,100
9,AWF84H,3,6,222,90
10,PGF44Q2C,5,6,GYM1,97
10,PGF44Q3C,5,6,GYM1,95
11,PPF44Q2G,8,6,GYM2,100
11,PPF44Q3G,9,6,GYM2,98
11,EEF88HG,9,6,346,96
12,AQF44QQY,6,6,216,99
10,MRF44H,14,6,214,93
11,FKFCCU,1,6,114,87
12,FKFC4,4,6,115,66
11,FKFCCU,1,6,114,100
12,SDF88TV,3,6,206,96
10,MRF44H,13,6,203,95
10,EEFG8QH,1,6,348,89
9,SLF44QW,3,6,350,65
10,FSFC8,7,6,125,70
9,HGF88HGD,6,6,311,90
9,PHF44Q3,5,6,B17,65
9,PPF44Q2G,8,6,GYM2,65
11,SHF88U,3,6,327,70
9,SLF44QW,3,6,350,65
9,FMFC4H,2,6,215,98
10,EEF88HG,9,6,346,97
10,FSFCCU,5,6,113,85
11,SPF88UQD,1,6,332,100
11,SDF44UVX,3,6,228,82
12,PPF44Q3G,8,6,GYM2,100
9,EEFG4HG,5,6,246,93
11,SDF44UVX,3,6,228,93
12,FQF44QQY,6,6,216,89
11,PPF44Q2B,10,6,GYM3,95
11,UAF88H3,4,6,235,99
11,MRF44,15,6,107,83
9,FKFC4H,4,6,115,100
12,SCF88UQD,1,6,141,90
12,MKFCCTC,2,6,106,86
9,AWF84,3,6,222,76
12,FSF44UQX,2,6,123,65
12,SCF88UQD,1,6,141,65
9,SEF88QQ3,2,6,341,80
9,SLF88QQ2,2,6,213,86
11,MRF44,14,6,214,78
9,PPF44Q2B,10,6,GYM3,85
9,PPF44Q3B,9,6,GYM3,80
12,SPF88UQD,1,6,332,100
12,MGF88QQ2,1,6,211,77
12,SEF88QQ3,2,6,341,85
12,UEFGCU,1,6,B27,100
9,FMFC4,2,6,215,65
9,UEFG4,2,6,227,79
9,MEF44QT,4,6,105,82
9,HGF88HQD,4,6,314,95
11,EEF88QG,8,6,146,84
9,HGF87QQD,9,6,321,80
12,MPF44UQS,3,6,104,93
9,EEFGGQF,3,6,334B,65
11,SCF84QQF,2,6,231,72
12,UEFGCU,1,6,B27,98
9,HGF88QGD,6,6,311,85
9,PPF44Q3G,8,6,GYM2,100
9,UAF44H2,4,6,235,92
9,HGF88HQD,4,6,314,90
11,PPF44Q2G,9,6,GYM2,100
11,PPF44Q3G,8,6,GYM2,90
9,HGF87QQD,9,6,321,84
12,FQF44QQY,6,6,216,100
9,PPF44Q3G,8,6,GYM2,100
9,UAF44H2,4,6,235,98
10,PPF44Q2G,8,6,GYM2,100
10,UAF44Q3,4,6,235,70
12,AUFCCTA,2,6,204,98
9,HGF87QQD,20,6,323,70
12,ULFCCTP,2,6,B39,87
11,SHFC6TM,3,6,149,100
9,EEFG4HG,5,6,246,91
9,PHF44Q3,5,6,B17,71
9,PPF44Q2B,10,6,GYM3,93
12,EEFGGHGC,2,6,250,96
12,PPF44Q3B,10,6,GYM3,80
9,FMFC4H,2,6,215,100
10,PPF44Q3B,9,6,GYM3,90
10,UAF44H2,4,6,235,99
11,PPF44Q2B,10,6,GYM3,92
11,PPF44Q3B,10,6,GYM3,92
12,FKFCCU,1,6,114,87
12,MPF44UQS,3,6,104,78
9,MRF44H,13,6,203,92
9,HGF87QQD,9,6,321,78
10,PPF44Q2G,8,6,GYM2,100
10,PPF44Q3G,9,6,GYM2,100
9,AWF84,3,6,222,88
12,EEF44UCC,1,6,347,78
12,PQF44Q2Y,6,6,251,100
12,PQF44Q3Y,6,6,251,100
11,AUFC4TA,2,6,232,94
9,EEFG4HG,5,6,246,95
11,SCF84QGF,3,6,229,65
12,SCF88UQD,1,6,141,83
10,PGF44Q2C,5,6,GYM1,87
10,UAF44H3,4,6,235,100
12,FQF44QQY,6,6,216,80
12,SBF87UBD,2,6,336,92
10,EEF88HG,8,6,146,91
11,SCF84QQF,2,6,231,65
9,FMFC4H,2,6,215,97
11,FKFCCU,1,6,114,100
9,SHFC6TM,3,6,149,90
11,EEFGGQGC,2,6,250,85
9,EEF88HT,9,6,346,92
9,MKF44,3,6,108,67
12,PQF44Q2Y,6,6,251,100
12,PQF44Q3Y,6,6,251,100
11,SCF84QGF,3,6,229,66
12,MKFCCTC,2,6,106,74
9,MEF44QT,4,6,105,72
12,SCF88UQD,1,6,141,72
9,AWF84H,3,6,222,92
9,MEF44QG,4,6,105,89
9,EEFG8HH,1,6,348,90
9,HGF88QQD,4,6,314,68
10,FSFCCU,5,6,113,67
9,HGF87QQD,9,6,321,65
11,SDF44QTE,2,6,247,70
11,PPF44Q2G,9,6,GYM2,68
11,PPF44Q3G,9,6,GYM2,73
12,SDF88TV,3,6,206,95
12,SQF44QQY,6,6,233,100
11,SDF44UVX,3,6,228,65
10,ULFCCTP,2,6,B39,71
12,SCF88UQD,1,6,141,80
11,MGF88QQ3,1,6,211,68
11,SEF88QQ2,2,6,341,76
12,FMF44UQX,4,6,225,84
10,EEF88HG,9,6,346,93
12,SHF88U,3,6,327,65
11,EEF88QG,8,6,146,65
9,FMFC4H,2,6,215,98
11,MPF44UQS,3,6,104,88
9,PHF44Q2,5,6,B17,86
9,PPF44Q3G,8,6,GYM2,95
9,FMFC4,2,6,215,80
12,FMF44UQX,4,6,225,95
12,EQF44QQY,6,6,328,100
9,PHF44Q2,5,6,B17,65
9,PPF44Q3B,9,6,GYM3,90
9,MEF44HG,4,6,105,93
11,HUF44QG,3,6,313,86
9,UEFG4,2,6,227,77
10,EEFG8HH,1,6,348,95
12,ANF44X,2,6,B7,89
9,PHF44Q3,5,6,B17,65
9,PPF44Q2G,8,6,GYM2,65
12,PQF44Q2Y,6,6,251,100
12,PQF44Q3Y,6,6,251,100
12,EEF88HF,1,6,122,94
10,FMFC8H,20,6,116,96
12,MKFCCTC,2,6,106,65
10,EEF88HF,1,6,122,94
9,MKF44H,3,6,108,93
10,SCF84HWF,1,6,139,93
10,PPF44Q2G,8,6,GYM2,80
10,PPF44Q3G,9,6,GYM2,100
9,AWF84H,3,6,222,90
10,EEFG8HH,1,6,348,92
10,EEF88HF,1,6,122,95
12,EEFGGHGC,2,6,250,100
9,MRF44,14,6,214,89
9,SLF44,6,6,338,87
12,FMF44UQX,4,6,225,76
9,HGF88QGD,6,6,311,85
11,HUF44HQB,2,6,315,93
11,FKFCCU,1,6,114,75
11,EEFGGQTC,2,6,250,80
11,SDF44HGE,2,6,247,90
9,EEF88HF,1,6,122,95
12,MRF44,13,6,203,88
10,MRF44,14,6,214,83
10,MRF44,13,6,203,65
12,FQF44QQY,6,6,216,100
10,MKFC4TC,3,6,322,95
9,PPF44Q2B,9,6,GYM3,90
9,UAF44H3,4,6,235,100
12,PQF44Q2Y,6,6,251,100
12,PQF44Q3Y,6,6,251,100
10,HUF44QG,3,6,313,87
10,AUFC4TA,2,6,232,100
9,PPF44Q2B,9,6,GYM3,90
9,PPF44Q3B,10,6,GYM3,92
9,PPF44Q2B,10,6,GYM3,92
9,PPF44Q3B,10,6,GYM3,94
12,PGF44Q2C,5,6,GYM1,65
12,PPF44Q3B,9,6,GYM3,90
10,SCF84HWF,1,6,139,97
9,SLF44H,6,6,338,92
11,PPF44Q2G,9,6,GYM2,88
11,UAF88H3,4,6,235,96
10,HUF44HGB,2,6,334A,92
12,FMF44UQX,4,6,225,82
12,ANF44X,2,6,B7,97
10,FSFCCU,5,6,113,87
9,MKF44H,3,6,108,95
12,SPF88UQD,1,6,332,95
10,HUF44UQX,4,6,325,85
11,SCF44,6,6,138,84
10,MRF44,14,6,214,84
9,SDF44HWE,3,6,328B,93
12,SHF88U,3,6,327,90
9,MEF44HG,4,6,105,90
9,FMFC4,2,6,215,87
12,UEFGCU,1,6,B27,90
10,HUF44UQX,4,6,325,91
12,FMF44UQX,4,6,225,65
9,HGF87QQD,9,6,321,88
12,SHF88U,3,6,327,90
11,AUFC4TA,2,6,232,89
12,MKFCCTC,2,6,106,76
9,PPF44Q2G,8,6,GYM2,100
9,PPF44Q3G,9,6,GYM2,98
9,SLF44H,6,6,338,95
11,EEF44UCC,1,6,347,73
10,EEFG8HH,1,6,348,90
11,SDF44HGE,2,6,247,97
9,FMFC4H,2,6,215,100
10,PPF44Q2B,9,6,GYM3,90
10,UAF44H3,4,6,235,90
11,FMFCCU,20,6,116,87
12,UEFGCU,1,6,B27,100
10,SCF44,6,6,138,65
12,SBF87UBD,2,6,336,87
9,MRF44H,13,6,203,99
9,EEFGGQF,3,6,334B,82
12,SPF88UQD,1,6,332,95
12,PGF44Q2C,5,6,GYM1,75
12,PGF44Q3C,5,6,GYM1,72
9,EEFG4QG,5,6,246,71
10,SHFC6TM,3,6,149,100
12,MPF44UQS,3,6,104,92
12,EQF44QQY,6,6,328,90
12,PPF44Q2G,9,6,GYM2,90
12,SDF88TV,3,6,206,98
9,SLF44HW,3,6,350,90
11,SPF44H,4,6,238,97
10,EEF88HG,9,6,346,96
12,MKFCCTC,2,6,106,100
11,EEFGGUTF,2,6,330,65
9,MRF44,14,6,214,79
10,FMFC8H,20,6,116,100
10,EEF88HF,1,6,122,97
11,HUF44QQB,2,6,315,86
12,EEF44UCC,1,6,347,72
10,FMFCCU,20,6,116,94
9,EEFGGQF,3,6,334B,65
12,MPF44UQS,3,6,104,65
11,PPF44Q3B,10,6,GYM3,95
11,UAF88H2,4,6,235,98
10,EEFG8QH,1,6,348,79
9,UEFG4,2,6,227,68
12,HQF44QQY,6,6,317,98
12,FMF44UQX,4,6,225,93
9,MEF44QT,4,6,105,76
10,EEFGGQTC,2,6,250,65
11,EEFGGHGC,2,6,250,91
11,SCF84QGF,3,6,229,66
9,SLF44,6,6,338,70
12,SPF88UQD,1,6,332,80
9,UEFG4,2,6,227,74
12,SPF88UQD,1,6,332,100
11,HUF44QGB,2,6,334A,88
9,HGF88QQD,4,6,314,77
10,AUFC4TA,2,6,232,97
11,FMFCCU,20,6,116,75
11,FMFCCU,20,6,116,66
10,MKF44,3,6,108,70
12,EEF88HFT,1,6,122,93
10,EEFG8QH,1,6,348,86
10,PPF44Q2G,8,6,GYM2,100
10,PPF44Q3G,9,6,GYM2,87
12,SPF44H,4,6,238,93
12,FMF44UQX,4,6,225,98
9,EEF88HF,1,6,122,97
10,SCF84QGF,3,6,229,65
10,SHFC6TM,3,6,149,100
9,PPF44Q2G,8,6,GYM2,100
9,UAF44H3,4,6,235,100
10,EEF88QT,8,6,146,66
11,PGF44Q2C,5,6,GYM1,65
11,PGF44Q3C,5,6,GYM1,65
12,SCF88UQD,1,6,141,87
11,PPF44Q2G,9,6,GYM2,95
11,PPF44Q3G,8,6,GYM2,90
9,FMFC4,2,6,215,85
10,HUF44QT,3,6,313,75
10,EEF88QT,8,6,146,87
12,SQF44QQY,6,6,233,100
10,EEFGGHF,3,6,334B,94
11,SCF84QWF,1,6,139,74
12,SCF88UQD,1,6,141,65
9,HGF88HGD,6,6,311,92
9,FMFC4,2,6,215,85
9,HUF44HQB,2,6,315,97
9,EEFG4QG,5,6,246,78
9,SCF44H,6,6,138,100
11,SDF44QTE,2,6,247,75
11,PPF44Q2G,8,6,GYM2,100
11,PPF44Q3G,9,6,GYM2,98
12,HQF44QQY,6,6,317,98
9,HGF88QQD,4,6,314,87
9,UEFG4,2,6,227,85
9,EEFG4H,6,6,126,95
10,FSFC8,7,6,125,80
10,PPF44Q3B,10,6,GYM3,95
10,SEF88QQ2,2,6,341,81
11,PPF44Q3B,10,6,GYM3,93
11,UAF88Q2,4,6,235,74
9,EEFG4QT,5,6,246,65
11,SDF44HWE,3,6,328B,91
10,MRF44,14,6,214,84
9,EEF88HF,1,6,122,94
9,UEFG4,2,6,227,65
9,PPF44Q3B,9,6,GYM3,90
9,UAF44Q2,4,6,235,65
12,AUFCCTA,2,6,204,80
12,MKFCCTC,2,6,106,89
9,HGF88HGD,6,6,311,96
12,SHFC6TM,3,6,149,100
12,ANF44X,2,6,B7,94
10,SCF44,6,6,138,78
9,SLF44H,6,6,338,94
9,FJFC4,1,6,124,69
10,SCF84QQF,2,6,231,65
12,PQF44Q2Y,6,6,251,100
12,PQF44Q3Y,6,6,251,100
9,PHF44Q2,5,6,B17,82
9,PPF44Q3B,9,6,GYM3,90
11,MRF44,15,6,107,76
11,MGF88QQ2,1,6,211,70
9,SLF44QW,3,6,350,71
11,EEF88QG,8,6,146,81
10,FSFCCU,5,6,113,87
10,HUF44UQX,4,6,325,94
12,SDF44QWE,3,6,328B,69
9,PHF44H3,5,6,B17,100
9,PPF44Q2B,9,6,GYM3,90
10,HUF44QG,3,6,313,65
9,SCF84QTF,3,6,229,65
9,SHFC6TM,3,6,149,100
9,PHF44Q2,5,6,B17,82
9,PPF44Q3G,9,6,GYM2,97
10,SDF44QWE,3,6,328B,70
9,AWF84H,3,6,222,90
9,FKFC4,4,6,115,65
9,PPF44Q2G,8,6,GYM2,100
9,SEF88QQ3,2,6,341,80
9,SLF44,6,6,338,65
11,EEFGGUGF,2,6,330,72
10,SCF44,6,6,138,80
9,PHF44H3,5,6,B17,92
9,PPF44Q2G,8,6,GYM2,100
11,FSF44UQX,2,6,123,100
9,EEFGGQF,3,6,334B,65
10,MRF44H,13,6,203,95
9,PPF44Q3G,8,6,GYM2,70
9,MRF44,13,6,203,65
11,FSFCCU,5,6,113,85
9,PPF44Q2G,8,6,GYM2,100
9,UAF44H3,4,6,235,92
11,SDF44QWE,3,6,328B,84
10,PPF44Q3B,10,6,GYM3,85
10,SLF88QQ2,2,6,213,71
12,ANF44X,2,6,B7,87
11,FSFGG,5,6,113,78
9,PGF44Q3C,5,6,GYM1,93
9,UAF44Q2,4,6,235,72
9,EEF88HT,9,6,346,90
9,HGF87QQD,9,6,321,88
10,HUF44QW,1,6,329B,75
12,PGF44Q2C,5,6,GYM1,87
12,PQF44Q3Y,6,6,251,100
12,SCF88UQD,1,6,141,90
12,SHF88U,3,6,327,90
10,EEFG8QH,1,6,348,85
11,EEFGGUGF,2,6,330,74
11,MRF44H,14,6,214,90
12,SEF88QQ2,2,6,341,66
12,SLF88QQ3,2,6,213,86
9,PPF44Q3B,9,6,GYM3,90
9,UAF44Q2,4,6,235,77
11,HUF44QQB,2,6,315,82
12,EEF44UCC,1,6,347,88
11,PPF44Q2B,9,6,GYM3,90
11,UAF88H3,4,6,235,98
12,SCF88UQD,1,6,141,65
9,UEFG4,2,6,227,73
10,MRF44H,14,6,214,94
9,PPF44Q3B,10,6,GYM3,93
9,UAF88Q2,4,6,235,68
11,SCF84QGF,3,6,229,65
9,PPF44Q3B,9,6,GYM3,75
9,UAF88Q2,4,6,235,65
10,HUF44QT,3,6,313,80
12,UEFGCU,1,6,B27,95
9,PHF44Q3,5,6,B17,81
9,PPF44Q2B,9,6,GYM3,90
9,MKF44,3,6,108,85
12,AUFCCTA,2,6,204,100
11,SDF44QWE,3,6,328B,82
9,SCF44,6,6,138,65
9,EEFG4H,6,6,126,92
9,PPF44Q2B,10,6,GYM3,75
9,PPF44Q3B,10,6,GYM3,70
11,EEF44UCC,1,6,347,86
9,HGF88QQD,4,6,314,82
9,HGF87QQD,20,6,323,65
9,PPF44Q2G,8,6,GYM2,80
9,UAF44H3,4,6,235,98
12,ULFCCTP,2,6,B39,97
11,EEF88QT,8,6,146,81
11,PPF44Q2G,9,6,GYM2,98
11,UAF88H3,4,6,235,100
10,EEF88QG,9,6,346,85
12,PGF44Q3C,5,6,GYM1,100
9,UEFG4,2,6,227,71
12,SDF44UVX,3,6,228,67
11,HUF44HQB,2,6,315,94
11,SHF88U,3,6,327,100
10,SHFC6TM,3,6,149,100
12,SLF88QQ2,2,6,213,87
10,HUF44UQX,4,6,325,71
9,HUF44QW,1,6,329B,65
12,PPF44Q2B,9,6,GYM3,90
12,PPF44Q3B,10,6,GYM3,75
12,MKFCCTC,2,6,106,67
9,SCF84QTF,3,6,229,65
12,SBF87UBD,2,6,336,80
11,MRF44,13,6,203,82
11,HUF44QG,3,6,313,65
10,EEF88QG,9,6,346,80
11,FSF44UQX,2,6,123,65
11,PPF44Q3B,10,6,GYM3,88
11,SEF88QQ2,2,6,341,80
12,FKFGG,1,6,114,65
11,MRF44H,15,6,107,99
12,SCF88UQD,1,6,141,93
9,EEFG4H,6,6,126,95
11,FMFCCU,20,6,116,80
12,UEFGCU,1,6,B27,100
11,EEF44UCC,1,6,347,92
12,EEFGGHGC,2,6,250,95
12,SBF87UBD,2,6,336,91
9,AWF84,3,6,222,78
9,EEFG4,6,6,126,76
10,HUF44QGB,2,6,334A,77
10,AUFCCTA,2,6,204,80
9,MKF44H,3,6,108,92
11,SPF44,4,6,238,71
12,SDF88TV,3,6,206,87
9,MEF44HG,4,6,105,99
11,SPF44,4,6,238,86
10,EEF88HG,8,6,146,94
12,ANF44X,2,6,B7,96
12,SCF88UQD,1,6,141,91
9,PPF44Q2B,9,6,GYM3,90
12,SPF88UQD,1,6,332,100
9,MRF44H,14,6,214,94
9,EEF88QT,9,6,346,85
9,MRF44H,13,6,203,95
12,SPF88UQD,1,6,332,100
12,EEF44UCC,1,6,347,68
11,AWF84,3,6,222,77
9,MKF44,3,6,108,80
9,FMFC4,2,6,215,82
10,FSFC8,7,6,125,88
12,ANF44X,2,6,B7,76
10,MKFC4TC,3,6,322,94
9,PPF44Q3B,9,6,GYM3,90
9,UAF44Q2,4,6,235,82
10,HUF44QQB,2,6,315,72
9,SDF44QWE,3,6,328B,66
10,PPF44Q2G,9,6,GYM2,98
10,PPF44Q3G,8,6,GYM2,95
10,FFFCC,2,6,111,66
10,SHFC6TM,3,6,149,100
11,EEFGGUGF,2,6,330,86
12,AUFCCTA,2,6,204,95
9,FJFC4,1,6,124,70
11,SBF87UBD,2,6,336,83
10,MKFC4TC,3,6,322,80
10,SDF44HGE,2,6,247,90
12,SCF88UQD,1,6,141,95
11,SPF44,4,6,238,87
9,MKF44,3,6,108,70
11,PPF44Q2B,9,6,GYM3,85
11,PPF44Q3B,9,6,GYM3,90
11,MRF44,13,6,203,65
9,HUF44QW,1,6,329B,65
9,MEF44QG,4,6,105,84
9,PPF44Q2B,10,6,GYM3,80
9,SEF88QQ3,2,6,341,65
10,HUF44QT,3,6,313,80
12,SDF44UVX,3,6,228,82
12,SDF44UVX,3,6,228,86
11,FSF44UQX,2,6,123,100
9,HGF88QTD,6,6,311,65
12,SDF88TV,3,6,206,86
10,FSFCCU,5,6,113,77
11,SCF84QTF,3,6,229,80
12,PQF44Q2Y,6,6,251,100
11,UEFGCU,1,6,B27,95
9,PHF44H2,5,6,B17,98
9,PPF44Q3B,9,6,GYM3,90
9,EEFG4,6,6,126,70
11,SCF44,6,6,138,65
10,FSFC8,7,6,125,80
9,HGF87QQD,9,6,321,75
9,HFF44QG,1,6,316,65
10,EEFG8HH,1,6,348,92
9,FMFC4,2,6,215,82
11,EEFGGQGC,2,6,250,89
11,FFFCC,2,6,111,82
9,EEFGGQF,3,6,334B,72
9,UEFG4,2,6,227,78
11,HUF44QGB,2,6,334A,82
10,UAF88Q3,4,6,235,66
10,SCF84QQF,2,6,231,65
12,EQF44QQY,6,6,328,90
12,SPF88UQD,1,6,332,100
11,PPF44Q3G,8,6,GYM2,65
9,PHF44Q2,5,6,B17,87
9,PPF44Q3G,9,6,GYM2,80
10,HUF44QGB,2,6,334A,86
12,PGF44Q2C,5,6,GYM1,75
12,PPF44Q3B,10,6,GYM3,85
9,HGF88QQD,4,6,314,87
9,SLF88QQ2,2,6,213,81
12,EEF88HF,1,6,122,93
9,HGF87QQD,9,6,321,68
11,SCF84QQF,2,6,231,65
9,SCF44,6,6,138,87
10,EEF88HT,9,6,346,90
9,FMFC8H,20,6,116,92
9,HUF44QT,3,6,313,80
9,HGF87QQD,9,6,321,83
9,PHF44H2,5,6,B17,99
9,PPF44Q3G,9,6,GYM2,92
10,HUF44QGB,2,6,334A,75
9,MKF44,3,6,108,87
9,FKFC4H,4,6,115,100
9,HGF88HGD,6,6,311,90
11,FKFCCU,1,6,114,65
11,MGF88QQ3,1,6,211,78
11,UAF88H2,4,6,235,99
10,PPF44Q2G,9,6,GYM2,100
10,PPF44Q3G,9,6,GYM2,98
10,MKFC4TC,3,6,322,85
10,HUF44QQB,2,6,315,68
12,SPF88UQD,1,6,332,100
10,PPF44Q2G,9,6,GYM2,100
10,PPF44Q3G,9,6,GYM2,100
12,SDF88TV,3,6,206,99
9,PHF44H2,5,6,B17,100
9,PPF44Q3B,9,6,GYM3,90
9,EEFG4QG,5,6,246,89
10,HUF44HG,3,6,313,90
9,HGF88QTD,6,6,311,80
10,EEF88HT,9,6,346,91
10,HUF44HGB,2,6,334A,91
9,EEFG4QT,5,6,246,65
10,EEFG8QH,1,6,348,88
10,SHFC6TM,3,6,149,100
10,EEF88HF,1,6,122,96
10,HUF44UQX,4,6,325,65
9,HFF44QT,1,6,316,75
9,HGF87QQD,9,6,321,76
11,PPF44Q3B,10,6,GYM3,70
11,SEF88QQ2,2,6,341,75
9,EEFG4,6,6,126,65
12,HQF44QQY,6,6,317,98
9,EEF88QG,9,6,346,88
11,SEF88QQ3,2,6,341,80
11,SLF88QQ2,2,6,213,85
9,PPF44Q2G,8,6,GYM2,100
9,UAF44Q3,4,6,235,86
9,MEF44QG,4,6,105,89
11,MGF88QQ2,1,6,211,65
12,SPF44H,4,6,238,92
10,HFF44QG,1,6,316,88
11,SEF88QQ3,2,6,341,65
11,SLF88QQ2,2,6,213,71
12,SHF88U,3,6,327,85
12,FSF44UQX,2,6,123,95
11,FSFCCU,5,6,113,77
9,MEF44QT,4,6,105,88
9,EEFG4QT,5,6,246,77
12,MKFCCTC,2,6,106,95
9,EEFG4H,6,6,126,94
12,AUFCCTA,2,6,204,100
9,UEFG4,2,6,227,81
9,PHF44Q3,5,6,B17,82
9,PPF44Q2G,8,6,GYM2,75
9,HGF88QGD,6,6,311,80
10,SHFC6TM,3,6,149,100
9,FMFC4H,2,6,215,100
11,FSFCCU,5,6,113,100
12,AWF84,3,6,222,85
10,HUF44HGB,2,6,334A,90
10,MRF44H,13,6,203,99
12,MKFCCTC,2,6,106,77
10,AUFC4TA,2,6,232,88
12,PQF44Q2Y,6,6,251,100
12,PQF44Q3Y,6,6,251,100
11,SDF44UVX,3,6,228,82
10,SLF88HQ3,2,6,213,95
10,UAF44Q2,4,6,235,69
9,HGF87QQD,20,6,323,80
10,EEFG8HH,1,6,348,92
11,SLF88QQ3,2,6,213,75
11,UAF88Q2,4,6,235,66
10,FSFCCU,5,6,113,90
9,UEFGCU,1,6,B27,95
11,UEFGCU,1,6,B27,95
10,MKFC4TC,3,6,322,65
10,SCF84QQF,2,6,231,72
12,PGF44Q2C,5,6,GYM1,65
12,PGF44Q3C,5,6,GYM1,65
10,SCF44,6,6,138,77
12,SPF44H,4,6,238,95
10,SHFC6TM,3,6,149,100
10,PPF44Q2B,10,6,GYM3,95
10,PPF44Q3B,10,6,GYM3,92
9,PHF44Q2,5,6,B17,82
9,PPF44Q3B,9,6,GYM3,90
9,HGF87QQD,9,6,321,83
9,HUF44QQB,2,6,315,86
9,HUF44QTB,2,6,334A,75
9,EEFGGQF,3,6,334B,80
11,FSFCCU,5,6,113,65
11,FKFCCU,1,6,114,65
11,FFFCC,2,6,111,81
11,MPF44UQS,3,6,104,85
10,SHFC6TM,3,6,149,100
11,EEF44UCC,1,6,347,86
9,SHFC6TM,3,6,149,65
12,AWF84,3,6,222,81
9,HGF87QQD,9,6,321,83
9,HUF44QW,1,6,329B,70
11,HFF44QG,1,6,316,70
9,EEFG4QT,5,6,246,74
12,EEF88QG,8,6,146,83
9,UEFG4,2,6,227,65
10,HUF44QT,3,6,313,75
9,FKFC4,4,6,115,75
12,SHF88U,3,6,327,95
10,SCF44,6,6,138,73
9,EEFGGQF,3,6,334B,86
10,AUFC4TA,2,6,232,100
12,PGF44Q2C,5,6,GYM1,98
11,PGF44Q2C,5,6,GYM1,100
11,PGF44Q3C,5,6,GYM1,100
12,SDF88TV,3,6,206,97
11,SPF88UQD,1,6,332,95
12,SCF88UQD,1,6,141,77
12,UEFGCU,1,6,B27,100
ST,HFF44HG,1,6,316,92
11,SPF44H,4,6,238,92
12,SCF88UQD,1,6,141,85
10,HFF44HG,1,6,316,94
10,HUF44UQX,4,6,325,87
12,ULFCCTP,2,6,B39,97
10,SHFC6TM,3,6,149,100
9,SLF88QQ3,2,6,213,70
9,PHF44H3,5,6,B17,97
9,PPF44Q2G,8,6,GYM2,100
10,HUF44QGB,2,6,334A,85
9,HGF88HQD,4,6,314,93
10,PPF44Q2G,8,6,GYM2,65
10,PPF44Q3G,8,6,GYM2,70
12,HGF87QQD,20,6,323,85
11,PGF44Q2C,5,6,GYM1,70
11,PGF44Q3C,5,6,GYM1,78
12,UEFGCU,1,6,B27,100
11,PPF44Q2B,10,6,GYM3,80
11,SEF88QQ3,2,6,341,68
10,PPF44Q2B,10,6,GYM3,94
10,UAF44H3,4,6,235,95
11,PPF44Q2G,8,6,GYM2,65
11,SLF88HQ3,2,6,213,92
10,SDF44QWE,3,6,328B,70
9,SLF44,6,6,338,78
11,SPF44,4,6,238,66
12,MGF88QQ3,1,6,211,65
12,PGF44Q2C,5,6,GYM1,75
9,HUF44QW,1,6,329B,70
11,SPF88UQD,1,6,332,100
12,FKFGG,1,6,114,87
11,SBF87UBD,2,6,336,80
9,PPF44Q2G,8,6,GYM2,65
9,PPF44Q3G,9,6,GYM2,67
12,MGF88QQ2,1,6,211,76
12,PPF44Q3B,9,6,GYM3,90
9,MRF44,15,6,107,87
12,MPF44UQS,3,6,104,65
12,SCF88UQD,1,6,141,68
11,MRF44,14,6,214,78
11,SPF44,4,6,238,69
9,AWF84,3,6,222,84
12,PPF44Q2B,10,6,GYM3,95
12,PPF44Q3B,10,6,GYM3,80
9,HGF88QTD,6,6,311,75
9,SLF44,6,6,338,78
12,SHF88U,3,6,327,90
9,HGF88HQD,4,6,314,98
9,UAF44Q2,4,6,235,66
9,UAF44Q3,4,6,235,66
9,PHF44H2,5,6,B17,92
9,PPF44Q3B,9,6,GYM3,90
12,ULFCCTP,2,6,B39,96
10,MKFC4TC,3,6,322,65
10,SCF44,6,6,138,80
9,PPF44Q3G,8,6,GYM2,100
9,UAF44H2,4,6,235,100
9,SCF84QQF,2,6,231,65
11,SPF44H,4,6,238,95
11,PPF44Q2G,9,6,GYM2,65
11,SLF88QQ3,2,6,213,83
9,PHF44Q3,5,6,B17,85
9,PPF44Q2G,9,6,GYM2,100
11,SDF44QGE,2,6,247,77
9,HGF87QQD,9,6,321,72
11,PPF44Q2G,9,6,GYM2,92
11,SEF88QQ3,2,6,341,76
10,MKFC4TC,3,6,322,65
10,HUF44QT,3,6,313,85
11,FKFCCU,1,6,114,65
11,AUFC4TA,2,6,232,100
9,MKF44,3,6,108,82
12,AUFCCTA,2,6,204,75
10,EEF88HG,8,6,146,95
10,EEFGGUTF,2,6,330,65
9,FSFCCU,5,6,113,83
9,SCF84QQF,2,6,231,65
11,PPF44Q2G,9,6,GYM2,100
11,SLF88HQ3,2,6,213,90
9,UEFG4,2,6,227,77
9,MEF44QT,4,6,105,86
11,FKFCCU,1,6,114,72
9,AUFC4TA,2,6,232,80
9,UEFG4,2,6,227,78
12,FKFGG,1,6,114,65
10,SCF84QGF,3,6,229,65
10,MRF44,15,6,107,65
11,MGF88QQ3,1,6,211,75
11,PGF44Q2C,5,6,GYM1,87
9,PHF44H3,5,6,B17,96
9,PPF44Q2G,9,6,GYM2,95
10,SCF44,6,6,138,65
11,ULFCCTP,2,6,B39,80
11,UAF44H3,4,6,235,96
11,UAF88H2,4,6,235,96
9,SLF44HW,3,6,350,90
10,AUFC4TA,2,6,232,93
12,UEFGCU,1,6,B27,100
12,FSFCCU,5,6,113,82
9,PPF44Q3G,8,6,GYM2,100
9,UAF44Q2,4,6,235,80
12,UEFGCU,1,6,B27,100
10,PPF44Q2B,9,6,GYM3,90
10,PPF44Q3B,9,6,GYM3,90
10,EEF88QG,9,6,346,71
9,MRF44,13,6,203,65
11,FKFCCU,1,6,114,67
9,HGF87QQD,9,6,321,65
9,HGF88QGD,6,6,311,70
9,FKFC4,4,6,115,88
9,HGF88QGD,6,6,311,80
11,SHFC6TM,3,6,149,100
9,EEFGGQFW,3,6,334B,73
11,SPF44,4,6,238,82
12,ULFCCTP,2,6,B39,97
10,SHFC6TM,3,6,149,100
10,PPF44Q3B,9,6,GYM3,90
10,UAF44Q2,4,6,235,67
12,EEF88QG,8,6,146,84
12,FFFCC,2,6,111,79
9,HGF87QQD,9,6,321,65
11,HUF44QG,3,6,313,75
9,MEF44HG,4,6,105,96
9,MEF44QT,4,6,105,75
11,FFFCC,2,6,111,68
9,HUF44QG,3,6,313,82
12,UEFGCU,1,6,B27,100
10,PPF44Q3B,10,6,GYM3,65
10,UAF44Q2,4,6,235,65
12,UEFGCU,1,6,B27,95
10,EEFG8HH,1,6,348,95
11,SDF44QGE,2,6,247,70
12,UEFGCU,1,6,B27,95
11,SDF44UVX,3,6,228,73
9,PPF44Q2B,10,6,GYM3,85
9,PPF44Q3B,10,6,GYM3,85
11,MGF88QQ2,1,6,211,80
9,PPF44Q2B,10,6,GYM3,80
9,UAF44Q3,4,6,235,66
9,FJFC4,1,6,124,77
10,EEF88HF,1,6,122,92
9,EEFG4,6,6,126,78
10,MRF44,14,6,214,84
11,SHF88U,3,6,327,85
9,PHF44Q2,5,6,B17,67
9,PPF44Q3B,9,6,GYM3,65
11,FSFCCU,5,6,113,70
10,HFF44QT,1,6,316,80
11,PPF44Q2G,8,6,GYM2,100
11,UAF88H3,4,6,235,96
9,SLF44,6,6,338,72
12,AWF84,3,6,222,71
12,UEFGCU,1,6,B27,100
10,EEF88HG,9,6,346,97
10,SCF44,6,6,138,68
11,SBF87UBD,2,6,336,90
9,PPF44Q2B,10,6,GYM3,90
9,PPF44Q3B,10,6,GYM3,88
11,FFFCC,2,6,111,71
9,PHF44Q3,5,6,B17,65
9,PPF44Q2G,8,6,GYM2,65
10,SCF84QQF,2,6,231,65
12,PPF44Q3G,8,6,GYM2,100
11,SDF44HGE,2,6,247,91
12,UEFGCU,1,6,B27,100
11,EEFGGUGF,2,6,330,68
12,PGF44Q2C,5,6,GYM1,100
12,UAF88Q3,4,6,235,88
9,HUF44QG,3,6,313,68
11,SPF88UQD,1,6,332,87
12,UEFGCU,1,6,B27,95
11,UEFGCU,1,6,B27,95
9,EEFG4,6,6,126,78
10,SHFC6TM,3,6,149,100
11,FKFCCU,1,6,114,95
9,HGF88QGD,6,6,311,75
9,MKF44,3,6,108,65
11,FFFCCH,2,6,111,91
9,FJFC4,1,6,124,86
10,EEF88QG,9,6,346,88
9,HFF44QG,1,6,316,75
11,SDF44HGE,2,6,247,93
11,MRF44,13,6,203,76
11,SCF44,6,6,138,65
10,HUF44UQX,4,6,325,89
12,PGF44Q3C,5,6,GYM1,100
12,FSF44UQX,2,6,123,80
12,SHF88U,3,6,327,95
9,EEFG4QG,5,6,246,82
12,SPF88UQD,1,6,332,95
11,SDF44UVX,3,6,228,93
11,SPF88UQD,1,6,332,95
9,MEF44QG,4,6,105,87
12,EEF88QT,9,6,346,67
9,EEFGGQF,3,6,334B,72
12,MKFCCTC,2,6,106,74
9,MKF44,3,6,108,75
12,PPF44Q2B,9,6,GYM3,90
12,PPF44Q3B,9,6,GYM3,90
11,EEFGGUGF,2,6,330,84
9,FMFC8,20,6,116,76
12,FMF44UQX,4,6,225,65
9,PPF44Q3G,9,6,GYM2,100
9,SLF88QQ2,2,6,213,77
11,FSF44UQX,2,6,123,96
12,SCF88UQD,1,6,141,96
12,PPF44Q3B,9,6,GYM3,90
10,HUF44QQB,2,6,315,78
12,SDF88TV,3,6,206,90
12,EEFGGHGC,2,6,250,100
12,ANF44X,2,6,B7,79
10,MRF44H,15,6,107,100
12,MKFCCTC,2,6,106,72
9,MRF44H,13,6,203,96
10,MKFC4TC,3,6,322,76
9,UEFG4,2,6,227,65
9,EEFGGQGC,2,6,250,84
9,SLF44,6,6,338,65
9,UEFG4H,2,6,227,98
11,SEF88QQ3,2,6,341,65
11,SLF88QQ2,2,6,213,76
9,HGF87QQD,20,6,323,85
10,HUF44QQB,2,6,315,88
12,PGF44Q2C,5,6,GYM1,97
12,PGF44Q3C,5,6,GYM1,93
10,PPF44Q2B,9,6,GYM3,95
10,UAF44H3,4,6,235,97
10,MRF44,15,6,107,76
9,PHF44Q2,5,6,B17,77
9,PPF44Q3B,10,6,GYM3,92
10,MRF44H,15,6,107,100
11,PPF44Q3B,10,6,GYM3,92
11,UAF88Q2,4,6,235,71
10,PPF44Q2B,10,6,GYM3,90
10,UAF44H3,4,6,235,96
9,HGF87QQD,9,6,321,82
9,PPF44Q3B,10,6,GYM3,93
9,UAF44Q2,4,6,235,66
10,MKFC4TC,3,6,322,65
10,EEF88HG,9,6,346,94
11,FMFCCU,20,6,116,90
10,EEF88QG,8,6,146,84
11,FKFCCU,1,6,114,65
11,SCF84QGF,3,6,229,65
10,SCF84QQF,2,6,231,70
10,PPF44Q3G,8,6,GYM2,100
10,UAF44Q2,4,6,235,88
9,HGF88QQD,4,6,314,87
10,PPF44Q2B,9,6,GYM3,90
9,PHF44Q2,5,6,B17,65
9,PPF44Q3B,9,6,GYM3,65
10,MRF44,13,6,203,86
12,SHF88U,3,6,327,95
12,FSF44UQX,2,6,123,100
10,FSFCCU,5,6,113,72
11,PPF44Q2G,8,6,GYM2,100
11,UAF88H3,4,6,235,100
11,EEFGGQF,3,6,334B,65
10,MKFC4TC,3,6,322,72
9,PPF44Q2G,8,6,GYM2,100
9,PPF44Q3G,9,6,GYM2,98
9,FKFCCU,1,6,114,99
10,MRF44,13,6,203,78
12,HQF44QQY,6,6,317,98
12,EEFGGHGC,2,6,250,100
9,UEFG4,2,6,227,72
9,FFFCC,2,6,111,76
10,FSFC8H,7,6,125,93
10,MRF44,14,6,214,88
10,HGF87QQD,20,6,323,85
12,EEF88HF,1,6,122,92
10,EEF88QT,9,6,346,71
12,SPF88UQD,1,6,332,85
10,HUF44QW,21,6,317,75
9,PHF44H3,5,6,B17,95
9,PPF44Q2G,8,6,GYM2,100
10,HUF44UQX,4,6,325,77
12,SHF88U,3,6,327,95
12,UEFGCU,1,6,B27,95
11,SPF88UQD,1,6,332,100
9,HGF87HQD,20,6,323,98
9,HGF88HQD,4,6,314,92
9,UEFG4H,2,6,227,97
9,HGF87HQD,9,6,321,92
10,FSFCCU,5,6,113,90
11,MRF44H,14,6,214,95
10,PPF44Q2G,8,6,GYM2,100
10,UAF44H3,4,6,235,96
9,FKFC4H,4,6,115,100
12,MKFCCTC,2,6,106,89
12,SCF88UQD,1,6,141,83
9,SCF84QQF,2,6,231,81
11,PPF44Q2G,9,6,GYM2,98
11,PPF44Q3G,8,6,GYM2,100
12,SBF87UBD,2,6,336,90
9,FKFC4H,4,6,115,100
12,AUFCCTA,2,6,204,65
11,AUFCCTA,2,6,204,88
10,EEFG8QH,1,6,348,85
10,EEF88HG,9,6,346,97
11,SPF44,4,6,238,74
9,HGF87QQD,20,6,323,65
12,EEF88HF,1,6,122,94
12,PQF44Q2Y,6,6,251,100
12,PQF44Q3Y,6,6,251,100
10,FMFC4H,2,6,215,97
12,SCF88UQD,1,6,141,80
12,FJFC4H,1,6,124,98
12,FSF44UQX,2,6,123,98
10,HUF44QQB,2,6,315,74
11,FSFCCU,5,6,113,75
10,HUF44QQB,2,6,315,84
10,MRF44,14,6,214,89
11,EEF44UCC,1,6,347,86
10,HUF44HTB,2,6,334A,93
11,SDF44UVX,3,6,228,93
9,FJFC4,1,6,124,76
11,FMFCCU,20,6,116,100
12,AUFCCTA,2,6,204,85
10,FSFC8H,7,6,125,100
10,SCF84QQF,2,6,231,70
11,EEFGGHGC,2,6,250,91
10,HUF44HQB,2,6,315,92
12,MPF44UQS,3,6,104,93
9,PHF44Q3,5,6,B17,85
9,PPF44Q2B,10,6,GYM3,93
11,FSFCCU,5,6,113,86
9,EEFG4,6,6,126,83
9,HGF87QQD,20,6,323,80
11,FFFCCH,2,6,111,100
12,FJFC4,1,6,124,86
9,FMFC4H,2,6,215,93
11,EEFGGQTC,2,6,250,65
11,EEFGGHGC,2,6,250,100
10,SCF44H,6,6,138,97
11,FSFC8,7,6,125,65
12,SBF87UBD,2,6,336,85
10,PPF44Q2G,9,6,GYM2,97
10,PPF44Q3G,8,6,GYM2,100
10,HUF44QG,3,6,313,85
11,PGF44Q2C,5,6,GYM1,100
11,UAF88Q3,4,6,235,67
12,SCF88UQD,1,6,141,89
12,ULFCCTP,2,6,B39,90
12,FSF44UQX,2,6,123,95
11,FSF44UQX,2,6,123,95
12,SBF87UBD,2,6,336,92
10,HUF44QQB,2,6,315,87
9,EEFGGUTF,2,6,330,65
12,PGF44Q2C,5,6,GYM1,93
11,SBF87UBD,2,6,336,94
11,EEFGGUGF,2,6,330,76
11,PPF44Q2G,9,6,GYM2,100
11,UAF88H3,4,6,235,100
12,MGF88QQ3,1,6,211,73
12,PGF44Q2C,5,6,GYM1,85
10,MRF44,14,6,214,85
10,HUF44QQB,2,6,315,74
11,SBF87UBD,2,6,336,86
12,HQF44QQY,6,6,317,98
12,SPF88UQD,1,6,332,100
10,MKFC4TC,3,6,322,80
10,HUF44HGB,2,6,334A,91
9,FKFC4,4,6,115,65
9,FJFC4,1,6,124,65
12,SBF87UBD,2,6,336,93
9,SLF44,6,6,338,88
12,SPF88UQD,1,6,332,85
11,MGF88QQ2,1,6,211,80
11,UAF88H3,4,6,235,94
12,FSF44UQX,2,6,123,95
11,UAF88Q3,4,6,235,66
9,MEF44HG,4,6,105,90
10,HUF44QGB,2,6,334A,88
9,PHF44H2,5,6,B17,90
9,PPF44Q3B,10,6,GYM3,85
9,EEFG4QG,5,6,246,78
9,HGF87QQD,9,6,321,65
9,HUF44QW,1,6,329B,70
12,SCF88UQD,1,6,141,75
10,SCF84HWF,1,6,139,97
12,SCF88UQD,1,6,141,87
11,MGF88QQ2,1,6,211,72
11,FFFCCH,2,6,111,92
12,SCF88UQD,1,6,141,79
12,ANF44X,2,6,B7,81
9,HGF87QQD,9,6,321,78
9,FKFC4H,4,6,115,100
9,HUF44QG,3,6,313,65
10,HGF87QQD,20,6,323,65
9,UAF44H2,4,6,235,100
9,UAF44H3,4,6,235,100
10,HUF44QT,3,6,313,80
9,MRF44H,15,6,107,100
9,FJFC4,1,6,124,77
9,MKF44H,3,6,108,93
10,UQF44QQY,6,6,216,86
11,PPF44Q2B,9,6,GYM3,90
11,SEF88QQ3,2,6,341,85
12,MPF44UQS,3,6,104,82
9,EEFG4QT,5,6,246,71
9,EEFG4H,6,6,126,95
9,FSFC8H,7,6,125,93
9,HGF88QQD,4,6,314,84
10,EEFG8HH,1,6,348,98
9,SLF44H,6,6,338,90
9,MGF88HQ2,1,6,211,95
9,PPF44Q3G,9,6,GYM2,97
9,UEFG4,2,6,227,67
10,MRF44,14,6,214,65
9,HGF87HQD,20,6,323,95
ST,EEFGGUTF,2,6,330,87
10,MRF44,15,6,107,73
10,AUFC4TA,2,6,232,72
11,SDF88TV,3,6,206,87
12,AUFCCTA,2,6,204,96
11,SDF44UVX,3,6,228,78
12,SCF88UQD,1,6,141,66
9,MEF44QG,4,6,105,70
9,PPF44Q2B,10,6,GYM3,90
9,PPF44Q3B,9,6,GYM3,90
10,FMFC8H,20,6,116,100
12,AUFCCTA,2,6,204,100
10,SLF88QQ3,2,6,213,65
12,EEF44UCC,1,6,347,71
10,EEF88HG,9,6,346,92
10,HFF44QG,1,6,316,82
11,EEFGGUGF,2,6,330,90
9,HGF88HQD,4,6,314,93
10,FMFC8,20,6,116,75
9,MKF44H,3,6,108,95
11,PPF44Q2G,8,6,GYM2,100
11,PPF44Q3G,9,6,GYM2,100
9,MEF44HG,4,6,105,94
11,FSF44UQX,2,6,123,96
12,FQF44QQY,6,6,216,100
10,AUFC4TA,2,6,232,100
9,UEFG4,2,6,227,82
12,AUFCCTA,2,6,204,80
10,PPF44Q3B,9,6,GYM3,90
10,SEF88QQ2,2,6,341,65
11,HUF44HQB,2,6,315,99
11,FMFCCU,20,6,116,92
11,FMFCCU,20,6,116,75
9,UEFG4,2,6,227,70
9,PHF44Q2,5,6,B17,65
9,PPF44Q3B,10,6,GYM3,88
11,FSFC8,7,6,125,65
10,AUFC4TA,2,6,232,100
12,ANF44X,2,6,B7,95
10,MKFC4TC,3,6,322,72
9,FKFC4H,4,6,115,100
9,PPF44Q2B,10,6,GYM3,96
9,PPF44Q3B,10,6,GYM3,97
ST,SDF44HTE,2,6,247,90
11,MKFC4TC,3,6,322,84
12,FMF44UQX,4,6,225,85
ST,HFF44HG,1,6,316,92
9,FJFC4,1,6,124,66
11,HUF44QW,1,6,329B,70
9,FKFC4,4,6,115,87
9,PHF44Q3,5,6,B17,65
9,PPF44Q2B,10,6,GYM3,90
11,PPF44Q2B,10,6,GYM3,95
11,SEF88QQ3,2,6,341,84
10,HFF44HG,1,6,316,94
9,PPF44Q2G,9,6,GYM2,95
9,PPF44Q3G,8,6,GYM2,95
12,PPF44Q2B,10,6,GYM3,75
11,HUF44QG,3,6,313,88
10,SHFC6TM,3,6,149,100
10,HUF44UQX,4,6,325,87
9,MRF44,14,6,214,86
9,AWF84,3,6,222,87
10,SHFC6TM,3,6,149,100
11,HGF87QQD,20,6,323,75
9,SLF44,6,6,338,83
9,HGF87QQD,20,6,323,85
9,MKF44,3,6,108,75
10,EEFG8HH,1,6,348,95
9,PHF44Q3,5,6,B17,86
9,PPF44Q2B,10,6,GYM3,90
9,MKF44H,3,6,108,90
9,MRF44H,14,6,214,96
12,FMF44UQX,4,6,225,98
11,AUFC4TA,2,6,232,70
11,FFFCCH,2,6,111,95
10,SHFC6TM,3,6,149,100
10,HUF44QT,3,6,313,72
11,SPF44,4,6,238,73
9,PHF44Q3,5,6,B17,85
9,PPF44Q2G,8,6,GYM2,100
9,HGF87HQD,9,6,321,90
10,FMFC8H,20,6,116,95
9,FMFC4H,2,6,215,95
9,MKF44H,3,6,108,90
10,PPF44Q2B,9,6,GYM3,90
10,PPF44Q3B,9,6,GYM3,90
12,FKFC4H,4,6,115,100
11,EEF88HF,1,6,122,95
10,MKFC4TC,3,6,322,80
12,SDF88TV,3,6,206,87
12,SPF88UQD,1,6,332,100
12,MKFCCTC,2,6,106,93
12,SDF44QGE,2,6,247,70
11,SDF44UVX,3,6,228,77
10,EEF88HF,1,6,122,90
10,AUFC4TA,2,6,232,77
11,PPF44Q2B,9,6,GYM3,90
10,EEFG8QH,1,6,348,87
12,MKFCCTC,2,6,106,87
10,PPF44Q2G,9,6,GYM2,100
10,UAF44H3,4,6,235,99
10,FMFCCU,20,6,116,65
10,MKFC4TC,3,6,322,82
9,HFF44QG,1,6,316,86
11,EEF44UCC,1,6,347,83
10,HFF44HG,1,6,316,97
10,SEF88QQ2,2,6,341,80
10,UAF88Q3,4,6,235,86
9,PPF44Q2B,10,6,GYM3,90
9,UAF44Q3,4,6,235,68
12,FQF44QQY,6,6,216,99
9,FMFC4H,2,6,215,98
11,EEF44UCC,1,6,347,75
9,PPF44Q2G,9,6,GYM2,100
9,PPF44Q3G,8,6,GYM2,100
12,MKFCCTC,2,6,106,95
12,SCF88UQD,1,6,141,90
11,EEFGGQGC,2,6,250,84
11,PPF44Q2G,8,6,GYM2,100
11,PPF44Q3G,9,6,GYM2,100
9,FMFC4,2,6,215,88
11,MRF44H,13,6,203,96
12,AUFCCTA,2,6,204,85
10,HUF44UQX,4,6,325,96
9,MRF44H,14,6,214,93
9,AWF84H,3,6,222,92
9,AWF84H,3,6,222,90
10,HUF44QT,3,6,313,73
12,MKFCCTC,2,6,106,87
12,EEF88HF,1,6,122,95
10,EEFG8HH,1,6,348,90
10,MRF44H,15,6,107,96
10,EEF88HG,9,6,346,93
11,SPF44H,4,6,238,97
9,SLF44,6,6,338,83
11,SPF44H,4,6,238,96
9,PPF44Q3B,9,6,GYM3,90
9,SLF88QQ2,2,6,213,71
11,EEFGGHGC,2,6,250,91
9,PPF44Q2G,8,6,GYM2,100
9,PPF44Q3G,9,6,GYM2,100
10,FSFC8,7,6,125,65
10,FSFC8,7,6,125,70
9,EEFG4,6,6,126,81
9,EEFG4,6,6,126,65
10,HUF44UQX,4,6,325,88
9,FJFC4,1,6,124,83
12,SDF88TV,3,6,206,74
10,PGF44Q3C,5,6,GYM1,95
10,PPF44Q2B,9,6,GYM3,90
10,EEF88HG,9,6,346,95
12,FQF44QQY,6,6,216,99
12,SPF88UQD,1,6,332,100
9,PHF44H2,5,6,B17,96
9,PPF44Q3B,9,6,GYM3,90
9,HGF88HQD,4,6,314,93
11,PPF44Q2B,9,6,GYM3,90
11,PPF44Q3B,9,6,GYM3,90
12,SBF87UBD,2,6,336,90
11,MRF44H,15,6,107,93
12,EEF44UCC,1,6,347,95
11,SDF44UVX,3,6,228,70
10,MRF44H,13,6,203,91
11,HFF44QG,1,6,316,65
9,MEF44HG,4,6,105,98
9,SLF44H,6,6,338,90
9,PPF44Q3B,10,6,GYM3,92
9,UAF44Q2,4,6,235,77
12,FMF44UQX,4,6,225,85
9,FMFC4H,2,6,215,99
12,ULFCCTP,2,6,B39,94
10,PPF44Q2B,10,6,GYM3,90
10,PPF44Q3B,10,6,GYM3,92
10,FSFCCU,5,6,113,100
10,EEFG8QH,1,6,348,83
9,MRF44,15,6,107,65
10,MKFC4TC,3,6,322,90
9,HGF87QQD,9,6,321,69
10,FKFC4,4,6,115,65
10,EEFG8QH,1,6,348,88
9,EEFGGQF,3,6,334B,65
10,FSFC8H,7,6,125,100
12,PPF44Q2G,9,6,GYM2,100
12,PPF44Q3G,8,6,GYM2,100
10,EEFG8HH,1,6,348,90
10,FSFC8,7,6,125,81
11,EEF44UCC,1,6,347,72
12,SHF88U,3,6,327,95
12,SDF88TV,3,6,206,98
9,MKF44H,3,6,108,92
9,EEFG4HG,5,6,246,90
10,SCF84QGF,3,6,229,65
9,EEFG4HG,5,6,246,91
12,SQF44QQY,6,6,233,100
11,MGF88QQ2,1,6,211,65
10,PGF44Q3C,5,6,GYM1,75
10,UAF44Q2,4,6,235,81
11,EEF44UCC,1,6,347,97
12,ANF44X,2,6,B7,73
9,MEF44HG,4,6,105,98
10,MRF44H,15,6,107,100
12,SBF87UBD,2,6,336,85
9,PPF44Q2B,9,6,GYM3,95
9,PPF44Q3B,9,6,GYM3,90
10,AUFC4TA,2,6,232,100
11,MRF44H,13,6,203,93
10,SHFC6TM,3,6,149,100
12,MPF44UQS,3,6,104,90
10,PPF44Q2B,9,6,GYM3,90
10,PPF44Q3B,9,6,GYM3,90
12,PPF44Q3B,10,6,GYM3,80
12,SBF87UBD,2,6,336,98
9,FMF44UQX,4,6,225,83
11,FMFCCU,20,6,116,95
11,SCF44,6,6,138,70
11,PPF44Q2G,9,6,GYM2,92
11,UAF88Q3,4,6,235,86
11,FMF44UQX,4,6,225,94
9,UEFG4,2,6,227,78
12,PPF44Q2B,10,6,GYM3,80
12,PPF44Q3B,10,6,GYM3,80
12,ANF44X,2,6,B7,98
10,MRF44H,15,6,107,100
11,PPF44Q2G,9,6,GYM2,90
11,UAF88Q3,4,6,235,84
10,MRF44H,13,6,203,93
9,HGF87HQD,9,6,321,92
10,EEFG8QH,1,6,348,85
9,HGF87HQD,9,6,321,96
9,EEFG4QG,5,6,246,74
11,FMF44UQX,4,6,225,94
12,PGF44Q2C,5,6,GYM1,98
12,PGF44Q3C,5,6,GYM1,85
12,SDF88TV,3,6,206,98
9,EEFG4HG,5,6,246,98
9,FMFC4,2,6,215,85
12,SPF88UQD,1,6,332,100
12,AUFCCTA,2,6,204,98
12,FJFC4H,1,6,124,99
11,EEFGGQF,3,6,334B,88
11,EEF44UCC,1,6,347,75
9,PPF44Q3B,9,6,GYM3,90
9,EEFG4QG,5,6,246,73
9,PPF44Q2B,9,6,GYM3,85
11,PGF44Q2C,5,6,GYM1,100
11,PGF44Q3C,5,6,GYM1,98
10,MKFC4TC,3,6,322,85
10,HFF44HG,1,6,316,95
9,PHF44H2,5,6,B17,94
9,PPF44Q3B,9,6,GYM3,90
11,PPF44Q2G,8,6,GYM2,100
11,PPF44Q3G,8,6,GYM2,100
12,FJFC4,1,6,124,65
10,HUF44UQX,4,6,325,93
12,ANF44X,2,6,B7,96
11,MGF88QQ2,1,6,211,65
10,SCF44H,6,6,138,95
12,PPF44Q2G,9,6,GYM2,100
12,PPF44Q3G,8,6,GYM2,100
12,PGF44Q3C,5,6,GYM1,100
9,EEF88HF,1,6,122,93
12,MPF44UQJ,3,7,203,85
10,FSFC8,8,7,149,85
9,SHF82H,3,7,231,94
11,UAF88Q2,5,7,227,65
11,MGF88QQ3,2,7,249,65
11,PGF44Q2C,6,7,GYM1,95
9,MEF88QG,2,7,207,86
9,PHF44Q2,6,7,B17,83
9,PPF44Q3B,11,7,GYM3,88
12,SDF84UVT,2,7,332,100
9,HGFCCQQ2,2,7,315,82
9,MGF88QQ3,2,7,249,73
12,HBF44X,2,7,316,87
9,UAF44H3,5,7,227,95
11,SCF84HGF,4,7,139,91
11,HGFCCQQ2,2,7,315,65
11,MGF88QQ3,2,7,249,65
9,FKFC4,5,7,114,79
11,EEFGCUQX,3,7,349,93
11,EEFGCUQX,3,7,349,80
11,MRF44,18,7,205,75
12,MRF44,17,7,208,83
9,HGF88HQD,20,7,323,95
9,SLF44QT,4,7,333,87
12,UQF44QQY,7,7,216,100
9,SDF44,1,7,247,65
10,SHFC6TM,4,7,327,100
9,SLF44QF,1,7,338,67
9,SLF44HG,4,7,333,96
9,FSFC8H,8,7,149,91
9,MRF44,18,7,205,76
9,SLF44QF,1,7,338,68
10,FSFC8,8,7,149,73
12,FLF44UQX,1,7,121,95
11,EEF88QT,11,7,346,68
11,EEFGCUQX,3,7,349,93
9,BCF44T,24,7,108,75
9,PHF44Q3,6,7,B17,82
11,SDF44HGE,3,7,229,91
9,HGF88QQD,20,7,323,70
9,SLF44H,7,7,228,96
9,HGFCCQQ2,2,7,315,67
9,PPF44Q3B,12,7,GYM3,85
9,FSFC4,3,7,113,85
10,SCF44,7,7,141,65
12,MQF44QGF,2,7,106,69
9,EEFG4QT,20,7,146,85
10,EEF88QT,11,7,346,70
11,UAF88Q3,5,7,227,89
9,HGF87HGD,3,7,325,90
10,PPF44Q2B,11,7,GYM3,65
10,PPF44Q3B,12,7,GYM3,65
10,HGF88QF,1,7,334A,65
10,SHFC6TM,4,7,327,89
9,FSFC8H,9,7,125,100
9,FSFC4,3,7,113,65
11,PPF44Q2B,12,7,GYM3,95
11,UAF88Q3,5,7,227,88
12,FLF44UQX,1,7,121,74
9,SLF44,7,7,228,87
9,SDF44,1,7,247,86
11,AUFC4TA,3,7,232,78
10,PPF44Q2B,11,7,GYM3,90
10,PPF44Q3B,11,7,GYM3,90
9,HGF88QQD,20,7,323,75
11,HUF44QGD,3,7,326,70
9,PHF44H2,6,7,B17,97
9,PPF44Q3G,10,7,GYM2,100
9,SLF44HG,4,7,333,94
11,EEFGCUQX,3,7,349,80
10,FSFC8,9,7,125,77
12,MRF44QT,8,7,221,65
11,UAF88Q3,5,7,227,67
10,FSFCCU,6,7,123,90
10,MKFC4TC,4,7,322,85
10,EEF88HG,11,7,346,91
9,FSFC4,3,7,113,65
10,FSFC8H,8,7,149,94
9,FSFC8,8,7,149,82
11,HGFCCQQ2,2,7,315,75
11,PPF44Q3B,12,7,GYM3,65
11,ULFC8TP,2,7,B39,95
9,HGF88QQD,9,7,321,83
9,PHF44Q3,6,7,B17,76
9,PPF44Q2G,10,7,GYM2,67
11,FSFC8,9,7,125,65
11,MEF88QG,2,7,207,86
10,MEF88QW,2,7,104,65
12,AUFC4TA,3,7,232,93
10,FLFC8H,2,7,115,98
9,FSFC8H,9,7,125,96
11,FSFC8,9,7,125,65
10,FFFC8,1,7,111,72
11,EEF88QT,11,7,346,76
9,HGF87QQD,2,7,213,85
11,SQF44Q2Y,7,7,233,100
9,SHFC2TM,3,7,248,80
11,MRF44,16,7,223,88
10,MRF44QWF,2,7,214,73
9,EEFG4HG,20,7,146,90
9,SHF82H,3,7,231,95
9,EEFG4H,7,7,246,96
9,MEF44H,5,7,225,97
9,HGF88QF,1,7,334A,65
11,SCF84QGF,4,7,139,68
9,FSFC4,3,7,113,70
10,HFF44H,2,7,313,91
12,MRF44H,17,7,208,92
9,EEFG4H,7,7,246,95
10,HFF44UQX,2,7,324,84
12,BCF44T,34,7,108,92
12,PGF44Q2C,6,7,GYM1,95
10,BCF44T,34,7,108,89
10,PPF44Q2B,12,7,GYM3,85
11,MRF44QG,8,7,221,65
9,FKFC4,5,7,114,65
9,SLF44QG,4,7,333,85
10,SCF44H,7,7,141,96
12,PPF44Q2B,12,7,GYM3,85
12,PPF44Q3B,12,7,GYM3,85
9,SHFC2TM,3,7,248,100
10,MKFC4TC,4,7,322,75
10,AUFC4TA,3,7,232,100
12,AWF88U,1,7,222,65
11,SDF84UVT,2,7,332,75
10,FSFC8H,9,7,125,100
9,HGF88QQD,20,7,323,65
9,EEFG4QW,20,7,126,75
9,MRF44QG,8,7,221,78
9,FSFC8,8,7,149,80
9,PHF44Q2,6,7,B17,70
9,PPF44Q3G,10,7,GYM2,85
9,SHFC2TM,3,7,248,90
9,PHF44H2,6,7,B17,93
9,PPF44Q3G,10,7,GYM2,90
12,FQF44QQY,7,7,216,89
9,EEFG4,7,7,246,65
9,EEF88QG,10,7,348,67
10,FSFC8,9,7,125,70
10,PPF44Q2G,10,7,GYM2,100
10,PPF44Q3G,10,7,GYM2,100
10,HGF88QF,1,7,334A,88
9,PPF44Q2G,10,7,GYM2,80
9,UAF44Q3,5,7,227,72
9,FKFC4,5,7,114,65
9,HGF87QTD,3,7,325,84
10,MEF88QW,2,7,104,65
9,FSFC8,9,7,125,75
11,EEFCBQWD,1,7,347,70
10,EEF88QG,10,7,348,84
9,HGF88QQD,20,7,323,75
11,SPF44,5,7,238,79
10,HUF44QT,4,7,314,76
12,BCF44T,34,7,108,85
11,EEFGGQQC,3,7,250,81
9,PGF44Q2C,6,7,GYM1,85
9,PGF44Q3C,6,7,GYM1,85
10,FSFCCU,6,7,123,100
10,MEF88QW,2,7,104,68
10,MRF44,18,7,205,65
9,FSFC4,3,7,113,70
10,HFF44UQX,2,7,324,74
11,SDF44QGE,3,7,229,72
12,PGF44Q2C,6,7,GYM1,85
12,PGF44Q3C,6,7,GYM1,85
12,PPF44Q2G,10,7,GYM2,100
12,PPF44Q3G,10,7,GYM2,95
10,MEF88QT,2,7,207,75
10,EEFCBQWD,1,7,347,65
12,PGF44Q2C,6,7,GYM1,98
12,PGF44Q3C,6,7,GYM1,98
11,MRF44,16,7,223,65
9,PHF44H2,6,7,B17,93
9,PPF44Q3G,10,7,GYM2,100
12,SDF84UVT,2,7,332,100
12,MSF44UQX,1,7,107,89
12,PPF44Q3B,12,7,GYM3,80
9,HGF87QGD,3,7,325,75
9,SDF44QGE,3,7,229,84
12,MCF44UAX,1,7,105,74
10,EEF88QG,10,7,348,76
11,HUF44,2,7,311,78
10,MEF88QT,2,7,207,65
9,HGF87HQD,2,7,213,94
12,MPF44UQS,4,7,103,90
11,EEF88QT,10,7,348,74
9,SHFC6TM,4,7,327,65
10,HFF44,2,7,313,87
12,MCF44UAX,1,7,105,84
11,MRF44,18,7,205,85
11,MRF44,18,7,205,88
10,SHFC6TM,4,7,327,77
9,EEFCBQTD,2,7,350,65
9,SDF44H,1,7,247,96
11,EEFGGHQC,3,7,250,97
10,FFFC8,1,7,111,75
10,HGFCCQQ3,2,7,315,65
10,PPF44Q2B,12,7,GYM3,90
9,MEF44,5,7,225,65
10,FFFC8,1,7,111,73
11,FMFCCU,3,7,116,93
9,EEFCBQGD,2,7,350,65
12,MRF44QWF,2,7,214,79
10,HUF44HGD,3,7,326,92
9,HGF87QQD,2,7,213,80
12,SBF88UBD,2,7,336,88
10,FFFC8,1,7,111,68
9,MEF88QW,2,7,104,75
9,FMFC4H,3,7,215,98
10,SCF84QGF,4,7,139,65
12,BCF44T,34,7,108,84
11,PPF44Q2B,12,7,GYM3,85
11,PPF44Q3B,11,7,GYM3,88
9,MEF88QG,2,7,207,76
9,HFF44H,2,7,313,94
9,HGF88QQD,20,7,323,65
9,SCF44,7,7,141,75
9,MEF44,5,7,225,82
10,SCF44H,7,7,141,96
12,BCF44T,24,7,108,80
9,PPF44Q3B,12,7,GYM3,95
9,UAF44Q2,5,7,227,76
9,HUF44QGD,3,7,326,65
10,MRF44,16,7,223,65
9,PHF44H2,6,7,B17,95
9,PPF44Q3G,10,7,GYM2,100
9,EEFG4QG,20,7,146,84
10,SCF84QGF,4,7,139,81
9,FSFC4,3,7,113,83
12,EEFCBQTD,2,7,350,70
12,HFF44,2,7,313,83
9,HGF87HQD,2,7,213,92
11,HUF44H,2,7,311,90
10,EEF88QG,10,7,348,71
9,HGF87QQD,2,7,213,80
9,EEFG4QG,20,7,146,65
9,EEFG4,7,7,246,80
10,PPF44Q2B,11,7,GYM3,95
10,PPF44Q3B,12,7,GYM3,90
11,SDF84UVT,2,7,332,80
11,MRF44,18,7,205,67
11,MQF44QTF,2,7,106,86
11,FSFCCU,6,7,123,85
10,HFF44UQX,2,7,324,82
9,FSFC4,3,7,113,85
12,FSFCCU,6,7,123,65
9,SLF44QF,1,7,338,69
11,SDF84UVT,2,7,332,80
12,MSF44UQX,1,7,107,65
9,HGF88QQD,9,7,321,80
12,AWF88U,1,7,222,65
12,MPF44UQS,4,7,103,80
9,EEFG4HG,20,7,146,92
10,HUF44QGD,3,7,326,80
9,HGF87HQD,2,7,213,94
9,SLF44QF,1,7,338,78
12,SHFC6TM,4,7,327,78
9,SHFC2TM,3,7,248,90
10,MEF88QT,2,7,207,87
10,FFFC8,1,7,111,66
11,PPF44Q2B,12,7,GYM3,90
11,UAF88H3,5,7,227,90
11,MRF44QT,8,7,221,65
9,SHFC2TM,3,7,248,90
9,SLF44HT,4,7,333,97
10,MKFC4TC,4,7,322,88
10,MKFC4TC,4,7,322,90
10,MRF44,16,7,223,65
11,EEF88QT,10,7,348,65
10,SHFC6TM,4,7,327,89
10,HUF44QTD,3,7,326,67
11,UAF88Q2,5,7,227,65
12,HQF44QQY,7,7,317,98
12,HBF44X,2,7,316,70
11,MRF44,18,7,205,66
9,SLF44QT,4,7,333,87
11,SPF44H,5,7,238,91
12,PPF44Q2B,11,7,GYM3,90
9,SHFC2TM,3,7,248,85
9,SLF44QF,1,7,338,72
9,HGFCCQQ2,2,7,315,80
9,PPF44Q3G,10,7,GYM2,85
9,PPF44Q2B,11,7,GYM3,88
9,PPF44Q3B,11,7,GYM3,90
10,HUF44QGD,3,7,326,88
9,SLF44HF,1,7,338,99
12,MSF44UQX,1,7,107,73
12,MQF44QQY,7,7,204A,100
10,SCF44H,7,7,141,95
12,HBF44X,2,7,316,65
9,HFF44H,2,7,313,93
10,BCF44T,34,7,108,85
10,PPF44Q2B,12,7,GYM3,80
9,HGF87HGD,3,7,325,96
9,HGF88QQD,9,7,321,88
11,FMFCCU,3,7,116,85
9,EEFG4QW,20,7,126,80
9,MRF44HG,8,7,221,99
11,FMFCCU,3,7,116,90
11,SDF44HTE,3,7,229,95
12,MRF44QG,9,7,219,80
10,MRF44H,16,7,223,92
12,HBF44X,2,7,316,96
10,FFFC8,1,7,111,66
12,HBF44X,2,7,316,90
12,FQF44QQY,7,7,216,73
12,MPF44UQJ,3,7,203,89
9,SLF44QG,4,7,333,81
9,EEFG4QW,20,7,126,70
9,HGF87HGD,3,7,325,90
11,HBF44X,2,7,316,98
12,AWF88U,1,7,222,91
12,PQF44Q2Y,7,7,251,100
12,PQF44Q3Y,7,7,251,100
11,MRF44H,18,7,205,92
10,FMFC8H,2,7,122,90
9,EEF88QG,11,7,346,68
12,FQF44QQY,7,7,216,88
10,PGF44Q2C,6,7,GYM1,98
10,PGF44Q3C,6,7,GYM1,100
10,MRF44QT,9,7,219,83
9,SLF44H,7,7,228,90
12,MSF44UQX,1,7,107,97
9,SLF44HF,1,7,338,91
12,SDF84UVT,2,7,332,100
12,MRF44HT,8,7,221,94
9,FMFC4H,3,7,215,97
10,MRF44H,17,7,208,99
9,UAF44H3,5,7,227,95
12,MPF44UQS,4,7,103,70
9,SDF44H,1,7,247,95
10,SCF44,8,7,138,76
9,PHF44Q2,6,7,B17,84
9,PPF44Q3G,10,7,GYM2,100
9,FMFC8,2,7,122,82
10,EEF88QG,11,7,346,84
11,PPF44Q2G,10,7,GYM2,85
11,PPF44Q3G,10,7,GYM2,80
10,SCF44,8,7,138,72
12,MCF44UAX,1,7,105,87
12,BCF44T,24,7,108,85
12,PGF44Q3C,6,7,GYM1,95
11,EEFGGQQC,3,7,250,78
9,FMFC4H,3,7,215,97
12,SQF44QQY,7,7,233,100
10,SCF44H,7,7,141,100
11,BCF44T,34,7,108,96
11,PPF44Q2B,11,7,GYM3,93
9,MRF44H,16,7,223,92
11,SDF84UVT,2,7,332,100
11,SHF82H,3,7,231,96
9,HFF44,2,7,313,86
9,FMFC4H,3,7,215,93
11,SDF84UVT,2,7,332,95
12,FQF44QQY,7,7,216,98
10,FMFC8H,2,7,122,91
12,HBF44X,2,7,316,85
12,BCF44T,34,7,108,85
12,PGF44Q2C,6,7,GYM1,90
11,EEF88HG,10,7,348,98
10,HGFCCQQ2,2,7,315,67
10,HGF88HF,1,7,334A,95
11,HUF44,2,7,311,65
9,HGF87QTD,3,7,325,67
10,HFF44UQX,2,7,324,94
11,PPF44Q3B,12,7,GYM3,80
11,UAF88H2,5,7,227,92
11,HUF44H,2,7,311,90
9,FMFC8H,2,7,122,95
9,SDF44H,1,7,247,99
10,HUF44QG,4,7,314,86
9,MEF44,5,7,225,65
11,PPF44Q2B,11,7,GYM3,91
11,PPF44Q3B,11,7,GYM3,90
9,SLF44HT,4,7,333,92
11,FSFCCU,6,7,123,89
11,SDF44QGE,3,7,229,65
10,MRF44H,17,7,208,95
12,FLF44UQX,1,7,121,95
12,MSF44UQX,1,7,107,79
9,SHF82,3,7,231,84
10,FSFC8,8,7,149,65
10,FMFC8H,2,7,122,90
12,MCF44UAX,1,7,105,85
11,ULFC8TP,2,7,B39,95
10,SCF44,8,7,138,81
11,SPF44H,5,7,238,97
12,MCF44UAX,1,7,105,87
12,SDF84UVT,2,7,332,100
9,PPF44Q3B,11,7,GYM3,70
10,HGF88QF,1,7,334A,78
9,MRF44,16,7,223,72
11,SDF84UVT,2,7,332,100
11,SCF84QGF,4,7,139,86
11,PPF44Q2B,11,7,GYM3,70
11,PPF44Q3B,11,7,GYM3,65
9,HGF88QQD,9,7,321,76
10,SCF44,8,7,138,79
11,MPF44UQJ,3,7,203,88
9,MEF44QG,5,7,211,70
11,EEFGGHQC,3,7,250,90
11,SPF44H,5,7,238,97
9,SLF44QF,1,7,338,87
12,AWF88U,1,7,222,84
12,EEFGCUQX,3,7,349,85
12,MPF44UQS,4,7,103,95
9,MQF44HGF,2,7,106,100
10,SCF84QGF,4,7,139,72
12,BCF44T,24,7,108,82
12,PPF44Q3B,11,7,GYM3,70
11,MPF44UQJ,3,7,203,86
10,FMFC8,2,7,122,87
11,SDF44QGE,3,7,229,65
10,SPF44H,5,7,238,98
12,BCF44T,34,7,108,90
12,PPF44Q2B,12,7,GYM3,85
12,HBF44X,2,7,316,94
10,MRF44HG,8,7,221,92
12,BCF44T,24,7,108,80
12,PGF44Q3C,6,7,GYM1,95
9,HGF87QGD,3,7,325,85
12,MEF88QW,2,7,104,66
9,FSFC8,8,7,149,65
12,FMFGG,3,7,116,65
10,PPF44Q3B,12,7,GYM3,100
10,UAF44Q2,5,7,227,73
10,HGFCCQQ3,2,7,315,80
10,PPF44Q2G,10,7,GYM2,100
9,FKFC4,5,7,114,83
12,MPF44UQS,4,7,103,97
9,EEFCBQGD,2,7,350,65
9,PHF44H2,6,7,B17,91
9,PPF44Q3B,11,7,GYM3,97
9,FSFC8H,9,7,125,90
9,FSFC4,3,7,113,65
10,SCF44,8,7,138,74
11,EEFCBQGD,2,7,350,74
9,SHFC2TM,3,7,248,75
12,MSF44UQX,1,7,107,76
9,FSFC8H,9,7,125,96
10,FSFC8,8,7,149,85
9,MEF44QT,5,7,211,65
10,MKFC4TC,4,7,322,85
11,SCF84QTF,4,7,139,65
9,FKFC4,5,7,114,86
10,SHFC6TM,4,7,327,76
9,SHFC2TM,3,7,248,90
11,FFFC8,1,7,111,67
12,PGF44Q3C,6,7,GYM1,95
9,SLF44HT,4,7,333,96
11,MRF44,16,7,223,65
10,FSFCCU,6,7,123,100
10,FSFC8H,9,7,125,100
9,FSFC4,3,7,113,80
12,MPF44UQJ,3,7,203,78
10,SCF44H,8,7,138,93
9,HGF88QF,1,7,334A,77
10,FLFC8H,2,7,115,93
10,MKFC4TC,4,7,322,70
9,MRF44QWF,2,7,214,67
10,MRF44QG,8,7,221,73
11,MPF44UQJ,3,7,203,90
9,FMFC4H,3,7,215,96
9,SLF44QF,1,7,338,82
12,ULFC8TP,2,7,B39,100
9,HGF87QGD,3,7,325,80
10,FMFC8H,2,7,122,92
10,PPF44Q3B,11,7,GYM3,94
10,UAF44H2,5,7,227,98
11,FMFCCU,3,7,116,100
12,PQF44Q2Y,7,7,251,100
12,UAF88Q3,5,7,227,75
9,PHF44H3,6,7,B17,91
9,PPF44Q2G,10,7,GYM2,100
9,PPF44Q2B,12,7,GYM3,65
10,FLFC8,2,7,115,82
12,HBF44X,2,7,316,93
12,FLF44UQX,1,7,121,75
10,HFF44UQX,2,7,324,84
9,FSFC4,3,7,113,83
12,FSFC4,3,7,113,67
10,MRF44,17,7,208,80
9,SLF44QF,1,7,338,65
11,ULFC8TP,2,7,B39,69
9,HGF88QQD,20,7,323,70
ST,FSFCCU,6,7,123,65
12,PPF44Q2B,11,7,GYM3,95
12,PPF44Q3B,12,7,GYM3,85
11,SHF82,3,7,231,80
12,SHFC6TM,4,7,327,70
11,SDF84UVT,2,7,332,100
11,MRF44QWF,2,7,214,87
12,BCF44T,24,7,108,75
12,PGF44Q3C,6,7,GYM1,90
9,HGF87QQD,2,7,213,88
10,EEF88QG,11,7,346,86
11,SCF84HGF,4,7,139,94
10,HUF44QG,4,7,314,83
11,ULFC8TP,2,7,B39,84
9,SDF44H,1,7,247,94
11,MRF44H,16,7,223,100
10,FSFC8,9,7,125,85
9,PHF44Q2,6,7,B17,65
9,PPF44Q3G,10,7,GYM2,65
9,SLF44H,7,7,228,90
12,MQF44HGF,2,7,106,100
11,HGFCCQQ3,2,7,315,77
10,FLFC8,2,7,115,88
9,MEF44,5,7,225,75
9,EEF88QG,11,7,346,65
9,HGF88HQD,20,7,323,90
10,ULFC8TP,2,7,B39,90
12,PGF44Q2C,6,7,GYM1,98
9,PHF44H3,6,7,B17,98
9,PPF44Q2G,10,7,GYM2,100
11,HUF44H,2,7,311,97
11,EEFGGHQC,3,7,250,90
12,SPF44H,5,7,238,96
9,MRF44HG,9,7,219,97
9,PPF44Q2B,11,7,GYM3,93
9,PPF44Q3B,12,7,GYM3,95
10,HFF44H,2,7,313,97
9,MQF44QGF,2,7,106,88
9,FMFC4,3,7,215,65
12,MSF44UQX,1,7,107,95
10,HGF88QF,1,7,334A,81
10,HFF44UQX,2,7,324,74
11,FMFCCU,3,7,116,66
12,MSF44UQX,1,7,107,100
10,HGFCCQQ2,2,7,315,88
10,PPF44Q3G,10,7,GYM2,100
9,SLF44QF,1,7,338,65
9,HGF87QQD,2,7,213,70
11,EEFGCUQX,3,7,349,80
11,MRF44,16,7,223,65
9,MEF44,5,7,225,65
10,HUF44QTD,3,7,326,65
9,HGF87QQD,2,7,213,85
9,SDF44H,1,7,247,97
9,PHF44H3,6,7,B17,95
9,PPF44Q2G,10,7,GYM2,95
10,MQF44QGF,2,7,106,69
12,MCF44UAX,1,7,105,81
12,HBF44X,2,7,316,83
9,HGFCCQQ3,2,7,315,65
9,UAF44Q2,5,7,227,65
9,FSFC4,3,7,113,81
11,EEFGCUQX,3,7,349,80
12,HBF44X,2,7,316,65
12,SPF44,5,7,238,87
12,MPF44UQS,4,7,103,88
11,SDF44QTE,3,7,229,65
10,FSFCCU,6,7,123,95
12,MPF44UQJ,3,7,203,91
9,HGF87QQD,2,7,213,87
9,FSFC4,3,7,113,80
12,HFF44H,2,7,313,90
12,AQF44QQY,7,7,216,98
11,MRF44,18,7,205,66
11,SCF44,8,7,138,67
12,BCF44T,34,7,108,85
12,PPF44Q2G,10,7,GYM2,98
11,FMFCCU,3,7,116,85
9,PGF44Q2C,6,7,GYM1,65
12,MRF44,16,7,223,65
9,MEF44QT,5,7,211,65
10,FSFC8H,8,7,149,100
12,SDF84UVT,2,7,332,100
11,FKFC4,5,7,114,70
11,MPF44UQJ,3,7,203,91
9,FMFC8H,2,7,122,98
9,HGF87QTD,3,7,325,72
9,FFFC8,1,7,111,66
10,FSFCCU,6,7,123,100
11,SBF88UBD,2,7,336,97
11,FLFC8H,2,7,115,90
9,HGF87QQD,2,7,213,80
11,MRF44QWF,2,7,214,79
11,SDF84UVT,2,7,332,65
10,HFF44UQX,2,7,324,90
10,HGF88HF,1,7,334A,90
9,EEFG4HG,20,7,146,95
11,SDF84UVT,2,7,332,100
11,FMFCCU,3,7,116,70
11,SCF84HGF,4,7,139,98
9,PHF44H2,6,7,B17,95
9,PPF44Q3G,10,7,GYM2,100
10,EEF88QT,11,7,346,84
11,AWF88U,1,7,222,83
12,EEF88QT,11,7,346,65
11,PGF44Q2C,6,7,GYM1,95
11,UAF88H3,5,7,227,95
10,SHFC6TM,4,7,327,65
10,FSFCCU,6,7,123,98
12,MPF44UQS,4,7,103,65
9,EEFG4QG,20,7,146,73
9,HFF44,2,7,313,66
11,EEFGCUQX,3,7,349,80
10,MKFC4TC,4,7,322,88
9,MEF88QT,2,7,207,87
10,FLFC8,2,7,115,78
11,MRF44,18,7,205,88
12,FLF44UQX,1,7,121,80
11,SBF88UBD,2,7,336,88
9,MEF88QT,2,7,207,65
12,SBF88UBD,2,7,336,92
9,EEFCBQWD,1,7,347,65
9,HUF44QGD,3,7,326,75
11,PPF44Q2G,10,7,GYM2,88
11,MPF44UQJ,3,7,203,82
10,MEF88QG,2,7,207,87
11,PGF44Q2C,6,7,GYM1,98
11,PGF44Q3C,6,7,GYM1,95
11,PGF44Q2C,6,7,GYM1,98
11,UAF88Q3,5,7,227,75
9,HGF87QTD,3,7,325,71
12,AWF88U,1,7,222,80
12,MRF44QT,8,7,221,65
12,PGF44Q3C,6,7,GYM1,95
12,PPF44Q2G,10,7,GYM2,100
12,SDF84UVT,2,7,332,100
10,FLFC8,2,7,115,87
12,ULFC8TP,2,7,B39,65
10,SCF44,8,7,138,65
9,SHF82,3,7,231,89
9,MEF44QG,5,7,211,65
10,HFF44UQX,2,7,324,71
9,HGF88QQD,20,7,323,85
10,HUF44H,2,7,311,93
12,MRF44QT,8,7,221,65
11,SDF44QGE,3,7,229,65
12,BCF44T,24,7,108,85
12,PGF44Q3C,6,7,GYM1,98
9,HGFCCHQ2,2,7,315,90
9,PPF44Q3G,10,7,GYM2,100
11,PPF44Q2B,11,7,GYM3,88
11,PPF44Q3B,11,7,GYM3,88
11,FMFCCU,3,7,116,80
12,HFF44,2,7,313,84
9,SLF44QT,4,7,333,83
9,PPF44Q2G,10,7,GYM2,100
9,PPF44Q3G,10,7,GYM2,100
9,HGFCCQQ3,2,7,315,65
9,PPF44Q2B,11,7,GYM3,70
12,PPF44Q2G,10,7,GYM2,65
9,HGF87QGD,3,7,325,75
11,EEFGCUQX,3,7,349,80
12,MPF44UQJ,3,7,203,93
9,MQF44QTF,2,7,106,77
11,SPF44H,5,7,238,97
11,PGF44Q2C,6,7,GYM1,98
11,PGF44Q3C,6,7,GYM1,100
11,SCF44,8,7,138,65
9,MEF44HG,5,7,211,95
9,SLF44,7,7,228,80
12,BCF44T,24,7,108,75
12,PPF44Q3G,10,7,GYM2,90
9,HGF87QTD,3,7,325,66
10,EEF88QG,11,7,346,82
11,SDF44H,1,7,247,98
11,PPF44Q3B,12,7,GYM3,95
11,UAF88Q2,5,7,227,82
9,EEFG4,7,7,246,85
9,PHF44H3,6,7,B17,93
9,PPF44Q2A,12,7,GYM3,80
9,SLF44QG,4,7,333,77
9,FMFC8H,2,7,122,100
12,PGF44Q3C,6,7,GYM1,98
12,UAF88H2,5,7,227,98
11,HUF44QGD,3,7,326,70
11,EEFGCUQX,3,7,349,80
11,MQF44QTF,2,7,106,86
9,FSFC4H,3,7,113,95
12,HBF44X,2,7,316,90
9,MEF44QT,5,7,211,65
10,HFF44UQX,2,7,324,82
9,EEFG4QW,20,7,126,70
9,SLF44,7,7,228,72
10,FLFC8H,2,7,115,97
10,MQF44QGF,2,7,106,77
11,HUF44H,2,7,311,99
9,MRF44QG,8,7,221,65
12,PGF44Q3C,6,7,GYM1,75
11,PPF44Q2B,11,7,GYM3,88
11,PPF44Q3B,12,7,GYM3,95
9,HGFCCQQ2,2,7,315,70
9,PPF44Q3B,12,7,GYM3,90
11,PQF44Q2Y,7,7,251,100
11,PQF44Q3Y,7,7,251,100
12,MSF44UQX,1,7,107,87
12,PPF44Q3B,12,7,GYM3,95
12,PQF44Q2Y,7,7,251,100
9,SLF44QF,1,7,338,85
10,HFF44UQX,2,7,324,92
9,FSFC8H,8,7,149,95
9,PPF44Q2B,12,7,GYM3,80
9,PPF44Q3B,12,7,GYM3,85
11,SDF44HGE,3,7,229,96
9,FSFC4,3,7,113,85
11,SDF84UVT,2,7,332,100
10,FSFC8,9,7,125,85
9,HGF87QQD,2,7,213,77
10,HFF44UQX,2,7,324,82
9,SLF44,7,7,228,88
9,HGF87HQD,2,7,213,93
ST,MQF44QTF,2,7,106,74
9,SLF44,7,7,228,75
10,FSFC8,8,7,149,70
11,SHFC6TM,4,7,327,83
11,FSFCCU,6,7,123,75
10,MKFC4TC,4,7,322,90
9,HGF87QQD,2,7,213,87
12,SCF84QGF,4,7,139,65
9,MRF44,18,7,205,87
11,AWF88U,1,7,222,65
9,EEFG4,7,7,246,65
10,SHFC6TM,4,7,327,75
10,FSFCCU,6,7,123,98
10,MQF44QGF,2,7,106,73
11,SPF44H,5,7,238,97
9,EEFCBQWD,1,7,347,65
10,SCF44,8,7,138,66
9,SCF44,8,7,138,86
11,BCF44T,34,7,108,68
11,PPF44Q2B,12,7,GYM3,65
10,MRF44QG,8,7,221,83
10,HFF44UQX,2,7,324,73
12,AUFC4TA,3,7,232,100
10,EEF88HG,11,7,346,95
9,SDF44,1,7,247,86
12,ULFC8TP,2,7,B39,81
9,HGF88QQD,20,7,323,65
12,HBF44X,2,7,316,95
9,PHF44Q2,6,7,B17,86
9,PPF44Q3B,12,7,GYM3,95
10,HUF44,2,7,311,65
11,EEFGCUQX,3,7,349,83
12,PPF44Q2G,10,7,GYM2,100
12,UAF88H3,5,7,227,97
9,EEFCBQWD,1,7,347,65
11,FMFCCU,3,7,116,70
11,EEFGCUQX,3,7,349,90
9,SHF82H,3,7,231,97
12,SBF88UBD,2,7,336,94
11,FMFC8,2,7,122,83
9,PPF44Q2B,12,7,GYM3,100
9,PPF44Q3B,11,7,GYM3,99
9,FMFC4H,3,7,215,95
11,AWF88U,1,7,222,90
9,SDF44H,1,7,247,99
9,FKFC4,5,7,114,65
9,HGF88QQD,20,7,323,70
11,FSFCCU,6,7,123,85
12,PPF44Q2G,10,7,GYM2,100
11,FSFCCU,6,7,123,90
9,SLF44QT,4,7,333,84
9,PPF44Q2B,12,7,GYM3,100
9,PPF44Q3B,11,7,GYM3,92
9,SLF44QT,4,7,333,84
9,FKFC4H,5,7,114,94
12,MRF44QG,9,7,219,85
12,MCF44UAX,1,7,105,79
11,EEFGGHQC,3,7,250,95
9,SCF44,7,7,141,81
10,HFF44UQX,2,7,324,94
10,HFF44UQX,2,7,324,85
11,EEFGCUQX,3,7,349,95
9,SLF44HG,4,7,333,100
10,HUF44,2,7,311,66
11,EEF88QG,10,7,348,74
9,MEF44QT,5,7,211,80
12,BCF44T,34,7,108,86
12,PPF44Q2G,10,7,GYM2,100
9,MEF88QG,2,7,207,89
11,PGF44Q2C,6,7,GYM1,98
11,UAF88H3,5,7,227,93
10,SHFC6TM,4,7,327,73
10,FLFC8,2,7,115,89
10,FSFCCU,6,7,123,100
12,MSF44UQX,1,7,107,92
10,MRF44H,17,7,208,94
11,MPF44UQJ,3,7,203,92
9,SCF84QTF,4,7,139,65
12,MCF44UAX,1,7,105,71
11,EEFGGHQC,3,7,250,92
12,MPF44UQS,4,7,103,97
9,PHF44Q2,6,7,B17,86
9,PPF44Q3G,10,7,GYM2,100
9,FMFC4H,3,7,215,99
12,SPF44H,5,7,238,94
9,FMFC4H,3,7,215,99
9,PHF44H3,6,7,B17,96
9,PPF44Q2B,12,7,GYM3,100
9,HGF88QF,1,7,334A,78
11,SPF44H,5,7,238,96
11,BCF44T,34,7,108,66
11,PPF44Q2G,10,7,GYM2,65
10,ULFC8TP,2,7,B39,94
9,EEFG4QT,20,7,146,83
10,PPF44Q2B,12,7,GYM3,95
10,PPF44Q3B,11,7,GYM3,75
10,EEF88QG,10,7,348,83
9,MEF88QW,2,7,104,73
10,HUF44QG,4,7,314,84
10,SHFC6TM,4,7,327,80
10,HUF44,2,7,311,72
9,SHF82H,3,7,231,98
9,HGF88QQD,20,7,323,80
9,SHF82,3,7,231,78
10,HUF44QG,4,7,314,88
10,HUF44HG,4,7,314,90
11,SDF44QGE,3,7,229,65
10,MKFC4TC,4,7,322,90
12,FLF44UQX,1,7,121,96
9,MRF44QG,8,7,221,83
12,SDF44,1,7,247,74
11,HFF44,2,7,313,70
9,PGF44Q2C,6,7,GYM1,65
11,SCF84QTF,4,7,139,76
9,HGF87QQD,2,7,213,65
12,MCF44UAX,1,7,105,92
10,MRF44H,17,7,208,98
9,FMFC4H,3,7,215,100
12,MPF44UQJ,3,7,203,100
9,HGFCCQQ3,2,7,315,80
9,UAF44Q2,5,7,227,69
9,SLF44HF,1,7,338,90
9,HGFCCQQ2,2,7,315,85
9,PGF44Q3C,6,7,GYM1,90
12,BCF44T,34,7,108,68
12,PGF44Q2C,6,7,GYM1,80
9,HFF44,2,7,313,65
10,FMFC8,2,7,122,71
9,HGF88QQD,9,7,321,80
10,SPF44H,5,7,238,93
10,SCF84QGF,4,7,139,83
12,MPF44UQJ,3,7,203,93
10,HGF88HF,1,7,334A,93
12,HQF44QQY,7,7,317,95
9,HGF87QTD,3,7,325,85
11,SPF44H,5,7,238,95
9,HGF88QQD,20,7,323,80
9,HGF88QQD,9,7,321,78
10,HFF44UQX,2,7,324,98
12,BCF44T,24,7,108,85
12,PGF44Q3C,6,7,GYM1,98
9,SLF44QF,1,7,338,74
10,MEF88QG,2,7,207,87
12,BCF44T,24,7,108,88
12,MGF88QQ3,2,7,249,80
10,MRF44H,17,7,208,90
10,MRF44H,16,7,223,90
ST,HQF44QQY,7,7,317,100
10,PGF44Q2C,6,7,GYM1,100
10,PPF44Q3B,11,7,GYM3,93
10,MRF44H,17,7,208,93
10,AUFC4TA,3,7,232,100
10,EEF88HG,10,7,348,96
11,EEFGCUQX,3,7,349,88
9,EEFG4HG,20,7,146,95
10,FMFC8H,2,7,122,92
12,EEFGCUQX,3,7,349,85
9,EEFG4,7,7,246,80
12,FQF44QQY,7,7,216,99
12,BCF44T,24,7,108,90
12,PPF44Q3B,12,7,GYM3,95
12,MCF44UAX,1,7,105,72
10,HUF44,2,7,311,71
12,FMFCCU,3,7,116,92
9,HGF88QF,1,7,334A,72
12,MCF44UAX,1,7,105,91
12,FMFGG,3,7,116,75
12,PGF44Q2C,6,7,GYM1,90
10,BCF44T,34,7,108,88
10,PPF44Q2G,10,7,GYM2,100
11,SDF84UVT,2,7,332,100
12,MPF44UQS,4,7,103,88
12,MCF44UAX,1,7,105,89
11,HUF44HG,4,7,314,92
9,EEFG4QW,21,7,126,69
11,ULFC8TP,2,7,B39,68
10,FFFC8,1,7,111,70
9,SHF82H,3,7,231,95
12,AWF88U,1,7,222,91
11,EEFGGHQC,3,7,250,95
9,HGF87QGD,3,7,325,80
12,AWF88U,1,7,222,92
9,MRF44HG,8,7,221,97
11,PGF44Q3C,6,7,GYM1,98
11,UAF88H2,5,7,227,100
9,MRF44HG,9,7,219,90
12,MRF44,17,7,208,80
12,FQF44QQY,7,7,216,100
9,SCF44,7,7,141,66
11,MRF44,16,7,223,66
9,FSFC4,3,7,113,83
11,MRF44,18,7,205,80
9,HGFCCQQ3,2,7,315,65
10,FSFCCU,6,7,123,92
9,MEF44QT,5,7,211,65
10,SCF84QGF,4,7,139,73
11,SPF44,5,7,238,88
10,MEF88QG,2,7,207,80
10,FSFC8H,8,7,149,92
9,FSFC4,3,7,113,73
9,SDF44H,1,7,247,91
9,SDF44H,1,7,247,92
9,MEF88QG,2,7,207,74
12,FSFCCU,6,7,123,95
12,MSF44UQX,1,7,107,97
10,AUFC4TA,3,7,232,87
9,HGF88QQD,20,7,323,65
10,HGFCCQQ2,2,7,315,86
10,PPF44Q3B,12,7,GYM3,95
9,HGF87QQD,2,7,213,88
9,HGF88QQD,20,7,323,83
11,ULFC8TP,2,7,B39,100
12,HBF44X,2,7,316,65
10,HUF44HG,4,7,314,92
10,SCF44,8,7,138,77
9,HGF88QQD,9,7,321,82
11,AUFC4TA,3,7,232,79
10,MRF44,18,7,205,82
9,PHF44H3,6,7,B17,97
9,PPF44Q2B,11,7,GYM3,90
11,SDF44HTE,3,7,229,90
9,HFF44H,2,7,313,97
12,FLF44UQX,1,7,121,83
11,PPF44Q2G,10,7,GYM2,80
12,BCF44T,24,7,108,90
9,HGF87QQD,2,7,213,81
10,HUF44HG,4,7,314,98
9,MRF44QG,8,7,221,77
9,PHF44H3,6,7,B17,95
9,PPF44Q2B,11,7,GYM3,95
12,MCF44UAX,1,7,105,92
11,ULFC8TP,2,7,B39,92
9,PHF44Q2,6,7,B17,76
9,PPF44Q3B,12,7,GYM3,95
11,HGFCCQQ3,2,7,315,65
11,PGF44Q2C,6,7,GYM1,90
10,SDF44QTE,3,7,229,65
11,UAF88Q3,5,7,227,85
9,SHFC2TM,3,7,248,65
9,SDF44H,1,7,247,97
9,SCF44,8,7,138,78
9,HGF88QF,1,7,334A,74
9,FMFC4,3,7,215,77
9,FMFC8H,2,7,122,90
9,HGF87HGD,3,7,325,96
11,HUF44,2,7,311,76
12,SBF88UBD,2,7,336,80
11,EEFGCUQX,3,7,349,80
9,MEF44QG,5,7,211,78
11,HGFCCQQ3,2,7,315,88
11,PPF44Q2G,10,7,GYM2,95
12,MCF44UAX,1,7,105,77
12,MKF44QQY,7,7,319,100
11,FSFC8,9,7,125,70
9,HGF88QQD,9,7,321,70
11,MGF88QQ3,2,7,249,75
11,PPF44Q2B,12,7,GYM3,100
10,FFFC8,1,7,111,89
12,FLF44UQX,1,7,121,75
9,PGF44Q3C,6,7,GYM1,95
9,UAF44H2,5,7,227,90
10,HGF88HF,1,7,334A,93
9,SHF82H,3,7,231,95
11,SPF44H,5,7,238,98
10,MKFC4TC,4,7,322,91
10,FFFC8,1,7,111,79
12,SBF88UBD,2,7,336,88
12,EEFGCUQX,3,7,349,80
11,MGF88QQ3,2,7,249,65
11,PQF44Q2Y,7,7,251,100
12,PGF44Q2C,6,7,GYM1,70
12,PGF44Q3C,6,7,GYM1,65
12,HBF44X,2,7,316,89
9,FKFC4,5,7,114,66
9,FKFC4H,5,7,114,94
10,FLFC8H,2,7,115,93
12,SBF88UBD,2,7,336,86
9,PHF44H3,6,7,B17,92
9,PPF44Q2B,12,7,GYM3,85
10,EEF88QT,11,7,346,69
9,HUF44HG,4,7,314,95
10,PGF44Q3C,6,7,GYM1,80
10,PPF44Q2G,10,7,GYM2,77
11,MRF44,16,7,223,65
9,FSFC8,9,7,125,85
12,MCF44UAX,1,7,105,83
12,AQF44Q3Y,7,7,216,100
11,SHFC2TM,3,7,248,100
9,SLF44,7,7,228,81
10,SHFC6TM,4,7,327,91
12,SBF88UBD,2,7,336,83
9,SHFC2TM,3,7,248,100
9,HGF88QF,1,7,334A,65
10,FFFC8H,1,7,111,93
10,HFF44UQX,2,7,324,86
12,MCF44UAX,1,7,105,79
9,SHF82H,3,7,231,95
11,MRF44,16,7,223,70
11,MPF44UQJ,3,7,203,72
11,FSFCCU,6,7,123,95
11,SCF44,8,7,138,70
10,FSFC8,8,7,149,81
11,SHFC6TM,4,7,327,85
11,AUFC4TA,3,7,232,69
9,SHF82H,3,7,231,100
10,EEF88HG,10,7,348,95
12,SPF44H,5,7,238,99
11,MRF44QT,9,7,219,85
12,SBF88UBD,2,7,336,76
10,SCF44H,7,7,141,98
ST,FSFCCU,6,7,123,70
10,SCF44,8,7,138,73
9,PHF44Q2,6,7,B17,65
9,PPF44Q3G,10,7,GYM2,65
9,PHF44Q3,6,7,B17,72
9,PPF44Q2B,11,7,GYM3,93
11,EEFGCUQX,3,7,349,75
10,AUFC4TA,3,7,232,91
9,SLF44,7,7,228,75
9,HGF88QQD,9,7,321,65
9,PPF44Q2G,10,7,GYM2,100
9,PPF44Q3G,10,7,GYM2,100
9,SLF44HG,4,7,333,98
10,HFF44UQX,2,7,324,87
12,MPF44UQS,4,7,103,75
9,HGF87QGD,3,7,325,85
10,HUF44QGD,3,7,326,70
10,PPF44Q2B,11,7,GYM3,88
10,UAF44H3,5,7,227,92
9,HGF87QGD,3,7,325,85
9,MRF44HG,9,7,219,94
9,EEFCBHGD,2,7,350,100
9,SLF44HF,1,7,338,90
11,SDF84UVT,2,7,332,100
12,AWF88U,1,7,222,86
10,FLFC8H,2,7,115,98
11,EEFGGQQC,3,7,250,83
12,PGF44Q2C,6,7,GYM1,80
12,UAF88Q3,5,7,227,65
9,FFFC8,1,7,111,86
10,MRF44HG,9,7,219,94
10,MRF44H,17,7,208,92
11,PPF44Q2G,10,7,GYM2,100
11,PPF44Q3G,10,7,GYM2,100
9,SHFC2TM,3,7,248,100
11,PQF44Q2Y,7,7,251,100
11,PQF44Q3Y,7,7,251,100
10,EEF88QT,10,7,348,65
9,MEF88QW,2,7,104,65
9,EEFG4HG,20,7,146,91
10,SCF44H,7,7,141,97
10,HFF44H,2,7,313,98
11,EEFGCUQX,3,7,349,90
12,MPF44UQS,4,7,103,95
9,FKFC4,5,7,114,65
12,ULFC8TP,2,7,B39,97
11,UAF44H2,5,7,227,95
11,UAF44H3,5,7,227,95
10,FSFC8H,8,7,149,100
9,SDF44H,1,7,247,91
12,MSF44UQX,1,7,107,98
9,PHF44Q3,6,7,B17,79
9,PPF44Q2B,11,7,GYM3,90
12,MPF44UQJ,3,7,203,78
12,MSF44UQX,1,7,107,70
9,HUF44QG,4,7,314,84
11,SPF44,5,7,238,86
9,HGF87QQD,2,7,213,82
12,MSF44UQX,1,7,107,100
11,FFFC8,1,7,111,65
12,SHFC6TM,4,7,327,71
12,ULFC8TP,2,7,B39,81
12,ULFC8TP,2,7,B39,71
9,PHF44Q3,6,7,B17,87
9,PPF44Q2B,12,7,GYM3,85
10,AUFC4TA,3,7,232,100
9,FSFC4,3,7,113,75
9,EEFG4QT,20,7,146,80
9,SLF44H,7,7,228,99
9,HGF88QQD,9,7,321,80
9,FKFC4H,5,7,114,100
12,PPF44Q3B,11,7,GYM3,99
9,SLF44QF,1,7,338,65
12,MRF44H,17,7,208,98
9,SHFC2TM,3,7,248,100
9,MEF44H,5,7,225,90
11,EEFGGQQC,3,7,250,81
9,MEF44,5,7,225,82
11,MRF44,18,7,205,66
9,HGF88QQD,9,7,321,84
12,MPF44UQS,4,7,103,65
11,MPF44UQJ,3,7,203,66
9,SCF44,8,7,138,81
10,SHFC6TM,4,7,327,92
12,BCF44T,24,7,108,96
12,PPF44Q3B,12,7,GYM3,95
9,HGF88QQD,20,7,323,70
10,EEF88HG,11,7,346,93
9,MRF44QG,9,7,219,80
12,FMFGG,3,7,116,80
11,MRF44,17,7,208,84
9,FSFC4H,3,7,113,95
9,MEF44QG,5,7,211,85
12,PGF44Q2C,6,7,GYM1,100
12,PGF44Q3C,6,7,GYM1,98
9,SLF44HF,1,7,338,97
10,SCF44H,7,7,141,97
11,ULFC8TP,2,7,B39,95
9,FSFC8H,8,7,149,95
9,HGF88QQD,9,7,321,78
11,EEFCBQGD,2,7,350,80
10,FLFC8H,2,7,115,97
9,EEFG4,7,7,246,75
10,SHFC6TM,4,7,327,83
11,ULFC8TP,2,7,B39,65
12,MCF44UAX,1,7,105,95
10,HUF44,2,7,311,88
9,FSFC8H,9,7,125,100
12,BCF44T,24,7,108,65
12,SBF88UBD,2,7,336,92
10,PPF44Q2G,10,7,GYM2,100
10,UAF44H3,5,7,227,97
9,HGF87QQD,2,7,213,82
11,MGF88QQ3,2,7,249,75
11,UAF88Q2,5,7,227,73
9,MEF44H,5,7,225,92
11,EEFGGHQC,3,7,250,91
9,SHF82H,3,7,231,100
9,SDF44QTE,3,7,229,65
9,EEFG4HG,20,7,146,95
10,SCF44,8,7,138,65
11,FMFCCU,3,7,116,75
9,SLF44QT,4,7,333,87
12,BCF44T,34,7,108,90
9,MEF44HG,5,7,211,92
12,BCF44T,24,7,108,94
12,PGF44Q3C,6,7,GYM1,95
10,MEF88QT,2,7,207,65
9,MEF44QG,5,7,211,68
10,MKFC4TC,4,7,322,70
9,HGF88QQD,9,7,321,65
11,MQF44QTF,2,7,106,83
12,PPF44Q3B,12,7,GYM3,90
11,PPF44Q2B,12,7,GYM3,85
11,PPF44Q3B,11,7,GYM3,92
10,HGFCCQQ3,2,7,315,70
10,PPF44Q2G,10,7,GYM2,65
11,SPF44H,5,7,238,92
12,MCF44UAX,1,7,105,93
12,FLF44UQX,1,7,121,99
11,FMFCCU,3,7,116,75
12,PPF44Q3B,12,7,GYM3,75
10,SHFC6TM,4,7,327,100
10,MRF44H,17,7,208,99
12,EEFGGQQC,3,7,250,88
11,HFF44,2,7,313,65
11,HUF44HGD,3,7,326,96
11,HFF44,2,7,313,84
12,PPF44Q2B,11,7,GYM3,65
12,PPF44Q3B,11,7,GYM3,75
9,MEF44QG,5,7,211,82
9,SLF44QG,4,7,333,77
9,FMFC4H,3,7,215,96
12,FQF44QQY,7,7,216,98
9,MEF44,5,7,225,80
9,FMFC4H,3,7,215,95
11,SDF84UVT,2,7,332,95
9,FMFC4H,3,7,215,95
10,SCF44H,8,7,138,93
10,BCF44T,34,7,108,80
10,PPF44Q2B,11,7,GYM3,92
12,AQF44QQY,7,7,216,65
12,HBF44X,2,7,316,65
10,ULFC8TP,2,7,B39,65
12,MCF44UAX,1,7,105,88
10,HGF88QF,1,7,334A,77
10,FMFC8H,2,7,122,98
11,EEFGGHQC,3,7,250,92
9,FMFC4H,3,7,215,94
10,AUFC4TA,3,7,232,92
10,FMFC8H,2,7,122,96
9,SLF44H,7,7,228,92
12,MRF44H,17,7,208,96
10,HGF88HF,1,7,334A,99
12,MPF44UQS,4,7,103,93
9,SCF44,7,7,141,87
9,MEF44H,5,7,225,90
12,PGF44Q3C,6,7,GYM1,75
9,SLF44HG,4,7,333,94
11,PPF44Q3B,11,7,GYM3,92
11,UAF88H2,5,7,227,97
11,SCF44,7,7,141,67
11,SDF44QTE,3,7,229,65
11,MRF44QT,9,7,219,65
11,EEFGGHQC,3,7,250,92
9,FMFC8,2,7,122,89
9,HGF87HQD,2,7,213,92
12,SQF44QQY,7,7,233,100
10,FLFC8H,2,7,115,96
11,SHFC6TM,4,7,327,79
11,FMFCCU,3,7,116,95
10,SCF44,7,7,141,80
10,HFF44UQX,2,7,324,92
9,SHFC2TM,3,7,248,100
10,HGFCCQQ2,2,7,315,75
10,PPF44Q3G,10,7,GYM2,97
10,AUFC4TA,3,7,232,100
9,EEFG4,7,7,246,65
10,FMFC4,3,7,215,65
12,MRF44QT,9,7,219,65
9,MRF44,17,7,208,88
11,HUF44H,2,7,311,97
10,HGF88QF,1,7,334A,72
12,FQF44QQY,7,7,216,93
12,BCF44T,34,7,108,85
12,PPF44Q2G,10,7,GYM2,100
10,SCF44H,7,7,141,99
9,SLF44H,7,7,228,99
12,MPF44UQJ,3,7,203,99
10,SCF44H,7,7,141,97
9,MQF44QTF,2,7,106,89
12,MCF44UAX,1,7,105,96
10,FLFC8,2,7,115,73
12,AWF88U,1,7,222,65
9,HGF88QQD,9,7,321,88
12,MCF44UAX,1,7,105,88
11,SPF44H,5,7,238,100
12,PPF44Q2G,10,7,GYM2,65
9,FMFC4H,3,7,215,98
11,PPF44Q2B,12,7,GYM3,95
11,PPF44Q3B,12,7,GYM3,95
9,SDF44H,1,7,247,98
11,SPF44H,5,7,238,96
10,FLFC8H,2,7,115,97
10,EEF88QG,11,7,346,89
9,FMFC8H,2,7,122,95
9,SLF44QF,1,7,338,71
10,HGF88QF,1,7,334A,77
11,SDF84UVT,2,7,332,100
12,MRF44,18,7,205,70
10,HGF88QF,1,7,334A,82
12,SBF88UBD,2,7,336,87
9,FMFC4H,3,7,215,100
9,HGF88QF,1,7,334A,84
10,FMFC8H,2,7,122,97
9,PHF44H3,6,7,B17,92
9,PPF44Q2G,10,7,GYM2,95
12,MSF44UQX,1,7,107,73
11,EEFGGHQC,3,7,250,94
9,FMFC4H,3,7,215,91
10,HUF44HG,4,7,314,90
12,HBF44X,2,7,316,80
12,PGF44Q2C,6,7,GYM1,98
12,PGF44Q3C,6,7,GYM1,95
9,EEFG4QW,20,7,126,68
11,PPF44Q3G,10,7,GYM2,85
11,UAF88H2,5,7,227,96
10,AUFC4TA,3,7,232,100
11,HUF44HT,4,7,314,93
9,FMFC4H,3,7,215,97
10,EEF88HG,10,7,348,100
10,MKFC4TC,4,7,322,66
11,FMFCCU,3,7,116,79
12,PPF44Q3G,10,7,GYM2,100
10,SHFC2TM,3,7,248,80
9,SLF44QF,1,7,338,88
9,MEF44HG,5,7,211,90
11,MRF44H,18,7,205,97
10,FLFC8,2,7,115,65
9,MEF44QG,5,7,211,75
11,FSFC8,9,7,125,70
12,MCF44UAX,1,7,105,91
11,MRF44QG,9,7,219,87
9,PPF44Q3B,11,7,GYM3,93
9,UAF44Q2,5,7,227,80
12,MSF44UQX,1,7,107,70
9,SHF82H,3,7,231,90
9,FSFC4,3,7,113,70
11,MRF44,16,7,223,65
9,SLF44HG,4,7,333,94
9,MEF44,5,7,225,82
10,HFF44UQX,2,7,324,91
10,SCF84QGF,4,7,139,65
12,FSFC8H,9,7,125,95
10,AUFC4TA,3,7,232,100
11,PPF44Q2B,11,7,GYM3,92
11,UAF88H3,5,7,227,99
12,EEFGCUQX,3,7,349,95
9,FMFC8H,2,7,122,98
10,PPF44Q2G,10,7,GYM2,95
10,PPF44Q3G,10,7,GYM2,100
10,MRF44HWF,2,7,214,90
9,SCF44,7,7,141,86
11,SHFC6TM,4,7,327,91
10,FSFC8,9,7,125,78
10,HUF44HTD,3,7,326,92
10,HFF44UQX,2,7,324,91
12,FSFC8,8,7,149,70
10,HGF88HF,1,7,334A,95
11,MEF88QW,2,7,104,78
12,FQF44QQY,7,7,216,98
9,FMFC4H,3,7,215,95
9,PHF44Q2,6,7,B17,78
9,PPF44Q3G,10,7,GYM2,97
9,SHFC2TM,3,7,248,100
11,EEF88QT,11,7,346,68
12,FLF44UQX,1,7,121,82
10,AUFC4TA,3,7,232,86
12,EEFCBQTD,2,7,350,77
9,MEF44H,5,7,225,95
11,AUFC4TA,3,7,232,65
9,SLF44H,7,7,228,93
10,FFFC8,1,7,111,67
11,FSFC8,8,7,149,82
9,PHF44Q3,6,7,B17,87
9,PPF44Q2B,12,7,GYM3,85
11,SHFC6TM,4,7,327,76
9,EEFG4QW,20,7,126,85
10,BCF44T,34,7,108,87
10,PPF44Q2B,12,7,GYM3,85
9,MEF44QT,5,7,211,65
9,SLF44QF,1,7,338,68
12,AWF88U,1,7,222,86
12,MPF44UQS,4,7,103,88
9,SDF44H,1,7,247,100
12,MRF44,16,7,223,65
12,PPF44Q2B,12,7,GYM3,95
12,PPF44Q3B,11,7,GYM3,97
10,FSFC8,8,7,149,75
9,MEF44H,5,7,225,100
9,MEF44QT,5,7,211,86
10,MEF88QG,2,7,207,69
9,MEF44,5,7,225,74
11,EEFCBHGD,2,7,350,91
11,SCF44,7,7,141,65
11,PPF44Q2B,11,7,GYM3,94
11,UAF88Q3,5,7,227,87
10,HUF44,2,7,311,70
10,FSFC8H,9,7,125,100
12,AWF88U,1,7,222,65
9,MEF44H,5,7,225,95
10,MRF44,17,7,208,83
9,EEFG4QG,20,7,146,70
9,EEF88QG,10,7,348,79
9,SHF82,3,7,231,86
10,ULFC8TP,2,7,B39,65
11,MRF44H,17,7,208,92
9,SLF44,7,7,228,88
10,HFF44UQX,2,7,324,84
9,HFF44,2,7,313,71
9,PHF44H2,6,7,B17,95
9,PPF44Q3G,10,7,GYM2,85
11,SDF44QGE,3,7,229,80
11,FSFC4H,3,7,113,90
9,FSFC4,3,7,113,85
10,EEF88HG,10,7,348,97
9,SHF82H,3,7,231,90
11,SDF84UVT,2,7,332,87
9,FSFC4,3,7,113,85
9,SHF82,3,7,231,69
11,MRF44H,17,7,208,92
9,SHF82H,3,7,231,93
9,HGF87QQD,2,7,213,77
10,FMFCCU,3,7,116,68
9,HGF87QQD,2,7,213,84
10,HUF44QT,4,7,314,65
12,MCF44UAX,1,7,105,82
11,EEFGGHQC,3,7,250,97
9,EEFG4,7,7,246,65
9,FKFC4,5,7,114,71
12,PGF44Q2C,6,7,GYM1,90
12,PGF44Q3C,6,7,GYM1,90
9,FFFC8,1,7,111,76
10,EEF88QG,11,7,346,82
9,HGF88QQD,9,7,321,88
10,FFFC8,1,7,111,70
12,MRF44,17,7,208,82
10,FLFC8,2,7,115,80
12,HBF44X,2,7,316,85
10,FLFC8H,2,7,115,91
11,SDF44QGE,3,7,229,65
9,SHFC2TM,3,7,248,100
12,MQF44QTF,2,7,106,82
9,FSFC4,3,7,113,80
11,EEF88QT,10,7,348,89
12,MPF44UQJ,3,7,203,93
11,SPF44H,5,7,238,93
12,MPF44UQJ,3,7,203,86
9,HGF87QQD,2,7,213,76
10,AUFC4TA,3,7,232,100
11,PPF44Q3B,12,7,GYM3,75
11,UAF88Q2,5,7,227,65
10,SCF84QTF,4,7,139,70
9,PHF44Q2,6,7,B17,85
9,PPF44Q3B,11,7,GYM3,95
9,SHF82,3,7,231,80
9,SLF44,7,7,228,70
10,HFF44H,2,7,313,92
9,SHFC2TM,3,7,248,100
9,HGF88QQD,20,7,323,65
9,EEFG4,7,7,246,70
9,SHF82H,3,7,231,92
12,HBF44X,2,7,316,91
10,MRF44QG,9,7,219,70
9,PHF44Q2,6,7,B17,80
9,PPF44Q3B,11,7,GYM3,85
12,EEFGGQQC,3,7,250,85
11,MRF44H,17,7,208,98
11,EEFGGHQC,3,7,250,97
9,SLF44,7,7,228,65
12,HGFCCQQ2,2,7,315,77
12,PGF44Q3C,6,7,GYM1,90
9,EEFG4,7,7,246,80
9,MEF88QW,2,7,104,65
12,AUFC4TA,3,7,232,80
9,PPF44Q3G,10,7,GYM2,100
9,UAF44Q2,5,7,227,83
11,MRF44QT,8,7,221,78
9,HUF44QTD,3,7,326,75
12,SBF88UBD,2,7,336,80
11,PPF44Q2B,11,7,GYM3,80
11,PPF44Q3B,11,7,GYM3,80
11,PPF44Q2G,10,7,GYM2,75
11,PPF44Q3G,10,7,GYM2,70
10,SHFC6TM,4,7,327,66
11,SCF44,7,7,141,66
11,EEFGCUQX,3,7,349,90
12,PPF44Q2G,10,7,GYM2,75
12,PPF44Q3G,10,7,GYM2,75
9,SDF44H,1,7,247,98
11,PGF44Q2C,6,7,GYM1,90
11,UAF88Q3,5,7,227,87
11,EEFGCUQX,3,7,349,80
11,PPF44Q2G,10,7,GYM2,98
11,UAF88Q3,5,7,227,86
11,MRF44QT,9,7,219,70
12,FMFGG,3,7,116,68
12,SBF88UBD,2,7,336,91
9,SLF44,7,7,228,78
9,SLF44QF,1,7,338,65
10,FLFC8,2,7,115,83
11,ULFC8TP,2,7,B39,100
10,HFF44UQX,2,7,324,72
9,PGF44Q3C,6,7,GYM1,100
9,PHF44H2,6,7,B17,96
9,EEFG4QG,20,7,146,69
11,FSFCCU,6,7,123,65
9,HGF87HQD,2,7,213,90
11,MRF44H,17,7,208,98
10,SCF44,8,7,138,85
12,PGF44Q2C,6,7,GYM1,90
12,MCF44UAX,1,7,105,95
9,MEF44HG,5,7,211,93
12,MPF44UQJ,3,7,203,93
9,SCF44,7,7,141,88
9,HUF44QT,4,7,314,81
9,SCF44H,7,7,141,93
12,BCF44T,34,7,108,78
12,PPF44Q2G,10,7,GYM2,80
11,EEFCBQTD,2,7,350,80
9,SLF44QF,1,7,338,65
9,EEFG4HT,20,7,146,92
9,HGF87HQD,2,7,213,97
10,PPF44Q2B,12,7,GYM3,95
10,UAF44H3,5,7,227,90
12,AWF88U,1,7,222,71
10,PPF44Q3B,12,7,GYM3,95
10,UAF44Q2,5,7,227,79
9,EEFG4,7,7,246,66
9,HGFCCQQ2,2,7,315,75
9,PHF44Q3,6,7,B17,65
10,FLFC8,2,7,115,88
10,HFF44H,2,7,313,96
11,MKFC4TC,4,7,322,70
9,HGF87HGD,3,7,325,93
12,MPF44UQS,4,7,103,88
9,EEFG4QT,20,7,146,68
9,FMFC4H,3,7,215,97
11,SBF88UBD,2,7,336,83
10,SCF44,7,7,141,87
11,MRF44,18,7,205,68
12,MPF44UQS,4,7,103,99
9,PPF44Q2B,12,7,GYM3,100
9,PPF44Q3B,12,7,GYM3,95
11,FSFCCU,6,7,123,92
9,MEF44QT,5,7,211,65
9,MEF88QW,2,7,104,83
9,FMFC8H,2,7,122,97
9,HGFCCQQ2,2,7,315,70
9,PPF44Q3B,12,7,GYM3,80
10,EEF88QT,10,7,348,70
11,FSFCCU,6,7,123,85
12,EEFGCUQX,3,7,349,90
12,MPF44UQJ,3,7,203,90
11,EEFCBHGD,2,7,350,97
9,MEF44QT,5,7,211,65
12,SQF44QQY,7,7,233,100
11,HGFCCHQ2,2,7,315,90
11,PPF44Q3G,10,7,GYM2,100
11,FSFCCU,6,7,123,75
9,SLF44,7,7,228,72
11,MGF88QQ3,2,7,249,65
11,UAF88Q2,5,7,227,71
10,SCF84QGF,4,7,139,71
9,HGF88QQD,9,7,321,75
9,PPF44Q3B,11,7,GYM3,85
9,UAF88Q2,5,7,227,65
10,MRF44,16,7,223,65
12,MPF44UQS,4,7,103,97
9,EEFG4,7,7,246,65
9,PPF44Q2B,12,7,GYM3,85
9,PPF44Q3B,12,7,GYM3,85
11,MRF44,18,7,205,72
9,FSFC4,3,7,113,80
9,HUF44,2,7,311,84
9,SLF44QF,1,7,338,68
12,MPF44UQJ,3,7,203,65
11,PGF44Q2C,6,7,GYM1,95
11,PGF44Q3C,6,7,GYM1,95
10,FSFC8H,8,7,149,97
10,PGF44Q2C,6,7,GYM1,75
12,SPF44H,5,7,238,94
10,HUF44QG,4,7,314,72
12,MRF44,16,7,223,65
9,SLF44,7,7,228,66
12,FLF44UQX,1,7,121,90
10,BCF44T,34,7,108,70
10,PPF44Q2B,12,7,GYM3,85
9,PPF44Q3B,11,7,GYM3,93
12,PPF44Q2B,12,7,GYM3,85
9,HGF88QQD,9,7,321,68
9,MRF44H,17,7,208,92
10,HUF44QTD,3,7,326,78
9,HGF88QF,1,7,334A,78
9,EEF88QT,11,7,346,73
9,HGF88QQD,9,7,321,83
9,MRF44H,17,7,208,94
9,SLF44H,7,7,228,90
9,FSFC8H,9,7,125,100
9,EEFG4H,7,7,246,97
11,EEFCBQGD,2,7,350,80
10,FLFC8,2,7,115,74
10,HUF44QG,4,7,314,89
11,PPF44Q2B,11,7,GYM3,93
11,PPF44Q3B,11,7,GYM3,95
10,PPF44Q2B,12,7,GYM3,75
10,UAF44Q3,5,7,227,89
9,SDF44,1,7,247,88
12,EEFGCUQX,3,7,349,95
10,HUF44HG,4,7,314,91
12,SQF44QQY,7,7,233,100
9,EEFG4H,7,7,246,93
10,MRF44QT,9,7,219,70
10,SHFC6TM,4,7,327,91
9,SHF82H,3,7,231,90
9,SHFC2TM,3,7,248,80
10,HUF44QT,4,7,314,89
10,MRF44QG,9,7,219,78
9,PHF44Q3,6,7,B17,82
9,PPF44Q2G,10,7,GYM2,77
10,HFF44UQX,2,7,324,93
10,PPF44Q2B,12,7,GYM3,90
10,UAF44H3,5,7,227,90
12,MSF44UQX,1,7,107,65
10,MRF44H,17,7,208,98
10,HFF44,2,7,313,86
9,HUF44QT,4,7,314,70
9,HGF88QQD,9,7,321,76
11,FFFC8,1,7,111,67
11,FFFC8,1,7,111,71
9,SLF44,7,7,228,88
9,SHF82,3,7,231,70
10,UAF88Q2,5,7,227,65
11,EEFGGHQC,3,7,250,93
9,MEF44,5,7,225,71
9,MQF44QGF,2,7,106,77
11,MQF44QTF,2,7,106,82
9,SLF44HG,4,7,333,94
9,SLF44H,7,7,228,94
12,PPF44Q2B,11,7,GYM3,93
12,PPF44Q3B,12,7,GYM3,95
10,EEF88HG,10,7,348,97
12,BCF44T,24,7,108,80
12,PGF44Q3C,6,7,GYM1,75
12,MPF44UQS,4,7,103,75
9,SLF44QF,1,7,338,65
9,FSFC4,3,7,113,75
9,SLF44QT,4,7,333,82
9,SLF44,7,7,228,88
12,AWF88U,1,7,222,70
9,FKFC4,5,7,114,65
10,EEFCBQGD,2,7,350,65
9,SHFC2TM,3,7,248,90
9,SHF82,3,7,231,84
10,HUF44,2,7,311,86
11,HUF44,2,7,311,88
12,BCF44T,24,7,108,75
12,UAF88H3,5,7,227,92
10,FSFC8H,9,7,125,100
10,FLFC8H,2,7,115,100
12,MPF44UQS,4,7,103,75
10,FFFC8,1,7,111,72
10,FFFC8,1,7,111,69
12,FLF44UQX,1,7,121,81
11,MRF44,16,7,223,87
10,SDF44QTE,3,7,229,70
9,HGF88QQD,20,7,323,80
10,HFF44UQX,2,7,324,92
11,EEFCBQWD,1,7,347,65
10,HFF44H,2,7,313,98
9,MRF44QWF,2,7,214,72
11,PGF44Q3C,6,7,GYM1,65
10,SCF44,7,7,141,80
10,HUF44QGD,3,7,326,86
12,MQF44QGF,2,7,106,65
10,FLFC8H,2,7,115,90
9,MEF44HG,5,7,211,92
10,MGF88QQ3,2,7,249,75
10,PPF44Q2G,10,7,GYM2,88
9,EEFG4QT,20,7,146,78
9,HGF88QQD,9,7,321,83
9,FLFC8,2,7,115,85
9,SLF44QF,1,7,338,76
11,UAF88Q2,5,7,227,65
11,EEFGCUQX,3,7,349,90
11,PPF44Q3B,11,7,GYM3,95
11,UAF88Q2,5,7,227,65
11,MRF44QT,8,7,221,65
12,HBF44X,2,7,316,88
10,FFFC8,1,7,111,86
11,MRF44HG,9,7,219,91
9,EEFG4QT,20,7,146,65
9,SDF44,1,7,247,87
12,SPF44,5,7,238,83
12,BCF44T,24,7,108,78
9,HGF88QQD,9,7,321,83
9,MEF88QW,2,7,104,78
9,HGF87QTD,3,7,325,80
11,MGF88QQ3,2,7,249,70
9,EEFG4QT,20,7,146,76
9,SHF82,3,7,231,75
12,EEFGGQQC,3,7,250,85
10,EEF88QT,10,7,348,84
9,MEF44QT,5,7,211,88
10,HUF44QGD,3,7,326,82
9,HUF44HGD,3,7,326,98
10,FMFC8H,2,7,122,92
11,EEFGCUQX,3,7,349,80
12,MPF44UQJ,3,7,203,83
12,ULFC8TP,2,7,B39,97
12,MRF44,18,7,205,72
ST,MQF44HTF,2,7,106,100
9,MEF44H,5,7,225,96
12,FFFC8,1,7,111,82
9,SLF44QF,1,7,338,84
9,PPF44Q2G,10,7,GYM2,100
9,PPF44Q3G,10,7,GYM2,95
12,MKF44QQY,7,7,319,100
10,BCF44T,24,7,108,84
10,PPF44Q3G,10,7,GYM2,90
10,FFFC8H,1,7,111,95
12,PQF44Q2Y,7,7,251,100
12,PQF44Q3Y,7,7,251,100
10,EEF88HT,10,7,348,96
9,SDF44,1,7,247,87
9,SHFC2TM,3,7,248,100
12,HGF88QQD,20,7,323,85
11,EEFCBQWD,1,7,347,73
11,MGF88QQ3,2,7,249,75
11,UAF88Q2,5,7,227,66
10,SHFC2TM,3,7,248,65
9,EEFG4,7,7,246,65
11,SDF44QGE,3,7,229,65
11,SDF84UVT,2,7,332,80
12,BCF44T,24,7,108,65
9,EEFCBQWD,1,7,347,65
10,FSFC8,8,7,149,70
12,MQF44HGF,2,7,106,100
9,MEF44QT,5,7,211,80
11,SBF88UBD,2,7,336,80
9,FSFC4,3,7,113,70
12,MKFC4TC,4,7,322,65
11,ULFC8TP,2,7,B39,84
9,FKFC4,5,7,114,88
12,PGF44Q3C,6,7,GYM1,90
12,PPF44Q2G,10,7,GYM2,80
12,MCF44UAX,1,7,105,80
11,MPF44UQJ,3,7,203,65
11,MPF44UQJ,3,7,203,88
9,MEF44QT,5,7,211,65
9,MEF44,5,7,225,86
12,FMFGG,3,7,116,80
9,HGFCCQQ3,2,7,315,65
9,UAF44Q2,5,7,227,65
9,SDF44H,1,7,247,98
11,HUF44,2,7,311,86
9,HGFCCQQ3,2,7,315,82
9,PPF44Q2G,10,7,GYM2,95
9,EEFG4HG,20,7,146,90
10,PPF44Q2B,11,7,GYM3,93
10,UAF44Q3,5,7,227,75
10,HUF44,2,7,311,83
9,SCF44H,7,7,141,97
9,MQF44HGF,2,7,106,96
11,MQF44QTF,2,7,106,65
9,HGF88QQD,9,7,321,72
11,EEFCBQWD,1,7,347,70
11,EEFCBQGD,2,7,350,65
10,PGF44Q3C,6,7,GYM1,85
10,UAF44Q2,5,7,227,78
9,PPF44Q2G,10,7,GYM2,100
9,UAF44Q3,5,7,227,89
10,MRF44QT,9,7,219,65
11,MPF44UQJ,3,7,203,100
12,PGF44Q3C,6,7,GYM1,80
9,EEFG4QW,20,7,126,75
10,MRF44HG,9,7,219,93
10,FSFC8H,9,7,125,100
10,SHFC6TM,4,7,327,88
9,FSFC8,8,7,149,70
9,SLF44QT,4,7,333,80
9,EEFG4,7,7,246,87
11,MGF88QQ3,2,7,249,85
9,FKFC4,5,7,114,88
12,SDF44QGE,3,7,229,80
10,SHFC6TM,4,7,327,66
10,SCF44,8,7,138,83
10,FSFC8,9,7,125,65
10,EEF88QT,10,7,348,68
11,AUFC4TA,3,7,232,78
9,MRF44QG,9,7,219,75
11,HGFCCQQ2,2,7,315,86
11,MGF88QQ3,2,7,249,75
10,EEF88QG,10,7,348,87
9,MRF44QT,9,7,219,67
9,SHFC2TM,3,7,248,75
10,PGF44Q2C,6,7,GYM1,85
10,PGF44Q3C,6,7,GYM1,80
9,EEFG4QT,20,7,146,70
10,HFF44,2,7,313,86
12,FSFCCU,6,7,123,100
9,SLF44,7,7,228,87
12,FSFCCU,6,7,123,85
10,FSFC8,8,7,149,77
9,EEF88QG,11,7,346,65
9,HGF87QTD,3,7,325,80
9,HGF88QQD,9,7,321,65
9,SHF82H,3,7,231,90
9,PHF44Q2,6,7,B17,82
9,PPF44Q3G,10,7,GYM2,75
11,FSFCCU,6,7,123,75
11,MGF88QQ3,2,7,249,70
11,PPF44Q2B,11,7,GYM3,92
9,HGFCCQQ3,2,7,315,85
9,UAF44Q2,5,7,227,78
11,HBF44X,2,7,316,86
10,MRF44,16,7,223,65
10,SHFC6TM,4,7,327,74
10,MRF44QT,8,7,221,65
12,EEFGGQQC,3,7,250,88
12,MRF44,18,7,205,69
11,ULFC8TP,2,7,B39,84
9,HGF88QQD,9,7,321,65
11,MGF88QQ3,2,7,249,80
9,PHF44H3,6,7,B17,90
9,PPF44Q2B,12,7,GYM3,95
9,PHF44Q2,6,7,B17,71
9,PPF44Q3B,12,7,GYM3,90
9,EEFCBQGD,2,7,350,77
12,PQF44Q2Y,7,7,251,100
12,PQF44Q3Y,7,7,251,100
10,HUF44QGD,3,7,326,70
12,ULFC8TP,2,7,B39,86
11,MRF44,18,7,205,76
9,HGF87QTD,3,7,325,65
10,SDF44QGE,3,7,229,70
11,SHF82,3,7,231,78
9,SHF82,3,7,231,65
10,FFFC8,1,7,111,71
9,SLF44,7,7,228,80
10,HFF44UQX,2,7,324,81
11,PGF44Q2C,6,7,GYM1,80
10,HUF44QG,4,7,314,76
11,SPF44,5,7,238,78
12,BCF44T,24,7,108,78
12,MGF88QQ3,2,7,249,65
10,EEF88QT,10,7,348,73
10,HGFCCQQ2,2,7,315,65
10,PPF44Q3G,10,7,GYM2,80
9,MEF44QG,5,7,211,88
9,PPF44Q3G,10,7,GYM2,65
9,UAF44Q2,5,7,227,65
12,BCF44T,24,7,108,82
12,FLF44UQX,1,7,121,90
12,MRF44,18,7,205,70
9,FKFC4,5,7,114,65
10,AUFC4TA,3,7,232,100
10,MGF88QQ3,2,7,249,76
11,SBF88UBD,2,7,336,90
11,HUF44QT,4,7,314,72
9,FSFC4,3,7,113,75
11,SHFC2TM,3,7,248,85
9,SHFC2TM,3,7,248,65
10,UAF44Q3,5,7,227,68
12,HBF44X,2,7,316,96
11,FSFC8,9,7,125,70
12,UQF44QQY,7,7,216,100
11,BCF44T,24,7,108,73
11,PPF44Q3B,12,7,GYM3,65
9,HFF44,2,7,313,78
11,MPF44UQJ,3,7,203,92
12,MRF44,16,7,223,65
11,MRF44QG,9,7,219,65
9,SHFC2TM,3,7,248,85
10,SCF44,8,7,138,65
10,FSFC8,8,7,149,81
9,MEF44HG,5,7,211,95
9,EEFG4QG,20,7,146,68
11,MKFC4TC,4,7,322,85
9,MEF44,5,7,225,88
10,SCF44,8,7,138,88
10,HUF44QG,4,7,314,74
9,MEF88HG,2,7,207,95
11,EEFGGQQC,3,7,250,87
11,SCF44,8,7,138,65
11,FSFCCU,6,7,123,90
11,MEF88QG,2,7,207,82
11,AWF88U,1,7,222,65
10,EEF88HG,10,7,348,100
9,SDF44,1,7,247,66
12,SPF44,5,7,238,66
12,PPF44Q2B,11,7,GYM3,92
12,UAF88H3,5,7,227,94
12,MPF44UQJ,3,7,203,78
12,HQF44QQY,7,7,317,98
12,SDF84UVT,2,7,332,100
11,SPF44H,5,7,238,98
11,MQF44QGF,2,7,106,84
11,MPF44UQJ,3,7,203,84
11,PPF44Q2B,12,7,GYM3,100
11,UAF88Q3,5,7,227,79
12,PPF44Q2B,11,7,GYM3,92
12,PPF44Q3B,11,7,GYM3,90
9,HGF87QGD,3,7,325,85
12,FLF44UQX,1,7,121,91
11,FMFC8,2,7,122,75
12,BCF44T,34,7,108,65
12,PGF44Q2C,6,7,GYM1,90
9,SCF84QGF,4,7,139,75
12,MSF44UQX,1,7,107,70
12,FKFC4H,5,7,114,100
12,AWF88U,1,7,222,80
10,EEF88HG,11,7,346,92
12,MSF44UQX,1,7,107,70
9,SLF44H,7,7,228,100
10,FSFC8,8,7,149,75
9,EEFG4QG,20,7,146,70
12,MPF44UQS,4,7,103,65
12,MCF44UAX,1,7,105,89
9,HFF44,2,7,313,83
9,PHF44Q3,6,7,B17,88
9,PPF44Q2G,10,7,GYM2,65
9,FSFC4H,3,7,113,95
11,MRF44QWF,2,7,214,65
9,HGF88QQD,20,7,323,85
12,MRF44,17,7,208,88
10,SCF44,8,7,138,75
12,MCF44UAX,1,7,105,76
12,SDF84UVT,2,7,332,95
10,SHFC6TM,4,7,327,94
10,SHFC6TM,4,7,327,87
9,SDF44,1,7,247,66
9,HGF87QTD,3,7,325,77
10,BCF44T,24,7,108,83
10,PPF44Q3B,12,7,GYM3,85
11,MKFC4TC,4,7,322,65
12,MSF44UQX,1,7,107,93
9,EEFG4HW,20,7,126,93
9,HGF88QQD,9,7,321,82
10,SCF44,7,7,141,65
12,MSF44UQX,1,7,107,70
10,HFF44UQX,2,7,324,85
11,SDF84UVT,2,7,332,100
10,FSFC8,9,7,125,76
11,EEFCBHTD,2,7,350,96
10,HFF44H,2,7,313,96
10,FSFC8,8,7,149,70
9,PHF44Q3,6,7,B17,86
9,PPF44Q2B,12,7,GYM3,85
10,MKFC4TC,4,7,322,87
9,SDF44,1,7,247,89
10,HUF44QTD,3,7,326,75
9,FKFC4,5,7,114,65
12,HBF44X,2,7,316,83
12,BCF44T,34,7,108,73
12,MPF44UQJ,3,7,203,97
10,HFF44UQX,2,7,324,83
11,EEFGCUQX,3,7,349,90
11,MPF44UQJ,3,7,203,82
11,EEF88QG,11,7,346,65
10,HUF44QG,4,7,314,82
9,HGFCCHQ2,2,7,315,90
10,HUF44QG,4,7,314,89
12,FLF44UQX,1,7,121,90
9,SCF44,7,7,141,65
11,FSFCCU,6,7,123,100
10,HFF44UQX,2,7,324,89
10,HUF44,2,7,311,88
10,HGF88QQD,20,7,323,85
12,PQF44Q2Y,7,7,251,100
12,PQF44Q3Y,7,7,251,100
12,HFF44H,2,7,313,92
9,MRF44QG,8,7,221,70
10,AUFC4TA,3,7,232,68
12,HBF44X,2,7,316,93
10,FFFC8,1,7,111,66
10,PPF44Q2B,11,7,GYM3,93
10,UAF44Q3,5,7,227,73
9,MEF44H,5,7,225,92
10,MRF44,18,7,205,70
12,MPF44UQS,4,7,103,65
12,ULFC8TP,2,7,B39,67
9,HGF88HQD,20,7,323,98
9,PPF44Q2G,10,7,GYM2,100
9,PPF44Q3G,10,7,GYM2,100
9,FMFC4H,3,7,215,100
10,HUF44HTD,3,7,326,97
9,HGF88HQD,9,7,321,92
11,MPF44UQJ,3,7,203,80
10,SCF44,7,7,141,82
10,BCF44T,24,7,108,92
10,PPF44Q3B,12,7,GYM3,95
11,PGF44Q2C,6,7,GYM1,95
11,PGF44Q3C,6,7,GYM1,95
9,AUFC4TA,3,7,232,78
10,MKFC4TC,4,7,322,88
12,FKFC4,5,7,114,65
9,EEFG4QT,20,7,146,82
10,HFF44UQX,2,7,324,77
12,SBF88UBD,2,7,336,90
9,SLF44HG,4,7,333,98
11,AWF88U,1,7,222,77
12,AWF88U,1,7,222,74
9,HGF87QQD,2,7,213,80
12,AWF88U,1,7,222,70
10,PPF44Q2B,12,7,GYM3,85
10,UAF44Q3,5,7,227,84
10,FMFC8H,2,7,122,100
11,MRF44QG,9,7,219,85
9,HGF88QQD,20,7,323,65
12,AWF88U,1,7,222,72
10,MRF44,16,7,223,70
10,FMFC8H,2,7,122,95
12,ULFC8TP,2,7,B39,97
12,SPF44H,5,7,238,99
9,EEF88HG,11,7,346,92
10,HGF88QF,1,7,334A,78
11,EEFGCUQX,3,7,349,90
10,SCF44,7,7,141,77
10,HUF44QTD,3,7,326,85
10,FSFC8,8,7,149,85
9,FKFC4H,5,7,114,90
11,SPF44H,5,7,238,91
10,EEF88QT,11,7,346,85
9,SCF84QGF,4,7,139,81
10,MRF44QT,8,7,221,80
11,PGF44Q3C,6,7,GYM1,100
11,UAF88H2,5,7,227,99
11,SDF84UVT,2,7,332,100
9,EEFG4QG,20,7,146,65
12,BCF44T,24,7,108,80
12,PGF44Q3C,6,7,GYM1,95
12,MPF44UQS,4,7,103,88
10,MRF44HG,9,7,219,90
9,HGF87QTD,3,7,325,67
10,FSFCCU,6,7,123,68
11,SDF84UVT,2,7,332,100
10,PPF44Q2B,12,7,GYM3,85
10,PPF44Q3B,11,7,GYM3,94
9,SHF82H,3,7,231,98
11,SCF84QTF,4,7,139,76
12,FMFGG,3,7,116,80
9,PPF44Q2B,11,7,GYM3,93
9,PPF44Q3B,11,7,GYM3,94
9,HGF88QQD,20,7,323,80
11,MRF44H,18,7,205,94
11,SDF44QTE,3,7,229,65
11,HUF44H,2,7,311,92
10,MRF44HG,9,7,219,95
11,MEF88QG,2,7,207,75
12,SBF88UBD,2,7,336,85
10,HUF44,2,7,311,80
10,MRF44QG,8,7,221,65
11,MGF88QQ3,2,7,249,65
11,PPF44Q2B,11,7,GYM3,93
11,PGF44Q2C,6,7,GYM1,90
11,PGF44Q3C,6,7,GYM1,90
12,PPF44Q2B,11,7,GYM3,65
12,PPF44Q3B,12,7,GYM3,65
12,MPF44UQJ,3,7,203,77
11,PPF44Q2G,10,7,GYM2,90
11,PPF44Q3G,10,7,GYM2,85
9,HGF87QTD,3,7,325,82
12,EEFCBQGD,2,7,350,65
12,SBF88UBD,2,7,336,92
10,FLFC8,2,7,115,80
10,SCF84QGF,4,7,139,76
11,EEFGCUQX,3,7,349,90
12,MCF44UAX,1,7,105,91
11,SBF88UBD,2,7,336,94
11,PPF44Q2B,12,7,GYM3,95
11,PPF44Q3B,12,7,GYM3,95
11,MSF44UQX,1,7,107,96
12,MRF44,17,7,208,81
10,MKFC4TC,4,7,322,87
10,MRF44,17,7,208,82
9,HGF87HQD,2,7,213,90
12,EEFCBHTD,2,7,350,95
11,SBF88UBD,2,7,336,86
12,FLF44UQX,1,7,121,86
11,FFFC8H,1,7,111,90
10,PPF44Q2B,12,7,GYM3,85
10,PPF44Q3B,12,7,GYM3,80
9,SHFC2TM,3,7,248,85
9,SLF44HG,4,7,333,97
10,FSFC8H,9,7,125,95
9,EEFG4,7,7,246,65
12,SBF88UBD,2,7,336,93
9,PPF44Q3B,11,7,GYM3,95
9,UAF44Q2,5,7,227,81
12,PPF44Q2B,11,7,GYM3,80
9,EEF88HG,10,7,348,98
9,SHF82,3,7,231,82
11,EEFGGHQC,3,7,250,95
12,MRF44,18,7,205,80
9,PHF44Q2,6,7,B17,86
9,PPF44Q3G,10,7,GYM2,85
10,FSFC8H,9,7,125,98
9,SHFC2TM,3,7,248,85
9,FKFC4,5,7,114,80
9,HGF88QQD,9,7,321,65
12,EEFGGHQC,3,7,250,93
9,EEFCBQWD,1,7,347,65
9,EEFG4,7,7,246,66
10,MRF44QWF,2,7,214,88
12,PGF44Q3C,6,7,GYM1,90
11,SDF44QGE,3,7,229,80
11,EEFGGHQC,3,7,250,95
12,FKFC4H,5,7,114,90
10,MGF88QQ3,2,7,249,77
10,UAF44Q2,5,7,227,70
9,HGF88QQD,9,7,321,78
11,SCF84QTF,4,7,139,89
12,SPF44H,5,7,238,93
9,HGF88QF,1,7,334A,65
10,HGF88QQD,20,7,323,65
11,PPF44Q2G,10,7,GYM2,65
11,PPF44Q3G,10,7,GYM2,65
9,EEFG4,7,7,246,79
9,SCF44H,7,7,141,93
9,HGF87QGD,3,7,325,65
9,SLF44QG,4,7,333,85
9,FMFC4H,3,7,215,99
12,HGFCCHQ2,2,7,315,90
11,EEFCBQGD,2,7,350,65
10,HGFCCQQ3,2,7,315,76
10,PPF44Q2G,10,7,GYM2,75
12,ULFC8TP,2,7,B39,68
9,SHFC2TM,3,7,248,100
9,MEF44HG,5,7,211,94
10,FLFC8H,2,7,115,95
9,HGF87HQD,2,7,213,92
9,SLF44QF,1,7,338,87
9,FSFC4,3,7,113,88
9,EEFG4QW,20,7,126,82
12,FLF44UQX,1,7,121,88
12,PGF44Q2C,6,7,GYM1,95
12,PGF44Q3C,6,7,GYM1,98
9,HGF88HQD,20,7,323,95
ST,FSFCCU,6,7,123,68
10,SCF44,8,7,138,73
10,EEF88QT,10,7,348,72
11,MQF44QTF,2,7,106,65
11,FMFCCU,3,7,116,65
12,FMFGG,3,7,116,80
11,ULFC8TP,2,7,B39,92
12,MPF44UQS,4,7,103,98
9,MEF44HG,5,7,211,97
9,SLF44HG,4,7,333,95
10,HFF44UQX,2,7,324,90
10,EEF88QG,11,7,346,83
12,PPF44Q3G,10,7,GYM2,95
9,FMFC4,3,7,215,83
10,HGFCCQQ2,2,7,315,65
10,SCF44,8,7,138,72
10,BCF44T,34,7,108,88
10,PPF44Q2B,12,7,GYM3,90
10,FLFC8,2,7,115,76
11,FMFCCU,3,7,116,100
9,FMFC8H,2,7,122,92
10,SCF44,8,7,138,78
11,EEFGCUQX,3,7,349,88
9,FKFC4H,5,7,114,96
11,MPF44UQJ,3,7,203,84
9,PHF44Q2,6,7,B17,83
9,PPF44Q3G,10,7,GYM2,100
11,HUF44H,2,7,311,93
11,SCF44,7,7,141,73
10,FLFC8H,2,7,115,100
12,BCF44T,24,7,108,65
11,FMFCCU,3,7,116,100
10,HGF88QF,1,7,334A,88
11,EEFCBQGD,2,7,350,77
11,EEFGGQQC,3,7,250,65
9,SLF44QT,4,7,333,76
9,PHF44Q3,6,7,B17,79
9,PPF44Q2G,10,7,GYM2,70
11,MQF44QGF,2,7,106,65
10,EEF88QT,11,7,346,81
9,FKFC4H,5,7,114,92
ST,HUF44QT,4,7,314,88
11,SPF44,5,7,238,86
10,EEF88QT,10,7,348,87
12,SDF84UVT,2,7,332,100
ST,MQF44HTF,2,7,106,100
11,EEFCBQWD,1,7,347,65
9,SLF44,7,7,228,86
9,EEFG4,7,7,246,65
10,BCF44T,34,7,108,85
10,PPF44Q2B,11,7,GYM3,95
9,EEFG4QW,20,7,126,75
12,SHFC6TM,4,7,327,77
10,EEF88HG,10,7,348,96
9,PHF44Q3,6,7,B17,83
9,PPF44Q2B,12,7,GYM3,90
9,EEFG4QW,20,7,126,80
9,PHF44H2,6,7,B17,93
9,PPF44Q3B,11,7,GYM3,95
10,FMFC8H,2,7,122,95
11,HGF88QQD,20,7,323,75
9,SHF82H,3,7,231,98
9,HGF88QQD,20,7,323,85
11,PPF44Q2B,11,7,GYM3,93
11,UAF88H3,5,7,227,91
9,HGF87QGD,3,7,325,80
10,MRF44HG,9,7,219,97
9,MRF44,18,7,205,88
9,FMFC4,3,7,215,81
9,SLF44,7,7,228,86
10,HGF88QF,1,7,334A,72
9,HGF87HQD,2,7,213,95
10,EEF88HG,10,7,348,100
12,BCF44T,24,7,108,82
12,PQF44Q3Y,7,7,251,100
11,PGF44Q2C,6,7,GYM1,75
11,PGF44Q3C,6,7,GYM1,65
11,EEFGCUQX,3,7,349,80
10,HUF44QG,4,7,314,85
10,FSFC8,8,7,149,65
10,MRF44QG,8,7,221,65
9,SLF44HG,4,7,333,96
9,HGF88HQD,9,7,321,90
10,HFF44UQX,2,7,324,91
9,EEFG4QT,20,7,146,79
11,MRF44H,17,7,208,99
10,PGF44Q3C,6,7,GYM1,90
10,UAF44H2,5,7,227,90
12,EEFGGHQC,3,7,250,95
12,MSF44UQX,1,7,107,95
12,MCF44UAX,1,7,105,99
11,SDF84UVT,2,7,332,100
10,AUFC4TA,3,7,232,80
12,FLF44UQX,1,7,121,85
12,EEFCBQTD,2,7,350,68
10,FLFC8,2,7,115,82
10,FMFC8H,2,7,122,95
10,SCF44,8,7,138,78
9,SLF44QF,1,7,338,82
11,EEFGGHQC,3,7,250,95
10,EEF88HG,11,7,346,93
10,HGF88QF,1,7,334A,70
9,SHF82H,3,7,231,90
12,FLF44UQX,1,7,121,70
9,EEFG4H,7,7,246,95
11,PGF44Q2C,6,7,GYM1,98
11,PGF44Q3C,6,7,GYM1,90
12,MCF44UAX,1,7,105,89
9,SLF44QF,1,7,338,88
11,MRF44H,16,7,223,100
9,SLF44HG,4,7,333,96
11,HUF44HGD,3,7,326,95
11,MRF44,16,7,223,84
9,PHF44Q3,6,7,B17,77
9,PPF44Q2G,10,7,GYM2,85
11,EEFCBHGD,2,7,350,99
10,PPF44Q3B,12,7,GYM3,95
10,UAF44H2,5,7,227,99
9,HGF87HGD,3,7,325,90
9,HGF87HGD,3,7,325,90
12,PPF44Q2B,11,7,GYM3,80
12,MCF44UAX,1,7,105,97
10,MRF44,16,7,223,83
10,FMFC8H,2,7,122,97
10,SCF44,8,7,138,81
11,FMFCCU,3,7,116,100
9,HFF44,2,7,313,73
11,AUFC4TA,3,7,232,100
9,FMFC8H,2,7,122,95
11,MRF44QG,8,7,221,81
9,HGF87HGD,3,7,325,94
10,MRF44,16,7,223,65
9,FMFC8H,2,7,122,95
9,FMFC4,3,7,215,85
10,AUFC4TA,3,7,232,100
9,MEF44QG,5,7,211,88
12,PPF44Q2B,11,7,GYM3,75
11,MKFC4TC,4,7,322,75
10,HFF44UQX,2,7,324,88
10,AUFC4TA,3,7,232,100
12,FLF44UQX,1,7,121,80
10,HUF44QTD,3,7,326,85
12,PGF44Q2C,6,7,GYM1,98
12,PGF44Q3C,6,7,GYM1,90
9,FKFC4H,5,7,114,100
11,EEFGGHQC,3,7,250,93
12,SBF88UBD,2,7,336,90
11,HFF44,2,7,313,89
12,SPF44H,5,7,238,99
10,HUF44HGD,3,7,326,95
11,EEF88QG,10,7,348,71
9,HGF87QQD,2,7,213,85
9,HGF87HGD,3,7,325,92
9,FKFC4H,5,7,114,97
12,PPF44Q3G,10,7,GYM2,65
9,FMFC4H,3,7,215,98
9,EEFG4H,7,7,246,98
12,PPF44Q3G,10,7,GYM2,78
10,HGF88HF,1,7,334A,90
10,MRF44H,18,7,205,100
10,FLFC8H,2,7,115,92
11,MRF44H,17,7,208,99
12,FLF44UQX,1,7,121,65
9,FKFC4,5,7,114,65
10,EEF88HG,10,7,348,99
9,HGF88QQD,9,7,321,69
10,PPF44Q3B,11,7,GYM3,90
10,UAF88Q2,5,7,227,65
10,MRF44H,18,7,205,94
9,PHF44Q3,6,7,B17,88
9,PPF44Q2B,12,7,GYM3,90
9,MEF44,5,7,225,78
10,HFF44H,2,7,313,94
12,EEFGCUQX,3,7,349,85
10,FLFC8H,2,7,115,94
10,MKFC4TC,4,7,322,88
11,HUF44H,2,7,311,90
12,MSF44UQX,1,7,107,66
9,FSFC8H,8,7,149,94
9,MEF44HG,5,7,211,95
10,MRF44QG,8,7,221,65
9,FMFC4H,3,7,215,100
12,EEFGGHQC,3,7,250,94
11,FMFCCU,3,7,116,92
11,PPF44Q2B,11,7,GYM3,90
11,UAF88H3,5,7,227,96
12,MSF44UQX,1,7,107,91
9,FMFC8H,2,7,122,99
10,EEFG4HG,20,7,146,94
12,SBF88UBD,2,7,336,85
9,SDF44H,1,7,247,93
10,EEF88HG,11,7,346,90
11,EEFGCUQX,3,7,349,80
10,HGF88QF,1,7,334A,87
10,PPF44Q3B,11,7,GYM3,90
10,UAF44Q2,5,7,227,80
12,HBF44X,2,7,316,89
10,HUF44,2,7,311,80
12,MPF44UQS,4,7,103,90
12,SBF88UBD,2,7,336,98
10,HGFCCQQ3,2,7,315,70
10,PPF44Q2B,12,7,GYM3,90
9,HUF44,2,7,311,75
11,HUF44,2,7,311,70
10,PPF44Q3B,11,7,GYM3,88
11,SPF44H,5,7,238,94
9,FMFC8H,2,7,122,98
11,HUF44QGD,3,7,326,87
9,FMFC4H,3,7,215,92
9,FMFC4H,3,7,215,98
12,PQF44Q2Y,7,7,251,100
12,PQF44Q3Y,7,7,251,100
12,MCF44UAX,1,7,105,88
10,FMFC8H,2,7,122,100
10,HGF88QF,1,7,334A,88
9,HGF88HQD,9,7,321,92
10,SCF44,8,7,138,80
9,HGF88HQD,9,7,321,96
9,PPF44Q2G,10,7,GYM2,100
9,PPF44Q3G,10,7,GYM2,100
10,HFF44UQX,2,7,324,84
12,MQF44QQY,7,7,204A,100
9,SLF44H,7,7,228,97
9,PHF44Q3,6,7,B17,83
9,PPF44Q2B,11,7,GYM3,90
12,EEFGCUQX,3,7,349,90
10,SCF44,7,7,141,65
12,MCF44UAX,1,7,105,85
11,HFF44,2,7,313,88
11,HBF44X,2,7,316,88
9,FMFC4H,3,7,215,95
9,HGF87HGD,3,7,325,94
9,PHF44Q2,6,7,B17,83
9,PPF44Q3B,11,7,GYM3,88
11,MRF44,18,7,205,80
10,AUFC4TA,3,7,232,84
10,PPF44Q3B,12,7,GYM3,95
10,UAF44Q2,5,7,227,86
10,BCF44T,34,7,108,87
10,PPF44Q2B,11,7,GYM3,90
10,HFF44UQX,2,7,324,94
9,SCF44,8,7,138,80
10,FLFC8,2,7,115,86
12,EEFGGHQC,3,7,250,91
11,MRF44,16,7,223,65
10,HGF88QF,1,7,334A,79
12,FMFCCU,3,7,116,97
12,MSF44UQX,1,7,107,100
10,SCF84QGF,4,7,139,76
11,EEFGGUGF,3,8,330,94
12,EEFGGUQV,4,8,335,83
11,HUF88QQ2,1,8,313,88
11,PGF44Q3C,7,8,GYM1,65
11,EEFGGUQJ,2,8,B6,84
11,EEFGGUQJ,2,8,B6,68
9,HGF87QQD,5,8,314,88
11,FSFCCU,7,8,123,96
9,EEF88QW,3,8,250,72
9,EEFGGUQV,4,8,335,65
12,FLF44UQX,2,8,121,80
9,PGF44Q2C,7,8,GYM1,95
11,EEFGGUQJ,2,8,B6,87
11,HUF88QQ3,1,8,313,85
11,SEF88QQ2,3,8,341,75
9,PHF44Q2,7,8,B17,85
9,PPF44Q3B,14,8,GYM3,85
11,AUFC8UAT,3,8,204,100
11,PGF44Q2C,7,8,GYM1,90
11,UAF88H3,6,8,235,93
11,EEFGGUQF,2,8,126,80
12,FSFCCU,7,8,123,95
9,MEF44H,6,8,219,96
9,EEFG4QT,1,8,336,71
9,SLF44QT,5,8,231,85
10,EEF88H,6,8,146,93
9,PGF44Q3C,7,8,GYM1,80
9,UAF44Q2,6,8,235,66
9,HGF87XHD,2,8,321,92
9,HGF87XHD,2,8,321,91
12,MPF44UQJ,4,8,208,85
10,BCF44T,35,8,111,78
10,PPF44Q2G,11,8,GYM2,95
11,EEFGCUQX,4,8,349,95
11,PPF44Q3B,14,8,GYM3,65
11,SCF88QQ2,3,8,238,75
11,SPF44H,6,8,229,99
11,PPF44Q2G,11,8,GYM2,95
9,EEFGGQQC,4,8,348,71
11,EEFGGUQV,4,8,335,93
9,EEFGGHQC,4,8,348,99
11,PGF44Q2C,7,8,GYM1,65
11,UAF88Q3,6,8,235,67
12,EEFGGQQC,4,8,348,65
9,SLF44QT,5,8,231,85
11,FSFGGH,7,8,123,100
9,HGF88HGD,3,8,325,90
10,PPF44Q3G,11,8,GYM2,100
10,UAF44H2,6,8,235,100
9,HGF87HQD,5,8,314,100
9,MEF44HG,6,8,104,91
9,PPF44Q3G,11,8,GYM2,65
9,UAF88Q2,6,8,235,68
11,EEFGGUQF,2,8,126,88
12,MRF44,21,8,203,68
9,HGF87HGD,7,8,311,94
11,EEFGGQQC,4,8,348,65
9,EEF88,6,8,146,87
11,SHFC6TM,5,8,248,85
9,PPF44Q2B,13,8,GYM3,65
9,UAF88Q3,6,8,235,65
11,HUF43QGD,3,8,326,70
9,HGF87XHD,2,8,321,97
9,UEFG4H,3,8,B27,90
11,SHFCATM,3,8,327,94
9,FLFC4QH,1,8,115,85
10,MRF44QG,10,8,214,78
10,PPF44Q2B,14,8,GYM3,65
10,UAF44Q3,6,8,235,71
12,EEFGGUQV,4,8,335,80
10,BCF44T,35,8,111,84
10,PPF44Q2G,11,8,GYM2,90
10,SCF44QG,4,8,338,76
11,SEF88QQ3,3,8,341,70
10,ULFC4TP,4,8,B39,97
12,MCF44UAX,2,8,221,94
9,MEF44QW,2,8,211,65
10,SCF44,10,8,138,81
9,UEFG4,3,8,B27,70
9,SCF84QGF,5,8,139,72
9,SDF44H,2,8,226,90
9,UEFG4,3,8,B27,70
9,FSFC4,4,8,122,67
11,SCF84QGF,5,8,139,75
10,SHFC6TM,5,8,248,70
11,EEF88QW,3,8,250,85
10,PPF44Q2B,14,8,GYM3,75
10,SCF44H,10,8,138,93
9,HGF87HQD,5,8,314,95
10,HUF44QW,2,8,329B,80
9,HGF88QQD,2,8,213,85
11,MPF44UQJ,4,8,208,87
12,MCF44UAX,2,8,221,88
11,SHFCATM,3,8,327,100
10,HUF44QW,2,8,329B,80
9,UAF44Q3,6,8,235,67
11,EEFGGUGF,3,8,330,88
9,SLF44H,8,8,228,97
9,SCF84QGF,5,8,139,71
11,FSFCCU,7,8,123,92
9,AUFC4TA,4,8,232,78
10,MRF44QG,10,8,214,85
9,HGF87HQD,5,8,314,95
12,BCF44T,35,8,111,86
9,SDF44H,2,8,226,98
10,MRF44,20,8,207,83
10,AUFC4TA,4,8,232,100
11,EEFGGUQJ,2,8,B6,75
10,PPF44Q3B,14,8,GYM3,90
10,UAF44Q2,6,8,235,87
9,PHF44Q2,7,8,B17,65
9,PPF44Q3G,11,8,GYM2,75
10,MRF44,21,8,203,72
9,MKF44,4,8,106,65
10,MRF44H,20,8,207,96
12,SPF44,6,8,229,67
11,AUFC4TA,4,8,232,85
9,MRF44QGF,3,8,105,76
10,PGF44Q2C,7,8,GYM1,70
10,UAF44H3,6,8,235,92
10,BCF44T,25,8,111,86
10,PGF44Q3C,7,8,GYM1,85
9,MEF44,6,8,219,70
10,BCF44T,26,8,108,100
10,PPF44Q3G,11,8,GYM2,100
9,MKF44,4,8,106,85
9,MEF44QW,2,8,211,68
9,FLFC4HH,1,8,115,92
9,EEFG4HF,1,8,124,95
9,MEF44QF,1,8,223,68
9,MRF44QG,10,8,214,77
12,EEFGGQQC,4,8,348,87
12,EEFGGUQV,4,8,335,85
9,PPF44Q2B,14,8,GYM3,80
9,UAF88Q3,6,8,235,83
10,MRF44,19,8,205,65
10,MRF44HG,10,8,214,99
9,SLF44,8,8,228,65
10,FSFC8H,10,8,149,91
11,MRF44,21,8,203,83
9,HGF88QTD,3,8,325,84
10,HUF44QW,2,8,329B,87
9,SLF44,8,8,228,75
11,EEFCCQWD,1,8,347,70
9,PPF44Q2G,11,8,GYM2,75
11,EEFGGQTF,3,8,249,65
10,FSFC8,10,8,149,85
11,FSFCCU,7,8,123,75
10,MRF44QTF,3,8,105,70
12,MRF44HGF,3,8,105,90
9,MEF44QG,6,8,104,70
10,EEFGGQGF,3,8,249,75
10,EEF88QW,3,8,250,84
10,FLFC4QH,1,8,115,65
9,MEF44QF,1,8,223,65
10,PPF44Q3B,13,8,GYM3,80
10,UAF44Q2,6,8,235,75
11,PGF44Q3C,7,8,GYM1,65
12,EEFGGUQJ,2,8,B6,83
10,SCF84QGF,5,8,139,66
10,EEFCCQWD,1,8,347,65
11,EEFGGUGF,3,8,330,82
9,SLF44H,8,8,228,96
12,MPF44UQJ,4,8,208,100
11,SHFCATM,3,8,327,94
12,MCF44UAX,2,8,221,90
9,HGF88QGD,3,8,325,75
12,EEFGGUQJ,2,8,B6,75
10,FSFC8,10,8,149,85
9,SCF84QGF,5,8,139,72
11,MRF44QGF,3,8,105,84
11,SHFCATM,3,8,327,95
9,HGF88HQD,2,8,213,94
12,BCF44T,35,8,111,91
11,EEFGGQTF,3,8,249,68
10,FSFC4H,4,8,122,96
12,FSFCCU,7,8,123,95
11,ULFC4TP,4,8,B39,97
10,PPF44Q3B,14,8,GYM3,80
10,UAF44Q2,6,8,235,72
9,UEFG4,3,8,B27,80
9,PPF44Q2B,14,8,GYM3,95
9,UAF44Q3,6,8,235,67
9,EEFCCQTD,2,8,350,65
9,FSFC4,4,8,122,88
11,MKFC8UCT,3,8,322,87
11,ULFC4TP,4,8,B39,97
12,FSFCCU,7,8,123,100
10,SCF44,9,8,141,65
10,HUF44QW,2,8,329B,75
9,HGF87QQD,5,8,314,88
11,EEFGCUQX,4,8,349,77
9,EEFCCQGD,2,8,350,65
12,EEF88QW,3,8,250,85
10,HUF43HGD,3,8,326,92
9,HGF88QQD,2,8,213,80
10,MGF88QQ3,3,8,103,65
10,SEF88QQ2,3,8,341,73
9,HUF44QW,2,8,329B,75
9,PPF44Q2B,13,8,GYM3,94
9,PPF44Q3B,13,8,GYM3,94
10,FSFC4,4,8,122,65
11,EEFGGQGF,3,8,249,80
11,PGF44Q2C,7,8,GYM1,65
11,PGF44Q3C,7,8,GYM1,65
9,EEFG4HF,1,8,124,96
9,MGF88HQ2,3,8,103,90
9,PPF44Q3B,14,8,GYM3,90
9,PPF44Q2B,13,8,GYM3,88
9,PPF44Q3B,13,8,GYM3,88
9,PHF44Q3,7,8,B17,87
9,PPF44Q2B,13,8,GYM3,90
9,FSFC4,4,8,122,82
12,MRF44,21,8,203,74
9,MRF44QG,10,8,214,78
9,HUF43QGD,3,8,326,65
9,FSFC4H,4,8,122,92
9,FSFC4H,4,8,122,91
10,PGF44Q3C,7,8,GYM1,90
10,UAF44Q2,6,8,235,78
12,EEFCCQTD,2,8,350,70
12,BCF44T,35,8,111,65
12,PPF44Q2B,13,8,GYM3,90
9,HGF88HQD,2,8,213,92
11,EEFGGQGF,3,8,249,80
9,EEFG4HF,1,8,124,98
9,HGF88QQD,2,8,213,80
9,MEF44,6,8,219,65
9,SLF44,8,8,228,83
10,MRF44,19,8,205,78
11,EEFGCUQX,4,8,349,71
11,EEFGGUQF,2,8,126,83
11,EEFGGQTF,3,8,249,73
11,EEFGGUQJ,2,8,B6,80
10,SCF44HG,4,8,338,94
9,PHF44Q2,7,8,B17,65
9,PPF44Q3B,13,8,GYM3,92
9,UEFG4,3,8,B27,65
11,FMFCCU,4,8,116,65
9,HGF87XHD,2,8,321,96
11,EEF88QW,3,8,250,75
10,FLFC4QH,1,8,115,65
10,FSFC8,10,8,149,86
12,PGF44Q3C,7,8,GYM1,80
10,HUF43QGD,3,8,326,80
9,HGF88HQD,2,8,213,94
9,EEF84QF,3,8,334B,86
12,EEFGGUQF,2,8,126,73
11,HUF44QW,2,8,329B,65
11,EEFGGUQF,2,8,126,88
11,MGF88QQ2,3,8,103,88
11,SCF88QQ3,3,8,238,69
9,FSFC8,10,8,149,73
9,PHF44H3,7,8,B17,99
9,PPF44Q2B,14,8,GYM3,95
10,MRF44,20,8,207,85
9,EEFG4QW,1,8,246,87
11,BCF44T,36,8,108,100
11,PPF44Q2B,13,8,GYM3,95
10,FSFC8H,10,8,149,95
10,SCF84QGF,5,8,139,66
11,MGF88QQ2,3,8,103,65
11,PPF44Q3B,14,8,GYM3,65
10,MGF88QQ2,3,8,103,85
10,UAF44H3,6,8,235,100
10,HUF43QTD,3,8,326,67
11,PPF44Q2B,14,8,GYM3,85
11,SEF88QQ3,3,8,341,68
12,PQF44Q2Y,8,8,251,100
11,EEFGGUGF,3,8,330,70
11,PGF44Q3C,7,8,GYM1,70
11,SCF88QQ2,3,8,238,79
9,MEF44QW,2,8,211,80
9,PHF44Q3,7,8,B17,65
9,PPF44Q2B,13,8,GYM3,90
11,EEF88QW,3,8,250,75
12,MKF44,4,8,106,65
9,HGF87QQD,5,8,314,88
12,EEFGCUQX,4,8,349,80
9,FSFCCU,7,8,123,94
11,MGF88QQ3,3,8,103,78
11,SCF88QQ2,3,8,238,65
9,MEF44H,6,8,219,92
10,HUF43QGD,3,8,326,88
9,MEF44HF,1,8,223,100
12,FMF44UQX,5,8,225,93
10,HUF44HW,2,8,329B,95
10,EEF88H,6,8,146,93
12,FMF44UQX,5,8,225,84
9,AUFC4TA,4,8,232,98
10,SCF44,9,8,141,65
9,HGF88HGD,3,8,325,96
9,SDF44H,2,8,226,100
11,EEFGGUGF,3,8,330,93
9,PPF44Q2B,13,8,GYM3,90
9,PPF44Q3B,14,8,GYM3,75
11,MRF44H,20,8,207,92
9,SDF44H,2,8,226,100
12,SQF44QQY,8,8,233,100
11,EEFGGUQJ,2,8,B6,90
11,MKFC8UCT,3,8,322,86
12,BCF44T,36,8,108,100
12,PPF44Q2B,14,8,GYM3,65
10,BCF44T,36,8,108,100
10,PPF44Q2B,13,8,GYM3,90
10,SCF84QGF,5,8,139,65
12,FKFC8H,1,8,114,90
12,BCF44T,36,8,108,100
12,PPF44Q2G,11,8,GYM2,100
12,BCF44T,35,8,111,82
12,PGF44Q2C,7,8,GYM1,70
12,PGF44Q2C,7,8,GYM1,90
12,PGF44Q3C,7,8,GYM1,90
9,MEF44QW,2,8,211,68
9,MRF44,21,8,203,88
9,HUF88QQ3,1,8,313,88
9,PPF44Q2B,14,8,GYM3,95
9,HGF88HGD,3,8,325,90
11,MRF44H,20,8,207,91
12,FMF44UQX,5,8,225,85
12,BCF44T,36,8,108,95
11,EEFGGUQF,2,8,126,88
12,BCF44T,26,8,108,100
12,PPF44Q3G,11,8,GYM2,65
10,BCF44T,26,8,108,100
10,PGF44Q3C,7,8,GYM1,100
9,AUFC4TA,4,8,232,92
12,FLF44UQX,2,8,121,83
10,ULFC4TP,4,8,B39,100
9,FLFC4HH,1,8,115,94
12,FLF44UQX,2,8,121,100
9,MEF44HF,1,8,223,95
10,FMFC8H,3,8,215,98
12,FMFCCU,4,8,116,95
12,EEFGGUQV,4,8,335,95
9,EEFG4QG,1,8,336,86
10,FMFC8H,3,8,215,99
9,HGF87XHD,2,8,321,98
9,SDF44H,2,8,226,95
9,EEFG4HG,1,8,336,97
10,MRF44,20,8,207,73
9,MRF44,19,8,205,67
10,SCF44,9,8,141,72
11,UAF88Q3,6,8,235,89
10,FMFC8H,3,8,215,98
12,EEFGGQQC,4,8,348,68
12,FKFC8H,1,8,114,91
9,EEFG4QF,1,8,124,85
11,EEFGGUQV,4,8,335,94
9,EEFG4QG,1,8,336,75
10,FMFC8H,3,8,215,99
11,EEFGGHGF,3,8,249,94
9,SCF44H,9,8,141,93
11,EEFGGHQC,4,8,348,98
11,HUF88HQ2,1,8,313,94
11,PPF44Q3G,11,8,GYM2,100
9,PHF44H2,7,8,B17,90
9,PPF44Q3B,13,8,GYM3,93
9,MEF44QF,1,8,223,75
12,EEFGGUQV,4,8,335,95
11,MRF44H,20,8,207,96
10,MRF44H,19,8,205,90
11,PGF44Q2C,7,8,GYM1,95
11,PGF44Q3C,7,8,GYM1,100
11,ULFC4TP,4,8,B39,97
9,HGF88QTD,3,8,325,67
10,FSFCCU,7,8,123,100
11,MPF44UQJ,4,8,208,97
11,FMFCCU,4,8,116,100
9,HGF87QGD,7,8,311,88
9,PHF44H3,7,8,B17,100
9,PPF44Q2G,11,8,GYM2,100
10,FMFC8H,3,8,215,96
9,UEFG4,3,8,B27,75
11,EEF84QF,3,8,334B,83
11,MPF44UQJ,4,8,208,100
9,PHF44Q2,7,8,B17,70
9,PPF44Q3B,13,8,GYM3,93
9,UEFG4H,3,8,B27,90
11,EEFGGHQC,4,8,348,95
10,AUFC4TA,4,8,232,97
12,PGF44Q3C,7,8,GYM1,90
9,SLF44QT,5,8,231,69
10,PPF44Q2B,14,8,GYM3,95
10,UAF44Q3,6,8,235,69
10,SCF44,10,8,138,79
12,PPF44Q3B,14,8,GYM3,95
11,MGF88QQ2,3,8,103,75
11,PPF44Q3B,13,8,GYM3,80
9,SLF44QT,5,8,231,65
11,MKFC8UCT,3,8,322,100
12,EEFGCUQX,4,8,349,95
10,FKFC8H,1,8,114,97
11,SCF84QGF,5,8,139,74
9,SCF44,9,8,141,82
11,EEFGGUQF,2,8,126,90
11,EEFGGUGF,3,8,330,84
10,FKFC8H,1,8,114,91
11,FKFC8H,1,8,114,100
11,SPF44H,6,8,229,94
9,MEF44QF,1,8,223,81
10,FKFC8H,1,8,114,96
12,PGF44Q2C,7,8,GYM1,80
9,PGF44Q2C,7,8,GYM1,100
9,PGF44Q3C,7,8,GYM1,95
11,SCF88HQ3,3,8,238,90
11,UAF88Q2,6,8,235,87
12,BCF44T,26,8,108,100
12,PPF44Q3B,14,8,GYM3,95
10,FKFC8,1,8,114,81
11,SPF44H,6,8,229,97
10,MRF44H,20,8,207,97
9,EEFG4QG,1,8,336,70
11,EEFGGQTF,3,8,249,84
9,FLFC4HH,1,8,115,93
12,FLF44UQX,2,8,121,88
10,EEF88,6,8,146,87
9,HGF88QGD,3,8,325,85
12,MRF44QT,10,8,214,65
9,BCF44T,25,8,111,65
9,HUF88QQ3,1,8,313,85
12,PQF44Q2Y,8,8,251,100
12,PQF44Q3Y,8,8,251,100
10,EEF88,6,8,146,75
10,MRF44,19,8,205,85
12,MRF44QGF,3,8,105,65
9,UEFG4H,3,8,B27,95
9,EEFCCQGD,2,8,350,65
11,FLF44UQX,2,8,121,98
9,MRF44,21,8,203,74
9,SEF88QQ2,3,8,341,74
9,UAF88Q3,6,8,235,81
11,EEFCCQGD,2,8,350,74
9,MEF44QT,6,8,104,66
10,EEFGGUQF,2,8,126,73
12,FMFCCU,4,8,116,98
12,FLF44UQX,2,8,121,80
9,SDF44H,2,8,226,98
10,SCF44,9,8,141,83
12,BCF44T,36,8,108,100
12,PQF44Q2Y,8,8,251,100
9,UEFG4H,3,8,B27,90
9,FSFC4H,4,8,122,96
10,EEF88H,6,8,146,91
9,EEFG4QW,1,8,246,80
11,MGF88QQ2,3,8,103,80
11,SEF88QQ3,3,8,341,87
9,EEFG4HG,1,8,336,93
10,SCF84QTF,5,8,139,70
9,FSFC4H,4,8,122,100
12,AQF44QQY,8,8,216,98
12,FLF44UQX,2,8,121,100
11,MKF44,4,8,106,80
10,PGF44Q2C,7,8,GYM1,100
10,UAF44H3,6,8,235,95
10,SCF44HG,4,8,338,92
12,BCF44T,35,8,111,80
12,PPF44Q2B,13,8,GYM3,92
12,EEFGGHGF,3,8,249,90
10,MRF44H,20,8,207,96
9,SCF44,9,8,141,72
9,HUF88QQ3,1,8,313,66
9,SEF88QQ2,3,8,341,65
11,FSFCCU,7,8,123,92
9,SLF44HG,5,8,231,97
9,MKF44,4,8,106,82
9,HGF88QGD,3,8,325,80
10,SCF44,9,8,141,80
12,MGF88QQ3,3,8,103,70
12,PPF44Q2B,13,8,GYM3,65
9,SLF44,8,8,228,82
9,EEFG4QG,1,8,336,80
10,MRF44,21,8,203,71
10,SHFC6TM,5,8,248,90
9,MEF44QG,6,8,104,85
9,EEF84QF,3,8,334B,75
12,BCF44T,25,8,111,72
12,MGF88QQ3,3,8,103,65
11,EEFGCUQX,4,8,349,80
ST,UEFG4H,3,8,B27,90
12,EEFGGHGF,3,8,249,90
11,SEF88QQ2,3,8,341,70
11,UAF88Q3,6,8,235,67
12,MGF88QQ3,3,8,103,65
12,UAF88Q2,6,8,235,83
9,EEFG4HW,1,8,246,92
12,PGF44Q3C,7,8,GYM1,80
11,PPF44Q2B,14,8,GYM3,95
11,SCF88QQ3,3,8,238,70
11,SPF44H,6,8,229,93
11,HUF88HQ2,1,8,313,96
11,SCF88QQ3,3,8,238,81
10,SCF44,10,8,138,79
9,HGF88QQD,2,8,213,88
10,SCF84QGF,5,8,139,78
11,PGF44Q3C,7,8,GYM1,80
11,SEF88HQ2,3,8,341,92
11,EEFGCUQX,4,8,349,75
9,MRF44,21,8,203,65
10,MRF44,21,8,203,88
9,FLFC4QH,1,8,115,80
11,EEFGGUTF,3,8,330,82
9,HGF87QQD,5,8,314,65
11,PGF44Q3C,7,8,GYM1,100
11,UAF88H2,6,8,235,100
11,AUFC8UAT,3,8,204,84
9,EEFG4QG,1,8,336,75
9,PPF44Q2G,11,8,GYM2,100
9,PPF44Q3G,11,8,GYM2,100
10,EEF88,6,8,146,87
9,SLF44,8,8,228,73
9,FSFC4H,4,8,122,91
9,UEFG4H,3,8,B27,100
12,PGF44Q2C,7,8,GYM1,90
12,PGF44Q3C,7,8,GYM1,90
11,FSFCCU,7,8,123,85
11,SHFC6TM,5,8,248,85
11,MPF44UQJ,4,8,208,70
10,MRF44,21,8,203,72
9,HGF87QQD,5,8,314,88
9,PHF44Q3,7,8,B17,65
9,PPF44Q2B,14,8,GYM3,95
11,MRF44QG,10,8,214,70
9,SLF44H,8,8,228,93
10,FKFC8,1,8,114,65
12,FSFCCU,7,8,123,90
9,HGF87XHD,2,8,321,89
10,ULFC4TP,4,8,B39,94
11,FMF44UQX,5,8,225,95
11,SPF44H,6,8,229,95
10,SHFC6TM,5,8,248,80
12,MPF44UQJ,4,8,208,95
9,EEF84QF,3,8,334B,88
11,ULFC4TP,4,8,B39,94
9,MRF44QGF,3,8,105,65
12,MCF44UAX,2,8,221,86
11,MRF44,19,8,205,75
11,MRF44QGF,3,8,105,80
10,PPF44Q2B,14,8,GYM3,95
10,UAF44Q3,6,8,235,87
12,BCF44T,36,8,108,100
12,PPF44Q2G,11,8,GYM2,90
11,SHFCATM,3,8,327,88
10,BCF44T,35,8,111,84
10,SCF88QQ2,3,8,238,88
9,HGF88QQD,2,8,213,70
11,BCF44T,25,8,111,87
11,PPF44Q3G,11,8,GYM2,90
11,SHFCATM,3,8,327,82
11,SPF44H,6,8,229,91
10,HUF43QTD,3,8,326,65
9,HGF88QQD,2,8,213,85
9,PPF44Q2B,14,8,GYM3,95
9,PPF44Q3B,13,8,GYM3,95
9,SDF44H,2,8,226,97
11,EEFGGUQV,4,8,335,94
10,BCF44T,26,8,108,65
10,SEF88QQ3,3,8,341,76
11,EEFGGQGF,3,8,249,65
11,EEFGCUQX,4,8,349,80
12,PPF44Q3B,14,8,GYM3,80
11,SPF44H,6,8,229,96
12,BCF44T,25,8,111,66
12,MPF44UQJ,4,8,208,75
12,PPF44Q2G,11,8,GYM2,85
11,PPF44Q3B,13,8,GYM3,94
11,SCF88QQ2,3,8,238,65
10,SCF44,10,8,138,81
12,EEFGGUGF,3,8,330,94
9,HGF88QQD,2,8,213,87
10,MRF44QT,10,8,214,65
9,PHF44Q2,7,8,B17,80
9,PPF44Q3G,11,8,GYM2,65
11,EEFGGUTF,3,8,330,70
11,AUFC8UAT,3,8,204,85
9,PPF44Q2B,14,8,GYM3,65
9,UAF44Q3,6,8,235,65
11,EEFGGUGF,3,8,330,81
11,PPF44Q2B,13,8,GYM3,65
12,EQF44QQY,8,8,328,100
11,PPF44Q2G,11,8,GYM2,100
11,PPF44Q3G,11,8,GYM2,100
12,BCF44T,35,8,111,65
12,SCF88QQ2,3,8,238,79
9,SLF44QT,5,8,231,68
10,SCF44,10,8,138,88
11,HUF88HQ2,1,8,313,90
11,PPF44Q3G,11,8,GYM2,65
9,PHF44Q3,7,8,B17,83
9,PPF44Q2G,11,8,GYM2,90
9,MKF44,4,8,106,85
10,MRF44H,21,8,203,90
9,PHF44H2,7,8,B17,95
9,PPF44Q3B,14,8,GYM3,95
9,HGF87QGD,7,8,311,75
9,HGF88QTD,3,8,325,72
9,PHF44Q2,7,8,B17,65
9,SEF88QQ3,3,8,341,65
10,SCF44,9,8,141,83
11,EEFGCUQX,4,8,349,95
11,EEFGGHQC,4,8,348,95
11,FSFCCU,7,8,123,95
9,HGF88QQD,2,8,213,80
11,SEF88QQ3,3,8,341,80
11,UAF88Q2,6,8,235,73
10,SCF44,10,8,138,85
10,MRF44H,20,8,207,94
9,SCF44H,10,8,138,90
11,MGF88QQ2,3,8,103,73
11,SCF88QQ3,3,8,238,78
11,EEF84HF,3,8,334B,90
11,AUFC8UAT,3,8,204,85
12,BCF44T,26,8,108,65
12,HUF88QQ3,1,8,313,77
11,SHFCATM,3,8,327,100
9,FSFC4H,4,8,122,98
9,PPF44Q2B,14,8,GYM3,65
9,SEF88QQ3,3,8,341,65
9,PHF44Q2,7,8,B17,80
9,PPF44Q3B,14,8,GYM3,90
9,SLF44QG,5,8,231,73
10,FSFC8,10,8,149,72
9,AUFC4TA,4,8,232,80
10,PPF44Q3G,11,8,GYM2,90
10,UAF44Q2,6,8,235,82
12,UAF88Q2,6,8,235,82
11,EEFGCUQX,4,8,349,90
10,FSFCCU,7,8,123,65
9,MKF44,4,8,106,70
12,PGF44Q2C,7,8,GYM1,100
12,PGF44Q3C,7,8,GYM1,90
9,EEFCCQWD,1,8,347,65
9,HUF43QGD,3,8,326,75
11,BCF44T,26,8,108,100
11,EEFGGUQV,4,8,335,80
11,EEFGGUQF,2,8,126,88
9,SLF44QT,5,8,231,85
11,EEFGGUQF,2,8,126,78
9,HGF88QTD,3,8,325,71
12,MRF44,19,8,205,67
12,FMF44UQX,5,8,225,84
12,MPF44UQJ,4,8,208,98
10,MKF44,4,8,106,85
9,HGF87QGD,7,8,311,75
9,MKF44,4,8,106,65
11,PPF44Q2B,14,8,GYM3,65
11,PPF44Q3B,14,8,GYM3,65
10,FSFCCU,7,8,123,96
9,EEFG4QW,1,8,246,67
10,BCF44T,36,8,108,100
10,PPF44Q2G,11,8,GYM2,100
9,FSFC8,10,8,149,65
11,EEFGGQQC,4,8,348,65
9,HUF88HQ3,1,8,313,93
9,PHF44H2,7,8,B17,90
11,FMFCCU,4,8,116,65
11,MGF88QQ2,3,8,103,82
11,PGF44Q3C,7,8,GYM1,90
9,MEF44QW,2,8,211,65
12,EEFGGUGF,3,8,330,74
9,FSFC4H,4,8,122,94
12,SEF88QQ3,3,8,341,70
9,HGF88QGD,3,8,325,75
10,BCF44T,25,8,111,66
10,PPF44Q3B,14,8,GYM3,95
11,MRF44,19,8,205,72
12,EEFGCUQX,4,8,349,95
9,PHF44Q3,7,8,B17,70
9,UAF88Q2,6,8,235,66
9,HGF87QTD,7,8,311,78
11,AUFC8UAT,3,8,204,91
11,SCF44,9,8,141,85
11,MGF88QQ3,3,8,103,85
11,PGF44Q2C,7,8,GYM1,90
9,SLF44H,8,8,228,90
9,FLFC4QH,1,8,115,87
9,FSFC4,4,8,122,65
12,UQF44QQY,8,8,216,100
9,EEF88,6,8,146,81
9,EEF88,6,8,146,75
9,HGF88QTD,3,8,325,66
9,MEF44HF,1,8,223,100
10,MRF44,20,8,207,88
11,MPF44UQJ,4,8,208,100
11,PPF44Q2B,13,8,GYM3,94
9,SLF44QG,5,8,231,88
11,EEFGGQQC,4,8,348,75
9,HGF87QTD,7,8,311,83
9,EEF84QF,3,8,334B,88
9,SDF44H,2,8,226,98
11,EEFGGQQC,4,8,348,65
10,EEFGGUQJ,2,8,B6,65
11,HUF43QGD,3,8,326,70
9,FSFC4,4,8,122,65
11,MPF44UQJ,4,8,208,85
11,PPF44Q2B,14,8,GYM3,75
11,SEF88QQ3,3,8,341,76
9,UEFG4H,3,8,B27,90
12,FKFC8H,1,8,114,100
12,PGF44Q2C,7,8,GYM1,80
12,PGF44Q3C,7,8,GYM1,80
9,PHF44Q2,7,8,B17,70
9,PPF44Q3B,14,8,GYM3,75
10,FSFC8,10,8,149,85
9,MEF44QW,2,8,211,65
9,UEFG4H,3,8,B27,90
10,SCF44H,9,8,141,96
10,ULFC4TP,4,8,B39,65
9,SLF44HG,5,8,231,96
11,FSFCCU,7,8,123,95
9,SCF44,10,8,138,73
12,MCF44UAX,2,8,221,85
11,AUFC8UAT,3,8,204,83
12,FQF44QQY,8,8,216,93
10,SCF44,9,8,141,85
9,HGF87HQD,5,8,314,91
9,EEFG4QG,1,8,336,65
9,MKF44,4,8,106,85
10,SCF44QG,4,8,338,84
10,MRF44,21,8,203,77
9,HGF88QQD,2,8,213,77
10,MRF44,19,8,205,78
9,HGF87XHD,2,8,321,91
9,HGF88HQD,2,8,213,93
ST,SCF84QGF,5,8,139,66
9,MEF44,6,8,219,65
10,MRF44,19,8,205,82
11,MRF44,19,8,205,67
11,EEFGGUQJ,2,8,B6,73
9,HGF88QQD,2,8,213,87
12,MCF44UAX,2,8,221,70
12,MRF44QGF,3,8,105,68
9,FLFC4QH,1,8,115,65
9,HGF87HGD,7,8,311,90
11,EEFGGUQV,4,8,335,90
9,SCF44,9,8,141,80
10,PPF44Q3G,11,8,GYM2,100
10,UAF44Q2,6,8,235,73
10,BCF44T,35,8,111,95
10,PPF44Q2G,11,8,GYM2,95
10,MRF44,19,8,205,65
11,FSFC8,10,8,149,85
9,EEFCCQWD,1,8,347,65
9,PPF44Q2B,13,8,GYM3,95
9,PPF44Q3B,14,8,GYM3,100
10,MGF88QQ3,3,8,103,80
10,PPF44Q2G,11,8,GYM2,95
9,UEFG4,3,8,B27,65
9,FLFC4HH,1,8,115,94
11,SHFCATM,3,8,327,76
10,AUFC4TA,4,8,232,100
10,FSFC8,10,8,149,70
10,SCF84QGF,5,8,139,65
9,PPF44Q2B,14,8,GYM3,70
9,PPF44Q3B,13,8,GYM3,75
12,EEFGGUQF,2,8,126,78
9,MKF44,4,8,106,75
10,MRF44QGF,3,8,105,65
11,MKFC8UCT,3,8,322,95
12,SCF88QQ2,3,8,238,76
9,EEFCCQWD,1,8,347,65
9,EEFG4QW,1,8,246,77
11,ULFC4TP,4,8,B39,97
10,PHF44Q3,7,8,B17,70
10,PPF44Q2G,11,8,GYM2,65
9,PHF44H3,7,8,B17,92
9,PPF44Q2B,13,8,GYM3,93
12,EEFGCUQX,4,8,349,90
11,MGF88QQ2,3,8,103,75
11,SEF88HQ3,3,8,341,93
9,EEFG4HG,1,8,336,91
9,EEFG4QW,1,8,246,81
9,PPF44Q2G,11,8,GYM2,65
9,UAF44Q3,6,8,235,66
9,EEFG4QG,1,8,336,80
11,EEFGGQQC,4,8,348,65
12,EQF44QQY,8,8,328,100
11,EEFGGUTF,3,8,330,82
9,HGF87QTD,7,8,311,77
9,EEFG4QT,1,8,336,76
9,HGF87QQD,5,8,314,88
12,MCF44UAX,2,8,221,69
12,MQF44QQY,8,8,204A,100
11,PGF44Q2C,7,8,GYM1,80
11,UAF88H3,6,8,235,96
11,FSFCCU,7,8,123,80
9,HGF87XHD,2,8,321,86
10,PGF44Q3C,7,8,GYM1,100
10,UAF44H2,6,8,235,97
11,SPF44H,6,8,229,98
9,HGF87QGD,7,8,311,85
10,FMFC8H,3,8,215,90
9,MEF44,6,8,219,65
9,SHFC6TM,5,8,248,90
11,PPF44Q3G,11,8,GYM2,80
11,EEFGGUQJ,2,8,B6,83
10,PPF44Q3B,14,8,GYM3,95
10,UAF44Q2,6,8,235,74
11,EEFGCUQX,4,8,349,85
10,MRF44,21,8,203,65
12,FMFGGH,4,8,116,90
10,BCF44T,26,8,108,70
10,PPF44Q3B,14,8,GYM3,100
9,HGF87QGD,7,8,311,85
11,UAF88H2,6,8,235,100
9,EEF84QF,3,8,334B,85
9,MEF44HF,1,8,223,100
11,BCF44T,35,8,111,80
11,PGF44Q2C,7,8,GYM1,80
12,MPF44UQJ,4,8,208,93
9,MEF44HF,1,8,223,92
9,HGF87XHD,2,8,321,92
9,AUFC4TA,4,8,232,92
11,MKFC8UCT,3,8,322,97
11,EEF88,6,8,146,66
10,EEFGGUQJ,2,8,B6,88
9,FSFC4H,4,8,122,92
10,PHF44Q2,7,8,B17,65
10,SHFC6TM,5,8,248,85
9,EEF88HW,3,8,250,90
10,SCF44QG,4,8,338,74
10,SCF44,10,8,138,67
9,FSFC4H,4,8,122,95
12,MRF44QGF,3,8,105,65
11,ULFC4TP,4,8,B39,100
9,MEF44QW,2,8,211,73
9,MEF44QW,2,8,211,65
10,MRF44QGF,3,8,105,65
11,MRF44QGF,3,8,105,65
10,SCF44QT,4,8,338,70
9,HGF87XHD,2,8,321,94
12,MGF88QQ3,3,8,103,66
12,PGF44Q2C,7,8,GYM1,80
11,MKF44,4,8,106,65
9,FLFC4HH,1,8,115,92
9,HGF88QQD,2,8,213,65
10,BCF44T,36,8,108,100
10,PPF44Q2G,11,8,GYM2,100
9,HUF88HQ2,1,8,313,95
9,MKF44H,4,8,106,94
10,MRF44QT,10,8,214,70
9,MEF44,6,8,219,80
10,BCF44T,36,8,108,100
10,FKFC8H,1,8,114,100
10,FKFC8H,1,8,114,100
12,EEFGGUQJ,2,8,B6,97
10,MRF44H,20,8,207,93
9,HGF88QTD,3,8,325,85
11,SHFCATM,3,8,327,98
9,MKF44H,4,8,106,95
9,SDF44,2,8,226,79
10,MRF44H,20,8,207,95
9,MEF44HF,1,8,223,90
12,EEFGGHQC,4,8,348,99
10,ULFC4TP,4,8,B39,65
ST,UEFG4H,3,8,B27,90
10,FMFC8H,3,8,215,91
10,BCF44T,35,8,111,89
10,PPF44Q2B,13,8,GYM3,93
11,SCF44H,9,8,141,100
10,HUF44HW,2,8,329B,92
11,AUFC8UAT,3,8,204,100
10,SCF44,10,8,138,84
11,FMFCCU,4,8,116,100
11,MRF44H,20,8,207,94
9,SDF44H,2,8,226,100
10,SCF44,9,8,141,86
12,MKFC8UCT,3,8,322,98
9,SLF44H,8,8,228,97
9,MKF44H,4,8,106,94
9,SLF44H,8,8,228,90
10,SCF44QG,4,8,338,80
10,SCF84HGF,5,8,139,91
12,EEFGGUQV,4,8,335,65
10,FSFCCU,7,8,123,95
11,EEFGCUQX,4,8,349,95
12,FMFCCU,4,8,116,100
11,FMFCCU,4,8,116,100
9,UEFG4,3,8,B27,80
11,FMFCCU,4,8,116,66
11,EEFGGUQF,2,8,126,83
10,BCF44T,25,8,111,78
10,PPF44Q3B,13,8,GYM3,80
9,EEFG4QW,1,8,246,71
12,HUF88HQ3,1,8,313,93
11,MKFC8UCT,3,8,322,93
9,HGF88QGD,3,8,325,80
9,HGF87XHD,2,8,321,97
11,SPF44H,6,8,229,98
9,FLFC4HH,1,8,115,91
12,BCF44T,26,8,108,95
12,PPF44Q3G,11,8,GYM2,100
9,UAF44Q2,6,8,235,89
9,UAF44Q3,6,8,235,89
9,UEFG4H,3,8,B27,95
11,MPF44UQJ,4,8,208,96
12,EEFGGQGF,3,8,249,83
11,FSFC8,10,8,149,65
11,EEFGGUQF,2,8,126,83
10,SCF44QG,4,8,338,85
9,SLF44QT,5,8,231,70
10,ULFC4TP,4,8,B39,70
11,PGF44Q3C,7,8,GYM1,80
11,SCF88HQ2,3,8,238,97
12,PGF44Q3C,7,8,GYM1,80
12,SCF88QQ2,3,8,238,67
9,MKF44,4,8,106,66
9,SCF44,10,8,138,84
12,EEFGGUQV,4,8,335,96
12,BCF44T,36,8,108,100
12,PPF44Q2G,11,8,GYM2,80
10,FKFC8H,1,8,114,97
9,EEFG4HW,1,8,246,94
11,AUFC8UAT,3,8,204,45
9,HGF88QQD,2,8,213,88
9,MEF44H,6,8,219,94
11,EEFGGQQC,4,8,348,82
10,MRF44QTF,3,8,105,66
10,FKFC8H,1,8,114,100
10,FKFC8,1,8,114,85
9,PHF44Q2,7,8,B17,88
9,PPF44Q3B,14,8,GYM3,95
11,MRF44,19,8,205,68
10,AUFC8UAT,3,8,204,99
10,EEF88,6,8,146,81
9,PPF44Q2B,14,8,GYM3,70
9,PPF44Q3B,14,8,GYM3,75
11,EEFGGHQC,4,8,348,92
9,FMFC8,3,8,215,87
11,MRF44QT,10,8,214,78
9,ULFC4TP,4,8,B39,100
11,PPF44Q3G,11,8,GYM2,95
11,SCF88QQ2,3,8,238,85
9,HGF88QQD,2,8,213,81
10,AUFC4TA,4,8,232,100
9,SDF44H,2,8,226,97
9,MRF44,21,8,203,77
9,SCF84QTF,5,8,139,74
9,MEF44QG,6,8,104,70
11,MKFC8UCT,3,8,322,75
10,EEF88,6,8,146,84
11,MKFC8UCT,3,8,322,100
9,MEF44HF,1,8,223,95
9,FLFC4HH,1,8,115,94
9,MRF44,21,8,203,65
9,PPF44Q3G,11,8,GYM2,65
10,MRF44,21,8,203,82
9,EEFG4QF,1,8,124,85
9,HGF88HGD,3,8,325,96
11,FMF44UQX,5,8,225,72
9,UEFG4,3,8,B27,80
11,SEF88QQ2,3,8,341,85
11,UAF88Q3,6,8,235,76
12,FLF44UQX,2,8,121,87
12,UQF44QQY,8,8,216,73
11,SEF88QQ3,3,8,341,88
11,UAF88Q2,6,8,235,70
9,PPF44Q2B,13,8,GYM3,93
9,PPF44Q3B,14,8,GYM3,85
12,EEFGGUQF,2,8,126,85
12,FLF44UQX,2,8,121,91
12,MQF44QQY,8,8,204A,100
9,HGF87HQD,5,8,314,90
10,SCF44H,10,8,138,91
9,MEF44,6,8,219,65
11,EEFGGUQV,4,8,335,96
10,BCF44T,35,8,111,73
10,PPF44Q2B,13,8,GYM3,92
12,MRF44,19,8,205,75
12,SQF44QQY,8,8,233,100
9,UEFG4H,3,8,B27,90
11,EEFGGQGF,3,8,249,79
9,PHF44H2,7,8,B17,90
9,SCF88QQ3,3,8,238,85
9,PHF44H2,7,8,B17,91
9,PPF44Q3G,11,8,GYM2,80
12,PPF44Q2G,11,8,GYM2,100
12,PPF44Q2B,14,8,GYM3,90
12,PPF44Q3B,14,8,GYM3,90
9,MEF44HG,6,8,104,90
10,FKFC8H,1,8,114,92
9,PHF44H2,7,8,B17,90
9,PPF44Q3B,13,8,GYM3,95
10,HUF88HQ3,1,8,313,93
9,SCF44,10,8,138,80
12,BCF44T,36,8,108,100
9,HGF87QGD,7,8,311,80
10,EEF88H,6,8,146,91
12,PGF44Q2C,7,8,GYM1,90
12,EEFGGQTF,3,8,249,74
10,SHFC6TM,5,8,248,90
10,EEF84HF,3,8,334B,95
12,PPF44Q2G,11,8,GYM2,85
12,PPF44Q3G,11,8,GYM2,85
9,PHF44Q2,7,8,B17,75
9,PPF44Q3G,11,8,GYM2,75
11,EEFGGUQJ,2,8,B6,91
11,SHFCATM,3,8,327,94
11,EEFGGUGF,3,8,330,76
10,SCF44,9,8,141,73
11,PPF44Q2B,13,8,GYM3,96
11,SEF88QQ3,3,8,341,84
10,ULFC4TP,4,8,B39,100
9,FSFC4,4,8,122,84
10,FMFC8H,3,8,215,94
12,EEFGCUQX,4,8,349,80
11,SHFCATM,3,8,327,73
12,FSFCCU,7,8,123,82
10,FKFC8H,1,8,114,98
ST,UEFG4H,3,8,B27,90
10,FKFC8H,1,8,114,97
9,MEF44QT,6,8,104,72
11,SCF88QQ2,3,8,238,72
10,MRF44HG,10,8,214,93
9,MEF44QG,6,8,104,74
9,MEF44QG,6,8,104,77
11,MKFC8UCT,3,8,322,74
9,MEF44,6,8,219,88
10,FKFC8H,1,8,114,100
12,PQF44Q3Y,8,8,251,100
9,HGF88QGD,3,8,325,85
10,HUF43QGD,3,8,326,70
10,MRF44H,20,8,207,94
9,HGF88QGD,3,8,325,85
9,HGF87XHD,2,8,321,94
9,EEFCCHGD,2,8,350,100
10,SCF44,10,8,138,82
11,EEFGGUQV,4,8,335,96
11,EEFGGQGF,3,8,249,85
11,SCF44,10,8,138,80
11,PPF44Q2B,13,8,GYM3,88
11,UAF88Q3,6,8,235,76
11,AUFC8UAT,3,8,204,95
9,PHF44H3,7,8,B17,97
9,PPF44Q2B,13,8,GYM3,92
12,FQF44QQY,8,8,216,100
10,FKFC8H,1,8,114,100
10,SCF44QG,4,8,338,81
9,EEFG4QW,1,8,246,78
9,MRF44HG,10,8,214,91
10,SCF84QTF,5,8,139,65
10,ULFC4TP,4,8,B39,100
11,MPF44UQJ,4,8,208,100
11,EEFGGUQV,4,8,335,95
9,UEFG4H,3,8,B27,90
11,EEFGCUQX,4,8,349,88
11,MRF44QG,10,8,214,83
10,BCF44T,35,8,111,100
10,PPF44Q2B,14,8,GYM3,95
11,MRF44H,20,8,207,91
11,MKFC8UCT,3,8,322,80
12,MCF44UAX,2,8,221,84
9,SLF44QG,5,8,231,86
12,EEFGGUQV,4,8,335,91
9,MGF88QQ3,3,8,103,65
9,PGF44Q2C,7,8,GYM1,70
11,MKFC8UCT,3,8,322,65
9,HGF88QQD,2,8,213,82
12,MCF44UAX,2,8,221,89
11,SHFCATM,3,8,327,79
12,EEFGGUQV,4,8,335,92
12,EEFGGUQV,4,8,335,65
12,FMFGG,4,8,116,68
9,HGF87QGD,7,8,311,80
10,BCF44T,35,8,111,93
10,PPF44Q2G,11,8,GYM2,100
9,PHF44Q3,7,8,B17,80
9,PPF44Q2B,14,8,GYM3,85
11,PPF44Q2B,13,8,GYM3,94
11,PPF44Q3B,13,8,GYM3,95
9,EEF84HF,3,8,334B,92
9,PPF44Q2G,11,8,GYM2,65
9,PPF44Q3G,11,8,GYM2,65
11,EEFGGUQF,2,8,126,75
9,FLFC4HH,1,8,115,94
11,MRF44,21,8,203,70
11,HUF88HQ2,1,8,313,92
11,SEF88QQ3,3,8,341,82
12,BCF44T,35,8,111,74
12,SEF88QQ2,3,8,341,80
11,EEFGCUQX,4,8,349,82
9,FLFC4HH,1,8,115,96
10,BCF44T,25,8,111,97
10,PPF44Q3B,13,8,GYM3,95
9,HGF87XHD,2,8,321,87
12,BCF44T,25,8,111,81
12,PPF44Q3B,13,8,GYM3,85
11,EEFGGUTF,3,8,330,74
9,MEF44HG,6,8,104,91
9,FLFC4QH,1,8,115,79
10,MRF44H,20,8,207,93
11,EEFGGHGF,3,8,249,90
12,PGF44Q2C,7,8,GYM1,80
12,PGF44Q3C,7,8,GYM1,80
9,SLF44H,8,8,228,96
9,MEF44,6,8,219,82
11,EEFCCQGD,2,8,350,80
10,MRF44H,20,8,207,93
9,MEF44,6,8,219,68
10,FKFC8,1,8,114,84
11,MGF88QQ2,3,8,103,83
11,SCF88QQ3,3,8,238,85
9,UEFG4H,3,8,B27,100
12,FMF44UQX,5,8,225,94
10,FKFC8H,1,8,114,95
9,SCF44H,9,8,141,97
12,BCF44T,36,8,108,100
12,PGF44Q2C,7,8,GYM1,80
10,FSFC8H,10,8,149,93
9,HGF88QQD,2,8,213,82
11,EEFGGUQF,2,8,126,75
11,MRF44H,20,8,207,90
9,MEF44H,6,8,219,90
9,MEF44,6,8,219,88
11,FSFCCU,7,8,123,68
9,FMFC8H,3,8,215,97
9,PPF44Q2B,14,8,GYM3,80
9,PPF44Q3B,13,8,GYM3,90
10,EEFGGUQF,2,8,126,65
11,MGF88QQ2,3,8,103,65
11,SEF88QQ3,3,8,341,81
11,SCF44,10,8,138,73
12,FMF44UQX,5,8,225,97
9,HGF87HQD,5,8,314,91
9,HGF87QQD,5,8,314,85
9,PHF44H2,7,8,B17,90
9,UAF44Q3,6,8,235,81
10,EEF88,6,8,146,73
11,HUF88QQ2,1,8,313,83
11,PGF44Q3C,7,8,GYM1,65
11,HUF88QQ3,1,8,313,70
11,PQF44Q2Y,8,8,251,100
12,MCF44UAX,2,8,221,89
10,HUF88QQ2,1,8,313,85
11,MPF44UQJ,4,8,208,96
12,BCF44T,25,8,111,90
12,PGF44Q3C,7,8,GYM1,90
12,MCF44UAX,2,8,221,90
11,HUF88QQ2,1,8,313,80
11,PPF44Q3B,13,8,GYM3,90
11,PPF44Q3B,13,8,GYM3,75
11,SEF88QQ2,3,8,341,65
10,BCF44T,26,8,108,100
10,PPF44Q3B,13,8,GYM3,90
10,FMFC8H,3,8,215,100
9,MEF44QF,1,8,223,81
11,HUF43HGD,3,8,326,96
11,PPF44Q3B,14,8,GYM3,95
9,EEFG4HF,1,8,124,97
9,UEFG4H,3,8,B27,100
12,PPF44Q3B,13,8,GYM3,95
9,FLFC4QH,1,8,115,82
9,SLF44QG,5,8,231,87
11,EEF84HF,3,8,334B,93
10,MRF44HG,10,8,214,99
10,FMFCCU,4,8,116,100
12,BCF44T,25,8,111,70
12,PPF44Q3B,14,8,GYM3,75
10,HUF88QQ2,1,8,313,80
10,PPF44Q3B,14,8,GYM3,90
12,BCF44T,36,8,108,95
12,PPF44Q2B,13,8,GYM3,90
10,BCF44T,25,8,111,85
10,PPF44Q3B,14,8,GYM3,90
10,AUFC4TA,4,8,232,98
11,FMF44UQX,5,8,225,74
10,HUF44QW,2,8,329B,82
10,ULFC4TP,4,8,B39,100
10,PPF44Q3G,11,8,GYM2,100
10,UAF44H2,6,8,235,96
10,PPF44Q2B,14,8,GYM3,95
10,PPF44Q3B,14,8,GYM3,95
12,PPF44Q2B,13,8,GYM3,98
12,PPF44Q3B,13,8,GYM3,97
9,FLFC4HH,1,8,115,99
9,FLFC4HH,1,8,115,96
11,EEF84QF,3,8,334B,85
11,EEFGGQQC,4,8,348,65
11,MKF44,4,8,106,85
11,SCF44QT,4,8,338,71
9,SDF44H,2,8,226,94
9,HGF88HQD,2,8,213,92
10,SCF44QG,4,8,338,84
10,FMFC8H,3,8,215,90
11,EEFGGQTF,3,8,249,86
12,MCF44UAX,2,8,221,65
10,FMFC8H,3,8,215,100
9,EEFG4HG,1,8,336,91
12,BCF44T,26,8,108,65
12,SCF88QQ3,3,8,238,65
10,HUF88QQ3,1,8,313,88
10,PPF44Q2G,11,8,GYM2,65
10,SCF44,9,8,141,84
10,BCF44T,35,8,111,93
10,PGF44Q2C,7,8,GYM1,100
9,SDF44,2,8,226,73
9,EEFG4HG,1,8,336,90
10,HUF44HW,2,8,329B,90
12,PPF44Q2G,11,8,GYM2,80
12,UAF88Q3,6,8,235,80
9,HGF87XHD,2,8,321,90
11,EEFGGQQC,4,8,348,87
12,BCF44T,26,8,108,85
12,PPF44Q3B,14,8,GYM3,85
10,MRF44HG,10,8,214,100
9,MEF44HG,6,8,104,100
10,MRF44H,20,8,207,94
11,MKFC8UCT,3,8,322,100
10,SCF44H,10,8,138,90
9,PGF44Q3C,7,8,GYM1,85
9,SEF88QQ2,3,8,341,81
12,FMF44UQX,5,8,225,98
9,MKF44H,4,8,106,90
9,MEF44QT,6,8,104,86
12,MCF44UAX,2,8,221,73
9,UEFG4H,3,8,B27,100
12,FMF44UQX,5,8,225,93
11,MKFC8UCT,3,8,322,95
11,EEFGGHQC,4,8,348,97
9,SCF44,10,8,138,83
11,SPF44H,6,8,229,94
9,MRF44H,20,8,207,94
10,SPF44H,6,8,229,96
11,EEFGCUQX,4,8,349,85
10,SCF44,10,8,138,83
9,EEFG4HF,1,8,124,90
9,UEFG4H,3,8,B27,100
11,SPF44H,6,8,229,94
10,FMFC8H,3,8,215,90
12,FMF44UQX,5,8,225,94
9,EEF84HF,3,8,334B,94
12,PGF44Q2C,7,8,GYM1,100
10,BCF44T,26,8,108,100
10,PPF44Q3G,11,8,GYM2,100
9,SLF44QT,5,8,231,82
11,EEFGGQGF,3,8,249,88
9,MEF44H,6,8,219,91
10,PPF44Q3B,14,8,GYM3,75
10,SEF88QQ2,3,8,341,65
10,PPF44Q3B,13,8,GYM3,94
10,UAF44Q2,6,8,235,88
12,FMF44UQX,5,8,225,100
9,PHF44Q3,7,8,B17,65
9,PPF44Q2B,13,8,GYM3,80
11,EEF84HF,3,8,334B,92
10,BCF44T,25,8,111,91
10,PGF44Q3C,7,8,GYM1,90
12,FMF44UQX,5,8,225,100
11,SCF84HTF,5,8,139,92
10,BCF44T,26,8,108,100
10,PPF44Q3G,11,8,GYM2,100
10,FMFC8H,3,8,215,98
11,EEF84QF,3,8,334B,85
9,HGF87XHD,2,8,321,74
11,EEFGCUQX,4,8,349,95
9,FSFC8,10,8,149,73
11,EEFGGQTF,3,8,249,82
9,EEFG4QT,1,8,336,70
10,HUF88QQ2,1,8,313,65
10,PPF44Q3B,13,8,GYM3,75
11,EEFGGUQF,2,8,126,70
9,HGF87QQD,5,8,314,87
9,HGF87QQD,5,8,314,79
9,SLF44,8,8,228,76
12,FMF44UQX,5,8,225,96
9,HGF87XHD,2,8,321,94
9,PHF44Q3,7,8,B17,80
9,PPF44Q2B,14,8,GYM3,90
10,MRF44,21,8,203,82
11,EEFGGUQF,2,8,126,80
11,MKFC8UCT,3,8,322,80
10,MRF44QG,10,8,214,80
11,FMFGGH,4,8,116,90
12,FMF44UQX,5,8,225,93
12,MCF44UAX,2,8,221,85
9,UEFG4H,3,8,B27,100
10,PGF44Q2C,7,8,GYM1,95
10,UAF44H3,6,8,235,95
9,FLFC4HH,1,8,115,94
11,PPF44Q3B,14,8,GYM3,75
11,SEF88QQ2,3,8,341,65
9,MEF44QF,1,8,223,65
10,SHFC6TM,5,8,248,90
10,HUF43HTD,3,8,326,92
10,FSFCCU,7,8,123,100
12,EEFGGUQF,2,8,126,73
10,FMFC8H,3,8,215,100
11,PGF44Q2C,7,8,GYM1,80
11,PGF44Q3C,7,8,GYM1,80
9,PGF44Q2C,7,8,GYM1,90
9,PGF44Q3C,7,8,GYM1,90
9,UEFG4H,3,8,B27,100
9,PHF44H3,7,8,B17,100
9,PPF44Q2G,11,8,GYM2,100
11,PPF44Q2B,13,8,GYM3,80
11,PPF44Q3B,13,8,GYM3,65
11,EEFGGHGF,3,8,249,93
10,FSFC8,10,8,149,82
12,EEFCCQTD,2,8,350,77
9,PGF44Q2C,7,8,GYM1,80
9,PHF44H3,7,8,B17,90
11,EEF88QW,3,8,250,70
10,EEF88H,6,8,146,90
11,EEFGGQGF,3,8,249,83
9,MEF44QT,6,8,104,70
9,MEF44HW,2,8,211,90
10,EEF88H,6,8,146,92
9,HGF87QGD,7,8,311,85
9,MEF44QF,1,8,223,65
12,EEFGGUQV,4,8,335,94
9,MRF44QGF,3,8,105,65
12,MGF88QQ3,3,8,103,80
12,UAF88H2,6,8,235,95
10,PGF44Q2C,7,8,GYM1,90
10,UAF44H3,6,8,235,100
9,HGF87XHD,2,8,321,98
12,MCF44UAX,2,8,221,73
9,HGF87XHD,2,8,321,84
11,PPF44Q2B,13,8,GYM3,90
11,EEFCCHGD,2,8,350,91
9,FSFC4,4,8,122,65
11,EEF84QF,3,8,334B,65
11,MPF44UQJ,4,8,208,98
10,EEF88,6,8,146,79
10,EEF88H,6,8,146,100
10,SCF84QGF,5,8,139,72
9,FSFC4,4,8,122,79
9,MRF44QTF,3,8,105,70
9,EEFGGUQJ,2,8,B6,80
9,EEFG4QG,1,8,336,85
10,HUF88QQ2,1,8,313,65
10,PPF44Q3B,13,8,GYM3,65
11,EEFGGUGF,3,8,330,93
9,PHF44H3,7,8,B17,90
9,PPF44Q2G,11,8,GYM2,100
9,PHF44Q2,7,8,B17,80
9,PPF44Q3B,13,8,GYM3,75
9,EEFGGQTF,3,8,249,65
9,HGF87QQD,5,8,314,70
11,AUFC8UAT,3,8,204,93
9,HGF87XHD,2,8,321,94
11,HUF88HQ3,1,8,313,93
11,MGF88QQ2,3,8,103,80
9,MEF44QF,1,8,223,65
11,EEFGGUQF,2,8,126,65
10,FSFCCU,7,8,123,93
9,SLF44,8,8,228,67
11,EEFGGUQJ,2,8,B6,72
9,MRF44,21,8,203,78
11,EEFGGUQJ,2,8,B6,94
9,HGF87QGD,7,8,311,85
9,HGF88QQD,2,8,213,77
11,EEFGGQTF,3,8,249,65
10,EEFGGQQC,4,8,348,65
9,HGF88QQD,2,8,213,84
10,SCF84QTF,5,8,139,65
9,PPF44Q2B,13,8,GYM3,75
11,SCF88HQ3,3,8,238,93
11,UAF88H2,6,8,235,95
11,SCF44QT,4,8,338,66
10,PPF44Q3B,14,8,GYM3,65
9,SLF44QG,5,8,231,82
12,SHFCATM,3,8,327,93
9,AUFC4TA,4,8,232,80
10,SCF44QG,4,8,338,71
10,EEF88QW,3,8,250,85
12,BCF44T,25,8,111,75
10,SCF44,10,8,138,74
12,MKF44QQY,8,8,319,100
12,PPF44Q3B,14,8,GYM3,95
10,PPF44Q2B,13,8,GYM3,92
10,UAF44H3,6,8,235,97
11,MGF88QQ2,3,8,103,72
11,PGF44Q3C,7,8,GYM1,80
11,PPF44Q2G,11,8,GYM2,100
11,SCF88QQ3,3,8,238,80
9,FSFC4H,4,8,122,94
11,FMFCCU,4,8,116,93
12,EEFGGUTF,3,8,330,68
9,UEFG4,3,8,B27,70
9,FSFC4,4,8,122,69
11,EEF84QFT,3,8,334B,65
12,EEFGCUQX,4,8,349,90
11,MKFC8UCT,3,8,322,92
12,EEFGGUGF,3,8,330,91
9,HGF88QQD,2,8,213,76
9,HUF88QQ3,1,8,313,66
9,SEF88QQ2,3,8,341,65
11,PPF44Q2B,14,8,GYM3,85
11,SEF88QQ3,3,8,341,81
10,MRF44QT,10,8,214,65
12,ULFC4TP,4,8,B39,91
9,UEFG4,3,8,B27,65
9,FSFC4,4,8,122,73
11,EEFGGUTF,3,8,330,65
9,PHF44Q2,7,8,B17,70
9,PPF44Q3G,11,8,GYM2,95
9,HGF87QQD,5,8,314,86
10,SHFC6TM,5,8,248,100
9,SLF44,8,8,228,82
11,AUFC4TA,4,8,232,100
9,SLF44HG,5,8,231,93
9,MEF44,6,8,219,65
9,FSFC8,10,8,149,70
9,EEF84QF,3,8,334B,73
11,MGF88QQ2,3,8,103,85
11,SEF88QQ3,3,8,341,86
11,EEFGGHTF,3,8,249,90
10,FSFCCU,7,8,123,80
12,MCF44UAX,2,8,221,65
9,EEFG4QT,1,8,336,69
12,MPF44UQJ,4,8,208,73
11,EEFGGUQJ,2,8,B6,88
10,SCF84QTF,5,8,139,68
12,HUF88QQ2,1,8,313,88
12,PPF44Q3G,11,8,GYM2,95
9,MRF44QG,10,8,214,78
10,BCF44T,36,8,108,65
10,PPF44Q2G,11,8,GYM2,100
9,ULFC4TP,4,8,B39,70
12,EEFGGUTF,3,8,330,65
12,BCF44T,25,8,111,77
12,PGF44Q3C,7,8,GYM1,65
9,HGF87XHD,2,8,321,83
11,MGF88QQ3,3,8,103,77
11,PPF44Q2G,11,8,GYM2,100
9,HUF43QTD,3,8,326,75
12,EEFGGUQF,2,8,126,90
11,FSFCCU,7,8,123,65
10,MRF44,19,8,205,68
11,EEFGCUQX,4,8,349,80
11,EEFGGUQJ,2,8,B6,65
11,SPF44H,6,8,229,98
9,PHF44H3,7,8,B17,96
9,PPF44Q2G,11,8,GYM2,100
11,PPF44Q3B,13,8,GYM3,90
11,SCF88HQ2,3,8,238,94
11,SPF44,6,8,229,88
11,MKFC8UCT,3,8,322,88
11,SCF44QT,4,8,338,75
12,MCF44UAX,2,8,221,66
12,MCF44UAX,2,8,221,78
9,PPF44Q2G,11,8,GYM2,100
9,UAF44Q3,6,8,235,82
9,SLF44,8,8,228,78
10,EEFGGUQV,4,8,335,65
10,EEF88,6,8,146,84
11,MPF44UQJ,4,8,208,88
10,FSFC8,10,8,149,83
10,PPF44Q3G,11,8,GYM2,95
10,SCF88QQ2,3,8,238,86
9,FSFC4,4,8,122,65
11,EEFGGUQJ,2,8,B6,82
9,HGF88HQD,2,8,213,90
11,FSFCCU,7,8,123,95
10,MRF44H,20,8,207,90
12,MKF44QQY,9,8,319,100
9,PGF44Q3C,7,8,GYM1,80
12,EEFGCUQX,4,8,349,77
9,FLFC4HH,1,8,115,99
9,FLFC4HH,1,8,115,98
12,FMFCCU,4,8,116,97
11,EEFCCQTD,2,8,350,80
9,MEF44QF,1,8,223,65
9,HGF88HQD,2,8,213,97
9,MKF44,4,8,106,80
12,SPF44H,6,8,229,97
10,SPF44H,6,8,229,96
10,SHFC6TM,5,8,248,90
10,SCF44,9,8,141,80
10,FSFC8H,10,8,149,97
11,FMFCCU,4,8,116,85
9,HGF88HGD,3,8,325,93
9,MKF44H,4,8,106,90
11,EEFGCUQX,4,8,349,72
10,MRF44,20,8,207,87
11,EEFGGUQJ,2,8,B6,82
10,MEF44QF,1,8,223,66
11,AUFC8UAT,3,8,204,99
11,EEFGGHQC,4,8,348,95
9,EEFG4QT,1,8,336,70
9,ULFC4TP,4,8,B39,66
9,EEFG4HF,1,8,124,95
9,UAF88Q2,6,8,235,65
10,MRF44QT,10,8,214,65
11,PPF44Q2B,14,8,GYM3,65
11,PPF44Q3B,13,8,GYM3,70
12,FMFCCU,4,8,116,93
11,EEFCCHGD,2,8,350,97
9,SLF44QT,5,8,231,77
10,SCF44,9,8,141,65
11,EEF84QF,3,8,334B,86
12,MRF44QGF,3,8,105,65
11,MKFC8UCT,3,8,322,67
9,SDF44,2,8,226,73
9,MEF44QG,6,8,104,68
9,MKF44,4,8,106,66
9,HUF88QQ2,1,8,313,70
9,SEF88QQ3,3,8,341,68
10,PPF44Q3G,11,8,GYM2,100
10,UAF44H2,6,8,235,98
9,PHF44Q2,7,8,B17,85
9,PPF44Q3G,11,8,GYM2,95
9,EEFG4QG,1,8,336,80
9,PHF44Q2,7,8,B17,75
9,PPF44Q3B,13,8,GYM3,90
9,AUFC4TA,4,8,232,82
11,EEFGGUQF,2,8,126,88
9,FSFC4H,4,8,122,95
9,PPF44Q2B,14,8,GYM3,95
9,PPF44Q3B,14,8,GYM3,95
12,SPF44,6,8,229,70
11,SEF88QQ2,3,8,341,86
11,UAF44Q3,6,8,235,86
10,MRF44QG,10,8,214,88
12,EEFGCUQX,4,8,349,80
10,EEFGGUQF,2,8,126,67
10,SHFC6TM,5,8,248,70
12,SCF88QQ3,3,8,238,88
12,MQF44QQY,8,8,204A,100
10,ULFC4TP,4,8,B39,65
10,MRF44QG,10,8,214,65
11,EEFGGUGF,3,8,330,70
9,SDF44H,2,8,226,92
9,MRF44QGF,3,8,105,65
11,PPF44Q2B,13,8,GYM3,80
11,PPF44Q3B,13,8,GYM3,65
9,HGF87XHD,2,8,321,75
10,SHFC6TM,5,8,248,65
10,HUF43QTD,3,8,326,78
9,AUFC4TA,4,8,232,85
9,FMFC8H,3,8,215,95
9,MEF44H,6,8,219,92
9,HGF87XHD,2,8,321,95
10,SCF44,10,8,138,68
9,PPF44Q2B,14,8,GYM3,85
9,PPF44Q3B,14,8,GYM3,95
9,PHF44H3,7,8,B17,97
9,PPF44Q2G,11,8,GYM2,100
9,SLF44H,8,8,228,97
9,MEF44,6,8,219,80
11,EEFCCQGD,2,8,350,80
11,MRF44,19,8,205,85
11,SHFCATM,3,8,327,69
10,SCF44,10,8,138,71
10,MRF44QGF,3,8,105,84
11,BCF44T,36,8,108,65
11,UAF88Q2,6,8,235,71
10,FKFC8H,1,8,114,90
10,FKFC8,1,8,114,68
9,MEF44HG,6,8,104,94
12,AUFC8UAT,3,8,204,100
10,EEF88,6,8,146,84
9,MKF44,4,8,106,83
10,FKFC8,1,8,114,65
9,UEFG4H,3,8,B27,100
10,FKFC8H,1,8,114,100
9,PPF44Q2B,13,8,GYM3,85
9,UAF44Q3,6,8,235,81
10,MGF88QQ2,3,8,103,80
9,MEF44QT,6,8,104,73
12,FMFGG,4,8,116,65
10,MRF44,21,8,203,65
9,UEFG4H,3,8,B27,100
11,PPF44Q3B,14,8,GYM3,85
11,EEF88QW,3,8,250,72
11,FSFC4,4,8,122,65
9,UEFG4H,3,8,B27,100
10,SHFCATM,3,8,327,65
11,SCF44,9,8,141,67
9,PHF44Q2,7,8,B17,80
9,PPF44Q3B,13,8,GYM3,80
11,HUF88QQ2,1,8,313,84
11,UAF44Q3,6,8,235,66
9,HGF87XHD,2,8,321,67
9,HGF87XHD,2,8,321,97
12,FSFCCU,7,8,123,94
10,SCF44,9,8,141,78
11,SHFC6TM,5,8,248,65
12,MGF88QQ2,3,8,103,85
11,EEFGGUGF,3,8,330,84
9,MKF44,4,8,106,72
9,EEFG4QT,1,8,336,82
9,PHF44H3,7,8,B17,95
9,PPF44Q2B,14,8,GYM3,95
12,MCF44UAX,2,8,221,91
12,MCF44UAX,2,8,221,69
9,SLF44QG,5,8,231,73
9,UEFG4H,3,8,B27,100
10,EEFCCQGD,2,8,350,65
9,MEF44QG,6,8,104,69
9,SLF44,8,8,228,67
10,EEF88,6,8,146,86
9,HGF87HGD,7,8,311,98
11,SCF44QG,4,8,338,73
12,EEFGGUTF,3,8,330,88
10,SPF44H,6,8,229,98
10,BCF44T,36,8,108,65
10,PGF44Q2C,7,8,GYM1,80
10,HUF44QW,2,8,329B,86
9,PHF44Q2,7,8,B17,80
9,PPF44Q3B,14,8,GYM3,95
10,MRF44H,19,8,205,90
11,EEFCCQWD,1,8,347,65
10,SHFC6TM,5,8,248,100
10,MRF44H,21,8,203,94
9,HUF88HQ3,1,8,313,92
9,PPF44Q2B,13,8,GYM3,98
11,PGF44Q2C,7,8,GYM1,70
11,SEF88QQ3,3,8,341,78
10,HUF43QGD,3,8,326,86
9,SLF44HG,5,8,231,91
12,MPF44UQJ,4,8,208,96
10,MRF44,19,8,205,77
10,SCF44,10,8,138,74
9,UEFG4,3,8,B27,80
9,MEF44QF,1,8,223,67
11,FMFCCU,4,8,116,95
11,MGF88QQ2,3,8,103,85
11,PGF44Q3C,7,8,GYM1,95
9,PPF44Q3B,13,8,GYM3,65
12,PPF44Q2G,11,8,GYM2,100
12,PPF44Q3G,11,8,GYM2,100
11,SPF44H,6,8,229,96
10,EEF88,6,8,146,80
11,EEFGCUQX,4,8,349,85
9,UAF88Q3,6,8,235,66
9,EEFG4QG,1,8,336,85
12,EEFGGUGF,3,8,330,87
9,PHF44H3,7,8,B17,94
9,PPF44Q2B,13,8,GYM3,90
9,EEF88QW,3,8,250,83
9,HGF88QTD,3,8,325,80
11,SCF44,9,8,141,65
9,MEF44QT,6,8,104,76
9,MEF44QT,6,8,104,70
12,HUF88QQ2,1,8,313,80
12,MGF88QQ3,3,8,103,88
9,HGF87QTD,7,8,311,86
10,HUF43QGD,3,8,326,82
9,HUF43HGD,3,8,326,98
10,MRF44H,20,8,207,92
12,FMF44UQX,5,8,225,92
11,EEFGGUQF,2,8,126,95
12,FMFGG,4,8,116,85
11,MPF44UQJ,4,8,208,100
12,SPF44H,6,8,229,98
12,BCF44T,35,8,111,75
12,PGF44Q2C,7,8,GYM1,70
ST,SCF84QGF,5,8,139,83
9,PPF44Q2B,14,8,GYM3,95
9,PPF44Q3B,13,8,GYM3,95
12,MKFC8UCT,3,8,322,70
11,MRF44,19,8,205,88
9,PGF44Q2C,7,8,GYM1,70
9,PHF44Q3,7,8,B17,88
9,HGF87QQD,5,8,314,78
10,FKFC8,1,8,114,87
10,MRF44HG,10,8,214,98
9,SHFC6TM,5,8,248,65
9,FLFC4HH,1,8,115,98
9,HGF87QQD,5,8,314,85
10,FSFC4,4,8,122,68
9,MRF44,20,8,207,85
10,SHFC6TM,5,8,248,65
12,PGF44Q2C,7,8,GYM1,90
12,PGF44Q3C,7,8,GYM1,95
11,EEFCCQWD,1,8,347,73
12,MCF44UAX,2,8,221,83
11,EEFGGUQJ,2,8,B6,81
11,UAF88Q2,6,8,235,83
11,UAF88Q3,6,8,235,83
10,SHFC6TM,5,8,248,90
11,ULFC4TP,4,8,B39,92
10,EEF84QFW,3,8,334B,65
9,SDF44,2,8,226,83
11,MRF44QGF,3,8,105,65
11,EEFGGUGF,3,8,330,72
9,EEFCCQWD,1,8,347,65
11,PGF44Q3C,7,8,GYM1,80
11,UAF88H2,6,8,235,96
10,PPF44Q2B,14,8,GYM3,95
10,PPF44Q3B,13,8,GYM3,93
12,UQF44QQY,8,8,216,100
9,UEFG4H,3,8,B27,90
9,UEFG4,3,8,B27,65
11,SCF44QT,4,8,338,65
12,UQF44QQY,8,8,216,94
12,BCF44T,35,8,111,82
12,PPF44Q2B,14,8,GYM3,95
11,AUFC8UAT,3,8,204,94
11,MKFC8UCT,3,8,322,71
11,EEFGCUQX,4,8,349,90
9,HGF87QTD,7,8,311,77
9,SLF44QT,5,8,231,70
9,HGF87QQD,5,8,314,77
12,MGF88QQ3,3,8,103,83
9,HUF44QW,2,8,329B,65
9,PPF44Q2B,13,8,GYM3,93
9,PPF44Q3B,14,8,GYM3,90
11,SHFCATM,3,8,327,81
9,HUF88HQ2,1,8,313,92
9,SEF88QQ3,3,8,341,71
10,FMFC8,3,8,215,65
10,EEF88,6,8,146,86
9,HGF87XHD,2,8,321,94
11,SHFCATM,3,8,327,73
11,UAF88Q3,6,8,235,66
9,EEFG4HT,1,8,336,90
11,SCF84QTF,5,8,139,75
11,EEFCCQWD,1,8,347,70
11,EEFCCQGD,2,8,350,65
10,FSFCCU,7,8,123,65
9,FLFC4QH,1,8,115,87
10,SCF44QT,4,8,338,75
11,MKFC8UCT,3,8,322,85
11,MKFC8UCT,3,8,322,98
12,HUF88QQ2,1,8,313,85
10,FSFC8H,10,8,149,93
10,SCF44QT,4,8,338,75
10,EEF88,6,8,146,87
9,PPF44Q2G,11,8,GYM2,65
9,PPF44Q3G,11,8,GYM2,65
11,HUF88HQ3,1,8,313,97
11,SEF88HQ2,3,8,341,92
9,FSFC4,4,8,122,88
9,HGF87QTD,7,8,311,74
9,MRF44,21,8,203,80
11,MKFC8UCT,3,8,322,81
9,HUF44QW,2,8,329B,75
9,PHF44H3,7,8,B17,90
9,PPF44Q2B,14,8,GYM3,95
10,EEF88H,6,8,146,97
10,PPF44Q2B,13,8,GYM3,65
10,UAF44Q3,6,8,235,66
10,AUFC4TA,4,8,232,70
11,SCF84QTF,5,8,139,78
10,FSFC8,10,8,149,67
9,HGF87QGD,7,8,311,85
9,HGF87QQD,5,8,314,65
10,FSFC8,10,8,149,73
11,EEFGGQQC,4,8,348,65
11,MKFC8UCT,3,8,322,81
10,FSFC8H,10,8,149,93
12,PPF44Q3B,13,8,GYM3,96
12,UAF88Q2,6,8,235,84
9,FLFC4HH,1,8,115,90
12,MKF44,4,8,106,85
10,EEF88QW,3,8,250,80
10,UAF44Q2,6,8,235,67
10,UAF44Q3,6,8,235,67
9,HUF88QQ3,1,8,313,75
9,PPF44Q2B,14,8,GYM3,80
9,HGF88QTD,3,8,325,80
11,EEFGGUQF,2,8,126,80
11,MKFC8UCT,3,8,322,70
11,ULFC4TP,4,8,B39,100
11,MEF44HW,2,8,211,90
9,HUF88HQ3,1,8,313,97
9,SEF88QQ2,3,8,341,75
11,EEFGCUQX,4,8,349,90
11,SHFCATM,3,8,327,80
10,SCF44QG,4,8,338,88
10,SCF44QT,4,8,338,75
12,BCF44T,36,8,108,100
12,PGF44Q2C,7,8,GYM1,80
11,MRF44,19,8,205,82
11,EEFGGUQJ,2,8,B6,85
9,SLF44QG,5,8,231,80
11,SEF88QQ3,3,8,341,80
11,UAF88Q2,6,8,235,70
9,EEFCCQGD,2,8,350,77
10,HUF43QGD,3,8,326,70
12,PQF44Q2Y,8,8,251,100
12,PQF44Q3Y,8,8,251,100
10,MRF44,19,8,205,72
11,AUFC8UAT,3,8,204,81
12,EEFGGQQC,4,8,348,65
11,EEFGCUQX,4,8,349,90
9,HGF88QTD,3,8,325,65
10,HUF88QQ2,1,8,313,75
10,MGF88QQ3,3,8,103,75
9,PPF44Q3B,13,8,GYM3,65
11,MRF44,19,8,205,75
9,HGF87QGD,7,8,311,80
9,EEFG4QT,1,8,336,82
9,MEF44,6,8,219,82
10,SCF44QG,4,8,338,79
11,BCF44T,26,8,108,66
11,PGF44Q3C,7,8,GYM1,65
9,HGF87QGD,7,8,311,70
10,SCF44,9,8,141,70
11,EEFGGUQJ,2,8,B6,68
10,ULFC4TP,4,8,B39,85
10,HUF88QQ3,1,8,313,70
11,MPF44UQJ,4,8,208,93
9,EEFG4QG,1,8,336,80
9,FSFC8,10,8,149,80
12,PQF44Q2Y,8,8,251,100
12,PQF44Q3Y,8,8,251,100
9,MKF44,4,8,106,65
10,MRF44HG,10,8,214,90
10,MRF44QG,10,8,214,72
11,MGF88QQ3,3,8,103,80
11,UAF88Q2,6,8,235,89
9,UEFG4H,3,8,B27,100
11,PPF44Q3B,13,8,GYM3,80
11,SEF88QQ2,3,8,341,75
10,MRF44QGF,3,8,105,65
12,FMFGG,4,8,116,85
9,MEF44,6,8,219,70
10,PPF44Q2G,11,8,GYM2,100
10,PPF44Q3G,11,8,GYM2,100
11,EEFGGUQF,2,8,126,90
11,EEFGGHQC,4,8,348,95
9,EEFG4HG,1,8,336,90
10,FMFC8H,3,8,215,94
10,MRF44,21,8,203,67
11,FKFC8H,1,8,114,96
11,MGF88QQ3,3,8,103,80
11,UAF88Q2,6,8,235,67
11,MGF88QQ3,3,8,103,77
11,PPF44Q2G,11,8,GYM2,100
11,EEFGGUQV,4,8,335,83
10,MRF44,20,8,207,81
9,PHF44H3,7,8,B17,92
9,PPF44Q2B,14,8,GYM3,95
12,EEFGGUGF,3,8,330,91
12,EEFGGUQV,4,8,335,75
12,EEFGCUQX,4,8,349,90
11,PPF44Q2G,11,8,GYM2,100
11,PPF44Q3G,11,8,GYM2,100
11,PGF44Q2C,7,8,GYM1,75
11,EEFGGUQJ,2,8,B6,80
9,SLF44,8,8,228,85
10,ULFC4TP,4,8,B39,65
11,MPF44UQJ,4,8,208,85
12,PGF44Q3C,7,8,GYM1,70
9,PHF44H2,7,8,B17,96
9,PPF44Q3G,11,8,GYM2,100
12,BCF44T,36,8,108,96
12,UAF88H2,6,8,235,93
9,HGF88QGD,3,8,325,85
12,EQF44QQY,8,8,328,90
12,FMF44UQX,5,8,225,96
11,PPF44Q3B,13,8,GYM3,65
11,SCF88QQ2,3,8,238,86
9,PHF44Q3,7,8,B17,65
9,PPF44Q2B,14,8,GYM3,80
12,EEFGGUQV,4,8,335,65
9,FMFCCU,4,8,116,98
11,MPF44UQJ,4,8,208,93
12,EEFGGUGF,3,8,330,96
12,FMF44UQX,5,8,225,65
10,SCF84QGF,5,8,139,78
12,MPF44UQJ,4,8,208,90
10,SCF44H,9,8,141,99
12,BCF44T,26,8,108,90
12,PGF44Q3C,7,8,GYM1,70
9,HGF87XHD,2,8,321,96
10,MRF44,21,8,203,85
12,EEFGGUQJ,2,8,B6,78
12,FLF44UQX,2,8,121,93
11,AUFC8UAT,3,8,204,73
9,HUF88QQ2,1,8,313,75
9,PPF44Q3G,11,8,GYM2,100
9,MKF44,4,8,106,65
9,HGF87HQD,5,8,314,100
11,PPF44Q2B,14,8,GYM3,75
9,SCF84QGF,5,8,139,87
10,FSFC8,10,8,149,83
12,BCF44T,36,8,108,95
10,FSFCCU,7,8,123,70
10,FSFC8,10,8,149,80
10,EEF88,6,8,146,83
9,EEFG4QG,1,8,336,75
9,HGF88QTD,3,8,325,77
10,AUFC4TA,4,8,232,95
11,EEFGGUQV,4,8,335,82
10,EEF88H,6,8,146,94
9,MEF44HW,2,8,211,92
9,SDF44H,2,8,226,96
9,FLFC4HH,1,8,115,95
11,EEFGGUQJ,2,8,B6,90
10,SHFC6TM,5,8,248,85
11,EEFCCHTD,2,8,350,96
10,AUFC4TA,4,8,232,78
11,HUF88QQ2,1,8,313,88
11,MGF88QQ3,3,8,103,78
10,EEF88,6,8,146,70
9,HGF87QTD,7,8,311,65
10,MRF44H,20,8,207,90
9,PHF44H3,7,8,B17,94
9,PPF44Q2B,13,8,GYM3,95
10,HUF43QTD,3,8,326,75
9,EEFG4QG,1,8,336,65
12,BCF44T,36,8,108,95
12,PPF44Q2B,13,8,GYM3,95
10,ULFC4TP,4,8,B39,100
11,MKFC8UCT,3,8,322,88
10,FKFC8,1,8,114,79
9,SDF44H,2,8,226,99
9,HUF88HQ2,1,8,313,93
9,SEF88QQ3,3,8,341,75
10,FMFC8H,3,8,215,97
12,SQF44QQY,8,8,233,100
9,EEFG4QW,1,8,246,70
9,PPF44Q3B,13,8,GYM3,90
9,UAF44Q2,6,8,235,83
11,AUFC8UAT,3,8,204,95
10,BCF44T,26,8,108,90
10,FSFCCU,7,8,123,82
12,EEFGGUQJ,2,8,B6,70
9,FLFC4HH,1,8,115,95
12,MPF44UQJ,4,8,208,99
10,EEF88QW,3,8,250,65
10,SHFC6TM,5,8,248,90
9,HGF87XHD,2,8,321,95
10,SCF44,10,8,138,71
12,EEFGGUQV,4,8,335,94
11,MPF44UQJ,4,8,208,100
10,HUF43HTD,3,8,326,97
11,EEFGGUGF,3,8,330,82
10,SHFC6TM,5,8,248,90
10,SCF44H,10,8,138,97
11,EEFGCUQX,4,8,349,80
9,FMFC8,3,8,215,80
9,PHF44Q2,7,8,B17,82
9,PPF44Q3G,11,8,GYM2,65
11,AUFC8UAT,3,8,204,96
10,FKFC8H,1,8,114,100
12,PPF44Q2B,13,8,GYM3,80
9,FLFC4HH,1,8,115,93
11,MRF44QT,10,8,214,66
12,EEFGGUQF,2,8,126,68
9,HGF88QQD,2,8,213,80
11,AUFC8UAT,3,8,204,99
10,MRF44,21,8,203,82
10,MRF44H,21,8,203,97
12,MCF44UAX,2,8,221,94
10,PPF44Q3B,13,8,GYM3,75
10,UAF44Q2,6,8,235,66
10,SCF44HG,4,8,338,91
12,MCF44UAX,2,8,221,85
12,EEFGCUQX,4,8,349,80
9,EEF84HF,3,8,334B,93
10,SCF44,10,8,138,82
11,SPF44H,6,8,229,94
11,PGF44Q2C,7,8,GYM1,100
11,UAF88H3,6,8,235,100
10,HUF43QTD,3,8,326,85
10,EEF88,6,8,146,84
9,MEF44QG,6,8,104,65
11,MKFC8UCT,3,8,322,89
10,SCF44QT,4,8,338,70
9,EEFG4QG,1,8,336,80
11,MPF44UQJ,4,8,208,99
9,HGF87QGD,7,8,311,80
11,SPF44H,6,8,229,91
9,PHF44Q2,7,8,B17,71
9,PPF44Q3B,13,8,GYM3,70
10,EEF88H,6,8,146,94
9,HGF88QTD,3,8,325,67
10,SHFC6TM,5,8,248,80
11,PPF44Q2G,11,8,GYM2,75
11,PPF44Q3G,11,8,GYM2,95
11,MRF44H,20,8,207,99
10,ULFC4TP,4,8,B39,73
12,PGF44Q2C,7,8,GYM1,100
9,HGF87HQD,5,8,314,96
11,EEFGCUQX,4,8,349,78
12,BCF44T,26,8,108,75
12,PPF44Q3B,14,8,GYM3,95
9,SLF44QG,5,8,231,89
11,AUFC8UAT,3,8,204,87
10,FSFC8H,10,8,149,94
11,ULFC4TP,4,8,B39,66
12,SQF44QQY,8,8,233,100
10,EEFGGQGF,3,8,249,70
11,EEFGGUQF,2,8,126,73
12,MCF44UAX,2,8,221,82
12,EEFGGUQF,2,8,126,85
11,EEFGGUQV,4,8,335,93
9,HGF88QTD,3,8,325,82
12,EEFCCQGD,2,8,350,65
12,FLF44UQX,2,8,121,100
10,ULFC4TP,4,8,B39,91
11,SPF44H,6,8,229,97
9,FSFCCU,7,8,123,78
11,PGF44Q2C,7,8,GYM1,100
11,PGF44Q3C,7,8,GYM1,95
11,SHFCATM,3,8,327,80
11,MPF44UQJ,4,8,208,99
10,PPF44Q3B,14,8,GYM3,95
10,UAF44H2,6,8,235,96
10,ULFC4TP,4,8,B39,73
9,HGF88HQD,2,8,213,90
12,EEFCCHTD,2,8,350,95
11,EEFGGUQV,4,8,335,98
12,AUFC8UAT,3,8,204,100
11,PPF44Q3G,11,8,GYM2,100
11,SCF88HQ2,3,8,238,90
10,MRF44,19,8,205,68
9,PHF44H3,7,8,B17,92
9,PPF44Q2B,14,8,GYM3,100
10,MRF44,19,8,205,69
9,MEF44,6,8,219,65
9,HGF87XHD,2,8,321,75
9,SDF44,2,8,226,88
9,HGF87QQD,5,8,314,78
11,SCF44QG,4,8,338,84
11,EEF88QW,3,8,250,82
9,SLF44,8,8,228,65
12,BCF44T,36,8,108,100
12,PGF44Q2C,7,8,GYM1,90
9,HGF87XHD,2,8,321,65
9,MEF44QT,6,8,104,86
9,UEFG4,3,8,B27,80
9,EEF88QW,3,8,250,75
12,PGF44Q3C,7,8,GYM1,90
9,EEFCCQWD,1,8,347,65
9,UEFG4,3,8,B27,80
10,BCF44T,25,8,111,96
10,PGF44Q3C,7,8,GYM1,100
12,EEFGGUGF,3,8,330,83
11,EEFGGUQF,2,8,126,83
12,PGF44Q2C,7,8,GYM1,90
10,FSFC8,10,8,149,65
9,PHF44H2,7,8,B17,92
9,PPF44Q3B,14,8,GYM3,95
11,EEFGGQTF,3,8,249,81
12,MPF44UQJ,4,8,208,82
9,MEF44QG,6,8,104,65
9,MRF44,21,8,203,75
11,EEFGGUQJ,2,8,B6,73
9,MEF44QG,6,8,104,87
10,EEFGGUQV,4,8,335,92
9,PHF44H3,7,8,B17,100
9,PPF44Q2G,11,8,GYM2,100
10,SCF44,10,8,138,73
9,HGF88QGD,3,8,325,65
9,MEF44QG,6,8,104,80
9,HGF87QGD,7,8,311,88
12,BCF44T,35,8,111,81
12,PGF44Q2C,7,8,GYM1,90
11,EEFCCQGD,2,8,350,65
10,HUF88HQ3,1,8,313,96
10,PGF44Q2C,7,8,GYM1,80
11,FSFCCU,7,8,123,65
12,FSFCCU,7,8,123,80
9,MEF44QT,6,8,104,81
9,MRF44HG,10,8,214,93
9,UEFG4H,3,8,B27,90
9,SLF44H,8,8,228,95
10,SPF44H,6,8,229,95
9,HGF88HQD,2,8,213,92
9,MEF44QF,1,8,223,65
9,MRF44,21,8,203,88
9,MEF44QW,2,8,211,72
12,EEFGGUQV,4,8,335,90
10,HUF88HQ3,1,8,313,93
10,SEF88HQ2,3,8,341,90
9,SLF44H,8,8,228,93
ST,UEFG4H,3,8,B27,100
10,PPF44Q3B,13,8,GYM3,95
10,UAF44Q2,6,8,235,87
10,MRF44QT,10,8,214,65
11,EEFGGUTF,3,8,330,65
11,PGF44Q3C,7,8,GYM1,80
11,PPF44Q2G,11,8,GYM2,100
9,HGF87QQD,5,8,314,70
9,FLFC4HH,1,8,115,93
10,SCF44H,10,8,138,96
10,FMFC8H,3,8,215,92
12,MCF44UAX,2,8,221,80
9,PPF44Q3B,14,8,GYM3,80
9,UAF44Q2,6,8,235,65
9,SLF44QT,5,8,231,85
10,MRF44,19,8,205,70
10,EEF88H,6,8,146,97
10,SCF44,9,8,141,80
11,MRF44HG,10,8,214,100
9,PHF44H3,7,8,B17,92
9,PPF44Q2B,14,8,GYM3,95
10,AUFC4TA,4,8,232,91
9,FSFC8H,10,8,149,95
11,MPF44UQJ,4,8,208,100
9,SDF44H,2,8,226,97
11,SPF44H,6,8,229,91
9,FMFC8H,3,8,215,92
12,MCF44UAX,2,8,221,68
11,BCF44T,25,8,111,91
11,PGF44Q3C,7,8,GYM1,90
11,EEFGGQGF,3,8,249,88
9,PPF44Q2G,11,8,GYM2,100
9,PPF44Q3G,11,8,GYM2,100
12,FMF44UQX,5,8,225,70
11,MKFC8UCT,3,8,322,85
10,AUFC4TA,4,8,232,94
11,EEFCCQGD,2,8,350,77
9,HGF87QTD,7,8,311,65
9,FSFC4,4,8,122,73
9,MEF44QF,1,8,223,65
11,HUF88HQ2,1,8,313,91
11,SEF88QQ3,3,8,341,71
11,MRF44QGF,3,8,105,65
10,MRF44H,20,8,207,97
9,PHF44H3,7,8,B17,100
9,PPF44Q2G,11,8,GYM2,100
9,UEFG4H,3,8,B27,100
ST,PGF44Q3C,7,8,GYM1,90
ST,PHF44H2,7,8,B17,96
11,EEFGGUQV,4,8,335,94
10,MRF44QT,10,8,214,75
ST,SCF84HGF,5,8,139,91
9,PHF44Q2,7,8,B17,75
9,PPF44Q3G,11,8,GYM2,80
11,EEFCCQWD,1,8,347,65
9,MEF44,6,8,219,65
11,MRF44QTF,3,8,105,65
10,FSFC8,10,8,149,84
9,UEFG4,3,8,B27,75
11,SPF44,6,8,229,88
10,SPF44H,6,8,229,93
9,HGF87HQD,5,8,314,100
9,HGF87QQD,5,8,314,87
10,PPF44Q2B,14,8,GYM3,95
10,UAF44H3,6,8,235,96
11,PPF44Q2B,13,8,GYM3,88
11,PPF44Q3B,13,8,GYM3,85
9,HGF87QGD,7,8,311,85
9,FSFC8,10,8,149,87
11,MPF44UQJ,4,8,208,92
9,HGF88QGD,3,8,325,80
10,SCF44H,10,8,138,90
9,HGF87XHD,2,8,321,94
9,MEF44QF,1,8,223,65
10,SCF44QG,4,8,338,71
9,HGF88HQD,2,8,213,95
10,SCF44HG,4,8,338,97
10,MRF44,19,8,205,69
10,SCF84QTF,5,8,139,65
10,SHFC6TM,5,8,248,85
11,EEFGGUGF,3,8,330,71
9,UEFG4H,3,8,B27,100
10,SCF44H,9,8,141,90
9,SLF44HG,5,8,231,94
10,FMFC8H,3,8,215,97
11,MKFC8UCT,3,8,322,98
10,FMFC8,3,8,215,88
12,FMF44UQX,5,8,225,97
10,FMFC8H,3,8,215,90
12,MCF44UAX,2,8,221,85
11,EEF84QF,3,8,334B,68
12,EEFCCQTD,2,8,350,68
10,MRF44QG,10,8,214,73
12,MCF44UAX,2,8,221,88
10,SCF44H,9,8,141,92
9,FMFC8H,3,8,215,98
11,MRF44H,20,8,207,99
10,SCF44HG,4,8,338,93
9,SLF44H,8,8,228,97
11,SDF44H,2,8,226,94
9,MKF44H,4,8,106,90
12,BCF44T,26,8,108,95
12,PPF44Q3B,14,8,GYM3,90
12,PPF44Q2G,11,8,GYM2,100
12,PPF44Q3G,11,8,GYM2,95
9,MEF44HG,6,8,104,100
11,FMFC8H,3,8,215,99
9,FLFC4HH,1,8,115,95
11,HUF43HGD,3,8,326,95
11,MRF44QGF,3,8,105,65
9,MEF44HW,2,8,211,90
11,EEFCCHGD,2,8,350,99
12,SPF44,6,8,229,88
10,SCF44HG,4,8,338,100
9,HGF87XHD,2,8,321,89
9,HGF88HGD,3,8,325,90
9,HGF88HGD,3,8,325,90
10,MGF88QQ2,3,8,103,65
10,PPF44Q3B,13,8,GYM3,75
12,FMF44UQX,5,8,225,79
10,SCF44,10,8,138,85
10,AUFC4TA,4,8,232,98
11,AUFC8UAT,3,8,204,89
11,MKFC8UCT,3,8,322,83
9,PHF44Q3,7,8,B17,68
9,PPF44Q2B,13,8,GYM3,80
9,HGF88HGD,3,8,325,94
10,MRF44QTF,3,8,105,72
10,PPF44Q3B,14,8,GYM3,75
10,UAF44Q2,6,8,235,73
9,SDF44H,2,8,226,90
9,UEFG4H,3,8,B27,100
10,SCF44,9,8,141,85
11,MRF44,19,8,205,70
10,MRF44,20,8,207,86
10,HUF43QTD,3,8,326,85
11,MPF44UQJ,4,8,208,96
9,SDF44H,2,8,226,100
11,FMFCCU,4,8,116,92
12,MCF44UAX,2,8,221,88
11,BCF44T,26,8,108,100
11,PPF44Q3B,13,8,GYM3,94
12,EEFGCUQX,4,8,349,93
11,EEFGCUQX,4,8,349,85
10,HUF43HGD,3,8,326,95
11,MGF88QQ2,3,8,103,65
11,PPF44Q3G,11,8,GYM2,65
9,EEFG4QG,1,8,336,85
9,HGF88QQD,2,8,213,85
9,HGF88HGD,3,8,325,92
9,MEF44QF,1,8,223,74
9,PHF44H3,7,8,B17,97
9,PPF44Q2B,13,8,GYM3,92
9,PPF44Q2G,11,8,GYM2,100
9,PPF44Q3G,11,8,GYM2,100
9,HGF87HQD,5,8,314,90
12,MCF44UAX,2,8,221,86
10,PPF44Q3G,11,8,GYM2,100
10,UAF44Q2,6,8,235,76
11,SPF44H,6,8,229,96
10,MEF44QF,1,8,223,65
12,EEFGGQQC,4,8,348,83
9,SDF44,2,8,226,84
10,SCF44H,9,8,141,90
9,PPF44Q2B,13,8,GYM3,92
9,PPF44Q3B,14,8,GYM3,95
10,SHFC6TM,5,8,248,70
10,PPF44Q2G,11,8,GYM2,100
10,UAF44H3,6,8,235,94
9,MEF44QF,1,8,223,65
9,HGF87XHD,2,8,321,91
10,SPF44H,6,8,229,95
10,MRF44HG,10,8,214,94
10,PPF44Q3B,14,8,GYM3,95
10,UAF44Q2,6,8,235,87
12,FMF44UQX,5,8,225,100
9,FMFC8H,3,8,215,90
10,EEFG4HF,1,8,124,90
11,SHFCATM,3,8,327,87
10,MRF44QTF,3,8,105,65
11,FMFCCU,4,8,116,98
12,BCF44T,26,8,108,100
9,SDF44H,2,8,226,99
10,FMFC8,3,8,215,68
10,FMFC8H,3,8,215,99
12,FMF44UQX,5,8,225,87
9,SLF44H,8,8,228,95
10,SCF44H,9,8,141,91
11,PPF44Q2G,11,8,GYM2,100
11,UAF88H3,6,8,235,90
10,PPF44Q2B,14,8,GYM3,95
10,UAF44Q3,6,8,235,81
12,FLF44UQX,2,8,121,99
10,EEFG4HF,1,8,124,95
12,EEF84QF,3,8,334B,75
10,MGF88QQ3,3,8,103,65
10,SEF88QQ2,3,8,341,65
11,FMF44UQX,5,8,225,95
11,FMFCCU,4,8,116,100
9,SDF44H,2,8,226,98
11,HUF43QGD,3,8,326,87
9,MEF44QF,1,8,223,87
9,MEF44QF,1,8,223,77
12,BCF44T,26,8,108,75
10,BCF44T,25,8,111,100
10,PPF44Q3G,11,8,GYM2,100
11,SPF44,6,8,229,88
10,FMFC8H,3,8,215,96
9,SDF44H,2,8,226,98
10,PPF44Q2G,11,8,GYM2,100
10,UAF44Q3,6,8,235,83
9,SDF44H,2,8,226,98
9,MEF44,6,8,219,70
10,SPF44H,6,8,229,92
11,EEFGGUQJ,2,8,B6,87
12,BCF44T,25,8,111,100
12,PPF44Q3B,14,8,GYM3,95
9,MEF44QF,1,8,223,65
12,MPF44UQJ,4,8,208,99
12,AUFC8UAT,3,8,204,95
10,BCF44T,36,8,108,90
10,PPF44Q2B,14,8,GYM3,95
11,BCF44T,35,8,111,100
11,UAF88H2,6,8,235,97
9,MEF44QF,1,8,223,65
10,FMFC8,3,8,215,71
9,UEFG4H,3,8,B27,100
9,HGF88HGD,3,8,325,94
9,MKF44,4,8,106,72
11,FMFCCU,4,8,116,93
10,FMFC8,3,8,215,83
10,SCF84HGF,5,8,139,92
10,EEFGGUQF,2,8,126,80
10,BCF44T,25,8,111,98
10,PPF44Q3G,11,8,GYM2,100
9,FLFC4HH,1,8,115,94
11,EEFGGQQC,4,8,348,65
12,FMF44UQX,5,8,225,95
11,SHFC6TM,5,8,248,85
10,SDF44H,2,8,226,92
12,EEFGGQGF,3,8,249,83
12,FMF44UQX,5,8,225,97
9,SLF44,8,8,228,65
10,HUF88QQ2,1,8,313,85
10,ULFC4TP,4,8,B39,100
11,EEFGGUQV,5,9,335,85
10,PPF44Q3G,13,9,GYM2,90
10,SLF88HQ2,3,9,146,92
9,SCF44,12,9,138,81
11,MRF44,25,9,107,80
11,SCF84QGF,6,9,139,69
9,SCF84QGF,7,9,115,70
9,HGF88QQD,5,9,314,88
11,EEFGGUQV,5,9,335,90
9,HGFCCQQ2,3,9,121,85
9,SLF88QQ3,3,9,146,88
12,EEFGGUGJ,3,9,B6,95
9,MRF44,23,9,208,65
9,SLF44HG,6,9,238,92
11,HGFCCHQ3,3,9,121,95
11,SLF88QQ2,3,9,146,85
11,EEFCBQQD,1,9,346,65
9,MEF44QT,8,9,104,83
11,EEF44UCC,2,9,347,98
11,FSF44UQX,3,9,149,90
11,HFF44QQB,3,9,333,80
9,PPF44Q2B,16,9,GYM3,65
12,ULFC4TP,5,9,B39,84
9,PPF44Q2B,15,9,GYM3,90
9,PPF44Q3B,17,9,GYM3,90
9,AWF84,4,9,222,86
9,HFF44QQB,3,9,333,67
9,MEF44HT,8,9,104,98
10,BCF44T,37,9,204,100
10,PPF44Q2B,15,9,GYM3,90
9,MEF44QF,2,9,223,65
9,HGF88XHD,2,9,321,92
9,PHF44H3,8,9,B17,92
9,PPF44Q2B,17,9,GYM3,90
9,HGF88XHD,2,9,321,91
9,MKF44,5,9,106,75
12,EEFGGUQV,5,9,335,95
10,MRF44,24,9,105,70
11,ULFC4TP,5,9,B39,97
11,MEF88QQ3,1,9,219,72
11,PPF44Q2B,15,9,GYM3,90
11,EEFGGHGC,3,9,250,100
11,EEFGGHGC,3,9,250,97
9,FFFC4,1,9,111,66
9,PPF44Q2G,13,9,GYM2,88
9,PPF44Q3G,12,9,GYM2,73
11,PPF44Q2G,13,9,GYM2,93
11,PPF44Q3G,12,9,GYM2,95
9,FSFC4,5,9,123,82
9,FFF44X,1,9,111,98
9,EEFGGQF,4,9,334B,65
9,SLF44,10,9,338,78
10,PPF44Q2G,12,9,GYM2,100
10,PPF44Q3G,13,9,GYM2,90
11,MRF44QG,12,9,205,75
9,FSFC4H,5,9,123,90
10,PPF44Q2B,16,9,GYM3,100
10,PPF44Q3B,16,9,GYM3,100
11,PWF44QQL,1,9,POOL,100
9,PPF44Q2B,17,9,GYM3,95
9,PPF44Q3B,16,9,GYM3,100
10,EEFGGQF,4,9,334B,70
10,HUF44HG,5,9,325,90
9,HGF88HQD,5,9,314,100
9,AWF84H,4,9,222,94
9,EEFGGQTC,3,9,250,76
11,MRF44QG,12,9,205,84
9,HGF87HQD,6,9,316,95
9,HGF88HGD,7,9,311,94
11,SCF44,12,9,138,65
10,HFF44QQB,3,9,333,80
9,SHF82H,4,9,231,98
9,EEFCBQQD,1,9,346,65
11,SCF84QGF,6,9,139,73
9,HGF88XHD,2,9,321,97
9,HGF87HGD,4,9,313,92
11,MRF44,25,9,107,88
10,PGF44Q2C,8,9,GYM1,100
10,PGF44Q3C,8,9,GYM1,100
12,SCF84QTF,6,9,139,65
11,SCF84QTF,6,9,139,70
10,AUFC4TA,5,9,232,100
10,MRF44,23,9,208,85
11,PGF44Q2C,8,9,GYM1,65
11,PGF44Q3C,8,9,GYM1,65
10,SCF44,11,9,141,73
9,EEF88QW,4,9,246,77
10,HUF44UQX,5,9,213,84
9,HGF87QQD,10,9,326,68
9,EEFG8QH,2,9,331,84
9,EEFG4HG,2,9,336,90
11,SCF84QGF,6,9,139,65
11,EEFGGQTC,3,9,250,75
9,PHF44Q3,8,9,B17,85
9,PPF44Q2B,16,9,GYM3,100
11,MRF44,24,9,105,65
11,EEFGGUWF,2,9,330,82
10,EEF88QW,4,9,246,88
10,EEFG8HH,2,9,331,95
9,HGF88HQD,5,9,314,95
11,MRF44HG,12,9,205,90
10,EEF88HW,4,9,246,91
11,MGF88QQ2,4,9,228,68
11,PPF44Q3B,15,9,GYM3,90
9,EEFG4HG,2,9,336,94
11,PPF44Q2B,17,9,GYM3,90
11,PPF44Q3B,16,9,GYM3,100
12,BCF44T,27,9,204,100
12,PPF44Q3G,13,9,GYM2,100
10,MRF44,22,9,211,65
11,EEFGGHGC,3,9,250,100
10,EEF88QW,4,9,246,78
9,FSFC4,5,9,123,80
9,MEF44QG,8,9,104,71
9,AWF84H,4,9,222,98
11,ULFC4TP,5,9,B39,86
9,HGF87HQD,10,9,326,93
9,EEFG4HG,2,9,336,98
9,PPF44Q2B,16,9,GYM3,98
9,PPF44Q3B,17,9,GYM3,75
11,EEFGGUGJ,3,9,B6,81
9,MRF44,25,9,107,80
10,MKFC4TC,5,9,108,96
9,HGF88HQD,5,9,314,95
9,SLF44H,9,9,226,91
10,EEF88HG,12,9,350,92
11,SCF84QGF,7,9,115,66
10,FSFC8,11,9,122,84
11,SCF84QGF,6,9,139,78
10,FSFC8,12,9,113,80
9,SLF44QG,6,9,238,80
10,HUF44UQX,5,9,213,88
9,PPF44Q2B,15,9,GYM3,80
9,PPF44Q3B,15,9,GYM3,80
10,HUF44UQX,5,9,213,95
12,EEFGGQQF,2,9,249,70
11,EEF44UCC,2,9,347,71
9,HGF87QQD,10,9,326,70
10,FSFC8,12,9,113,80
10,FSFC8H,11,9,122,91
9,PHF44Q3,8,9,B17,86
9,PPF44Q2B,17,9,GYM3,95
9,SHFC2TM,4,9,248,65
11,MRF44,25,9,107,80
10,AQF44UVT,2,9,206,95
9,PPF44Q2B,17,9,GYM3,95
9,PPF44Q3B,17,9,GYM3,98
9,HGF87QWD,20,9,307,70
9,EEFG4HH,1,9,349,90
9,HUF44QT,5,9,325,75
9,HGF88QF,2,9,334A,65
9,FSFC4H,5,9,123,92
9,EEFG4HG,2,9,336,96
9,SLF44,9,9,226,77
12,HGF88QF,2,9,334A,68
9,HGFCCQQ3,3,9,121,80
9,SLF88QQ2,3,9,146,85
10,HGFCCQQ2,3,9,121,70
10,PPF44Q3B,17,9,GYM3,90
10,FSFC8H,11,9,122,94
9,EEFG4QG,2,9,336,65
10,HUF44,3,9,315,88
11,EEFGGHGC,3,9,250,95
9,SLF44,10,9,338,82
9,MEF44HT,8,9,104,96
10,SDF44QWE,4,9,328B,86
9,HGF87QQD,10,9,326,68
10,MRF44QG,12,9,205,73
9,FJFC4,2,9,124,75
11,EEFGGUQV,5,9,335,95
11,MRF44,25,9,107,68
10,HGFCCHQ2,3,9,121,90
10,MEF88QQ3,1,9,219,75
10,PPF44Q2G,12,9,GYM2,85
10,SLF88QQ3,3,9,146,88
10,HUF44UQX,5,9,213,87
9,PHF44Q3,8,9,B17,76
9,PPF44Q2B,17,9,GYM3,95
10,FSFC8,12,9,113,70
10,HGFCCQQ2,3,9,121,70
10,PPF44Q3B,16,9,GYM3,100
10,SDF44QTE,4,9,341,65
10,MEF88QQ2,1,9,219,65
10,UAF88Q3,7,9,227,65
11,PPF44Q2G,13,9,GYM2,82
11,PPF44Q3G,12,9,GYM2,90
9,FFFC4H,1,9,111,92
12,EEF44UCC,2,9,347,96
11,SCF84QGF,7,9,115,73
12,HUF44,3,9,315,65
9,SLF44,9,9,226,86
9,PPF44Q2G,12,9,GYM2,90
9,PPF44Q3G,12,9,GYM2,90
12,PWF44QQL,1,9,POOL,85
10,HUF44UQX,5,9,213,77
9,FFFC4,1,9,111,77
10,FSFC8,11,9,122,65
11,EEFGGUGJ,3,9,B6,86
11,PPF44Q2G,12,9,GYM2,90
11,PPF44Q3G,13,9,GYM2,100
10,HUF44QT,5,9,325,65
9,SLF44HG,6,9,238,90
11,MGF88QQ2,4,9,228,69
11,PPF44Q3B,15,9,GYM3,90
10,ULFC4TP,5,9,B39,81
12,PGF44Q3C,8,9,GYM1,80
11,BCF44T,37,9,204,100
11,PPF44Q2B,16,9,GYM3,98
11,PPF44Q2G,12,9,GYM2,95
11,PPF44Q3G,12,9,GYM2,95
9,HGF88QF,2,9,334A,65
9,PPF44Q2B,17,9,GYM3,80
9,MEF44QG,7,9,203,78
11,FSF44UQX,3,9,149,75
11,EEFGGUGJ,3,9,B6,96
12,AUFC4TA,5,9,232,87
10,HUF44,3,9,315,85
10,SDF44HWE,4,9,328B,92
9,HGF88QQD,5,9,314,88
10,EEF88QT,12,9,350,71
11,MRF44H,25,9,107,97
12,MEF88QQ2,1,9,219,85
12,SLF88QQ3,3,9,146,85
10,PPF44Q2G,13,9,GYM2,98
10,UAF44H3,7,9,227,97
9,SLF44,9,9,226,77
12,EEF44UCC,2,9,347,96
10,HUF44QT,5,9,325,65
9,SDF44QWE,4,9,328B,78
9,MEF44QF,2,9,223,74
10,HGFCCQQ2,3,9,121,70
10,UAF44Q3,7,9,227,65
11,AUFC4TA,5,9,232,83
9,HGF88QF,2,9,334A,72
9,SLF44H,10,9,338,95
9,HGF87QQD,10,9,326,68
9,FJFC4,2,9,124,77
9,HGF87QWD,20,9,307,70
10,FMFC8H,4,9,116,99
9,EEFG4,4,9,126,75
9,PPF44Q3G,13,9,GYM2,67
10,HFF44HQB,3,9,333,91
9,SLF44HG,6,9,238,97
9,PHF44Q3,8,9,B17,80
9,PPF44Q2G,13,9,GYM2,90
10,HFF44QQB,3,9,333,85
9,MEF44QT,7,9,203,65
12,MRF44QT,12,9,205,65
12,EEFGGUQV,5,9,335,65
9,MEF44HG,8,9,104,95
9,MEF44QF,2,9,223,68
10,SCF84QGF,6,9,139,65
9,PHF44Q2,8,9,B17,80
9,PPF44Q3B,17,9,GYM3,90
9,SHF82,4,9,231,85
9,MEF44QG,7,9,203,77
10,FSFC8,12,9,113,70
9,FSFC8,12,9,113,65
11,HUF44,3,9,315,85
11,SPF44,7,9,229,87
11,HGFCCQQ3,3,9,121,85
11,MKF44H,5,9,106,90
10,ULFC4TP,5,9,B39,98
9,MKF44,5,9,106,65
11,MRF44,22,9,211,77
9,HGF88XHD,2,9,321,96
9,SLF44,9,9,226,88
11,EEFGGUWF,2,9,330,81
12,BCF44T,37,9,204,80
12,PPF44Q2B,16,9,GYM3,75
10,EEFG8QH,2,9,331,78
10,HUF44HG,5,9,325,90
9,AWF84H,4,9,222,93
10,FMFC8,4,9,116,87
9,FSFC8H,11,9,122,95
9,MEF44QF,2,9,223,71
12,MRF44QG,12,9,205,68
11,EEFGGUWF,2,9,330,76
9,HGF87QQD,10,9,326,70
10,PPF44Q3B,17,9,GYM3,90
10,UAF44Q2,7,9,227,65
11,MRF44HG,11,9,207,92
11,SDF44QTE,4,9,341,65
9,EEFG4,1,9,348,65
9,HGF87HTD,4,9,313,92
10,EEF88HG,12,9,350,94
9,AWF84,4,9,222,78
11,MRF44QG,12,9,205,86
10,HFF44UQX,3,9,324,76
10,HGFCCHQ2,3,9,121,90
10,PPF44Q3B,16,9,GYM3,100
11,HGFCCQQ3,3,9,121,75
11,PPF44Q2B,17,9,GYM3,85
10,HFF44UQX,3,9,324,65
10,FSFC8,12,9,113,75
11,FSF44UQX,3,9,149,65
11,SDF84UVT,3,9,332,65
11,EEFGGUWF,2,9,330,80
9,FSFC8,11,9,122,78
11,MEF88QQ3,1,9,219,70
11,PPF44Q2B,15,9,GYM3,80
9,HGF88QQD,5,9,314,88
9,MEF44QF,2,9,223,83
12,PPF44Q2B,15,9,GYM3,90
12,UAF88H3,7,9,227,99
9,EEFCBHQD,1,9,346,94
11,SDF44QTE,4,9,341,85
9,FSFC8,12,9,113,83
10,SHF82H,4,9,231,93
9,AWF84,4,9,222,87
10,EEFGGQF,4,9,334B,88
10,FMFC8H,4,9,116,96
9,SLF44H,9,9,226,91
9,PPF44Q2B,15,9,GYM3,90
9,PPF44Q3B,15,9,GYM3,90
9,FFFC4H,1,9,111,92
11,EEFGGUQV,5,9,335,85
9,HGF87QWD,20,9,307,88
11,PPF44Q3B,16,9,GYM3,100
11,UAF88Q2,7,9,227,89
9,EEFG4HG,2,9,336,96
12,FSF44UQX,3,9,149,90
11,MRF44,22,9,211,68
11,EEFGGUTJ,3,9,B6,92
10,HUF44UQX,5,9,213,91
10,MRF44,23,9,208,65
12,SPF44H,7,9,229,96
9,HGF87QQD,10,9,326,80
9,HGF87QWD,20,9,307,65
10,SCF84QGF,6,9,139,65
9,PPF44Q2G,12,9,GYM2,100
9,PPF44Q3G,12,9,GYM2,100
9,HGFCCQQ2,3,9,121,85
9,SLF88QQ3,3,9,146,78
9,MRF44,22,9,211,85
11,ULFC4TP,5,9,B39,95
9,FJFC4,2,9,124,82
11,PPF44Q2G,13,9,GYM2,100
11,PPF44Q3G,13,9,GYM2,98
12,EEF44UCC,2,9,347,76
10,MRF44H,25,9,107,97
9,FMFC8H,4,9,116,97
10,MRF44H,25,9,107,100
10,FMFC8H,4,9,116,93
9,EEFG4QH,1,9,349,88
9,PPF44Q2B,15,9,GYM3,90
9,PPF44Q3B,15,9,GYM3,90
10,HFF44UQX,3,9,324,94
12,PPF44Q2B,16,9,GYM3,100
12,PPF44Q3B,15,9,GYM3,90
9,SHF82H,4,9,231,95
10,EEF88HG,12,9,350,92
9,HGF88XHD,2,9,321,98
9,PPF44Q2B,15,9,GYM3,90
9,UAF44H3,7,9,227,95
9,SCF44,12,9,138,85
10,FMFC8,4,9,116,87
9,AWF84,4,9,222,88
9,PHF44Q2,8,9,B17,65
9,PPF44Q3B,16,9,GYM3,100
10,AQF44UVT,2,9,206,89
11,HQFC8UHT,2,9,323,80
10,HGF88QF,2,9,334A,79
9,PHF44Q3,8,9,B17,72
9,PPF44Q2G,12,9,GYM2,65
11,SPF44H,7,9,229,95
9,AWF84,4,9,222,85
10,AQF44UVT,2,9,206,96
11,EEFGGUQV,5,9,335,100
9,EEFG4H,4,9,126,95
11,HUF44H,3,9,315,94
11,FMFC8H,4,9,116,96
9,AUFC4TA,5,9,232,85
9,AWF84H,4,9,222,90
9,MEF44QT,7,9,203,70
12,PPF44Q2G,13,9,GYM2,100
12,PPF44Q3G,12,9,GYM2,100
11,SPF44H,7,9,229,99
10,BCF44T,37,9,204,95
10,PPF44Q2G,13,9,GYM2,82
11,SLF44HG,6,9,238,90
10,HUF44QG,5,9,325,80
11,EEFGGQQF,2,9,249,65
9,EEFGGQFT,4,9,334B,65
10,AQF44UVT,2,9,206,95
11,SPF44H,7,9,229,96
11,PPF44Q2G,12,9,GYM2,95
11,PPF44Q3G,13,9,GYM2,97
9,HGF88QGD,7,9,311,88
9,HGF87HGD,4,9,313,95
10,MKFC4TC,5,9,108,84
9,EEFG4QG,2,9,336,82
11,SDF84UVT,3,9,332,100
11,SPF44H,7,9,229,100
9,EEFG4QT,2,9,336,83
9,PHF44Q3,8,9,B17,82
9,PPF44Q2G,12,9,GYM2,65
10,PPF44Q2B,17,9,GYM3,85
10,UAF44Q3,7,9,227,77
11,SHFC2TM,4,9,248,100
11,MRF44,24,9,105,65
10,HUF44H,3,9,315,91
9,HGF87QTD,4,9,313,80
10,SCF84QGF,7,9,115,65
10,MRF44H,23,9,208,93
11,MRF44,24,9,105,66
10,PPF44Q2B,16,9,GYM3,100
10,UAF44H3,7,9,227,90
11,EEF44UCC,2,9,347,78
12,SPF44H,7,9,229,99
9,MEF88QQ3,1,9,219,65
10,EEFGGQF,4,9,334B,65
11,EEFGGUQV,5,9,335,85
9,AUFC4TA,5,9,232,90
11,PGF44Q2C,8,9,GYM1,90
11,PGF44Q3C,8,9,GYM1,98
11,FKFCCH,20,9,114,98
9,PPF44Q2B,16,9,GYM3,100
9,PPF44Q3B,17,9,GYM3,85
10,PPF44Q2B,17,9,GYM3,70
10,PPF44Q3B,16,9,GYM3,100
11,SCF44H,11,9,141,92
9,PHF44Q3,8,9,B17,65
9,PPF44Q2B,15,9,GYM3,90
11,ULFC4TP,5,9,B39,95
11,EEFGGQQF,2,9,249,82
9,MKF44,5,9,106,83
10,HFF44UQX,3,9,324,92
12,PPF44Q2B,15,9,GYM3,90
12,PPF44Q3B,15,9,GYM3,90
9,EEF88HG,12,9,350,96
11,PPF44Q2G,13,9,GYM2,100
11,PPF44Q3G,13,9,GYM2,95
12,SPF44H,7,9,229,99
10,MRF44QG,12,9,205,65
11,PPF44Q2G,13,9,GYM2,95
11,UAF88H3,7,9,227,93
10,PGF44Q2C,8,9,GYM1,100
10,PGF44Q3C,8,9,GYM1,93
10,AQF44UVT,2,9,206,94
9,PHF44Q2,8,9,B17,65
9,PPF44Q3B,15,9,GYM3,90
11,EEFGGHTC,3,9,250,90
9,EEFG4HH,1,9,349,94
10,FKFC8,20,9,114,82
9,EEFG4HG,2,9,336,90
9,PPF44Q2B,15,9,GYM3,90
9,SLF88QQ3,3,9,146,83
11,PPF44Q3B,16,9,GYM3,65
9,EEFGGUWF,2,9,330,79
12,EEFGGQQF,2,9,249,77
10,FSFC8,12,9,113,72
10,HUF44,3,9,315,83
9,EEFG4,4,9,126,85
12,EEF44UCC,2,9,347,92
9,HUF44,3,9,315,67
11,PGF44Q3C,8,9,GYM1,100
11,UAF88Q2,7,9,227,85
9,HGF87QQD,10,9,326,72
9,HGF87QQD,6,9,316,83
10,HUF44HG,5,9,325,90
11,MRF44,23,9,208,78
9,PHF44Q2,8,9,B17,65
9,PPF44Q3G,13,9,GYM2,92
12,PGF44Q2C,8,9,GYM1,100
12,PGF44Q3C,8,9,GYM1,100
9,PHF44H3,8,9,B17,94
9,PPF44Q2G,12,9,GYM2,100
10,EEF88QG,12,9,350,87
9,FSFC4,5,9,123,68
9,PHF44H3,8,9,B17,93
9,PPF44Q2G,13,9,GYM2,100
10,HUF44UQX,5,9,213,83
9,AWF84,4,9,222,65
11,MRF44QT,12,9,205,66
9,PHF44H2,8,9,B17,95
9,PPF44Q3B,15,9,GYM3,90
10,FSFC8,11,9,122,66
9,EEFG4,1,9,348,86
9,FFFC4,1,9,111,87
11,EEFCBHQD,1,9,346,94
10,MKFC4TC,5,9,108,81
10,HFF44UQX,3,9,324,75
9,PHF44Q2,8,9,B17,65
9,PPF44Q3B,16,9,GYM3,95
12,SDF84UVT,3,9,332,75
10,AQF44UVT,2,9,206,95
9,FSFC8H,12,9,113,90
10,EEFG8QH,2,9,331,86
10,SCF44,11,9,141,73
9,PPF44Q2G,12,9,GYM2,95
9,SLF88QQ3,3,9,146,83
10,AQF44UVT,2,9,206,85
11,PPF44Q2B,15,9,GYM3,90
11,PPF44Q3B,15,9,GYM3,90
9,HGF87QGD,4,9,313,78
9,MEF44QF,2,9,223,71
12,PGF44Q2C,8,9,GYM1,100
12,PGF44Q3C,8,9,GYM1,98
9,FJFC4,2,9,124,87
10,BCF44T,37,9,204,95
10,PPF44Q2B,17,9,GYM3,80
10,FMFC8H,4,9,116,98
11,SDF84UVT,3,9,332,100
12,PPF44Q3B,15,9,GYM3,90
9,MEF44QG,7,9,203,85
9,PPF44Q2B,16,9,GYM3,100
9,PPF44Q3B,17,9,GYM3,90
10,ULFC4TP,5,9,B39,75
10,EEFG8QH,2,9,331,82
10,EEF88QG,12,9,350,87
9,EEFG4,1,9,348,65
10,FSFC8,11,9,122,77
9,MEF44QF,2,9,223,65
12,PPF44Q3B,17,9,GYM3,65
9,FSFC4,5,9,123,80
11,MRF44H,23,9,208,93
12,MRF44,22,9,211,77
11,EEFGGUWF,2,9,330,78
12,EEFGGUGJ,3,9,B6,68
11,SCF84QGF,6,9,139,65
9,FSFC4,5,9,123,80
11,SDF44QTE,4,9,341,70
11,MRF44H,25,9,107,99
11,MEF88QQ2,1,9,219,88
11,PQF44Q3Y,9,9,251,100
10,PPF44Q3B,16,9,GYM3,95
10,UAF44Q2,7,9,227,76
9,MEF44QG,7,9,203,85
10,FSFC8,11,9,122,82
11,FSFC8,11,9,122,84
11,MRF44,24,9,105,65
9,PHF44H3,8,9,B17,98
9,PPF44Q2G,12,9,GYM2,90
10,PPF44Q3G,12,9,GYM2,90
10,UAF44Q2,7,9,227,82
9,EEFG4QH,1,9,349,77
11,MEF88QQ3,1,9,219,88
11,PPF44Q2G,12,9,GYM2,95
9,HGF88QQD,5,9,314,65
9,EEFG4HG,2,9,336,90
11,BCF44T,37,9,204,80
11,PPF44Q2B,15,9,GYM3,90
9,AWF84,4,9,222,71
9,HGF87HGD,4,9,313,96
10,AUFC4TA,5,9,232,100
9,HGF87QQD,10,9,326,65
9,HGF87QTD,4,9,313,65
9,HGF87HQD,6,9,316,94
12,SDF44HGE,4,9,341,94
11,SHF82,4,9,231,86
11,MRF44QT,12,9,205,65
11,PWF44QQL,1,9,POOL,90
10,SCF44,11,9,141,65
9,HGF88QQD,5,9,314,88
9,FSFC4,5,9,123,65
11,SCF44,12,9,138,75
9,PHF44H3,8,9,B17,92
9,PPF44Q2G,12,9,GYM2,95
12,PPF44Q2B,17,9,GYM3,90
10,SCF84QGF,7,9,115,65
9,HGF88XHD,2,9,321,89
10,HUF44UQX,5,9,213,87
11,PPF44Q3B,16,9,GYM3,100
11,UAF88H2,7,9,227,97
11,PPF44Q2B,15,9,GYM3,90
11,UAF88H3,7,9,227,99
10,MRF44,24,9,105,70
12,HQFC8UHT,2,9,323,95
9,MKF44H,5,9,106,95
11,HGFCCQQ3,3,9,121,85
11,MEF88QQ2,1,9,219,70
9,EEFG4H,1,9,348,97
10,EEFG8HH,2,9,331,92
9,AUFC4TA,5,9,232,79
9,AUFC4TA,5,9,232,70
12,EEF44UCC,2,9,347,71
10,HUF44QG,5,9,325,75
11,EEFGGUQV,5,9,335,83
11,HUF44QG,5,9,325,75
10,MKFC4TC,5,9,108,85
11,EEFGGUTJ,3,9,B6,75
11,EEF88QG,12,9,350,71
10,EEFGGQF,4,9,334B,83
9,MEF44QF,2,9,223,65
9,SLF44H,10,9,338,91
11,MRF44,25,9,107,79
11,PPF44Q2G,12,9,GYM2,65
11,UAF88Q3,7,9,227,82
9,EEFG4,1,9,348,65
11,EEFGGQQF,2,9,249,76
10,SCF84QTF,7,9,115,65
9,SHF82H,4,9,231,98
9,HGF87HQD,6,9,316,99
9,EEFG4H,4,9,126,92
11,MRF44,25,9,107,87
10,SCF84QGF,6,9,139,67
11,SDF84UVT,3,9,332,75
9,SCF84QGF,7,9,115,65
9,SHFC2TM,4,9,248,80
11,EEF44UCC,2,9,347,89
12,EEF44UCC,2,9,347,78
11,EEFGGUTJ,3,9,B6,75
10,MKFC4TC,5,9,108,82
12,SDF84UVT,3,9,332,100
9,AWF84H,4,9,222,91
10,PPF44Q3B,15,9,GYM3,90
10,UAF44Q2,7,9,227,65
9,HGF87QQD,6,9,316,75
11,MQF44QWF,2,9,221,77
12,MRF44,23,9,208,65
11,SCF44,12,9,138,65
9,PPF44Q3B,15,9,GYM3,65
11,EEFGGUQV,5,9,335,90
11,MQF44QWF,2,9,221,65
12,FJFC4H,2,9,124,99
11,SPF44H,7,9,229,93
9,FJFC4,2,9,124,66
10,AQF44UVT,2,9,206,97
12,EEFGGUGJ,3,9,B6,95
11,EEFGGQGC,3,9,250,85
11,HQFC8UHT,2,9,323,93
9,HGF87QQD,6,9,316,77
9,EEFG4,4,9,126,85
10,FMFC8H,4,9,116,100
9,SHFC2TM,4,9,248,100
9,HGF88QGD,7,9,311,75
9,SHF82,4,9,231,87
9,PPF44Q2B,16,9,GYM3,90
9,PPF44Q3B,16,9,GYM3,95
10,HFF44HQB,3,9,333,95
11,PWF44QQL,1,9,POOL,100
11,HQFC8UHT,2,9,323,91
11,MRF44HT,12,9,205,93
9,FJFC4,2,9,124,79
11,EEFGGUWF,2,9,330,85
11,HUF44,3,9,315,68
10,MRF44H,23,9,208,95
10,FMFC8H,4,9,116,99
9,MRF44H,24,9,105,95
11,MRF44QT,12,9,205,78
11,MRF44,22,9,211,65
11,MRF44,22,9,211,82
9,HGF87HQD,10,9,326,97
10,MKFC4TC,5,9,108,68
11,MRF44,22,9,211,72
12,MEF88QQ3,1,9,219,65
11,EEFGGUGJ,3,9,B6,96
9,MEF44QG,7,9,203,85
10,FSFC4,5,9,123,65
10,HFF44HQB,3,9,333,95
9,HFF44QQB,3,9,333,70
9,FSFC4,5,9,123,75
9,ULFC4TP,5,9,B39,65
9,HGF87QQD,10,9,326,65
11,PPF44Q3B,15,9,GYM3,90
11,UAF88H2,7,9,227,96
10,BCF44T,37,9,204,85
10,PPF44Q2B,15,9,GYM3,90
9,BCF44T,27,9,204,65
9,SLF88QQ3,3,9,146,88
10,HFF44QQB,3,9,333,85
11,PGF44Q2C,8,9,GYM1,100
11,PGF44Q3C,8,9,GYM1,100
11,HQFC8UHT,2,9,323,93
10,HUF44QG,5,9,325,75
9,HGFCCQQ3,3,9,121,86
9,SLF88QQ2,3,9,146,80
12,HQFC8UHT,2,9,323,96
9,FSFC8,12,9,113,80
11,FSF44UQX,3,9,149,70
10,EEFCBQQD,1,9,346,66
11,EEF44UCC,2,9,347,78
9,FFFC4,1,9,111,87
11,EEFGGUGJ,3,9,B6,77
9,FFFC4,1,9,111,70
12,HGFCCHQ2,3,9,121,92
12,EEFGGUWF,2,9,330,85
12,PPF44Q2G,12,9,GYM2,100
12,PPF44Q3G,12,9,GYM2,100
10,BCF44T,27,9,204,65
10,EEFG8QH,2,9,331,86
10,FSFC8,11,9,122,79
10,EEF88QG,12,9,350,65
9,HGF88QGD,7,9,311,75
9,HGF87QQD,6,9,316,65
10,MRF44H,23,9,208,90
9,PHF44Q2,8,9,B17,65
9,PPF44Q3B,16,9,GYM3,95
9,MEF44QG,7,9,203,88
10,FSFC8,12,9,113,88
9,SDF44QTE,4,9,341,65
11,MRF44,23,9,208,80
9,PPF44Q2G,12,9,GYM2,100
9,SLF88QQ3,3,9,146,86
11,MRF44,22,9,211,77
11,SDF84UVT,3,9,332,100
9,HGF87QWD,20,9,307,65
12,MKF44,5,9,106,85
9,HGF87QTD,4,9,313,69
9,FSFC4H,5,9,123,100
12,HGFCCQQ3,3,9,121,85
12,MEF88QQ2,1,9,219,75
12,HGFCCHQ2,3,9,121,90
12,MEF88QQ3,1,9,219,70
9,EEFG4QG,2,9,336,80
10,MRF44QT,11,9,207,65
11,UAF88Q3,7,9,227,86
12,HQFC8UHT,2,9,323,89
9,HGF88QTD,7,9,311,78
11,FSF44UQX,3,9,149,80
11,EEFGGUGJ,3,9,B6,92
11,FSF44UQX,3,9,149,75
9,HGF87HQD,6,9,316,94
9,EEFG4QH,1,9,349,81
9,EEFG4QG,2,9,336,86
12,FSF44UQX,3,9,149,80
9,HGFCCHQ3,3,9,121,92
9,UAF44Q2,7,9,227,83
9,SHF82,4,9,231,85
9,PHF44Q2,8,9,B17,65
9,PPF44Q3B,16,9,GYM3,95
9,PHF44Q2,8,9,B17,85
9,PPF44Q3G,13,9,GYM2,100
10,FMFC8H,4,9,116,99
11,EEFGGHGC,3,9,250,95
11,MRF44H,22,9,211,97
9,SHFC2TM,4,9,248,100
11,PPF44Q2G,12,9,GYM2,100
11,PPF44Q3G,13,9,GYM2,98
9,HGF88QTD,7,9,311,83
9,MKF44H,5,9,106,95
9,SHFC2TM,4,9,248,80
9,HGF87HQD,10,9,326,92
10,HUF44QG,5,9,325,75
11,FSF44UQX,3,9,149,65
9,PPF44Q2B,15,9,GYM3,90
9,PPF44Q3B,15,9,GYM3,80
9,SLF44,10,9,338,80
11,FSF44UQX,3,9,149,83
11,FSF44UQX,3,9,149,65
9,HGF87QQD,6,9,316,83
9,FSFC4H,5,9,123,90
10,MRF44,25,9,107,88
9,HGF87QWD,20,9,307,70
9,EEFG4,1,9,348,65
10,EEFG8HH,2,9,331,92
10,HGF88QF,2,9,334A,65
9,EEFG4H,4,9,126,95
11,EEFCBHQD,1,9,346,92
9,PHF44Q2,8,9,B17,75
9,PPF44Q3G,12,9,GYM2,85
11,EEFGGUQV,5,9,335,94
9,HFF44QQB,3,9,333,85
12,PGF44Q3C,8,9,GYM1,100
9,MEF44QF,2,9,223,68
10,EEF88QG,12,9,350,86
9,HGF88HQD,5,9,314,91
11,MRF44QG,12,9,205,85
9,EEFG4QT,2,9,336,83
10,PPF44Q2B,16,9,GYM3,100
10,UAF44Q3,7,9,227,85
11,FSF44UQX,3,9,149,100
10,PPF44Q2B,16,9,GYM3,100
10,PPF44Q3B,15,9,GYM3,90
9,MEF44QG,7,9,203,76
10,SCF44,11,9,141,79
9,HGF88XHD,2,9,321,91
9,FSFC8,11,9,122,86
9,EEFG4QG,2,9,336,80
10,BCF44T,27,9,204,80
10,PPF44Q3B,15,9,GYM3,90
11,PPF44Q3B,16,9,GYM3,90
11,UAF88Q2,7,9,227,86
11,PGF44Q2C,8,9,GYM1,65
11,PGF44Q3C,8,9,GYM1,65
10,FSFC8,11,9,122,85
9,FSFC4,5,9,123,88
12,EEFGGQQF,2,9,249,88
9,EEFG4QH,1,9,349,65
9,HGF88HGD,7,9,311,90
11,MRF44,24,9,105,65
11,EEFGGUQV,5,9,335,65
9,PPF44Q2B,17,9,GYM3,90
9,PPF44Q3B,16,9,GYM3,90
10,MRF44QT,12,9,205,70
10,MRF44H,23,9,208,90
10,EEFGGQQF,2,9,249,75
11,EEF88HG,12,9,350,91
9,HGFCCQQ3,3,9,121,70
9,MEF88QQ2,1,9,219,65
9,AWF84,4,9,222,88
10,ULFC4TP,5,9,B39,65
9,PPF44Q2G,12,9,GYM2,95
9,PPF44Q3G,12,9,GYM2,95
9,EEFG4QH,1,9,349,85
11,MRF44,23,9,208,65
10,SCF44,12,9,138,80
10,HUF44,3,9,315,86
10,PPF44Q3G,12,9,GYM2,100
10,UAF44Q2,7,9,227,78
10,FSFC8,12,9,113,80
9,EEFG4,1,9,348,70
12,SPF44,7,9,229,82
12,FQF44QQY,9,9,216,75
9,MEF44QT,7,9,203,70
10,SCF84QGF,7,9,115,65
12,FQF44QQY,9,9,216,100
9,HGFCCQQ3,3,9,121,75
9,PGF44Q2C,8,9,GYM1,68
9,PPF44Q2B,17,9,GYM3,95
9,PPF44Q3B,15,9,GYM3,90
11,SDF84UVT,3,9,332,65
11,MRF44H,25,9,107,95
9,FSFC4,5,9,123,80
12,FSF44UQX,3,9,149,100
11,SCF84QTF,6,9,139,85
9,HGF87HGD,4,9,313,92
9,SLF44H,9,9,226,97
11,MRF44H,25,9,107,91
9,EEFG4H,4,9,126,95
9,PHF44Q3,8,9,B17,88
9,PPF44Q2B,16,9,GYM3,99
9,SCF84QGF,6,9,139,66
9,SLF44,9,9,226,77
11,SPF44,7,9,229,86
11,MGF88QQ2,4,9,228,69
11,PPF44Q3B,17,9,GYM3,98
9,HGF88QTD,7,9,311,77
9,FJFC4,2,9,124,88
9,HGF87QTD,4,9,313,70
9,HGF88QQD,5,9,314,88
12,EEFGGHQF,2,9,249,92
12,PWF44QQL,1,9,POOL,90
11,FSF44UQX,3,9,149,80
11,SPF44,7,9,229,89
9,HGF88XHD,2,9,321,86
10,EEFG8HH,2,9,331,96
10,AUFC4TA,5,9,232,100
11,FKFCCH,20,9,114,99
9,HGF88QGD,7,9,311,85
10,HGF88QF,2,9,334A,73
9,FSFC4,5,9,123,82
11,EEFGGQF,4,9,334B,65
9,EEFG4QT,2,9,336,85
9,HGFCCHQ3,3,9,121,90
9,SLF88HQ2,3,9,146,91
11,PPF44Q2G,13,9,GYM2,70
11,UAF88Q3,7,9,227,69
11,MKFC4TC,5,9,108,90
10,HUF44,3,9,315,80
11,PPF44Q3B,17,9,GYM3,98
11,UAF88Q2,7,9,227,89
10,MKFC4TC,5,9,108,76
10,EEFG8QH,2,9,331,75
10,HUF44UQX,5,9,213,88
10,AUFC4TA,5,9,232,100
9,HGF88QGD,7,9,311,85
11,EEFGGHQF,2,9,249,93
9,EEF88QT,12,9,350,65
12,MKF44H,5,9,106,95
11,SPF44H,7,9,229,96
9,MEF44HG,8,9,104,93
9,PPF44Q2G,12,9,GYM2,95
9,PPF44Q3G,12,9,GYM2,100
12,PGF44Q2C,8,9,GYM1,100
12,PGF44Q3C,8,9,GYM1,93
9,EEFGGQF,4,9,334B,88
9,HGF88XHD,2,9,321,92
9,SCF84QGF,6,9,139,87
11,EEF44UCC,2,9,347,90
10,EEFGGQQF,2,9,249,85
9,SHF82H,4,9,231,90
9,HGF87HQD,6,9,316,94
10,EEFCBQQD,1,9,346,66
10,SCF84QGF,7,9,115,65
9,SDF44QWE,4,9,328B,87
10,FSFC8,12,9,113,88
10,SCF84QTF,7,9,115,65
10,FSFC8H,12,9,113,90
9,HGF87HGD,4,9,313,95
9,SHFC2TM,4,9,248,95
11,SCF84HTF,6,9,139,90
9,HGF87QWD,20,9,307,70
9,HGF87QWD,20,9,307,85
10,HGF88QF,2,9,334A,87
10,MRF44,25,9,107,87
10,PPF44Q2B,15,9,GYM3,80
10,UAF44Q3,7,9,227,87
10,BCF44T,37,9,204,100
10,PPF44Q2G,13,9,GYM2,95
9,HGF88XHD,2,9,321,94
11,PGF44Q2C,8,9,GYM1,82
11,PPF44Q3B,16,9,GYM3,90
9,EEFG4QH,1,9,349,80
11,MQF44QWF,2,9,221,88
9,PHF44Q2,8,9,B17,65
9,PPF44Q3G,12,9,GYM2,90
10,AQF44UVT,2,9,206,98
9,PPF44Q2B,17,9,GYM3,98
9,PPF44Q3B,15,9,GYM3,90
12,EEFGGUQV,5,9,335,100
9,MQF44QWF,2,9,221,87
9,MEF44QG,7,9,203,85
9,EEF88QW,4,9,246,67
9,PPF44Q2B,16,9,GYM3,95
9,PPF44Q3B,15,9,GYM3,65
10,BCF44T,37,9,204,95
10,PPF44Q2B,17,9,GYM3,95
9,FJFC4,2,9,124,89
10,AQF44UVT,2,9,206,94
10,MRF44QG,11,9,207,74
10,HGF88QF,2,9,334A,76
12,FKFCCH,20,9,114,100
10,HFF44HQB,3,9,333,92
12,PQF44Q2Y,9,9,251,100
12,PQF44Q3Y,9,9,251,100
9,PHF44Q2,8,9,B17,80
9,PPF44Q3B,15,9,GYM3,90
11,PGF44Q2C,8,9,GYM1,100
11,PGF44Q3C,8,9,GYM1,100
9,EEFG4H,4,9,126,94
9,MRF44QG,12,9,205,86
10,HUF44UQX,5,9,213,95
9,AWF84,4,9,222,77
10,SCF84QGF,6,9,139,72
9,PHF44Q3,8,9,B17,65
12,PPF44Q2B,15,9,GYM3,90
12,PPF44Q3B,15,9,GYM3,90
10,PGF44Q2C,8,9,GYM1,75
10,PGF44Q3C,8,9,GYM1,85
10,HFF44HQB,3,9,333,95
10,MKFC4TC,5,9,108,80
10,EEF88QG,12,9,350,85
10,EEF88QW,4,9,246,68
11,SPF44H,7,9,229,95
10,HFF44UQX,3,9,324,89
11,EEF44UCC,2,9,347,88
11,SPF44H,7,9,229,96
9,PHF44H2,8,9,B17,100
9,PPF44Q3G,12,9,GYM2,95
10,MRF44QG,11,9,207,88
12,FSF44UQX,3,9,149,96
9,PPF44Q2G,12,9,GYM2,100
9,PPF44Q3G,12,9,GYM2,100
9,PPF44Q2B,17,9,GYM3,98
9,PPF44Q3B,15,9,GYM3,90
9,AWF84H,4,9,222,91
10,FMFC8,4,9,116,89
10,HGF88QF,2,9,334A,65
9,EEFGGQF,4,9,334B,85
12,BCF44T,27,9,204,90
10,AQF44UVT,2,9,206,93
11,EEF44UCC,2,9,347,96
11,SQF44QQY,9,9,233,100
9,FFFC4,70,9,111,65
11,MRF44QG,11,9,207,80
9,SCF84QGF,6,9,139,69
11,ULFC4TP,5,9,B39,86
10,HGFCCHQ2,3,9,121,90
10,SLF88QQ3,3,9,146,70
9,HGF87QGD,4,9,313,71
9,AWF84,4,9,222,82
12,MEF88QQ3,1,9,219,65
11,EEF44UCC,2,9,347,76
9,MEF44QG,8,9,104,82
9,HGF88XHD,2,9,321,97
11,MRF44H,22,9,211,96
11,EEFGGQF,4,9,334B,65
9,EEFG4HH,1,9,349,90
12,UQF44QQY,9,9,216,90
9,HGFCCQQ2,3,9,121,70
9,MRF44QG,12,9,205,69
11,EEFGGQQF,2,9,249,77
9,EEFG4H,1,9,348,90
11,EEFGGHGC,3,9,250,96
11,EEFGGHQF,2,9,249,91
12,SPF44H,7,9,229,91
11,MGF88QQ2,4,9,228,65
11,PPF44Q3B,17,9,GYM3,90
9,PPF44Q2B,15,9,GYM3,90
9,PPF44Q3B,16,9,GYM3,90
11,HQFC8UHT,2,9,323,91
10,HFF44UQX,3,9,324,94
9,SHFC2TM,4,9,248,75
10,HFF44QQB,3,9,333,80
11,EEFGGUQV,5,9,335,80
9,HGF87QQD,6,9,316,67
12,MEF88QQ3,1,9,219,75
10,MRF44H,23,9,208,90
9,PHF44H3,8,9,B17,92
9,PPF44Q2B,17,9,GYM3,98
9,HGF87HQD,6,9,316,99
9,HGFCCQQ2,3,9,121,65
9,UAF44Q3,7,9,227,65
12,SDF84UVT,3,9,332,95
12,SPF44H,7,9,229,93
10,HUF44UQX,5,9,213,77
9,SHF82H,4,9,231,100
9,AWF84H,4,9,222,91
10,EEFGGUWF,2,9,330,85
9,FJFC4,2,9,124,81
9,HUF44H,3,9,315,90
11,ULFC4TP,5,9,B39,65
10,PPF44Q3B,16,9,GYM3,90
10,SLF88QQ2,3,9,146,77
10,HGF88HF,2,9,334A,94
10,MKFC4TC,5,9,108,88
9,MKF44,5,9,106,85
11,SDF44HGE,4,9,341,94
10,AUFC4TA,5,9,232,100
10,PPF44Q2B,17,9,GYM3,90
10,UAF44Q3,7,9,227,75
11,EEF44UCC,2,9,347,90
9,SLF44H,10,9,338,92
11,EEFGGQTC,3,9,250,85
9,MRF44H,22,9,211,94
11,EEFGGQTC,3,9,250,83
9,SLF44HG,6,9,238,90
10,SCF44H,11,9,141,94
9,SLF44,10,9,338,88
11,ULFC4TP,5,9,B39,81
9,EEF88QT,12,9,350,65
9,EEFGGQF,4,9,334B,65
10,HUF44QT,5,9,325,66
11,EEFGGUQV,5,9,335,87
10,SCF84QGF,6,9,139,83
9,FSFC4,5,9,123,78
11,PPF44Q2B,16,9,GYM3,80
11,UAF88H3,7,9,227,93
9,PPF44Q2B,15,9,GYM3,90
9,PPF44Q3B,16,9,GYM3,100
9,EEFG4QH,1,9,349,88
9,SLF44QG,6,9,238,80
9,MEF44QF,2,9,223,65
10,HFF44UQX,3,9,324,90
9,MRF44,24,9,105,80
11,MRF44QG,12,9,205,80
11,PPF44Q2B,17,9,GYM3,65
12,BCF44T,37,9,204,100
12,PGF44Q2C,8,9,GYM1,85
11,PPF44Q3B,17,9,GYM3,98
11,UAF88H2,7,9,227,92
9,PHF44Q3,8,9,B17,80
9,PPF44Q2B,16,9,GYM3,95
11,MQF44QWF,2,9,221,84
12,PQF44Q2Y,9,9,251,100
12,PQF44Q3Y,9,9,251,100
11,SHF82H,4,9,231,94
9,MEF44QG,8,9,104,68
11,MRF44,22,9,211,73
10,SCF84QTF,6,9,139,82
12,PPF44Q3G,13,9,GYM2,98
12,SLF88HQ2,3,9,146,91
9,HGF88HQD,5,9,314,90
10,FMFC8H,4,9,116,98
9,EEFG4,4,9,126,80
9,SLF44,9,9,226,87
11,HQFC8UHT,2,9,323,96
10,FKFC8H,20,9,114,100
10,HUF44,3,9,315,68
12,EEF44UCC,2,9,347,90
9,PPF44Q2B,17,9,GYM3,98
9,PPF44Q3B,17,9,GYM3,98
9,SLF44,10,9,338,80
11,SDF84UVT,3,9,332,89
9,PPF44Q2B,16,9,GYM3,100
9,UAF44Q3,7,9,227,89
9,EEFG4QG,2,9,336,88
10,EEFG8QH,2,9,331,79
12,SDF84UVT,3,9,332,65
9,SHF82H,4,9,231,94
10,SCF84QTF,6,9,139,65
9,EEFCBHQD,1,9,346,95
10,HGFCCQQ3,3,9,121,85
10,MEF88QQ2,1,9,219,65
10,HGFCCQQ3,3,9,121,85
10,PPF44Q2B,17,9,GYM3,95
9,EEFG4,1,9,348,72
11,PPF44Q2B,17,9,GYM3,90
11,PPF44Q3B,16,9,GYM3,90
9,HGF88QGD,7,9,311,80
10,HFF44UQX,3,9,324,80
12,SDF84UVT,3,9,332,100
9,HGF87HQD,10,9,326,99
12,SLF88QQ3,3,9,146,88
12,UAF88Q2,7,9,227,82
10,PPF44Q2G,12,9,GYM2,83
10,PPF44Q3G,13,9,GYM2,83
9,HUF44,3,9,315,74
10,HUF44H,3,9,315,91
12,HQFC8UHT,2,9,323,93
10,EEFG8QH,2,9,331,89
9,HGF87QQD,6,9,316,82
11,PGF44Q2C,8,9,GYM1,88
11,PGF44Q3C,8,9,GYM1,90
11,PGF44Q3C,8,9,GYM1,80
11,UAF88Q2,7,9,227,85
11,EEFGGUGJ,3,9,B6,93
11,EEFGGUQV,5,9,335,81
10,PPF44Q3G,13,9,GYM2,90
10,UAF44Q2,7,9,227,83
11,MRF44,23,9,208,82
11,SCF84QTF,7,9,115,65
10,SCF84QGF,6,9,139,67
9,MEF44QG,7,9,203,70
10,BCF44T,37,9,204,100
10,PPF44Q2B,16,9,GYM3,100
12,SDF84UVT,3,9,332,100
11,SPF44H,7,9,229,91
10,HUF44UQX,5,9,213,91
10,HUF44H,3,9,315,94
9,EEFG4QG,2,9,336,75
9,SLF44HT,6,9,238,91
11,FKFCC,20,9,114,88
10,SCF44H,12,9,138,95
11,PPF44Q3B,17,9,GYM3,65
9,SLF44,9,9,226,71
9,AWF84H,4,9,222,98
11,MGF88QQ2,4,9,228,74
11,UAF88Q3,7,9,227,72
9,HGF87QQD,10,9,326,89
10,PPF44Q3G,13,9,GYM2,95
10,UAF44H2,7,9,227,90
9,SLF44HG,6,9,238,90
10,FKFC8,20,9,114,80
10,EEFG8QH,2,9,331,81
9,PHF44H3,8,9,B17,91
9,PPF44Q2B,16,9,GYM3,100
9,HGF88XHD,2,9,321,94
9,FKFCCH,20,9,114,100
9,MEF44HF,2,9,223,91
10,HUF44UQX,5,9,213,78
11,FKFCCH,20,9,114,100
11,MRF44H,25,9,107,91
11,HUF44,3,9,315,86
10,EEFG8QH,2,9,331,89
11,MRF44,22,9,211,85
11,EEFGGUWF,2,9,330,86
9,HUF44HG,5,9,325,91
12,FJFC4,2,9,124,76
10,HFF44UQX,3,9,324,86
10,HFF44UQX,3,9,324,86
9,PHF44Q3,8,9,B17,65
9,PPF44Q2B,15,9,GYM3,80
10,AQF44UVT,2,9,206,92
9,PPF44Q3B,15,9,GYM3,90
9,UAF44Q2,7,9,227,81
11,MRF44QT,12,9,205,65
10,HGFCCQQ2,3,9,121,70
10,MEF88QQ3,1,9,219,75
9,SHFC2TM,4,9,248,95
10,PPF44Q2G,13,9,GYM2,92
10,PPF44Q3G,12,9,GYM2,100
10,AQF44UVT,2,9,206,91
11,HQFC8UHT,2,9,323,98
11,FSF44UQX,3,9,149,95
9,MEF44QG,8,9,104,85
11,PGF44Q3C,8,9,GYM1,100
11,UAF88H2,7,9,227,96
11,EEFGGUQV,5,9,335,90
10,HFF44UQX,3,9,324,92
11,HQFC8UHT,2,9,323,94
11,AUFC4TA,5,9,232,100
9,HGF87HGD,4,9,313,92
12,BCF44T,27,9,204,100
12,PPF44Q3B,15,9,GYM3,90
9,EEFG4,1,9,348,65
12,SPF44,7,9,229,87
9,EEFCBHQD,1,9,346,91
11,EEFGGUGJ,3,9,B6,82
9,MKF44,5,9,106,86
12,PWF44QQL,1,9,POOL,90
11,PPF44Q2B,15,9,GYM3,90
11,PPF44Q3B,17,9,GYM3,85
12,PPF44Q2B,16,9,GYM3,95
12,PQF44Q3Y,9,9,251,100
9,HGF88QGD,7,9,311,80
10,SCF44,12,9,138,85
9,PPF44Q2G,12,9,GYM2,100
9,PPF44Q3G,13,9,GYM2,78
9,EEFG4QT,2,9,336,84
9,FJFC4,2,9,124,88
9,EEFG4H,4,9,126,96
11,SCF84QGF,7,9,115,80
9,PHF44H2,8,9,B17,95
9,PPF44Q3G,12,9,GYM2,100
9,MKF44H,5,9,106,92
11,PPF44Q3B,17,9,GYM3,85
9,PPF44Q3B,16,9,GYM3,90
9,UAF44Q2,7,9,227,79
9,EEFG4HH,1,9,349,92
11,SDF44QGE,4,9,341,70
9,EEFG4H,4,9,126,96
11,SCF84QGF,6,9,139,82
9,MEF44HG,8,9,104,100
11,HQFC8UHT,2,9,323,88
9,EEFG4HH,1,9,349,90
10,SCF44,11,9,141,65
9,SHF82H,4,9,231,94
10,AQF44UVT,2,9,206,93
9,HGF88XHD,2,9,321,87
11,PPF44Q2B,17,9,GYM3,95
11,UAF88Q3,7,9,227,65
9,SHFC2TM,4,9,248,95
9,EEFG4QH,1,9,349,81
9,EEFGGHF,4,9,334B,92
10,FMFC8H,4,9,116,93
11,MRF44HG,12,9,205,91
12,SDF84UVT,3,9,332,90
9,HGF87HQD,10,9,326,91
9,SHF82H,4,9,231,97
11,ULFC4TP,5,9,B39,73
10,EEFG8HH,2,9,331,96
9,SLF44HG,6,9,238,93
10,HUF44,3,9,315,83
11,EEFGGUTJ,3,9,B6,93
9,SLF44H,10,9,338,99
11,FKFCC,20,9,114,65
12,BCF44T,27,9,204,100
12,PPF44Q3B,15,9,GYM3,90
10,MRF44QG,11,9,207,84
9,PPF44Q2B,16,9,GYM3,100
9,PPF44Q3B,16,9,GYM3,100
12,PWF44QQL,1,9,POOL,90
10,MRF44H,25,9,107,96
9,MEF44QG,8,9,104,85
11,FKFC8,20,9,114,80
9,SLF44HG,6,9,238,97
11,PPF44Q2B,17,9,GYM3,98
11,UAF88H3,7,9,227,98
9,SLF44H,10,9,338,95
9,SLF44H,9,9,226,97
11,HUF44UQX,5,9,213,83
9,HUF44QT,5,9,325,78
10,MKF44,5,9,106,65
11,MRF44QG,11,9,207,65
11,EEFGGUGJ,3,9,B6,91
9,MKF44,5,9,106,65
12,PWF44QQL,1,9,POOL,90
9,HGF88HQD,5,9,314,91
9,HGF88QQD,5,9,314,85
9,SCF44,12,9,138,78
10,PPF44Q2B,15,9,GYM3,80
10,UAF44Q3,7,9,227,65
9,EEFG4,4,9,126,65
10,PPF44Q3B,17,9,GYM3,80
10,UAF44Q2,7,9,227,86
9,SLF44,9,9,226,70
11,HGFCCQQ3,3,9,121,85
11,SLF88QQ2,3,9,146,75
11,SDF84UVT,3,9,332,100
10,EEFCBQQD,1,9,346,66
11,PPF44Q2G,13,9,GYM2,100
11,UAF88Q3,7,9,227,89
11,SCF84QTF,6,9,139,74
11,HFF44QQB,3,9,333,66
10,MRF44H,22,9,211,96
10,SCF44H,12,9,138,92
11,PPF44Q2G,12,9,GYM2,65
11,PPF44Q3G,12,9,GYM2,65
9,EEFGGQF,4,9,334B,86
11,EEFGGUGJ,3,9,B6,91
11,EEF88QG,12,9,350,66
9,FMFC8H,4,9,116,96
9,PHF44Q3,8,9,B17,84
9,PPF44Q2B,17,9,GYM3,96
9,MEF44QG,8,9,104,80
9,EEFG4QH,1,9,349,84
9,MEF44QF,2,9,223,73
9,AWF84H,4,9,222,97
11,PPF44Q2G,12,9,GYM2,90
11,PPF44Q3G,12,9,GYM2,90
9,MEF44QF,2,9,223,67
10,HUF44UQX,5,9,213,95
10,HGF88QF,2,9,334A,86
9,MEF44QF,2,9,223,65
10,HGFCCQQ3,3,9,121,85
10,SLF88QQ2,3,9,146,70
12,EEF44UCC,2,9,347,65
10,AQF44UVT,2,9,206,88
10,HGF88HF,2,9,334A,97
11,SDF84UVT,3,9,332,100
9,HGF87HGD,4,9,313,92
10,EEF88QW,4,9,246,84
10,HGF88QF,2,9,334A,88
9,FJFC4H,2,9,124,91
10,HFF44UQX,3,9,324,85
10,FMFC8H,4,9,116,99
12,SDF44HGE,4,9,341,91
9,EEFG4HH,1,9,349,93
9,EEFG4QH,1,9,349,88
9,AWF84H,4,9,222,96
11,FKFCCH,20,9,114,100
11,EEFGGQQF,2,9,249,88
11,PWF44QQL,1,9,POOL,70
11,EEFGGUTJ,3,9,B6,90
11,EEFGGHQF,2,9,249,93
9,HGF87QQD,10,9,326,83
9,PHF44H3,8,9,B17,98
9,PPF44Q2G,13,9,GYM2,100
12,PGF44Q2C,8,9,GYM1,98
12,PGF44Q3C,8,9,GYM1,85
10,EEFG8HH,2,9,331,95
10,HGF88QF,2,9,334A,85
11,SCF84QGF,7,9,115,65
11,SPF44H,7,9,229,90
10,HUF44UQX,5,9,213,85
10,AQF44UVT,2,9,206,98
9,MEF44HG,8,9,104,100
10,MKF44,5,9,106,88
10,MRF44,24,9,105,70
10,HUF44UQX,5,9,213,80
9,MEF44QG,7,9,203,70
9,SLF44H,9,9,226,95
10,EEF88QW,4,9,246,85
12,EEFGGQFT,4,9,334B,65
9,HGF88XHD,2,9,321,90
11,MRF44H,25,9,107,94
10,FMFC8H,4,9,116,95
10,HFF44UQX,3,9,324,95
9,HGF87HQD,10,9,326,97
12,PPF44Q2G,13,9,GYM2,98
12,PPF44Q3G,12,9,GYM2,95
10,FMFC8H,4,9,116,96
11,EEFGGUGJ,3,9,B6,86
10,HUF44UQX,5,9,213,79
9,PGF44Q2C,8,9,GYM1,100
9,SLF88QQ3,3,9,146,85
12,BCF44T,37,9,204,100
12,PPF44Q2B,17,9,GYM3,80
9,SLF44HG,6,9,238,96
9,EEFGGQFT,4,9,334B,68
12,BCF44T,37,9,204,65
10,EEFG8HH,2,9,331,90
12,BCF44T,37,9,204,70
12,PPF44Q2B,17,9,GYM3,65
9,PHF44H2,8,9,B17,100
9,PPF44Q3G,13,9,GYM2,92
10,FMFC8,4,9,116,65
12,EEF44UCC,2,9,347,77
11,PGF44Q2C,8,9,GYM1,90
11,PGF44Q3C,8,9,GYM1,93
11,PPF44Q2B,16,9,GYM3,100
11,UAF88H3,7,9,227,94
12,BCF44T,27,9,204,100
12,PPF44Q3G,13,9,GYM2,77
9,EEFG4,1,9,348,82
11,EEFCBHQD,1,9,346,92
9,HGF87HGD,4,9,313,96
11,MRF44,24,9,105,85
10,HFF44UQX,3,9,324,92
11,PPF44Q3B,16,9,GYM3,100
11,UAF88H2,7,9,227,97
10,FMFC8H,4,9,116,99
9,MEF44QF,2,9,223,65
9,PPF44Q2G,13,9,GYM2,100
9,PPF44Q3G,13,9,GYM2,98
10,SCF84QGF,7,9,115,78
11,EEFGGQQF,2,9,249,88
12,SDF44QGE,4,9,341,65
10,EEFGGQF,4,9,334B,73
9,MKF44H,5,9,106,95
9,HUF44,3,9,315,85
10,SCF84HTF,7,9,115,92
9,EEFG4QT,2,9,336,87
11,MKFC4TC,5,9,108,86
9,MKF44H,5,9,106,91
10,HFF44QQB,3,9,333,65
10,SCF44,12,9,138,82
12,MQF44QQY,9,9,204A,100
9,HGF87QWD,20,9,307,70
11,MRF44H,23,9,208,96
10,FMFC8H,4,9,116,92
12,BCF44T,27,9,204,100
11,AQF44UVT,2,9,206,85
9,SCF44,12,9,138,82
10,HFF44UQX,3,9,324,92
10,MRF44HG,12,9,205,91
11,PPF44Q2B,15,9,GYM3,90
11,PPF44Q3B,16,9,GYM3,100
10,HGF88QF,2,9,334A,87
9,SHFC2TM,4,9,248,85
9,HGF88XHD,2,9,321,74
10,PPF44Q3B,15,9,GYM3,90
10,UAF44Q2,7,9,227,89
11,MGF88QQ2,4,9,228,65
11,UAF88Q3,7,9,227,65
10,MEF88QQ3,1,9,219,65
10,SLF88QQ2,3,9,146,70
11,SCF44,11,9,141,66
11,FSFC8,12,9,113,70
9,HGF88QQD,5,9,314,87
12,EEFGGUQV,5,9,335,88
9,HGF88QQD,5,9,314,79
9,HGF87QQD,10,9,326,68
12,PPF44Q2G,12,9,GYM2,85
9,HGF88XHD,2,9,321,94
9,EEFG4,4,9,126,70
10,SCF44,11,9,141,78
11,MRF44H,23,9,208,91
11,SCF44,12,9,138,81
10,FSFC8,12,9,113,65
12,PPF44Q3B,15,9,GYM3,90
12,UAF88Q2,7,9,227,84
10,PPF44Q3G,12,9,GYM2,100
10,UAF44Q2,7,9,227,79
10,SCF44,12,9,138,65
11,EEFGGUGJ,3,9,B6,93
12,SDF84UVT,3,9,332,100
9,MEF44HG,8,9,104,98
10,HGF88QF,2,9,334A,81
10,EEF88QW,4,9,246,85
9,EEFG4HH,1,9,349,90
10,PPF44Q2B,16,9,GYM3,80
10,PPF44Q3B,17,9,GYM3,65
11,FKFCC,20,9,114,70
9,AWF84,4,9,222,77
10,PPF44Q2B,15,9,GYM3,90
10,UAF44Q3,7,9,227,71
10,MRF44QT,11,9,207,70
10,MRF44H,23,9,208,100
10,MRF44HG,11,9,207,99
11,HGFCCQQ2,3,9,121,70
11,SLF88QQ3,3,9,146,87
9,EEFG4,1,9,348,85
9,AUFC4TA,5,9,232,91
9,FSFC4,5,9,123,70
9,HGF87HGD,4,9,313,100
11,AUFC4TA,5,9,232,77
11,MRF44,25,9,107,82
10,SCF84QGF,7,9,115,68
12,PGF44Q2C,8,9,GYM1,87
12,PGF44Q3C,8,9,GYM1,82
9,EEFG4H,4,9,126,92
9,EEFG4,1,9,348,79
11,EEFGGUWF,2,9,330,65
9,HGF87HQD,6,9,316,94
10,HUF44UQX,5,9,213,78
10,AUFC4TA,5,9,232,100
11,MKFC4TC,5,9,108,80
9,SLF44HT,6,9,238,92
11,EEFGGUTJ,3,9,B6,69
9,PHF44Q2,8,9,B17,70
9,PPF44Q3B,17,9,GYM3,95
10,HUF44UQX,5,9,213,89
9,HGF88QGD,7,9,311,85
9,EEFG4QT,2,9,336,65
9,SHFC2TM,4,9,248,80
9,PHF44H2,8,9,B17,100
9,PPF44Q3G,13,9,GYM2,100
9,SHF82,4,9,231,83
12,EEF44UCC,2,9,347,77
10,MKFC4TC,5,9,108,65
9,HGF88XHD,2,9,321,98
9,HGF87QTD,4,9,313,66
10,PPF44Q3B,15,9,GYM3,65
9,HGF88XHD,2,9,321,84
11,EEFGGQQF,2,9,249,70
11,MKFC4TC,5,9,108,65
11,UAF88Q3,7,9,227,71
11,EEFGGUQV,5,9,335,93
10,MKFC4TC,5,9,108,72
10,MRF44H,25,9,107,95
12,MEF88QQ2,1,9,219,80
12,PPF44Q3B,17,9,GYM3,90
9,EEFG4H,4,9,126,90
10,FSFC8,11,9,122,69
9,AWF84,4,9,222,80
9,FSFC8,11,9,122,65
9,SHF82,4,9,231,88
9,FFFC4,1,9,111,80
10,HGFCCQQ2,3,9,121,70
10,SLF88QQ3,3,9,146,66
11,PGF44Q3C,8,9,GYM1,100
11,UAF88H2,7,9,227,90
9,HGF87HGD,4,9,313,94
9,SLF44,10,9,338,86
9,SLF44QT,6,9,238,74
9,HGF88QQD,5,9,314,70
11,PGF44Q3C,8,9,GYM1,90
10,FSFC8H,11,9,122,97
9,SHF82H,4,9,231,91
9,HGF88XHD,2,9,321,94
11,MRF44,24,9,105,70
11,MEF88QQ2,1,9,219,65
11,PPF44Q3G,12,9,GYM2,95
9,PHF44Q2,8,9,B17,70
9,PPF44Q3B,15,9,GYM3,90
10,SCF44,12,9,138,77
9,SHF82H,4,9,231,90
9,EEFG4,1,9,348,80
11,PWF44QQL,1,9,POOL,100
9,HGF88QGD,7,9,311,85
9,SLF44HG,6,9,238,91
11,AUFC4TA,5,9,232,76
10,SDF84UVT,3,9,332,65
9,FJFC4,2,9,124,87
9,HGF87QWD,20,9,307,65
11,MRF44,24,9,105,70
11,EEF44UCC,2,9,347,73
10,FFFC4,1,9,111,65
9,SHFC2TM,4,9,248,70
9,HGF87QQD,10,9,326,70
12,EEFGGUTJ,3,9,B6,96
9,HGFCCHQ3,3,9,121,92
9,PPF44Q2G,13,9,GYM2,90
10,HFF44QQB,3,9,333,85
9,SHFC2TM,4,9,248,95
10,HGFCCQQ3,3,9,121,75
10,SLF88QQ2,3,9,146,75
12,EEFGGUGJ,3,9,B6,85
10,EEFG8QH,2,9,331,69
12,EEFGGHGC,3,9,250,94
12,EEFGGQGC,3,9,250,84
10,MRF44H,23,9,208,97
11,MRF44,24,9,105,65
11,ULFC4TP,5,9,B39,74
9,SLF44H,10,9,338,99
11,EEF44UCC,2,9,347,88
9,EEFG4QT,2,9,336,78
9,EEFG4QG,2,9,336,65
11,MGF88QQ2,4,9,228,71
11,PPF44Q3B,16,9,GYM3,90
12,SDF84UVT,3,9,332,100
11,EEF44UCC,2,9,347,95
12,EEFGGHGC,3,9,250,96
9,MEF44QT,8,9,104,76
10,SPF44H,7,9,229,96
9,HGFCCQQ3,3,9,121,75
9,PPF44Q2B,17,9,GYM3,80
11,EEFGGUQV,5,9,335,65
9,MQF44QWF,2,9,221,65
10,PPF44Q2G,13,9,GYM2,65
10,SLF88QQ3,3,9,146,80
12,SCF44H,12,9,138,91
9,MEF44QG,8,9,104,75
11,MQF44QWF,2,9,221,80
9,FSFC4,5,9,123,72
9,HGF87QQD,6,9,316,80
9,HGF88QQD,5,9,314,86
10,FSFC8,12,9,113,88
11,MRF44HG,11,9,207,94
9,EEFG4,4,9,126,80
9,PHF44Q3,8,9,B17,65
9,PPF44Q2B,15,9,GYM3,90
9,SHFC2TM,4,9,248,95
11,MRF44QT,11,9,207,65
11,EEFGGHTC,3,9,250,97
10,HUF44QG,5,9,325,85
9,FFFC4,1,9,111,81
12,SDF84UVT,3,9,332,86
11,FKFCCH,20,9,114,100
11,MRF44,25,9,107,77
10,EEF88QT,12,9,350,65
9,EEFG4,4,9,126,65
12,MEF88QQ3,1,9,219,80
9,SCF44,11,9,141,77
10,AUFC4TA,5,9,232,72
9,SDF44QWE,4,9,328B,70
12,EEF88QT,12,9,350,65
9,HGF88XHD,2,9,321,83
11,EEFGGHTC,3,9,250,97
12,HQFC8UHT,2,9,323,93
11,EEFGGQGC,3,9,250,75
10,PPF44Q2B,16,9,GYM3,100
10,UAF44Q3,7,9,227,65
11,ULFC4TP,5,9,B39,79
11,HQFC8UHT,2,9,323,98
12,FFFC4H,1,9,111,97
9,HGF87HQD,6,9,316,98
11,MRF44QG,12,9,205,65
11,MRF44QG,12,9,205,78
11,FSF44UQX,3,9,149,75
11,EEFGGUTJ,3,9,B6,76
12,BCF44T,27,9,204,96
12,PPF44Q3B,15,9,GYM3,90
9,MEF44QG,7,9,203,73
9,MEF44QF,2,9,223,70
9,HGF87QQD,6,9,316,80
10,BCF44T,37,9,204,76
10,PPF44Q2B,16,9,GYM3,95
10,SCF44,11,9,141,80
11,ULFC4TP,5,9,B39,88
10,HUF44UQX,5,9,213,78
10,EEFGGUQV,5,9,335,73
9,MEF44HT,8,9,104,90
9,SHFC2TM,4,9,248,70
11,PGF44Q2C,8,9,GYM1,87
11,UAF88Q3,7,9,227,68
9,SLF44HG,6,9,238,98
11,BCF44T,27,9,204,100
11,PGF44Q3C,8,9,GYM1,90
10,FKFC8,20,9,114,86
12,AQF44QQY,9,9,216,76
12,SQF44QQY,9,9,233,100
9,SLF44H,9,9,226,91
12,EEF44UCC,2,9,347,80
9,EEFG4HH,1,9,349,93
9,MKFC4TC,5,9,108,85
9,EEFG4HH,1,9,349,91
12,SDF84UVT,3,9,332,100
11,SCF84QTF,7,9,115,68
9,FSFC4,5,9,123,75
9,MEF44QT,7,9,203,88
9,FFFC4H,1,9,111,100
9,HGF87QQD,10,9,326,70
10,HUF44,3,9,315,87
10,MRF44H,22,9,211,92
9,MEF44QG,7,9,203,75
10,FSFC8,11,9,122,65
9,PPF44Q3B,16,9,GYM3,80
9,SLF88QQ2,3,9,146,76
10,EEFG8HH,2,9,331,92
10,EEFCBQQD,1,9,346,66
10,MRF44H,22,9,211,94
11,SCF44,11,9,141,84
9,SLF44H,9,9,226,95
9,SCF84QTF,7,9,115,85
9,MEF44QF,2,9,223,73
11,PGF44Q2C,8,9,GYM1,95
11,UAF88H3,7,9,227,95
10,FKFC8H,20,9,114,97
11,SCF44,11,9,141,70
10,UAF44H2,7,9,227,90
10,UAF44H3,7,9,227,90
11,PPF44Q2B,16,9,GYM3,95
11,PPF44Q3B,17,9,GYM3,85
9,EEFG4QT,2,9,336,82
11,AUFC4TA,5,9,232,100
9,FFFC4,1,9,111,79
11,FSF44UQX,3,9,149,65
9,EEF88QW,4,9,246,65
9,PHF44Q3,8,9,B17,76
9,PPF44Q2G,13,9,GYM2,72
10,SCF84QTF,6,9,139,65
11,EEFGGQQF,2,9,249,65
12,EEF44UCC,2,9,347,95
12,PPF44Q2G,13,9,GYM2,90
12,PPF44Q3G,13,9,GYM2,95
11,PPF44Q2G,12,9,GYM2,85
11,PPF44Q3G,12,9,GYM2,85
9,SHF82,4,9,231,76
10,HUF44,3,9,315,84
11,EEF88QT,12,9,350,82
11,EEFGGQGC,3,9,250,80
9,HGF87QQD,10,9,326,68
9,HGF87QQD,6,9,316,80
11,EEFGGUQV,5,9,335,74
10,PPF44Q2G,13,9,GYM2,80
10,PPF44Q3G,13,9,GYM2,80
9,PPF44Q2B,15,9,GYM3,90
9,PPF44Q3B,15,9,GYM3,90
9,EEFCBQQD,1,9,346,65
10,HFF44UQX,3,9,324,71
9,SHFC2TM,4,9,248,85
9,SLF44,9,9,226,80
11,MGF88QQ2,4,9,228,74
11,PPF44Q3B,17,9,GYM3,65
9,HGF87QQD,6,9,316,70
9,MRF44,24,9,105,75
11,SDF44HGE,4,9,341,90
9,MEF44QF,2,9,223,65
9,MEF44QF,2,9,223,65
12,SDF84UVT,3,9,332,83
11,SDF44QGE,4,9,341,85
10,EEF88HG,12,9,350,90
12,PPF44Q2B,16,9,GYM3,100
12,PPF44Q3B,15,9,GYM3,90
10,PPF44Q2B,15,9,GYM3,90
10,UAF44Q3,7,9,227,73
9,EEFG4QG,2,9,336,85
10,SCF44,11,9,141,65
10,AQF44UVT,2,9,206,78
11,SDF84UVT,3,9,332,86
9,EEFG4H,4,9,126,96
9,EEFCBQQD,1,9,346,70
9,FJFC4,2,9,124,73
11,MEF88QQ3,1,9,219,65
9,HGF88XHD,2,9,321,75
10,PPF44Q3B,15,9,GYM3,90
10,UAF44Q2,7,9,227,80
9,PHF44Q2,8,9,B17,85
9,PPF44Q3B,15,9,GYM3,90
9,SCF84QTF,7,9,115,77
9,PHF44H2,8,9,B17,95
9,PPF44Q3G,12,9,GYM2,100
9,HGF88XHD,2,9,321,95
9,EEFG4,1,9,348,79
9,HGF87HQD,10,9,326,97
9,PHF44H2,8,9,B17,95
9,PPF44Q3G,12,9,GYM2,100
9,SLF44H,10,9,338,93
11,MRF44,22,9,211,82
11,SDF44HGE,4,9,341,98
11,PPF44Q3B,16,9,GYM3,80
10,EEFG8QH,2,9,331,82
10,FSFC8,11,9,122,82
11,MEF88QQ2,1,9,219,65
11,SLF88QQ3,3,9,146,67
10,MRF44,24,9,105,75
10,MRF44QG,12,9,205,65
9,HGF87QQD,10,9,326,88
12,PPF44Q2G,12,9,GYM2,100
12,PPF44Q3G,12,9,GYM2,100
10,MRF44H,23,9,208,97
9,SLF44H,9,9,226,96
10,MKFC4TC,5,9,108,78
9,SLF44,9,9,226,87
10,SCF44,11,9,141,82
10,AQF44UVT,2,9,206,82
10,SCF44,11,9,141,70
9,FFFC4,1,9,111,85
10,SCF44,11,9,141,80
10,HFF44UQX,3,9,324,93
10,MKFC4TC,5,9,108,92
10,FSFC8,12,9,113,73
9,HGFCCQQ3,3,9,121,75
9,PHF44Q2,8,9,B17,75
9,EEFG4H,1,9,348,92
11,ULFC4TP,5,9,B39,75
9,HGF87QQD,6,9,316,65
9,HGFCCHQ2,3,9,121,92
9,SLF88QQ3,3,9,146,81
11,EEF88QW,4,9,246,86
9,HGF88XHD,2,9,321,67
9,HGF88XHD,2,9,321,97
10,PPF44Q2B,16,9,GYM3,80
10,PPF44Q3B,16,9,GYM3,80
12,MRF44,22,9,211,82
10,FSFC8,12,9,113,80
9,SHFC2TM,4,9,248,65
11,SDF44QWE,4,9,328B,79
11,EEFGGUQV,5,9,335,65
9,EEFGGQF,4,9,334B,65
9,HGF87QTD,4,9,313,80
9,FFFC4,1,9,111,82
12,BCF44T,27,9,204,99
12,PPF44Q3B,15,9,GYM3,90
9,HGF87HQD,6,9,316,90
9,HGF87QQD,10,9,326,65
10,PPF44Q3B,17,9,GYM3,70
9,SLF44HG,6,9,238,90
9,MEF44QG,7,9,203,65
10,MRF44,24,9,105,80
9,HGF88HGD,7,9,311,98
11,EEFCBHQD,1,9,346,94
12,FFFC4,1,9,111,85
10,HGF88QF,2,9,334A,89
10,EEFG8HH,2,9,331,96
10,HUF44UQX,5,9,213,70
10,SDF44QWE,4,9,328B,88
11,PPF44Q2G,13,9,GYM2,98
11,PPF44Q3G,13,9,GYM2,100
10,HUF44QT,5,9,325,75
9,EEFGGQQF,2,9,249,85
10,PPF44Q2G,13,9,GYM2,95
10,UAF44H3,7,9,227,96
11,MQF44QWF,2,9,221,71
10,SCF44H,12,9,138,95
10,BCF44T,27,9,204,97
10,PPF44Q3G,13,9,GYM2,97
9,HGFCCHQ2,3,9,121,90
9,SLF88QQ3,3,9,146,80
11,SCF44,11,9,141,70
10,FSFC8,12,9,113,80
10,EEFG8QH,2,9,331,84
10,EEFG8QH,2,9,331,82
9,FSFC4H,5,9,123,90
12,FSF44UQX,3,9,149,85
10,HFF44QQB,3,9,333,80
9,HGF87QGD,4,9,313,80
9,MEF44HG,8,9,104,95
9,SCF84QGF,7,9,115,75
9,FSFC4H,5,9,123,95
11,EEFGGQTC,3,9,250,75
11,MRF44H,24,9,105,90
11,MRF44,23,9,208,78
11,EEFGGUTJ,3,9,B6,86
11,HQFC8UHT,2,9,323,94
10,SPF44H,7,9,229,96
11,PPF44Q2G,12,9,GYM2,95
11,PPF44Q3G,13,9,GYM2,97
9,SHF82,4,9,231,65
9,SCF44,11,9,141,75
12,SDF84UVT,3,9,332,83
12,MRF44,25,9,107,70
9,MKF44H,5,9,106,96
9,HGFCCQQ3,3,9,121,80
9,SLF88QQ2,3,9,146,85
9,SLF44QT,6,9,238,82
11,MRF44,23,9,208,65
9,FSFC4,5,9,123,75
9,SLF44QT,6,9,238,84
12,FSF44UQX,3,9,149,75
10,FSFC8,12,9,113,85
9,HGF88QTD,7,9,311,86
12,EEFGGQGC,3,9,250,85
10,EEFG8QH,2,9,331,80
9,SLF44H,10,9,338,98
10,SCF44,11,9,141,80
11,SPF44H,7,9,229,93
12,SQF44QQY,9,9,233,100
11,SDF84UVT,3,9,332,100
12,PGF44Q2C,8,9,GYM1,90
12,PGF44Q3C,8,9,GYM1,85
9,SLF44HG,6,9,238,97
12,PWF44QQL,1,9,POOL,100
11,HUF44H,3,9,315,91
9,MEF44QF,2,9,223,66
9,HGF88QQD,5,9,314,78
10,AQF44UVT,2,9,206,96
10,AQF44UVT,2,9,206,99
10,HUF44QT,5,9,325,86
9,HFF44QQB,3,9,333,70
9,EEFG4HH,1,9,349,94
9,HGF88QQD,5,9,314,85
10,SCF84QGF,7,9,115,65
9,EEFG4H,4,9,126,97
10,HGFCCQQ3,3,9,121,80
10,UAF44Q2,7,9,227,65
12,SHFC2TM,4,9,248,100
11,EEFGGUWF,2,9,330,80
11,MRF44QG,12,9,205,78
11,EEFGGQQF,2,9,249,65
10,HFF44UQX,3,9,324,80
11,MRF44,24,9,105,77
10,PPF44Q3B,15,9,GYM3,90
10,UAF44Q2,7,9,227,76
9,FSFC8,11,9,122,81
11,SCF84QGF,7,9,115,70
11,PWF44QQL,1,9,POOL,100
12,FFFC4,1,9,111,72
11,HQFC8UHT,2,9,323,94
10,HFF44HQB,3,9,333,95
12,EEFGGUQV,5,9,335,96
9,FSFC4,5,9,123,85
11,FSF44UQX,3,9,149,80
9,SLF44,10,9,338,85
11,ULFC4TP,5,9,B39,65
9,SCF44,12,9,138,75
11,SPF44H,7,9,229,91
11,PGF44Q3C,8,9,GYM1,65
11,UAF88Q2,7,9,227,69
11,PPF44Q2G,12,9,GYM2,95
11,UAF88H3,7,9,227,93
9,HGF88QTD,7,9,311,77
9,PPF44Q3B,17,9,GYM3,90
9,UAF44Q2,7,9,227,65
9,HGF88QQD,5,9,314,77
9,EEFG4H,4,9,126,96
11,PPF44Q2B,17,9,GYM3,98
11,UAF88H3,7,9,227,90
9,MQF44QWF,2,9,221,87
9,SHFC2TM,4,9,248,100
10,HUF44,3,9,315,70
10,PPF44Q3G,13,9,GYM2,95
10,UAF44H2,7,9,227,92
9,HGF88XHD,2,9,321,94
9,HUF44,3,9,315,83
11,EEFGGQGC,3,9,250,87
9,SLF44QT,6,9,238,86
9,SLF44,9,9,226,82
11,HGFCCQQ2,3,9,121,75
11,SLF88HQ3,3,9,146,90
11,SDF44QTE,4,9,341,65
10,PPF44Q2B,16,9,GYM3,100
10,PPF44Q3B,16,9,GYM3,90
9,EEFG4QH,1,9,349,84
10,ULFC4TP,5,9,B39,85
11,SCF44,11,9,141,65
11,EEF44UCC,2,9,347,97
9,HGF87QWD,20,9,307,80
12,PPF44Q2B,17,9,GYM3,90
12,PPF44Q3B,17,9,GYM3,90
10,AQF44UVT,2,9,206,92
10,PPF44Q2B,16,9,GYM3,100
10,PPF44Q3B,17,9,GYM3,98
10,HFF44HQB,3,9,333,91
10,HFF44HQB,3,9,333,91
9,PPF44Q3G,13,9,GYM2,65
9,SLF88QQ2,3,9,146,80
9,ULFC4TP,5,9,B39,80
11,SDF44QTE,4,9,341,88
9,PHF44Q3,8,9,B17,85
9,PPF44Q2G,12,9,GYM2,95
9,HGF88QTD,7,9,311,74
9,SCF44,11,9,141,70
11,MRF44,22,9,211,85
9,SDF44QWE,4,9,328B,82
9,HGF87QGD,4,9,313,80
10,HFF44UQX,3,9,324,88
10,SHFC2TM,4,9,248,65
10,HFF44QQB,3,9,333,75
10,MRF44QT,11,9,207,65
11,SDF44QTE,4,9,341,78
9,PGF44Q2C,8,9,GYM1,65
9,PGF44Q3C,8,9,GYM1,65
9,HFF44QQB,3,9,333,85
11,MRF44QT,11,9,207,65
10,SCF44,11,9,141,65
9,HGF88QGD,7,9,311,85
9,SHF82,4,9,231,75
9,HGF88QQD,5,9,314,65
10,HUF44HG,5,9,325,92
11,PPF44Q2B,17,9,GYM3,75
11,PPF44Q3B,17,9,GYM3,70
11,PGF44Q2C,8,9,GYM1,100
11,PGF44Q3C,8,9,GYM1,100
9,HGF87HWD,20,9,307,90
10,MRF44QG,11,9,207,81
12,SPF44,7,9,229,89
9,EEFG4QH,1,9,349,83
12,MRF44QG,12,9,205,65
10,SDF44QWE,4,9,328B,81
9,HGFCCQQ2,3,9,121,85
9,SLF88QQ3,3,9,146,75
9,FSFC4H,5,9,123,98
11,UAF88Q2,7,9,227,72
9,SHFC2TM,4,9,248,100
9,PPF44Q3B,16,9,GYM3,100
9,UAF44Q2,7,9,227,80
9,SHFC2TM,4,9,248,90
11,EEFGGUTJ,3,9,B6,94
11,SDF44QTE,4,9,341,85
11,SDF44HWE,4,9,328B,90
9,MQF44QWF,2,9,221,89
11,MRF44HG,12,9,205,90
11,PPF44Q2B,15,9,GYM3,90
11,UAF88H3,7,9,227,92
10,SCF44,11,9,141,72
10,HFF44UQX,3,9,324,84
10,HUF44HT,5,9,325,94
11,FSF44UQX,3,9,149,80
9,PHF44Q3,8,9,B17,65
9,PPF44Q2B,16,9,GYM3,90
11,MRF44QG,11,9,207,65
9,HGF87QQD,10,9,326,83
9,EEFGGQFT,4,9,334B,65
11,PPF44Q3B,15,9,GYM3,80
11,SLF88QQ2,3,9,146,85
9,AUFC4TA,5,9,232,100
10,MRF44,23,9,208,65
10,MGF88QQ2,4,9,228,81
10,UAF44Q3,7,9,227,85
11,MRF44,24,9,105,65
11,ULFC4TP,5,9,B39,90
9,MKF44,5,9,106,65
10,HGFCCHQ2,3,9,121,90
10,UAF44Q3,7,9,227,74
11,HUF44QG,5,9,325,85
9,HGF88QGD,7,9,311,80
9,PHF44Q3,8,9,B17,78
9,PPF44Q2G,13,9,GYM2,95
10,HGF88QF,2,9,334A,65
9,HGF87QQD,6,9,316,87
10,FSFC8,11,9,122,76
11,SLF88QQ3,3,9,146,70
9,HGF88QGD,7,9,311,70
10,FSFC8,11,9,122,85
11,ULFC4TP,5,9,B39,84
10,MRF44QT,12,9,205,65
10,MEF88QQ3,1,9,219,76
10,PPF44Q2G,12,9,GYM2,95
11,HQFC8UHT,2,9,323,91
9,FJFC4,2,9,124,78
9,EEFG4,1,9,348,87
9,SLF44,10,9,338,75
10,SCF44,11,9,141,85
10,HUF44H,3,9,315,90
11,PGF44Q2C,8,9,GYM1,98
11,UAF88H3,7,9,227,96
11,SCF84QTF,7,9,115,69
9,HGF87QQD,10,9,326,71
11,SCF44,12,9,138,65
10,FSFC8,11,9,122,65
11,MRF44QG,11,9,207,65
9,SHFC2TM,4,9,248,80
11,PPF44Q2B,17,9,GYM3,90
11,UAF88H3,7,9,227,91
11,MGF88QQ2,4,9,228,65
11,UQF44Q3Y,9,9,216,89
9,HGF87QQD,6,9,316,75
10,HFF44HQB,3,9,333,92
10,HFF44UQX,3,9,324,85
11,SPF44H,7,9,229,96
9,SHFC2TM,4,9,248,85
9,MEF44QG,7,9,203,65
11,PGF44Q2C,8,9,GYM1,98
11,UAF88H3,7,9,227,92
9,AWF84,4,9,222,83
10,MRF44H,25,9,107,92
9,HGF88QF,2,9,334A,72
11,MGF88QQ2,4,9,228,73
11,PPF44Q3B,17,9,GYM3,95
11,FKFCCH,20,9,114,90
11,SCF84QGF,7,9,115,65
11,FKFCC,20,9,114,75
10,HFF44UQX,3,9,324,94
9,HGF87HGD,4,9,313,97
12,PGF44Q2C,8,9,GYM1,78
12,PPF44Q3B,17,9,GYM3,80
12,HQFC8UHT,2,9,323,79
9,SHFC2TM,4,9,248,70
12,PGF44Q2C,8,9,GYM1,79
11,EEFGGHQF,2,9,249,93
11,FSF44UQX,3,9,149,90
9,PHF44H3,8,9,B17,97
9,PPF44Q2G,13,9,GYM2,95
10,HFF44QQB,3,9,333,65
11,SDF44HGE,4,9,341,90
9,AWF84,4,9,222,89
9,FJFC4H,2,9,124,97
11,HGFCCQQ3,3,9,121,85
11,PGF44Q2C,8,9,GYM1,70
11,EEFGGUQV,5,9,335,97
11,HUF44,3,9,315,66
9,MRF44,25,9,107,75
11,SPF44H,7,9,229,95
12,FKFC8H,20,9,114,100
12,PWF44QQL,1,9,POOL,90
10,BCF44T,37,9,204,70
10,PPF44Q2B,15,9,GYM3,90
12,HQFC8UHT,2,9,323,93
10,FKFC8H,20,9,114,100
9,HGF88XHD,2,9,321,96
10,PPF44Q3B,16,9,GYM3,95
10,UAF44Q2,7,9,227,76
9,PHF44Q3,8,9,B17,80
9,PPF44Q2B,15,9,GYM3,90
12,PGF44Q3C,8,9,GYM1,100
9,MRF44QG,11,9,207,66
9,HGF88HQD,5,9,314,100
11,PPF44Q3B,17,9,GYM3,65
9,SHF82H,4,9,231,96
10,EEF88QG,12,9,350,84
10,HFF44QQB,3,9,333,65
10,EEF88HG,12,9,350,91
10,PPF44Q2B,17,9,GYM3,95
10,UAF44Q3,7,9,227,75
9,FFFC4,1,9,111,72
9,FFFC4,1,9,111,77
10,HUF44H,3,9,315,90
11,AUFC4TA,5,9,232,81
10,HFF44HQB,3,9,333,95
9,PHF44H2,8,9,B17,100
9,PPF44Q3G,13,9,GYM2,100
9,FFFC4H,1,9,111,94
9,EEFG4QH,1,9,349,88
10,MRF44,23,9,208,78
12,PGF44Q2C,8,9,GYM1,65
10,PPF44Q3B,16,9,GYM3,100
10,UAF44H2,7,9,227,90
11,MRF44HG,11,9,207,92
10,PPF44Q3B,16,9,GYM3,100
10,UAF44Q2,7,9,227,80
11,MRF44QT,11,9,207,80
10,FSFC8,12,9,113,68
11,EEFGGUGJ,3,9,B6,65
10,HUF44,3,9,315,81
9,HGF88QTD,7,9,311,65
10,HUF44UQX,5,9,213,82
9,FSFC4H,5,9,123,90
10,SCF84QTF,7,9,115,65
9,SHFC2TM,4,9,248,70
10,FKFC8H,20,9,114,100
12,PPF44Q2G,12,9,GYM2,95
12,PPF44Q3G,12,9,GYM2,100
10,HUF44UQX,5,9,213,84
11,EEFGGHGC,3,9,250,100
11,EEFGGHQF,2,9,249,91
11,SCF84QGF,7,9,115,65
10,PPF44Q3B,15,9,GYM3,90
10,UAF44Q2,7,9,227,71
9,SCF44H,11,9,141,97
9,EEFCBHQD,1,9,346,94
10,HGF88HF,2,9,334A,95
12,PWF44QQL,1,9,POOL,100
9,FSFC4,5,9,123,65
9,HUF44,3,9,315,83
11,SDF44HGE,4,9,341,98
10,SCF44,12,9,138,75
10,ULFC4TP,5,9,B39,97
10,MGF88QQ2,4,9,228,71
10,PPF44Q3B,17,9,GYM3,90
12,BCF44T,37,9,204,65
12,PPF44Q2B,16,9,GYM3,100
9,EEFG4QH,1,9,349,73
12,PGF44Q2C,8,9,GYM1,100
12,PGF44Q3C,8,9,GYM1,100
10,AUFC4TA,5,9,232,65
10,MRF44QT,11,9,207,65
9,HGF88XHD,2,9,321,95
10,FSFC8,11,9,122,67
12,BCF44T,27,9,204,100
12,PPF44Q3B,17,9,GYM3,95
12,ULFC4TP,5,9,B39,80
11,HQFC8UHT,2,9,323,97
9,SLF44H,10,9,338,100
9,EEFG4H,4,9,126,95
9,MEF44HG,8,9,104,93
10,PPF44Q2B,15,9,GYM3,90
10,UAF44H3,7,9,227,91
9,PHF44H2,8,9,B17,90
9,PPF44Q3B,17,9,GYM3,85
11,SPF44H,7,9,229,93
10,HFF44HQB,3,9,333,95
10,AQF44UVT,2,9,206,97
11,SDF84UVT,3,9,332,100
10,FSFC8,12,9,113,75
9,MEF44HG,7,9,203,90
12,PWF44QQL,1,9,POOL,100
9,MEF44QT,7,9,203,80
11,EEFGGUGJ,3,9,B6,93
10,AQF44UVT,2,9,206,86
9,EEFG4HH,1,9,349,93
11,PPF44Q2G,12,9,GYM2,73
11,PPF44Q3G,12,9,GYM2,70
9,MKF44,5,9,106,83
11,MGF88QQ2,4,9,228,69
11,PGF44Q3C,8,9,GYM1,100
10,HFF44UQX,3,9,324,89
10,HUF44UQX,5,9,213,88
11,EEFGGUQV,5,9,335,90
9,SHFC2TM,4,9,248,80
9,SLF44HG,6,9,238,93
12,PPF44Q2G,13,9,GYM2,95
12,PPF44Q3G,12,9,GYM2,85
12,MRF44QT,11,9,207,82
10,MKF44,5,9,106,88
10,PPF44Q3B,16,9,GYM3,100
10,UAF44Q2,7,9,227,88
12,BCF44T,27,9,204,100
12,EEF44UCC,2,9,347,95
9,SCF44H,12,9,138,96
10,EEFGGQF,4,9,334B,80
11,HQFC8UHT,2,9,323,91
11,MRF44H,22,9,211,93
10,MRF44,23,9,208,73
10,EEF88QT,12,9,350,80
10,HUF44UQX,5,9,213,85
9,SHF82,4,9,231,85
11,MRF44,24,9,105,75
10,FSFC8,12,9,113,85
9,PPF44Q2B,16,9,GYM3,100
9,PPF44Q3B,17,9,GYM3,90
10,FSFC8,12,9,113,80
11,HQFC8UHT,2,9,323,94
9,HGF88QGD,7,9,311,80
11,PPF44Q2B,17,9,GYM3,98
11,PPF44Q3B,16,9,GYM3,100
10,PPF44Q2B,16,9,GYM3,100
10,UAF44Q3,7,9,227,82
9,SLF44QT,6,9,238,69
10,HFF44HQB,3,9,333,95
11,FSF44UQX,3,9,149,90
11,EEF44UCC,2,9,347,97
10,FMFC8H,4,9,116,96
12,MRF44H,22,9,211,90
9,HGF88HQD,5,9,314,96
11,MRF44QT,11,9,207,72
9,HGF87HQD,6,9,316,90
9,PHF44Q2,8,9,B17,82
9,PPF44Q3B,16,9,GYM3,95
11,PPF44Q2G,12,9,GYM2,90
11,PPF44Q3G,12,9,GYM2,95
12,AWF84,4,9,222,85
9,HGF87QQD,10,9,326,88
11,PGF44Q3C,8,9,GYM1,65
11,SLF88QQ2,3,9,146,70
11,MRF44H,23,9,208,91
10,BCF44T,27,9,204,100
10,PPF44Q3B,17,9,GYM3,95
11,EEFGGUTJ,3,9,B6,70
12,FSF44UQX,3,9,149,85
10,FSF44UQX,3,9,149,75
10,HGF88QF,2,9,334A,86
11,SCF84QGF,6,9,139,79
11,SPF44,7,9,229,88
12,PWF44QQL,1,9,POOL,100
12,HQF44QQY,9,9,317,95
11,EEF44UCC,2,9,347,80
9,FJFC4H,2,9,124,93
12,FMFC8,4,9,116,67
12,PWF44QQL,1,9,POOL,100
10,EEFG8QH,2,9,331,75
10,HUF44H,3,9,315,93
11,HQFC8UHT,2,9,323,95
9,EEFG4QG,2,9,336,65
9,SHF82H,4,9,231,92
11,HQFC8UHT,2,9,323,96
11,SPF44,7,9,229,88
10,HUF44HG,5,9,325,98
10,PPF44Q2G,12,9,GYM2,100
10,PPF44Q3G,13,9,GYM2,90
9,MRF44H,23,9,208,90
12,MRF44QT,12,9,205,85
11,PGF44Q2C,8,9,GYM1,100
11,PGF44Q3C,8,9,GYM1,100
12,EEFGGUQV,5,9,335,100
11,PPF44Q2G,13,9,GYM2,100
11,UAF88Q3,7,9,227,89
10,EEF88QG,12,9,350,80
10,BCF44T,37,9,204,65
10,PGF44Q2C,8,9,GYM1,78
9,MRF44,23,9,208,70
9,SHFC2TM,4,9,248,95
10,SCF44,12,9,138,66
9,SLF44H,10,9,338,90
9,HGF88XHD,2,9,321,75
9,FFFC4,1,9,111,82
9,FSFC8,11,9,122,87
9,HGF88QQD,5,9,314,78
11,MRF44H,25,9,107,90
11,SDF44QWE,4,9,328B,77
9,HGF87QQD,10,9,326,70
9,HGF88XHD,2,9,321,65
10,AUFC4TA,5,9,232,79
9,HGF87QTD,4,9,313,85
9,SLF44H,10,9,338,92
9,FSFC4,5,9,123,75
9,HGFCCQQ2,3,9,121,80
9,SLF88QQ3,3,9,146,79
9,SDF44QWE,4,9,328B,69
9,FSFC4,5,9,123,70
10,EEF88HW,4,9,246,93
11,EEFGGUQV,5,9,335,88
11,EEFGGQQF,2,9,249,85
9,SCF84QGF,6,9,139,80
9,SHF82H,4,9,231,93
11,AUFC4TA,5,9,232,83
12,PGF44Q2C,8,9,GYM1,90
12,PGF44Q3C,8,9,GYM1,90
9,PPF44Q2B,16,9,GYM3,100
9,SLF88QQ3,3,9,146,85
10,EEFGGQF,4,9,334B,65
9,HGFCCHQ3,3,9,121,90
9,PPF44Q2B,15,9,GYM3,90
11,MRF44QG,11,9,207,67
9,SLF44,9,9,226,86
10,PPF44Q2G,13,9,GYM2,87
10,UAF44H3,7,9,227,90
9,EEFG4H,1,9,348,99
10,EEFGGUQV,5,9,335,89
9,PHF44Q3,8,9,B17,65
9,PPF44Q2G,12,9,GYM2,90
9,HGF87HGD,4,9,313,91
9,HGF88QGD,7,9,311,88
12,MEF88QQ2,1,9,219,88
12,SLF88QQ3,3,9,146,85
10,EEFCBQQD,1,9,346,81
11,SCF44,11,9,141,68
11,SLF88QQ3,3,9,146,65
9,SCF84QTF,6,9,139,78
9,HGF87HQD,6,9,316,93
9,HGF87QQD,10,9,326,80
9,EEFG4H,4,9,126,92
10,HUF44UQX,5,9,213,90
9,FFFC4H,1,9,111,97
9,PHF44Q3,8,9,B17,84
9,PPF44Q2B,16,9,GYM3,95
9,SCF44,12,9,138,80
10,SCF84QGF,6,9,139,88
9,ULFC4TP,5,9,B39,93
10,MKFC4TC,5,9,108,80
10,FSFC8,11,9,122,65
11,SDF84UVT,3,9,332,70
11,FKFCCH,20,9,114,100
9,HGF88QQD,5,9,314,70
9,EEFG4HH,1,9,349,92
9,EEFG4,1,9,348,70
10,BCF44T,37,9,204,100
10,PPF44Q2B,16,9,GYM3,95
10,PPF44Q2G,12,9,GYM2,100
10,PPF44Q3G,13,9,GYM2,98
9,HUF44QG,5,9,325,65
9,EEFG4QT,2,9,336,85
10,EEF88QT,12,9,350,65
10,PPF44Q2G,13,9,GYM2,95
10,UAF44Q3,7,9,227,86
10,HFF44UQX,3,9,324,94
10,EEFG8QH,2,9,331,79
11,SDF44HGE,4,9,341,98
9,EEFG4H,4,9,126,90
10,HUF44UQX,5,9,213,81
9,SLF44H,10,9,338,94
11,HQFC8UHT,2,9,323,95
9,SLF44H,9,9,226,92
11,PPF44Q3G,12,9,GYM2,100
11,UAF88Q2,7,9,227,83
9,SLF44QG,6,9,238,83
12,FKFC8H,20,9,114,100
11,AQF44UVT,2,9,206,95
11,MRF44QG,12,9,205,83
10,HUF44UQX,5,9,213,91
9,MEF44QT,7,9,203,65
12,FJFC4H,2,9,124,92
11,MRF44H,22,9,211,93
10,MRF44,24,9,105,85
11,SDF84UVT,3,9,332,100
11,SCF84QGF,7,9,115,80
9,EEFG4,1,9,348,65
9,HGF88QTD,7,9,311,65
9,AUFC4TA,5,9,232,76
9,MKF44,5,9,106,77
11,EEFGGQTC,3,9,250,80
11,PPF44Q3B,17,9,GYM3,65
10,FMFC8H,4,9,116,99
10,HUF44QT,5,9,325,78
9,EEF88HG,12,9,350,93
9,EEFG4H,1,9,348,90
11,EEF44UCC,2,9,347,90
10,FSFC8,11,9,122,67
12,PWF44QQL,1,9,POOL,100
ST,ULFC4TP,5,9,B39,91
9,EEFG4QG,2,9,336,80
11,MQF44QWF,2,9,221,68
9,HGF87QQD,10,9,326,72
9,MEF44QG,8,9,104,72
11,PPF44Q3B,17,9,GYM3,95
11,UAF88Q2,7,9,227,72
10,AQF44UVT,2,9,206,86
9,HGF87QWD,20,9,307,85
12,PQF44Q2Y,9,9,251,100
12,PQF44Q3Y,9,9,251,100
10,HFF44UQX,3,9,324,87
10,MKFC4TC,5,9,108,94
9,HGF88HQD,5,9,314,100
9,PHF44Q3,8,9,B17,65
9,PPF44Q2B,17,9,GYM3,90
9,HGF88QQD,5,9,314,87
10,HFF44UQX,3,9,324,95
11,MRF44H,23,9,208,94
9,HGF88QGD,7,9,311,85
9,EEFG8QH,2,9,331,75
11,HQFC8UHT,2,9,323,93
9,PHF44H2,8,9,B17,90
9,PPF44Q3B,16,9,GYM3,100
10,HUF44UQX,5,9,213,91
9,HGF88XHD,2,9,321,94
9,SLF44,9,9,226,76
9,EEFG4,1,9,348,69
10,EEFGGQF,4,9,334B,78
9,SLF44H,10,9,338,99
10,AQF44UVT,2,9,206,96
11,PPF44Q2G,12,9,GYM2,95
11,PPF44Q3G,13,9,GYM2,97
10,SCF44,12,9,138,75
10,HGFCCQQ2,3,9,121,85
10,SLF88HQ3,3,9,146,91
10,HUF44QG,5,9,325,70
11,EEFGGUGJ,3,9,B6,65
9,FJFC4H,2,9,124,94
9,MRF44,23,9,208,86
10,HUF44UQX,5,9,213,83
9,MEF44QG,8,9,104,77
9,HGF87QQD,10,9,326,83
10,HGF88QF,2,9,334A,84
11,HUF44HG,5,9,325,96
10,HUF44QG,5,9,325,70
12,PPF44Q2B,15,9,GYM3,90
12,PPF44Q3B,15,9,GYM3,90
11,MRF44H,24,9,105,90
10,PPF44Q2G,13,9,GYM2,67
12,PWF44QQL,1,9,POOL,100
10,SCF44,12,9,138,70
12,BCF44T,37,9,204,100
12,PGF44Q2C,8,9,GYM1,78
10,MRF44,24,9,105,80
10,FMFC8,4,9,116,89
9,HGF88QF,2,9,334A,82
11,HUF44UQX,5,9,213,86
10,FMFC8H,4,9,116,99
10,EEFCBQQD,1,9,346,81
9,MEF44QF,2,9,223,65
9,SHFC2TM,4,9,248,95
11,FSFC8,11,9,122,67
9,MRF44,23,9,208,89
12,SDF44HGE,4,9,341,94
12,SDF84UVT,3,9,332,100
9,FMFC8H,4,9,116,100
11,HUF44HG,5,9,325,92
9,EEFG4HH,1,9,349,90
11,PPF44Q3G,13,9,GYM2,92
11,UAF88Q2,7,9,227,89
11,SPF44H,7,9,229,95
11,UAF44Q2,7,9,227,65
9,HGF87QWD,20,9,307,80
11,AUFC4TA,5,9,232,100
12,EEFGGQTC,3,9,250,80
10,HFF44UQX,3,9,324,94
9,HGF88XHD,2,9,321,89
9,MEF44HG,8,9,104,92
9,PHF44Q3,8,9,B17,82
9,PPF44Q2B,15,9,GYM3,90
10,SCF84QTF,7,9,115,65
12,EQF44QQY,9,9,328,100
10,HFF44UQX,3,9,324,86
10,PPF44Q2B,17,9,GYM3,98
10,UAF44H3,7,9,227,98
10,HUF44H,3,9,315,91
11,EEFGGQGC,3,9,250,88
9,FMFC8H,4,9,116,99
11,MRF44H,24,9,105,90
9,HGF88QF,2,9,334A,65
11,EEFGGQQF,2,9,249,72
9,MKF44,5,9,106,84
10,MEF88QQ3,1,9,219,78
10,SCF44,12,9,138,80
9,HGF87HQD,6,9,316,90
9,HGF87QQD,6,9,316,65
10,MRF44H,23,9,208,93
9,EEFG4H,1,9,348,95
11,PPF44Q2B,16,9,GYM3,100
11,PPF44Q3B,16,9,GYM3,100
10,HUF44UQX,5,9,213,90
10,FSFC8H,12,9,113,100
10,AUFC4TA,5,9,232,77
12,EEF44UCC,2,9,347,94
9,EEFG4QG,2,9,336,88
11,SPF44H,7,9,229,95
9,EEFG4H,4,9,126,94
11,SCF44,12,9,138,80
12,AQF44QQY,9,9,216,100
11,FKFC8H,20,9,114,100
12,ULFC4TP,5,9,B39,100
11,FKFCCH,20,9,114,100
10,AQF44UVT,2,9,206,84
9,PHF44Q3,8,9,B17,65
9,PPF44Q2G,12,9,GYM2,95
9,FJFC4H,2,9,124,98
9,FJFC4H,2,9,124,93
9,SHFC2TM,4,9,248,85
9,EEFG4H,1,9,348,94
9,AWF84H,4,9,222,93
9,HGF88HQD,5,9,314,90
10,MRF44H,22,9,211,90
10,SDF84UVT,3,9,332,100
10,MRF44,25,9,107,88
11,HUF44H,3,9,315,93
12,EEFGGQQF,2,9,249,86
9,EEFG4,1,9,348,71
10,PPF44Q3G,12,9,GYM2,100
10,UAF44Q2,7,9,227,88
9,SLF44H,10,9,338,95
10,EEFCBQQD,1,9,346,67
10,HUF44UQX,5,9,213,84
9,SHFC2TM,4,9,248,80
9,HGF88XHD,2,9,321,91
10,AUFC4TA,5,9,232,100
10,HFF44UQX,3,9,324,87
10,HFF44HQB,3,9,333,95
11,MRF44H,24,9,105,90
9,HGF87HGD,4,9,313,95
9,SLF44H,9,9,226,97
10,HGF88QF,2,9,334A,73
9,SLF44H,9,9,226,93
11,MRF44QG,11,9,207,84
10,EEFGGQFT,4,9,334B,75
12,FFFC4H,1,9,111,90
9,EEFG4,1,9,348,78
10,MEF88QQ2,1,9,219,70
10,SLF88QQ3,3,9,146,75
10,SCF44H,12,9,138,94
12,PPF44Q3G,13,9,GYM2,95
9,MRF44H,25,9,107,100
10,HFF44UQX,3,9,324,85
11,HQFC8UHT,2,9,323,95
10,FMFC8H,4,9,116,99
10,MRF44,25,9,107,74
10,MEF44QF,2,9,223,65
10,FMFC8,4,9,116,86
9,SLF44,9,9,226,73
11,EEFGGQQF,2,9,249,83
11,PPF44Q2B,16,9,GYM3,100
11,HUF44,3,9,315,83
9,HGF87HGD,4,9,313,98
9,HGF88QF,2,9,334A,65
11,EEF44UCC,2,9,347,67
9,EEFGGQF,4,9,334B,82
9,EEFGGQF,4,9,334B,78
12,AQF44QQY,9,9,216,99
10,SPF44H,7,9,229,100
11,EEFGGQGC,3,9,250,77
10,HUF44,3,9,315,87
9,SLF44H,10,9,338,98
10,HFF44UQX,3,9,324,88
9,PHF44H2,8,9,B17,100
9,PPF44Q3B,17,9,GYM3,95
9,FJFC4,2,9,124,81
10,MRF44,24,9,105,85
11,SDF84UVT,3,9,332,100
9,PHF44H2,8,9,B17,100
9,PPF44Q3B,16,9,GYM3,100
9,MKF44,5,9,106,82
12,PPF44Q2G,12,9,GYM2,95
12,PPF44Q3G,13,9,GYM2,98
12,PPF44Q2G,12,9,GYM2,95
12,PPF44Q3G,13,9,GYM2,100
10,HUF44QG,5,9,325,85
11,MRF44H,25,9,107,100
11,PPF44Q2G,13,9,GYM2,100
11,PPF44Q3G,12,9,GYM2,100
9,AWF84,4,9,222,72
10,PPF44Q3B,16,9,GYM3,100
10,UAF44Q2,7,9,227,87
9,PPF44Q2G,13,9,GYM2,100
9,PPF44Q3G,13,9,GYM2,100
9,PPF44Q2B,16,9,GYM3,100
9,PPF44Q3B,17,9,GYM3,95
9,SLF44,9,9,226,72
11,SPF44H,7,9,229,92
10,HFF44HQB,3,9,333,95
10,FMFC8,4,9,116,88
10,HGF88QF,2,9,334A,89
10,EEF88HG,12,9,350,93
9,EEFG4HH,1,9,349,90
11,HUF44QG,5,9,325,86
12,FQF44QQY,9,9,216,83
10,EEFG8HH,2,9,331,93
11,SCF44,11,9,141,65
10,FMFC8H,4,9,116,99
12,SDF84UVT,3,9,332,100
10,EEFCBQQD,1,9,346,87
10,FSFC8,12,9,113,75
12,PPF44Q2B,18,10,GYM3,70
12,PPF44Q3B,19,10,GYM3,85
11,MRF44HG,13,10,205,93
10,EEF88,7,10,331,75
9,PPF44Q3G,14,10,GYM2,86
9,UAF44H2,8,10,235,92
11,MRF44QG,13,10,205,65
11,HUF44,4,10,314,68
11,MRF44QG,13,10,205,76
9,EEF88H,8,10,146,90
9,FKFC4,6,10,114,70
11,SPF44,8,10,229,72
9,PPF44Q2G,14,10,GYM2,73
9,PPF44Q3G,14,10,GYM2,65
12,PGF44Q2C,9,10,GYM1,92
12,PGF44Q3C,9,10,GYM1,93
9,MRF44QG,14,10,107,89
11,MRF44,26,10,208,87
11,EEFCCQQD,1,10,346,65
9,MKF44,6,10,106,73
11,BCF44T,28,10,204,100
11,PPF44Q3B,19,10,GYM3,100
11,MRF44H,26,10,208,92
11,HUF44QQB,3,10,333,80
9,SLF44H,11,10,228,95
9,FJFC4,3,10,124,65
9,HUF44QQB,3,10,333,65
9,FFFC4H,2,10,111,96
10,MRF44H,26,10,208,100
9,FFFC4,2,10,111,79
9,FLFC4HH,2,10,115,95
9,MEF44H,7,10,207,97
9,FLFC4HH,2,10,115,98
9,HGF84QF,3,10,334A,65
12,SPF44,8,10,229,75
9,HUF44QG,6,10,315,77
11,MKFC4TC,6,10,322,88
9,MEF44QG,9,10,211,80
9,HUF44UQX,6,10,213,93
9,MEF88QG,3,10,105,75
9,MKF44,6,10,106,65
10,EEF88,7,10,331,70
11,SPF44,8,10,229,82
9,MRF44QT,13,10,205,86
10,MEF88QT,3,10,105,75
9,AWF84H,5,10,222,90
10,MKFC4TC,6,10,322,65
10,SCF44H,14,10,139,95
9,PHF44H3,9,10,B17,93
9,PPF44Q2G,14,10,GYM2,87
9,SLF44H,12,10,338,98
9,HGF88HQD,6,10,316,95
9,SCF44,14,10,139,85
11,PPF44Q2B,18,10,GYM3,90
11,PPF44Q3B,18,10,GYM3,90
10,HUF44QQB,3,10,333,81
9,SCF44,13,10,138,70
11,PPF44Q2B,19,10,GYM3,100
11,UAF88Q3,8,10,235,78
9,EEFCCQQD,1,10,346,65
11,EEF88,7,10,331,76
9,FLFC4HH,2,10,115,100
9,HGF88HGD,4,10,313,92
11,PPF44Q2G,14,10,GYM2,90
11,UAF88H3,8,10,235,96
9,HQF44QH,1,10,311,70
10,MKFC4TC,6,10,322,91
12,EEFGGQTC,4,10,250,65
10,SCF44,14,10,139,78
10,HUF44UQX,6,10,213,72
10,MRF44HG,13,10,205,91
9,HGF88QQD,10,10,326,68
9,MEF88QG,3,10,105,75
9,MEF44H,7,10,207,92
11,AUFC4TA,6,10,232,69
11,MRF44QT,14,10,107,65
9,EEFG4H,9,10,349,91
9,SLF44QF,2,10,231,74
11,MKFC4TC,6,10,322,65
9,MKF44,6,10,106,82
10,AUFC4TA,6,10,232,84
9,MRF44QG,14,10,107,74
9,PPF44Q2G,15,10,GYM2,65
10,PPF44Q3B,19,10,GYM3,100
10,UAF44Q2,8,10,235,68
11,SPF44,8,10,229,82
9,MEF44,7,10,207,82
9,FSFC8,13,10,122,87
9,FJFC4H,3,10,124,100
11,PPF44Q2B,18,10,GYM3,90
11,PPF44Q3B,18,10,GYM3,90
9,HGF88HQD,10,10,326,93
9,FKFC4H,6,10,114,100
9,MRF44,26,10,208,66
11,MRF44QG,14,10,107,71
9,SCF44,14,10,139,66
10,EEF88,7,10,331,75
9,FKFC4H,6,10,114,98
9,FKFC4H,6,10,114,100
10,HUF44UQX,6,10,213,90
10,EEF88QT,13,10,336,84
11,PPF44Q2G,14,10,GYM2,75
11,PPF44Q3G,15,10,GYM2,70
10,HUF44UQX,6,10,213,83
9,MEF44QG,10,10,203,65
10,HQFC4TH,2,10,323,98
12,EEFGGQGC,4,10,250,71
11,PPF44Q2B,18,10,GYM3,80
11,PPF44Q3B,18,10,GYM3,90
9,HGF88QQD,10,10,326,70
10,HUF44QG,6,10,315,70
10,SCF44,13,10,138,68
9,FSFC8H,13,10,122,91
11,SPF44,8,10,229,72
9,EEFG4,9,10,349,70
9,HGF88QWD,20,10,307,70
9,HQF44HH,1,10,311,91
9,SLF44QF,2,10,231,83
9,SLF44,11,10,228,85
9,PGF44Q2C,9,10,GYM1,85
9,PHF44Q3,9,10,B17,80
10,EEF88QG,13,10,336,70
9,MEF44QG,9,10,211,67
10,MKFC4TC,6,10,322,98
11,PPF44Q2G,15,10,GYM2,80
11,PPF44Q3G,14,10,GYM2,85
9,PPF44Q2B,19,10,GYM3,80
9,UAF44Q3,8,10,235,66
9,FKFC4H,6,10,114,97
10,EEF88QW,5,10,246,65
9,HGF88QQD,10,10,326,68
11,EEFGGQTC,4,10,250,65
10,SCF44,13,10,138,65
9,AWF84,5,10,222,84
11,AUFC4TA,6,10,232,80
10,PPF44Q3B,18,10,GYM3,90
10,UAF44Q2,8,10,235,66
11,SDF44QGE,5,10,341,68
10,EEFGGQGC,4,10,250,65
10,PGF44Q2C,9,10,GYM1,65
10,UAF44Q3,8,10,235,66
9,MKF44,6,10,106,65
10,SCF44,14,10,139,67
10,HUF44QT,6,10,315,65
9,MEF44H,7,10,207,93
11,EEFGGQGC,4,10,250,87
9,SDF44,3,10,226,85
9,MEF88QG,3,10,105,77
10,HQFC4TH,2,10,323,80
9,PPF44Q3B,18,10,GYM3,90
10,MRF44,26,10,208,85
11,AWF84,5,10,222,76
11,SDF44QGE,5,10,341,88
9,FFFC4H,2,10,111,95
11,MRF44QT,14,10,107,68
10,PGF44Q2C,9,10,GYM1,85
10,PPF44Q3G,15,10,GYM2,65
10,FSFC8,13,10,122,65
9,MEF88QG,3,10,105,65
9,SLF44H,11,10,228,90
11,MRF44QG,14,10,107,73
12,BCF44T,28,10,204,85
10,EEF88,7,10,331,88
10,EEF88QW,5,10,246,65
9,SLF44QG,7,10,238,88
10,HUF44QT,6,10,315,70
10,MKFC4TC,6,10,322,96
9,PHF44H3,9,10,B17,93
9,PPF44Q2G,15,10,GYM2,70
12,FFFC4H,2,10,111,95
10,UAF88Q3,8,10,235,71
9,PPF44Q2B,19,10,GYM3,90
9,PPF44Q3B,18,10,GYM3,90
9,SLF44QF,2,10,231,87
10,EEF88,8,10,146,65
11,MRF44QG,14,10,107,65
9,SLF44QF,2,10,231,75
9,PHF44H3,9,10,B17,95
9,PPF44Q2B,19,10,GYM3,100
9,FSFC8,13,10,122,84
9,HGF88QQD,10,10,326,68
9,MKF44,6,10,106,80
9,HGF88QWD,20,10,307,70
9,SLF44,12,10,338,85
9,EEFGGQGC,4,10,250,65
10,HUF44QQB,3,10,333,82
9,SDF44H,3,10,226,97
9,SLF44,11,10,228,80
10,HUF44QQB,3,10,333,80
9,SLF44QT,7,10,238,75
12,PPF44Q2G,15,10,GYM2,65
9,MKF44H,6,10,106,98
9,HGF84QF,3,10,334A,65
10,PPF44Q2B,19,10,GYM3,90
10,PPF44Q3B,18,10,GYM3,75
9,MEF44,7,10,207,85
9,PHF44Q3,9,10,B17,81
9,PPF44Q2B,18,10,GYM3,80
9,MKF44,6,10,106,72
10,SCF44,13,10,138,73
11,PPF44Q2B,18,10,GYM3,90
11,PPF44Q3B,18,10,GYM3,90
11,EEF44UCC,3,10,347,71
10,HUF44UQX,6,10,213,83
9,MEF44HT,9,10,211,90
9,PHF44Q3,9,10,B17,76
9,PPF44Q2G,15,10,GYM2,80
11,SCF44,13,10,138,76
9,HGF84QF,3,10,334A,65
9,FLFC4HH,2,10,115,97
9,EEFG4H,9,10,349,90
11,PGF44Q3C,9,10,GYM1,98
11,UAF88Q2,8,10,235,73
10,PPF44Q2G,14,10,GYM2,82
10,UAF44Q3,8,10,235,72
10,EEF88,7,10,331,80
9,FJFC4H,3,10,124,98
10,SCF44QG,5,10,141,83
9,SDF44H,3,10,226,97
11,PGF44Q2C,9,10,GYM1,75
11,UAF88Q3,8,10,235,66
9,HGF88QQD,10,10,326,70
10,EEF88QT,13,10,336,65
11,SPF44H,8,10,229,90
11,PGF44Q2C,9,10,GYM1,92
11,PPF44Q3B,18,10,GYM3,95
9,SLF44QG,7,10,238,87
9,HGF88HTD,4,10,313,92
10,SCF44H,13,10,138,90
9,MEF44QW,3,10,104,86
11,EEFGGHGC,4,10,250,98
10,PPF44Q2G,15,10,GYM2,95
10,PPF44Q3G,14,10,GYM2,100
10,BCF44T,38,10,204,75
10,PPF44Q2B,19,10,GYM3,95
11,FSFC8,13,10,122,77
10,PPF44Q3G,15,10,GYM2,65
10,UAF44H2,8,10,235,100
11,MRF44QT,14,10,107,65
11,PPF44Q2B,19,10,GYM3,90
11,PPF44Q3B,19,10,GYM3,90
9,PPF44Q2G,14,10,GYM2,89
9,PPF44Q3G,14,10,GYM2,88
9,SLF44QF,2,10,231,70
11,AUFC4TA,6,10,232,82
9,MEF44,7,10,207,86
9,HGF84QF,3,10,334A,80
9,EEFCCHQD,1,10,346,94
11,PGF44Q3C,9,10,GYM1,94
9,PPF44Q2G,14,10,GYM2,78
9,PPF44Q3G,14,10,GYM2,83
9,SLF44,12,10,338,85
10,FSFC8H,13,10,122,93
10,ULFC4TP,6,10,B39,95
9,FMFC8H,5,10,215,97
10,MRF44,26,10,208,82
9,SLF44H,11,10,228,96
9,EEFG4H,9,10,349,97
11,PGF44Q2C,9,10,GYM1,95
11,PGF44Q3C,9,10,GYM1,95
9,HGF88QWD,20,10,307,88
9,FMFC8H,5,10,215,97
11,PGF44Q3C,9,10,GYM1,96
11,UAF88H2,8,10,235,90
10,SCF44H,14,10,139,95
10,AUFC4TA,6,10,232,85
9,HGF88QQD,10,10,326,80
9,HGF88QWD,20,10,307,65
10,PPF44Q3B,19,10,GYM3,90
10,UAF44Q2,8,10,235,66
9,SDF44H,3,10,226,96
9,FFFC4H,2,10,111,91
11,PPF44Q2G,15,10,GYM2,100
11,PPF44Q3G,15,10,GYM2,95
9,AWF84,5,10,222,86
10,HUF44UQX,6,10,213,86
9,SLF44,12,10,338,82
10,SCF44H,13,10,138,96
9,HQF44HH,1,10,311,91
9,HGF84HF,3,10,334A,90
10,MKFC4TC,6,10,322,94
12,SPF44H,8,10,229,90
9,PPF44Q2G,14,10,GYM2,91
9,PPF44Q3G,14,10,GYM2,93
9,FLFC4HH,2,10,115,95
9,FMFC4H,4,10,116,100
9,FMFC4H,4,10,116,99
10,HUF44UQX,6,10,213,81
9,FMFC4H,4,10,116,94
9,SLF44QF,2,10,231,68
10,BCF44T,38,10,204,75
10,PPF44Q2B,19,10,GYM3,90
11,EEF88QG,13,10,336,75
10,MKFC4TC,6,10,322,95
9,FMFC8,5,10,215,75
9,SLF44QG,7,10,238,69
10,BCF44T,28,10,204,100
10,PPF44Q3G,15,10,GYM2,100
9,MKF44H,6,10,106,98
9,MRF44QG,13,10,205,87
9,HGF84QF,3,10,334A,86
9,HGF84QF,3,10,334A,88
12,EEF44UCC,3,10,347,85
10,HUF44UQX,6,10,213,80
11,HUF44,4,10,314,85
10,PPF44Q3B,18,10,GYM3,90
10,PPF44Q2B,18,10,GYM3,80
10,PPF44Q3B,18,10,GYM3,90
11,PPF44Q3G,15,10,GYM2,65
9,MEF44QT,10,10,203,65
9,FMFC4,4,10,116,83
10,BCF44T,28,10,204,100
10,PPF44Q3G,15,10,GYM2,90
11,EEFGGHGC,4,10,250,91
9,SDF44H,3,10,226,99
9,HGF88HGD,4,10,313,95
10,PPF44Q3B,18,10,GYM3,95
10,UAF44H2,8,10,235,93
9,SLF44QG,7,10,238,80
9,MEF44HT,10,10,203,90
9,MEF44QG,10,10,203,75
11,MRF44QG,13,10,205,87
10,SCF44,13,10,138,81
9,HGF88QTD,4,10,313,80
10,EEF88,8,10,146,72
10,BCF44T,28,10,204,100
10,PPF44Q3G,15,10,GYM2,90
11,SDF44QGE,5,10,341,80
10,FMFC8H,5,10,215,90
10,BCF44T,38,10,204,65
10,PPF44Q2B,18,10,GYM3,90
11,SDF44QGE,5,10,341,70
9,PHF44H3,9,10,B17,95
9,PPF44Q2G,14,10,GYM2,90
11,ULFC4TP,6,10,B39,87
9,EEFG4,9,10,349,83
10,ULFC4TP,6,10,B39,65
11,HUF44H,4,10,314,92
9,HGF84QF,3,10,334A,65
11,PPF44Q2G,14,10,GYM2,94
11,PPF44Q3G,14,10,GYM2,93
11,HUF44,4,10,314,82
10,SCF44H,14,10,139,92
12,ULFC4TP,6,10,B39,97
9,AUFC4TA,6,10,232,100
11,SDF44HGE,5,10,341,93
10,HUF44,4,10,314,65
9,FJFC4,3,10,124,66
11,SDF44HTE,5,10,341,95
9,HQF44HH,1,10,311,92
9,MEF44,7,10,207,83
9,ULFC4TP,6,10,B39,69
12,BCF44T,28,10,204,85
12,PPF44Q3B,19,10,GYM3,90
10,EEF88QG,13,10,336,84
9,SLF44,12,10,338,88
9,HGF84QF,3,10,334A,82
11,AWF84,5,10,222,85
9,HGF88QQD,10,10,326,72
9,PPF44Q3B,18,10,GYM3,75
9,HGF88QQD,6,10,316,83
10,EEF88,8,10,146,87
11,MEF88QG,3,10,105,75
9,FFFC4,2,10,111,67
9,SCF44H,14,10,139,92
10,ULFC4TP,6,10,B39,94
9,SLF44QT,7,10,238,69
9,SDF44H,3,10,226,94
10,MRF44,26,10,208,85
9,MEF44QW,3,10,104,82
11,PPF44Q3B,19,10,GYM3,90
11,UAF88Q2,8,10,235,67
9,SCF44,14,10,139,85
10,MEF88QT,3,10,105,76
9,SLF44QG,7,10,238,84
11,PPF44Q2B,19,10,GYM3,85
11,UAF88Q3,8,10,235,66
9,MEF44QT,10,10,203,77
11,EEFCCHQD,1,10,346,94
10,EEF88,8,10,146,88
10,EEF88H,8,10,146,96
9,HGF84QF,3,10,334A,65
9,MEF88HG,3,10,105,92
10,PPF44Q2G,14,10,GYM2,83
10,PPF44Q3G,14,10,GYM2,86
10,HUF44QG,6,10,315,88
10,HUF44QG,6,10,315,88
9,HGF88QGD,4,10,313,78
9,HGF84HF,3,10,334A,94
9,MEF44,7,10,207,78
10,HUF44UQX,6,10,213,84
10,EEF88H,7,10,331,90
9,FJFC4H,3,10,124,95
9,FMFC4,4,10,116,66
10,HQFC4TH,2,10,323,87
10,PPF44Q2B,18,10,GYM3,80
10,UAF44H3,8,10,235,98
9,SLF44QG,7,10,238,85
10,BCF44T,38,10,204,75
10,PGF44Q2C,9,10,GYM1,95
9,MKF44,6,10,106,81
11,EEF44UCC,3,10,347,85
12,EEFGGQGC,4,10,250,88
10,SCF44QG,5,10,141,70
12,MRF44QG,13,10,205,65
9,MEF44QW,3,10,104,83
11,EEF44UCC,3,10,347,86
10,HUF44UQX,6,10,213,82
9,AWF84,5,10,222,88
10,ULFC4TP,6,10,B39,94
11,MRF44QG,13,10,205,80
9,SDF44,3,10,226,76
10,SCF44QG,5,10,141,80
9,HQF44QH,1,10,311,85
11,SDF44QTE,5,10,341,88
9,PHF44Q2,9,10,B17,83
9,PPF44Q2B,19,10,GYM3,100
9,UAF44H3,8,10,235,99
11,MRF44QG,14,10,107,84
9,MEF44QG,9,10,211,75
9,HGF88HGD,4,10,313,96
10,SCF44,14,10,139,78
9,HGF88QQD,10,10,326,65
9,HGF88QTD,4,10,313,65
9,HGF88HQD,6,10,316,94
11,PPF44Q2B,18,10,GYM3,80
11,UAF88Q3,8,10,235,71
11,ULFC4TP,6,10,B39,81
10,PPF44Q2G,14,10,GYM2,82
10,PPF44Q3G,14,10,GYM2,90
9,PHF44H2,9,10,B17,97
9,PPF44Q3G,15,10,GYM2,80
9,AUFC4TA,6,10,232,66
9,FMFC8H,5,10,215,97
10,MRF44QG,14,10,107,65
9,FLFC4HH,2,10,115,93
10,PGF44Q2C,9,10,GYM1,85
10,PGF44Q3C,9,10,GYM1,88
10,HUF44UQX,6,10,213,85
9,SLF44HF,2,10,231,97
11,PPF44Q2B,19,10,GYM3,100
11,PPF44Q3B,19,10,GYM3,100
9,SDF44H,3,10,226,97
9,EEF88,8,10,146,79
10,MKFC4TC,6,10,322,93
11,HUF44,4,10,314,83
10,HUF44UQX,6,10,213,84
11,PPF44Q3B,18,10,GYM3,90
11,AWF84,5,10,222,88
10,MRF44H,26,10,208,93
9,PHF44Q2,9,10,B17,65
9,PPF44Q3G,14,10,GYM2,83
9,FKFC4H,6,10,114,94
11,EEF44UCC,3,10,347,71
9,SLF44,12,10,338,83
11,PPF44Q2G,14,10,GYM2,73
11,UAF88Q3,8,10,235,71
10,MRF44QT,13,10,205,65
9,SCF44,14,10,139,88
9,HGF88HQD,6,10,316,99
9,SLF44H,12,10,338,93
10,PPF44Q2B,19,10,GYM3,90
10,PPF44Q3B,19,10,GYM3,90
11,SCF44,13,10,138,65
9,MEF44QG,9,10,211,78
10,HUF44,4,10,314,81
12,PPF44Q2B,19,10,GYM3,100
12,PPF44Q3B,19,10,GYM3,90
9,FJFC4H,3,10,124,94
9,HGF88QQD,6,10,316,75
11,SDF44QTE,5,10,341,65
12,EEFGGHGC,4,10,250,96
11,EEFGGHGC,4,10,250,97
9,AWF84,5,10,222,73
10,BCF44T,28,10,204,100
10,PPF44Q3G,15,10,GYM2,95
12,PGF44Q2C,9,10,GYM1,95
12,PGF44Q3C,9,10,GYM1,95
9,HGF88QQD,6,10,316,77
9,MEF44QG,10,10,203,80
10,BCF44T,38,10,204,100
10,PPF44Q2G,15,10,GYM2,70
9,SLF44H,11,10,228,96
9,FKFC4,6,10,114,72
9,SLF44QT,7,10,238,71
10,HUF44HQB,3,10,333,92
11,EEF44UCC,3,10,347,94
11,SCF44QG,5,10,141,65
11,EEFGGHTC,4,10,250,95
9,AWF84,5,10,222,81
10,HUF44UQX,6,10,213,90
10,AUFC4TA,6,10,232,100
9,FMFC4H,4,10,116,100
11,BCF44T,38,10,204,70
11,PGF44Q2C,9,10,GYM1,95
11,PPF44Q3G,15,10,GYM2,70
11,UAF88Q2,8,10,235,71
11,HUF44HG,6,10,315,91
9,HGF88HQD,10,10,326,97
10,MRF44QT,13,10,205,73
11,SPF44,8,10,229,65
9,PPF44Q2B,19,10,GYM3,65
9,PPF44Q3B,19,10,GYM3,65
9,SLF44,11,10,228,80
10,PPF44Q2B,19,10,GYM3,80
10,UAF44Q3,8,10,235,66
10,HUF44HQB,3,10,333,96
9,HUF44QQB,3,10,333,65
9,PHF44Q3,9,10,B17,87
9,PPF44Q2B,18,10,GYM3,85
9,HGF88QQD,10,10,326,65
11,SPF44H,8,10,229,90
10,SCF44,14,10,139,70
9,FSFC8,13,10,122,81
10,HUF44QQB,3,10,333,85
11,PGF44Q3C,9,10,GYM1,97
11,UAF88H2,8,10,235,99
9,AUFC4TA,6,10,232,70
11,PPF44Q3G,15,10,GYM2,90
11,UAF88H2,8,10,235,96
10,EEFCCQQD,1,10,346,66
11,MRF44H,26,10,208,100
9,MEF44QT,10,10,203,70
9,SLF44HT,7,10,238,90
10,EEF88QW,5,10,246,84
10,EEF88,8,10,146,80
10,MRF44QG,13,10,205,65
9,SLF44H,12,10,338,95
9,HGF88QQD,6,10,316,65
10,SCF44H,13,10,138,90
9,MEF44QW,3,10,104,65
9,SLF44H,12,10,338,94
9,MEF88QT,3,10,105,80
11,FSFC8,13,10,122,74
9,MEF44QT,10,10,203,66
11,SPF44,8,10,229,82
9,HGF88QWD,20,10,307,65
9,HGF88QTD,4,10,313,69
9,SLF44H,12,10,338,96
12,EEF88QW,5,10,246,77
12,FFFC4,2,10,111,67
9,MEF44QG,10,10,203,67
10,FSFC8,13,10,122,66
9,SLF44QT,7,10,238,85
11,BCF44T,28,10,204,84
11,PGF44Q3C,9,10,GYM1,92
11,HUF44H,4,10,314,91
11,ULFC4TP,6,10,B39,85
9,HGF88HQD,6,10,316,94
9,HQF44QH,1,10,311,80
9,SDF44,3,10,226,87
9,PHF44Q2,9,10,B17,71
9,PPF44Q3B,18,10,GYM3,80
9,MRF44,26,10,208,86
9,HGF84QF,3,10,334A,80
10,SCF44QG,5,10,141,87
11,EEF44UCC,3,10,347,80
9,MEF44,7,10,207,88
11,SPF44,8,10,229,70
9,FJFC4H,3,10,124,99
9,HGF84HF,3,10,334A,93
9,FMFC4H,4,10,116,96
9,HGF88HQD,10,10,326,92
10,PPF44Q2B,19,10,GYM3,90
10,PPF44Q3B,18,10,GYM3,90
11,SDF44,3,10,226,76
9,MEF44QT,9,10,211,71
9,PHF44Q3,9,10,B17,65
9,PPF44Q2G,15,10,GYM2,70
11,EEF44UCC,3,10,347,67
11,PPF44Q3B,18,10,GYM3,90
9,HGF88QQD,6,10,316,83
10,EEF88HG,13,10,336,91
9,HGF88QWD,20,10,307,70
9,FKFC4,6,10,114,65
9,PPF44Q3B,19,10,GYM3,100
9,UAF44H2,8,10,235,100
11,EEFCCHQD,1,10,346,92
9,EEF88,8,10,146,75
11,MRF44QG,14,10,107,83
9,HUF44QQB,3,10,333,81
9,MKF44H,6,10,106,90
10,MKFC4TC,6,10,322,92
9,SDF44H,3,10,226,97
9,MEF44QG,9,10,211,67
9,MEF44HT,9,10,211,95
10,HQFC4TH,2,10,323,94
11,HQF44QQY,10,10,317,100
10,EEF88,8,10,146,77
9,MKF44,6,10,106,75
10,AUFC4TA,6,10,232,100
9,FLFC4HH,2,10,115,96
9,AWF84,5,10,222,84
9,PHF44Q2,9,10,B17,86
9,PPF44Q3B,19,10,GYM3,100
10,SDF44H,3,10,226,93
11,MRF44,26,10,208,76
10,SCF44,14,10,139,68
9,MEF44QG,10,10,203,73
12,SDF44QGE,5,10,341,70
9,HQF44HH,1,10,311,91
9,SCF44HG,5,10,141,90
11,PPF44Q2B,18,10,GYM3,70
11,PPF44Q3B,19,10,GYM3,90
9,MRF44QG,14,10,107,79
10,HUF44UQX,6,10,213,82
10,BCF44T,28,10,204,73
10,PGF44Q3C,9,10,GYM1,97
11,PPF44Q2G,14,10,GYM2,85
11,PPF44Q3G,14,10,GYM2,85
9,PGF44Q2C,9,10,GYM1,85
9,PGF44Q3C,9,10,GYM1,90
9,FJFC4H,3,10,124,90
9,HQF44HH,1,10,311,93
10,PPF44Q2G,14,10,GYM2,65
10,PPF44Q3G,15,10,GYM2,65
10,PPF44Q2B,19,10,GYM3,100
10,UAF44Q3,8,10,235,88
10,EEF88,7,10,331,88
10,PPF44Q2B,19,10,GYM3,100
10,UAF44Q3,8,10,235,80
9,FKFC4,6,10,114,80
9,SLF44QT,7,10,238,83
12,BCF44T,38,10,204,90
9,MEF44QW,3,10,104,82
11,PPF44Q2B,18,10,GYM3,90
11,PPF44Q3B,19,10,GYM3,90
11,EEF44UCC,3,10,347,94
9,SLF44QF,2,10,231,86
12,PPF44Q2G,14,10,GYM2,91
11,PPF44Q3B,19,10,GYM3,80
11,UAF88Q2,8,10,235,75
9,HGF88HGD,4,10,313,92
9,MEF44H,7,10,207,94
11,HUF44QG,6,10,315,80
9,FKFC4H,6,10,114,100
9,MEF44QW,3,10,104,75
9,MEF44QG,9,10,211,87
11,PPF44Q2B,18,10,GYM3,90
11,PPF44Q3B,19,10,GYM3,100
11,SCF44QT,5,10,141,65
9,MEF44QT,9,10,211,88
9,MEF44HT,9,10,211,90
9,HGF88QTD,4,10,313,70
9,MEF44H,7,10,207,94
12,PPF44Q2G,14,10,GYM2,93
12,PPF44Q3G,15,10,GYM2,80
11,SCF44,13,10,138,80
9,FLFC4HH,2,10,115,93
10,HUF44UQX,6,10,213,94
10,HUF44UQX,6,10,213,85
11,PPF44Q2G,14,10,GYM2,95
11,UAF88H3,8,10,235,98
9,SDF44H,3,10,226,100
10,MRF44,26,10,208,82
9,AWF84,5,10,222,76
9,FFFC4,2,10,111,74
9,PPF44Q2G,14,10,GYM2,88
9,PPF44Q3G,15,10,GYM2,65
11,MEF88QG,3,10,105,65
10,MEF88QG,3,10,105,83
11,SPF44,8,10,229,79
10,PPF44Q3B,18,10,GYM3,95
10,UAF44Q2,8,10,235,67
10,HQFC4TH,2,10,323,91
10,EEF88H,7,10,331,90
10,HUF44QG,6,10,315,77
9,PHF44H2,9,10,B17,96
9,PPF44Q3G,15,10,GYM2,70
11,PPF44Q3G,15,10,GYM2,90
11,UAF88H2,8,10,235,94
11,PPF44Q2G,14,10,GYM2,88
11,PPF44Q3G,14,10,GYM2,95
9,HGF84HF,3,10,334A,94
9,SLF44HF,2,10,231,95
9,HGF84HF,3,10,334A,91
9,FLFC4HH,2,10,115,91
9,FMFC8H,5,10,215,94
11,PPF44Q3G,14,10,GYM2,95
11,UAF88H2,8,10,235,100
9,PHF44H2,9,10,B17,93
9,PPF44Q3G,15,10,GYM2,90
9,HGF88HQD,6,10,316,94
10,EEFCCQQD,1,10,346,66
10,HUF44,4,10,314,72
9,UAF44Q3,8,10,235,69
10,MRF44QT,14,10,107,65
10,MRF44QG,13,10,205,80
9,HGF88HGD,4,10,313,95
9,MEF44,7,10,207,80
9,HGF88QWD,20,10,307,70
9,HGF88QWD,20,10,307,85
10,PPF44Q3B,19,10,GYM3,100
10,UAF44Q2,8,10,235,87
10,SDF44QGE,5,10,341,80
10,SCF44QT,5,10,141,84
9,FLFC4HH,2,10,115,97
9,HQF44QH,1,10,311,88
9,SLF44,12,10,338,81
10,HUF44UQX,6,10,213,90
9,MKF44H,6,10,106,100
12,PPF44Q2G,14,10,GYM2,100
12,PPF44Q3G,14,10,GYM2,98
9,PHF44Q3,9,10,B17,83
9,PPF44Q2G,15,10,GYM2,70
9,ULFC4TP,6,10,B39,65
9,EEFG4,9,10,349,85
10,HUF44UQX,6,10,213,90
10,ULFC4TP,6,10,B39,87
10,MRF44QG,13,10,205,72
12,PGF44Q2C,9,10,GYM1,96
12,PGF44Q3C,9,10,GYM1,95
10,HUF44HQB,3,10,333,91
9,SLF44QT,7,10,238,80
9,FFFC4H,2,10,111,96
9,EEFG4,9,10,349,70
10,PPF44Q2G,14,10,GYM2,92
10,UAF44H3,8,10,235,100
9,HGF84QF,3,10,334A,81
10,EEF88QG,13,10,336,75
10,EEF88,7,10,331,71
10,HUF44HQB,3,10,333,94
10,EEF88,7,10,331,68
10,FMFC8,5,10,215,85
10,FMFC8,5,10,215,75
10,FMFC8H,5,10,215,92
11,MRF44H,26,10,208,100
9,SLF44HG,7,10,238,96
10,HUF44UQX,6,10,213,83
12,EEF44UCC,3,10,347,90
9,FMFC4H,4,10,116,100
9,MEF44H,7,10,207,90
9,MEF44HG,9,10,211,90
10,PPF44Q2G,15,10,GYM2,95
10,UAF44H3,8,10,235,93
9,ULFC4TP,6,10,B39,93
10,SCF44HG,5,10,141,91
11,MRF44HG,14,10,107,100
11,PPF44Q2B,18,10,GYM3,90
11,PPF44Q3B,18,10,GYM3,95
9,MEF44QW,3,10,104,80
11,SPF44,8,10,229,79
9,MEF88QG,3,10,105,65
11,SDF44HGE,5,10,341,92
10,MEF88QT,3,10,105,65
9,HGF88QGD,4,10,313,71
9,MEF44QW,3,10,104,88
11,SPF44,8,10,229,80
9,SDF44,3,10,226,87
9,FLFC4HH,2,10,115,100
11,BCF44T,28,10,204,100
11,MKFC4TC,6,10,322,65
9,HQF44QH,1,10,311,88
12,BCF44T,38,10,204,95
12,PPF44Q2B,19,10,GYM3,100
9,FSFC8,13,10,122,73
9,SLF44H,12,10,338,97
11,SDF44HGE,5,10,341,95
12,PPF44Q2B,18,10,GYM3,98
12,PPF44Q3B,18,10,GYM3,95
9,UAF44Q3,8,10,235,66
11,MRF44QG,13,10,205,71
10,PPF44Q2G,14,10,GYM2,82
10,UAF44H3,8,10,235,100
9,FFFC4,2,10,111,85
10,HUF44QQB,3,10,333,77
11,MRF44,26,10,208,86
9,HGF88QQD,6,10,316,67
10,EEF88,7,10,331,85
9,FKFC4,6,10,114,85
9,HGF88HQD,6,10,316,99
9,EEF88QG,13,10,336,70
12,BCF44T,28,10,204,100
12,PPF44Q3G,14,10,GYM2,90
10,BCF44T,28,10,204,100
10,PPF44Q3G,14,10,GYM2,93
9,EEF88,7,10,331,73
9,MEF44QW,3,10,104,88
10,FSFC8,13,10,122,82
9,AWF84,5,10,222,86
9,SLF44HG,7,10,238,91
11,PPF44Q2G,14,10,GYM2,90
11,PPF44Q3G,14,10,GYM2,89
10,FFFC4,2,10,111,71
10,MKFC4TC,6,10,322,96
10,PGF44Q3C,9,10,GYM1,95
10,UAF44H2,8,10,235,96
9,EEFG4,9,10,349,83
10,BCF44T,38,10,204,100
10,PPF44Q2G,15,10,GYM2,100
9,SDF44H,3,10,226,94
11,AUFC4TA,6,10,232,100
9,PGF44Q2C,9,10,GYM1,95
9,PPF44Q3G,14,10,GYM2,93
11,SDF44QTE,5,10,341,85
9,PHF44Q3,9,10,B17,84
9,PPF44Q2G,15,10,GYM2,90
10,BCF44T,38,10,204,100
10,PPF44Q2G,15,10,GYM2,95
9,PHF44Q3,9,10,B17,88
9,PPF44Q2B,19,10,GYM3,100
9,AUFC4TA,6,10,232,87
11,EEFGGHTC,4,10,250,92
9,PHF44Q3,9,10,B17,70
9,PPF44Q2B,19,10,GYM3,90
10,FSFC8,13,10,122,77
11,MRF44,26,10,208,88
10,PPF44Q2G,15,10,GYM2,80
10,PPF44Q3G,15,10,GYM2,70
9,SLF44QF,2,10,231,73
9,SLF44HF,2,10,231,100
9,HQF44HH,1,10,311,90
9,MEF88HG,3,10,105,91
10,HUF44UQX,6,10,213,83
9,HGF84QF,3,10,334A,67
9,MKF44H,6,10,106,98
11,EEF88,7,10,331,70
9,SLF44,11,10,228,71
11,SDF44QTE,5,10,341,85
9,EEFG4,9,10,349,68
11,BCF44T,38,10,204,100
10,AUFC4TA,6,10,232,90
9,PPF44Q2B,18,10,GYM3,70
12,MEF88QT,3,10,105,85
9,MEF44HG,10,10,203,93
10,EEF88HG,13,10,336,98
9,SLF44,12,10,338,87
9,MEF44,7,10,207,85
10,SCF44H,14,10,139,96
9,MKF44H,6,10,106,90
9,FKFC4,6,10,114,65
9,EEF88,8,10,146,88
9,SLF44,11,10,228,86
10,HQFC4TH,2,10,323,87
12,SCF44,13,10,138,65
9,SLF44,11,10,228,87
9,EEFCCHQD,1,10,346,95
10,EEF88,8,10,146,65
9,SDF44,3,10,226,79
9,SDF44,3,10,226,77
10,PGF44Q2C,9,10,GYM1,95
10,UAF44H3,8,10,235,92
12,PGF44Q3C,9,10,GYM1,95
9,HGF88HQD,10,10,326,99
10,EEF88QT,13,10,336,77
9,MEF88QG,3,10,105,65
10,SPF44,8,10,229,86
10,HUF44UQX,6,10,213,88
9,HGF88QQD,6,10,316,82
11,SDF44HGE,5,10,341,92
11,SPF44,8,10,229,76
11,MRF44QG,13,10,205,87
11,ULFC4TP,6,10,B39,85
10,HUF44QG,6,10,315,88
11,EEFGGQTC,4,10,250,71
10,PPF44Q2G,15,10,GYM2,80
10,PPF44Q3G,15,10,GYM2,70
9,PPF44Q2G,14,10,GYM2,73
9,UAF44Q3,8,10,235,82
11,UAF88H2,8,10,235,94
9,FKFC4,6,10,114,65
9,FFFC4,2,10,111,72
11,MRF44,26,10,208,86
9,EEFG4,9,10,349,72
9,FJFC4H,3,10,124,97
11,SPF44,8,10,229,69
9,HGF88QQD,10,10,326,89
10,SPF44H,8,10,229,91
9,FKFC4H,6,10,114,98
10,PPF44Q3B,19,10,GYM3,100
10,UAF44Q2,8,10,235,74
10,HQFC4TH,2,10,323,92
9,AWF84,5,10,222,86
9,FLFC4HH,2,10,115,99
9,HUF44HG,6,10,315,94
9,PHF44Q2,9,10,B17,81
9,PPF44Q3G,14,10,GYM2,77
11,MRF44H,26,10,208,91
11,BCF44T,38,10,204,100
11,PPF44Q2G,14,10,GYM2,90
10,HQFC4TH,2,10,323,91
11,EEF88QW,5,10,246,83
9,SLF44,12,10,338,89
12,PPF44Q3B,19,10,GYM3,70
10,BCF44T,28,10,204,100
10,PGF44Q3C,9,10,GYM1,93
10,HQFC4TH,2,10,323,92
10,PPF44Q2B,19,10,GYM3,100
10,UAF44H3,8,10,235,96
9,SCF44QG,5,10,141,82
10,HUF44QT,6,10,315,70
9,PPF44Q2B,19,10,GYM3,95
9,PHF44H2,9,10,B17,93
9,PPF44Q3B,19,10,GYM3,100
10,EEF88HG,13,10,336,92
11,PGF44Q3C,9,10,GYM1,100
11,UAF88H2,8,10,235,100
9,SLF44QG,7,10,238,87
10,MRF44H,26,10,208,100
11,SDF44HGE,5,10,341,94
9,HGF88HGD,4,10,313,92
9,FJFC4,3,10,124,65
12,ULFC4TP,6,10,B39,80
9,EEFCCHQD,1,10,346,91
9,MEF44QG,9,10,211,87
12,PPF44Q3B,19,10,GYM3,70
12,EEFGGQTC,4,10,250,65
9,SLF44,11,10,228,68
10,MRF44HG,13,10,205,99
9,MEF44HT,9,10,211,90
9,AWF84,5,10,222,83
9,PHF44H3,9,10,B17,95
9,PPF44Q2B,18,10,GYM3,98
11,MKFC4TC,6,10,322,89
9,FMFC4H,4,10,116,91
9,SLF44HF,2,10,231,96
9,PPF44Q3B,19,10,GYM3,65
11,MRF44,26,10,208,72
9,FKFC4,6,10,114,87
9,HQF44HH,1,10,311,92
11,ULFC4TP,6,10,B39,80
9,PPF44Q2G,15,10,GYM2,95
9,PPF44Q3G,15,10,GYM2,95
11,EEF88,7,10,331,85
9,EEFG4H,9,10,349,93
9,HQF44HH,1,10,311,93
10,HUF44UQX,6,10,213,83
9,SLF44,12,10,338,78
10,SCF44HG,5,10,141,99
9,FLFC4HH,2,10,115,94
11,EEF88QT,13,10,336,70
9,SLF44H,12,10,338,95
9,HQF44QH,1,10,311,75
9,HGF84HF,3,10,334A,95
10,EEF88HG,13,10,336,99
11,SDF44HGE,5,10,341,90
12,SPF44,8,10,229,80
9,HGF88HQD,10,10,326,91
9,SLF44H,12,10,338,96
11,PPF44Q2G,15,10,GYM2,100
11,PPF44Q3G,14,10,GYM2,89
10,HQFC4TH,2,10,323,95
9,FJFC4,3,10,124,80
11,PPF44Q3B,18,10,GYM3,95
9,MEF44,7,10,207,89
10,MKFC4TC,6,10,322,81
9,MRF44H,26,10,208,100
9,PHF44Q2,9,10,B17,86
9,PPF44Q3G,14,10,GYM2,93
11,MRF44H,26,10,208,90
9,MKF44H,6,10,106,98
11,SPF44H,8,10,229,90
9,FMFC4H,4,10,116,95
9,SDF44H,3,10,226,94
11,SDF44H,3,10,226,95
9,SLF44,12,10,338,88
9,SLF44QF,2,10,231,76
10,PGF44Q2C,9,10,GYM1,75
10,UAF88Q3,8,10,235,67
11,PGF44Q2C,9,10,GYM1,90
11,PGF44Q3C,9,10,GYM1,94
9,FJFC4H,3,10,124,95
9,FMFC4H,4,10,116,94
9,FSFC8,13,10,122,89
10,SDF44QTE,5,10,341,65
9,SLF44,12,10,338,65
10,SCF44,14,10,139,76
11,FFFC4,2,10,111,69
11,MRF44QG,13,10,205,77
10,EEFCCQQD,1,10,346,66
11,HUF44QQB,3,10,333,65
10,FMFC8H,5,10,215,100
10,MKFC4TC,6,10,322,100
11,MRF44,26,10,208,79
9,HGF84QF,3,10,334A,85
11,SPF44,8,10,229,89
11,PPF44Q2B,19,10,GYM3,100
9,SLF44QF,2,10,231,70
9,MKF44,6,10,106,65
9,PHF44Q3,9,10,B17,87
9,PPF44Q2G,15,10,GYM2,90
9,HQF44QH,1,10,311,85
9,SLF44QF,2,10,231,67
9,FMFC4H,4,10,116,100
9,SLF44QF,2,10,231,69
10,HQFC4TH,2,10,323,94
10,EEF88,7,10,331,70
9,FMFC4,4,10,116,87
10,SCF44HG,5,10,141,92
10,BCF44T,38,10,204,100
10,PPF44Q2G,15,10,GYM2,90
9,HGF88HGD,4,10,313,92
10,FMFC8H,5,10,215,90
10,HUF44,4,10,314,76
9,MEF44H,7,10,207,93
10,HUF44UQX,6,10,213,90
10,SCF44HG,5,10,141,93
12,PQF44Q2Y,10,10,251,100
12,PQF44Q3Y,10,10,251,100
9,HQF44HH,1,10,311,93
9,HQF44HH,1,10,311,92
9,FJFC4H,3,10,124,95
11,MRF44H,26,10,208,100
9,HGF88QQD,10,10,326,83
9,FMFC4H,4,10,116,100
10,HQFC4TH,2,10,323,93
10,HUF44,4,10,314,75
11,PGF44Q2C,9,10,GYM1,65
11,PGF44Q3C,9,10,GYM1,65
11,PPF44Q2B,18,10,GYM3,95
11,PPF44Q3B,18,10,GYM3,95
10,PPF44Q3B,18,10,GYM3,95
10,UAF44Q2,8,10,235,89
10,PPF44Q3G,14,10,GYM2,95
10,UAF44H2,8,10,235,100
9,FMFC4H,4,10,116,100
10,BCF44T,38,10,204,100
10,PPF44Q2G,15,10,GYM2,80
10,FMFC8H,5,10,215,99
9,FMFC8,5,10,215,78
9,FMFC4H,4,10,116,97
10,PPF44Q2G,14,10,GYM2,98
10,PPF44Q3G,14,10,GYM2,95
9,FLFC4HH,2,10,115,95
10,PPF44Q2B,18,10,GYM3,95
10,UAF44Q3,8,10,235,68
10,EEF88H,8,10,146,96
9,HGF88HQD,10,10,326,97
10,PPF44Q2G,14,10,GYM2,95
10,PPF44Q3G,14,10,GYM2,95
9,MKFC4TC,6,10,322,65
9,FMFC4H,4,10,116,97
9,PHF44Q2,9,10,B17,84
9,PPF44Q3G,15,10,GYM2,90
10,HQFC4TH,2,10,323,91
9,EEFG4,9,10,349,80
12,BCF44T,38,10,204,100
12,PPF44Q2G,14,10,GYM2,95
9,SDF44H,3,10,226,96
11,EEFCCHQD,1,10,346,92
9,HGF88HGD,4,10,313,96
11,HUF44H,4,10,314,94
11,EEF44UCC,3,10,347,76
9,HGF84QF,3,10,334A,65
9,MEF44,7,10,207,75
10,MKFC4TC,6,10,322,76
11,PPF44Q2B,18,10,GYM3,90
11,PPF44Q3B,18,10,GYM3,85
12,BCF44T,38,10,204,100
10,PPF44Q3B,18,10,GYM3,95
10,UAF44H2,8,10,235,93
9,SLF44HF,2,10,231,99
9,PHF44H2,9,10,B17,92
9,PPF44Q3B,19,10,GYM3,90
10,AUFC4TA,6,10,232,100
9,FFFC4H,2,10,111,92
11,SDF44HGE,5,10,341,94
10,HUF44QQB,3,10,333,65
10,FMFC8H,5,10,215,95
9,HGF88QWD,20,10,307,70
11,HUF44,4,10,314,89
10,HUF44,4,10,314,84
11,PPF44Q2B,19,10,GYM3,100
11,PPF44Q3B,18,10,GYM3,95
9,PHF44H2,9,10,B17,91
9,PPF44Q3B,18,10,GYM3,95
10,SPF44,8,10,229,84
10,HUF44,4,10,314,89
11,SDF44HGE,5,10,341,92
9,PHF44Q3,9,10,B17,87
9,PPF44Q2B,18,10,GYM3,90
9,FLFC4HH,2,10,115,96
10,HQFC4TH,2,10,323,85
9,PPF44Q2G,14,10,GYM2,68
9,PPF44Q3G,14,10,GYM2,83
11,MRF44QT,14,10,107,73
9,PHF44Q2,9,10,B17,74
9,PPF44Q3B,18,10,GYM3,85
11,PPF44Q2G,15,10,GYM2,90
11,UAF44Q3,8,10,235,70
9,MEF44HT,9,10,211,90
12,BCF44T,38,10,204,95
12,PPF44Q2B,18,10,GYM3,70
9,SCF44,14,10,139,66
9,HGF88QQD,10,10,326,68
9,FLFC4HH,2,10,115,97
9,FJFC4,3,10,124,82
10,PPF44Q3B,19,10,GYM3,90
11,SDF44QGE,5,10,341,87
11,PPF44Q2G,15,10,GYM2,80
11,PPF44Q3G,15,10,GYM2,90
10,HQFC4TH,2,10,323,91
10,FMFC8H,5,10,215,94
11,SPF44,8,10,229,85
12,EEF44UCC,3,10,347,96
9,SLF44,11,10,228,85
10,HUF44QG,6,10,315,70
10,FMFC8H,5,10,215,94
9,HQF44HH,1,10,311,96
11,PPF44Q2B,19,10,GYM3,65
11,MRF44,26,10,208,83
9,SLF44QF,2,10,231,65
10,SCF44QT,5,10,141,65
10,PPF44Q3B,19,10,GYM3,100
10,UAF44H2,8,10,235,100
10,AUFC4TA,6,10,232,100
10,PGF44Q3C,9,10,GYM1,93
10,UAF44H2,8,10,235,100
11,UAF88H3,8,10,235,90
9,SLF44,11,10,228,88
9,EEFGGHGC,4,10,250,97
9,SLF44,11,10,228,81
9,HGF88HGD,4,10,313,100
11,MRF44QT,14,10,107,65
10,BCF44T,28,10,204,100
10,PPF44Q3G,14,10,GYM2,83
12,MRF44QT,13,10,205,70
9,SDF44H,3,10,226,93
9,SLF44HG,7,10,238,90
11,MKF44,6,10,106,65
9,HGF88HQD,6,10,316,94
10,EEF88,7,10,331,70
11,SDF44HGE,5,10,341,90
9,FFFC4,2,10,111,67
9,MKF44,6,10,106,85
10,SPF44,8,10,229,84
9,MKF44H,6,10,106,98
9,HGF84QF,3,10,334A,74
9,SLF44H,12,10,338,98
9,PPF44Q3B,18,10,GYM3,90
12,PPF44Q2B,18,10,GYM3,90
12,PPF44Q3B,18,10,GYM3,90
10,EEF88,7,10,331,67
9,FLFC4HH,2,10,115,98
9,HGF88QTD,4,10,313,66
10,FSFC8,13,10,122,75
9,FLFC4QH,2,10,115,85
11,PPF44Q2B,19,10,GYM3,80
10,BCF44T,28,10,204,80
10,PPF44Q3B,19,10,GYM3,100
10,SCF44H,13,10,138,90
12,AUFC4TA,6,10,232,78
9,FMFC4,4,10,116,84
10,PPF44Q2B,19,10,GYM3,90
10,UAF44Q3,8,10,235,66
9,SLF44QG,7,10,238,85
9,BCF44T,38,10,204,90
9,PHF44H2,9,10,B17,90
9,PPF44Q3B,18,10,GYM3,95
9,SLF44,11,10,228,82
10,EEF88QW,5,10,246,65
9,HGF88HGD,4,10,313,94
9,MEF44QG,9,10,211,75
9,PPF44Q3G,14,10,GYM2,65
11,SDF44QGE,5,10,341,77
10,HUF44UQX,6,10,213,88
9,SLF44QF,2,10,231,73
9,FLFC4QH,2,10,115,83
9,SLF44QF,2,10,231,77
11,MKF44,6,10,106,65
10,PPF44Q3B,19,10,GYM3,100
10,UAF44H2,8,10,235,100
9,EEF88,7,10,331,70
9,PPF44Q2B,19,10,GYM3,100
9,UAF44Q3,8,10,235,71
9,SLF44,12,10,338,82
9,SLF44,11,10,228,70
9,FFFC4H,2,10,111,94
11,EEFGGQTC,4,10,250,65
10,MRF44QG,14,10,107,68
9,MEF44QG,10,10,203,82
10,ULFC4TP,6,10,B39,65
9,HGF88QWD,20,10,307,65
11,PPF44Q2G,15,10,GYM2,90
11,PPF44Q3G,15,10,GYM2,70
9,SLF44,11,10,228,81
9,HGF88QQD,10,10,326,70
12,SCF44QT,5,10,141,65
9,HUF44QT,6,10,315,75
10,HUF44QQB,3,10,333,77
9,EEFG4H,9,10,349,98
12,BCF44T,38,10,204,100
12,UAF88H2,8,10,235,95
10,HQFC4TH,2,10,323,88
11,SCF44,13,10,138,67
11,EEFGGQGC,4,10,250,83
9,MEF44QG,10,10,203,82
11,ULFC4TP,6,10,B39,99
9,MEF44QT,9,10,211,80
9,MEF44QG,9,10,211,75
12,PPF44Q2B,18,10,GYM3,90
12,PPF44Q3B,19,10,GYM3,100
9,FKFC4,6,10,114,65
10,BCF44T,38,10,204,100
10,PPF44Q2G,14,10,GYM2,95
9,MEF88QG,3,10,105,65
11,FSFC8,13,10,122,65
12,PPF44Q3B,19,10,GYM3,85
9,SLF44QF,2,10,231,82
9,SLF44,11,10,228,78
11,PGF44Q3C,9,10,GYM1,70
11,PPF44Q2B,18,10,GYM3,80
9,PGF44Q2C,9,10,GYM1,90
9,UAF44Q3,8,10,235,75
9,HGF88QQD,6,10,316,80
10,PGF44Q3C,9,10,GYM1,95
10,UAF44H2,8,10,235,92
9,PHF44H3,9,10,B17,95
9,PPF44Q2B,19,10,GYM3,90
9,ULFC4TP,6,10,B39,65
9,SLF44H,12,10,338,95
9,SLF44QG,7,10,238,76
11,UAF88Q2,8,10,235,75
10,PPF44Q3B,19,10,GYM3,100
10,UAF44Q2,8,10,235,87
9,SLF44QT,7,10,238,83
10,MRF44QT,13,10,205,65
9,MEF44,7,10,207,65
9,SDF44H,3,10,226,95
9,EEF88QW,5,10,246,69
9,FLFC4HH,2,10,115,93
11,AUFC4TA,6,10,232,83
9,EEF88QT,13,10,336,74
11,ULFC4TP,6,10,B39,78
10,FSFC8,13,10,122,70
11,EEF44UCC,3,10,347,76
9,HGF88HQD,6,10,316,98
11,EEFGGQGC,4,10,250,81
11,EEF44UCC,3,10,347,75
9,FFFC4H,2,10,111,96
9,HGF84QF,3,10,334A,67
9,HGF88QQD,6,10,316,80
10,EEF88,8,10,146,65
10,PPF44Q2G,15,10,GYM2,80
10,PPF44Q3G,15,10,GYM2,80
11,SPF44,8,10,229,70
10,SCF44,14,10,139,84
10,MRF44QG,14,10,107,65
9,FKFC4H,6,10,114,100
11,MRF44QG,13,10,205,65
9,FFFC4H,2,10,111,97
9,SDF44H,3,10,226,92
12,PPF44Q2B,18,10,GYM3,90
12,PPF44Q3B,18,10,GYM3,95
9,HQF44HH,1,10,311,94
9,HQF44HH,1,10,311,93
12,EEF44UCC,3,10,347,88
11,PGF44Q2C,9,10,GYM1,92
11,PGF44Q3C,9,10,GYM1,92
9,PHF44Q3,9,10,B17,77
9,PPF44Q2G,14,10,GYM2,87
9,FFFC4H,2,10,111,97
9,PGF44Q2C,9,10,GYM1,95
9,PHF44H3,9,10,B17,96
9,HGF88QQD,10,10,326,70
10,SCF44,13,10,138,86
10,EEF88HG,13,10,336,94
9,SLF44,11,10,228,73
10,EEF88QG,13,10,336,82
10,EEFCCQQD,1,10,346,66
10,EEF88H,8,10,146,93
11,AUFC4TA,6,10,232,100
9,SDF44H,3,10,226,94
9,MRF44QT,14,10,107,65
9,SLF44QF,2,10,231,73
11,EEF44UCC,3,10,347,78
10,FMFC4H,4,10,116,92
11,MRF44QG,14,10,107,84
9,FKFC4,6,10,114,65
11,HUF44,4,10,314,77
9,SLF44QT,7,10,238,74
11,EEFGGQGC,4,10,250,68
9,FSFC8,13,10,122,87
9,SLF44QF,2,10,231,70
11,MRF44QG,13,10,205,65
9,FFFC4,2,10,111,83
10,AUFC4TA,6,10,232,91
9,HGF88QQD,10,10,326,68
9,HGF88QQD,6,10,316,80
11,FSFC8,13,10,122,65
10,MKFC4TC,6,10,322,87
9,EEFCCQQD,1,10,346,65
10,SPF44,8,10,229,80
9,SLF44H,12,10,338,91
9,MKF44H,6,10,106,95
11,SCF44,13,10,138,65
9,HGF88QQD,6,10,316,70
9,SCF44,13,10,138,67
11,MRF44,26,10,208,82
9,MKF44,6,10,106,70
9,SLF44QF,2,10,231,73
11,MRF44QG,14,10,107,74
10,BCF44T,38,10,204,100
10,PPF44Q2B,19,10,GYM3,90
10,MEF88QG,3,10,105,70
9,FFFC4,2,10,111,84
10,PPF44Q2B,19,10,GYM3,65
10,PPF44Q3B,18,10,GYM3,75
10,EEF88,7,10,331,70
11,MRF44QG,13,10,205,68
9,FKFC4,6,10,114,80
9,EEFCCQQD,1,10,346,70
9,EEFG4,9,10,349,65
9,FLFC4HH,2,10,115,99
10,FMFC8,5,10,215,79
9,MEF88QG,3,10,105,70
9,FMFC8H,5,10,215,98
9,FLFC4HH,2,10,115,99
9,FMFC4,4,10,116,85
9,HGF88HQD,10,10,326,97
9,MEF44HG,10,10,203,95
9,FJFC4H,3,10,124,95
11,SCF44,14,10,139,80
11,PPF44Q3G,15,10,GYM2,80
10,HQFC4TH,2,10,323,91
10,EEF88,7,10,331,80
10,EEF88,8,10,146,79
9,HGF88QQD,10,10,326,88
12,EEF44UCC,3,10,347,95
9,MEF44HG,9,10,211,100
10,EEF88QT,13,10,336,83
9,MEF44,7,10,207,88
9,SLF44QF,2,10,231,76
9,FFFC4,2,10,111,65
10,SCF44QT,5,10,141,76
10,FSFC8,13,10,122,77
9,MKF44,6,10,106,65
10,PPF44Q2G,15,10,GYM2,95
10,UAF44H3,8,10,235,94
10,EEF88,7,10,331,85
10,SCF44,13,10,138,78
10,BCF44T,38,10,204,90
10,PPF44Q2B,18,10,GYM3,90
9,PPF44Q2B,19,10,GYM3,70
9,PPF44Q3B,19,10,GYM3,75
9,EEFG4,9,10,349,75
9,PHF44H3,9,10,B17,92
9,PPF44Q2G,14,10,GYM2,86
9,SLF44QF,2,10,231,65
10,EEF88,7,10,331,65
11,MRF44,26,10,208,88
9,HGF88QQD,6,10,316,65
9,HUF44QG,6,10,315,72
11,PPF44Q2G,15,10,GYM2,70
11,PPF44Q3G,14,10,GYM2,82
9,FLFC4HH,2,10,115,92
9,FLFC4HH,2,10,115,100
11,UAF88Q2,8,10,235,66
12,HQFC4TH,2,10,323,83
10,MKFC4TC,6,10,322,97
11,PPF44Q2B,19,10,GYM3,65
11,PPF44Q3B,19,10,GYM3,65
11,SDF44HGE,5,10,341,90
9,HGF84QF,3,10,334A,70
9,HGF88QTD,4,10,313,80
9,MEF44QT,9,10,211,85
9,HGF88HQD,6,10,316,90
9,HGF88QQD,10,10,326,65
9,SLF44QG,7,10,238,82
10,SDF44HGE,5,10,341,93
10,FSFC8,13,10,122,65
9,SCF44HG,5,10,141,100
11,EEFCCHQD,1,10,346,94
10,PPF44Q3G,15,10,GYM2,95
10,UAF44H2,8,10,235,99
10,MRF44QG,14,10,107,69
10,PGF44Q2C,9,10,GYM1,95
10,PGF44Q3C,9,10,GYM1,95
10,MEF88QT,3,10,105,75
9,MRF44,26,10,208,87
10,SCF44,13,10,138,85
11,PPF44Q2B,18,10,GYM3,65
10,MRF44H,26,10,208,100
10,HUF44UQX,6,10,213,92
10,HUF44H,4,10,314,92
10,MRF44,26,10,208,72
10,HQFC4TH,2,10,323,84
9,PHF44H2,9,10,B17,93
9,PPF44Q3G,14,10,GYM2,89
10,HUF44QQB,3,10,333,83
9,HGF88QGD,4,10,313,80
9,EEFG4H,9,10,349,91
9,EEF88,8,10,146,89
9,MKF44,6,10,106,65
11,EEF44UCC,3,10,347,88
11,AUFC4TA,6,10,232,85
10,PPF44Q2G,15,10,GYM2,80
10,UAF44H3,8,10,235,90
9,HUF44,4,10,314,73
9,FKFC4,6,10,114,65
9,FKFC4,6,10,114,75
9,EEFG4H,9,10,349,97
9,FSFC8H,13,10,122,92
9,FJFC4,3,10,124,70
9,MKF44,6,10,106,65
9,PHF44Q3,9,10,B17,85
9,PPF44Q2B,19,10,GYM3,90
10,MEF88QT,3,10,105,81
9,SDF44,3,10,226,77
10,HQFC4TH,2,10,323,83
9,PHF44Q3,9,10,B17,88
9,PPF44Q2B,19,10,GYM3,100
10,BCF44T,28,10,204,100
10,PPF44Q3G,15,10,GYM2,80
11,EEF44UCC,3,10,347,90
9,MKF44H,6,10,106,100
11,EEF44UCC,3,10,347,75
9,UAF44Q2,8,10,235,82
9,UAF44Q3,8,10,235,82
9,FJFC4H,3,10,124,93
10,EEF88H,8,10,146,91
10,MRF44QT,13,10,205,81
9,HUF44QQB,3,10,333,70
9,HQF44HH,1,10,311,92
9,FKFC4,6,10,114,77
10,EEF88,7,10,331,72
9,SCF44,14,10,139,85
10,MEF88QG,3,10,105,65
11,BCF44T,38,10,204,75
11,SCF44,14,10,139,65
10,EEF88H,7,10,331,91
11,EEF44UCC,3,10,347,67
9,MEF44QG,10,10,203,75
11,MRF44QG,14,10,107,67
10,HUF44HQB,3,10,333,91
9,PPF44Q2G,14,10,GYM2,84
9,PPF44Q3G,15,10,GYM2,85
11,PPF44Q3B,18,10,GYM3,85
11,UAF88H2,8,10,235,100
9,MEF44QG,10,10,203,75
9,PHF44H2,9,10,B17,90
9,PPF44Q3B,18,10,GYM3,85
11,SCF44,14,10,139,85
9,FJFC4,3,10,124,83
9,FFFC4,2,10,111,72
9,PHF44Q2,9,10,B17,65
9,PPF44Q3G,15,10,GYM2,65
9,AWF84,5,10,222,65
9,FKFC4H,6,10,114,100
9,MEF88QT,3,10,105,65
9,MEF44QG,10,10,203,70
10,MRF44QG,14,10,107,82
10,FMFC8H,5,10,215,99
9,FLFC4HH,2,10,115,98
9,PPF44Q2B,19,10,GYM3,100
9,MEF44QT,10,10,203,66
9,EEFG4,9,10,349,65
11,PPF44Q3G,15,10,GYM2,65
10,HUF44,4,10,314,65
9,HQF44HH,1,10,311,91
10,PPF44Q2B,19,10,GYM3,100
10,PPF44Q3B,18,10,GYM3,90
11,PPF44Q2G,15,10,GYM2,80
11,PPF44Q3G,15,10,GYM2,85
9,HGF88QWD,20,10,307,80
10,BCF44T,28,10,204,100
10,PPF44Q3G,15,10,GYM2,80
10,ULFC4TP,6,10,B39,65
10,HUF44HQB,3,10,333,90
10,HUF44QQB,3,10,333,88
9,MEF88QG,3,10,105,65
9,MEF88QG,3,10,105,65
9,SLF44,12,10,338,88
9,PHF44Q3,9,10,B17,77
9,PPF44Q2G,15,10,GYM2,90
9,SDF44,3,10,226,86
11,BCF44T,38,10,204,100
11,PGF44Q2C,9,10,GYM1,96
9,PPF44Q3G,14,10,GYM2,65
9,HGF88QGD,4,10,313,80
10,HUF44,4,10,314,65
10,PPF44Q2G,14,10,GYM2,90
10,PPF44Q3G,14,10,GYM2,90
10,HUF44QQB,3,10,333,70
10,HUF44QT,6,10,315,75
9,HUF44QQB,3,10,333,86
11,PPF44Q3G,15,10,GYM2,80
9,SLF44H,12,10,338,90
9,PHF44Q3,9,10,B17,65
9,PPF44Q2G,14,10,GYM2,65
10,MRF44QG,13,10,205,77
11,EEFGGHTC,4,10,250,100
9,HGF88HWD,20,10,307,90
10,BCF44T,28,10,204,87
10,PGF44Q3C,9,10,GYM1,97
12,EEFGGQGC,4,10,250,88
9,HQF44HH,1,10,311,90
10,ULFC4TP,6,10,B39,83
10,PPF44Q2B,18,10,GYM3,80
10,PPF44Q3B,19,10,GYM3,80
9,PPF44Q3B,19,10,GYM3,80
9,MEF44QT,10,10,203,70
9,EEFG4,9,10,349,65
9,SLF44QG,7,10,238,66
9,SLF44H,12,10,338,90
9,MEF44,7,10,207,77
10,HUF44UQX,6,10,213,87
10,PPF44Q3B,19,10,GYM3,90
10,UAF44H2,8,10,235,93
10,FMFC8H,5,10,215,96
9,EEFG4,9,10,349,70
11,PGF44Q2C,9,10,GYM1,90
9,HGF88QQD,10,10,326,83
9,MKF44,6,10,106,75
9,SCF44,13,10,138,65
10,HQFC4TH,2,10,323,85
9,FMFC4,4,10,116,71
11,FSFC8,13,10,122,65
9,MEF44,7,10,207,65
9,MEF44QT,9,10,211,71
10,PPF44Q3B,19,10,GYM3,90
10,UAF44Q2,8,10,235,67
9,HGF88QQD,6,10,316,87
10,PPF44Q2B,18,10,GYM3,98
10,UAF44H3,8,10,235,96
10,EEF88,7,10,331,80
11,PGF44Q2C,9,10,GYM1,90
11,PGF44Q3C,9,10,GYM1,90
10,PPF44Q2B,18,10,GYM3,80
10,PPF44Q3B,18,10,GYM3,85
10,SDF44QTE,5,10,341,65
9,AWF84,5,10,222,76
9,MEF44QG,9,10,211,82
9,PHF44Q2,9,10,B17,65
10,AUFC4TA,6,10,232,100
11,PPF44Q3G,14,10,GYM2,65
9,HGF88QQD,10,10,326,71
11,EEFGGQGC,4,10,250,65
10,EEF88QG,13,10,336,65
11,HQFC4TH,2,10,323,80
9,MEF88QG,3,10,105,65
9,HGF88QQD,6,10,316,75
10,HUF44QQB,3,10,333,88
10,SCF44,13,10,138,72
9,MKF44,6,10,106,75
9,PPF44Q2B,19,10,GYM3,65
11,MRF44H,26,10,208,91
9,PGF44Q3C,9,10,GYM1,92
9,PHF44H2,9,10,B17,95
10,PPF44Q2B,18,10,GYM3,95
10,UAF44H3,8,10,235,100
9,PHF44Q3,9,10,B17,83
9,PPF44Q2G,15,10,GYM2,90
11,AUFC4TA,6,10,232,100
11,EEFGGQGC,4,10,250,65
11,SDF44QGE,5,10,341,65
10,SCF44,13,10,138,72
9,HGF88HGD,4,10,313,97
9,FFFC4,2,10,111,68
11,EEFGGHGC,4,10,250,92
9,FFFC4H,2,10,111,90
10,HUF44QQB,3,10,333,65
9,FFFC4H,2,10,111,93
9,SLF44,11,10,228,84
11,SDF44QTE,5,10,341,65
11,PPF44Q2B,19,10,GYM3,75
11,UAF88Q3,8,10,235,65
11,FKFC4,6,10,114,74
9,HGF84QF,3,10,334A,67
11,HQFC4TH,2,10,323,90
12,BCF44T,38,10,204,100
12,PPF44Q2B,18,10,GYM3,98
10,EEF88,8,10,146,82
10,HUF44UQX,6,10,213,95
9,FLFC4HH,2,10,115,100
10,HUF44QG,6,10,315,80
9,MEF44H,7,10,207,97
9,PHF44H2,9,10,B17,95
9,PPF44Q3G,15,10,GYM2,90
10,MRF44QG,14,10,107,84
10,HUF44QQB,3,10,333,65
10,HUF44UQX,6,10,213,87
9,SLF44,12,10,338,87
9,SLF44QT,7,10,238,72
10,SCF44,13,10,138,81
11,PGF44Q3C,9,10,GYM1,92
11,PPF44Q2B,18,10,GYM3,90
10,HUF44HQB,3,10,333,96
9,FFFC4,2,10,111,80
9,EEFG4H,9,10,349,95
9,HQF44QH,1,10,311,85
10,HUF44UQX,6,10,213,80
10,MKFC4TC,6,10,322,90
11,SPF44,8,10,229,88
10,SCF44QG,5,10,141,65
11,SCF44QT,5,10,141,67
10,BCF44T,28,10,204,65
10,PPF44Q3B,18,10,GYM3,85
11,EEF88,8,10,146,69
10,EEF88,7,10,331,80
9,EEFG4H,9,10,349,95
10,HUF44QG,6,10,315,81
10,BCF44T,28,10,204,100
10,PPF44Q3B,18,10,GYM3,85
11,HUF44QG,6,10,315,71
10,SCF44,13,10,138,65
9,FSFC8H,13,10,122,93
9,EEFCCHQD,1,10,346,94
10,SCF44,13,10,138,82
9,MEF44QW,3,10,104,65
11,PGF44Q2C,9,10,GYM1,98
11,PGF44Q3C,9,10,GYM1,99
10,EEF88HG,13,10,336,96
10,EEF88,8,10,146,89
10,SCF44,14,10,139,79
9,HQF44HH,1,10,311,92
10,MEF88QT,3,10,105,65
10,FSFC8,13,10,122,65
9,FLFC4HH,2,10,115,100
10,EEF88QG,13,10,336,80
11,PPF44Q2G,14,10,GYM2,100
11,UAF88H3,8,10,235,100
9,MEF44HG,10,10,203,99
9,AWF84H,5,10,222,94
9,PHF44Q2,9,10,B17,80
9,PPF44Q3G,14,10,GYM2,95
10,SCF44QT,5,10,141,82
9,EEFG4,9,10,349,85
10,HUF44QQB,3,10,333,85
10,EEF88H,7,10,331,90
11,EEF44UCC,3,10,347,91
10,EEF88QG,13,10,336,77
9,AWF84H,5,10,222,94
9,FFFC4,2,10,111,89
11,SPF44,8,10,229,70
9,HQF44HH,1,10,311,93
9,SLF44QG,7,10,238,85
10,HUF44UQX,6,10,213,91
10,PPF44Q2G,15,10,GYM2,95
10,PPF44Q3G,14,10,GYM2,97
11,ULFC4TP,6,10,B39,80
9,FMFC4H,4,10,116,100
12,BCF44T,38,10,204,95
12,PGF44Q2C,9,10,GYM1,90
10,HGF84QF,3,10,334A,65
9,MKFC4TC,6,10,322,96
10,FMFC8H,5,10,215,94
10,PPF44Q3B,18,10,GYM3,90
10,UAF44Q2,8,10,235,85
10,PPF44Q3B,18,10,GYM3,95
10,UAF44Q2,8,10,235,84
10,PPF44Q3G,15,10,GYM2,80
10,UAF44H2,8,10,235,97
9,PHF44H2,9,10,B17,95
9,PPF44Q3G,15,10,GYM2,70
10,PGF44Q3C,9,10,GYM1,93
10,UAF44Q2,8,10,235,83
9,FKFC4H,6,10,114,95
10,PPF44Q3G,14,10,GYM2,97
10,UAF44H2,8,10,235,92
9,PHF44Q2,9,10,B17,65
9,PPF44Q3G,14,10,GYM2,65
11,EEFGGQGC,4,10,250,89
10,HUF44HQB,3,10,333,90
11,MRF44QG,13,10,205,65
10,MRF44,26,10,208,82
9,SLF44,11,10,228,85
11,EEFGGHTC,4,10,250,90
9,HGF88HQD,6,10,316,90
9,FJFC4H,3,10,124,96
11,EEFGGHGC,4,10,250,98
9,HGF88QQD,10,10,326,88
11,MRF44QT,13,10,205,65
10,HUF44UQX,6,10,213,93
11,SDF44QTE,5,10,341,65
10,SPF44,8,10,229,79
10,SCF44,13,10,138,78
9,SLF44QT,7,10,238,88
12,PGF44Q3C,9,10,GYM1,95
10,HQFC4TH,2,10,323,88
11,PPF44Q2G,15,10,GYM2,100
11,UAF88H3,8,10,235,94
9,PPF44Q3B,18,10,GYM3,85
10,EEF88H,8,10,146,98
10,SCF44,14,10,139,65
9,FJFC4H,3,10,124,99
12,PGF44Q2C,9,10,GYM1,95
12,PGF44Q3C,9,10,GYM1,96
11,MRF44HT,13,10,205,96
12,PGF44Q2C,9,10,GYM1,92
12,PGF44Q3C,9,10,GYM1,90
10,HUF44,4,10,314,74
10,PPF44Q3B,19,10,GYM3,90
10,UAF44Q2,8,10,235,65
9,PHF44Q3,9,10,B17,82
9,PPF44Q2B,18,10,GYM3,85
9,FKFC4H,6,10,114,96
10,PPF44Q2G,15,10,GYM2,70
10,PPF44Q3G,15,10,GYM2,75
9,AWF84,5,10,222,77
9,FLFC4QH,2,10,115,88
9,MRF44QG,14,10,107,75
9,UAF44Q3,8,10,235,76
11,MEF44QW,3,10,104,72
9,HGF88QQD,10,10,326,70
9,FLFC4QH,2,10,115,82
10,EEF88,8,10,146,88
9,HGF88QTD,4,10,313,85
9,MEF44QG,9,10,211,88
9,EEFG4,9,10,349,65
9,UAF44Q3,8,10,235,65
9,PPF44Q3B,18,10,GYM3,65
9,SLF44QG,7,10,238,87
10,AUFC4TA,6,10,232,100
11,MRF44QG,13,10,205,66
10,HUF44,4,10,314,65
9,EEFG4,9,10,349,84
9,SCF44,14,10,139,87
12,AUFC4TA,6,10,232,100
9,PPF44Q3B,19,10,GYM3,100
9,UAF44Q2,8,10,235,78
10,PPF44Q2B,18,10,GYM3,80
10,PPF44Q3B,19,10,GYM3,85
11,AWF84,5,10,222,78
9,PPF44Q3B,18,10,GYM3,95
9,UAF44H2,8,10,235,100
10,SDF44QTE,5,10,341,85
9,SDF44H,3,10,226,100
10,AWF84,5,10,222,76
9,HGF88HGD,4,10,313,91
9,MEF44HG,10,10,203,95
10,EEFCCQQD,1,10,346,81
11,ULFC4TP,6,10,B39,72
9,MKF44,6,10,106,75
9,HGF88HQD,6,10,316,93
9,HGF88QQD,10,10,326,80
9,FKFC4H,6,10,114,100
10,HQFC4TH,2,10,323,89
9,MEF44HG,9,10,211,95
9,AWF84,5,10,222,87
9,PHF44H2,9,10,B17,95
9,PPF44Q3B,19,10,GYM3,95
10,FSFC8,13,10,122,73
10,SCF44QT,5,10,141,65
9,SLF44QG,7,10,238,77
9,HQF44HH,1,10,311,91
9,FMFC4H,4,10,116,93
10,EEF88HG,13,10,336,100
10,MRF44QG,13,10,205,82
9,FMFC8,5,10,215,67
9,MEF44QT,9,10,211,80
10,HUF44QT,6,10,315,70
10,HUF44,4,10,314,77
10,MKFC4TC,6,10,322,98
10,PPF44Q2B,19,10,GYM3,100
10,UAF44Q3,8,10,235,69
9,SDF44H,3,10,226,93
10,BCF44T,28,10,204,100
10,PPF44Q3G,15,10,GYM2,70
9,PPF44Q2B,18,10,GYM3,100
9,PPF44Q3B,19,10,GYM3,95
9,PPF44Q2G,14,10,GYM2,95
9,PPF44Q3G,15,10,GYM2,90
11,PPF44Q2G,14,10,GYM2,75
9,AWF84,5,10,222,84
11,SPF44H,8,10,229,94
10,EEF88H,8,10,146,100
9,FMFC4H,4,10,116,99
10,HUF44QG,6,10,315,66
11,EEF44UCC,3,10,347,75
10,SCF44QG,5,10,141,78
11,HUF44,4,10,314,77
11,PPF44Q3B,19,10,GYM3,100
11,UAF88Q2,8,10,235,79
9,SLF44,11,10,228,77
9,SLF44QT,7,10,238,72
9,HGF84QF,3,10,334A,65
11,SDF44QTE,5,10,341,65
10,BCF44T,38,10,204,100
10,PPF44Q2G,15,10,GYM2,100
9,MRF44HG,14,10,107,93
9,SLF44H,11,10,228,92
11,PGF44Q3C,9,10,GYM1,98
11,UAF88H2,8,10,235,100
12,BCF44T,28,10,204,72
9,SLF44H,12,10,338,91
11,PPF44Q2B,18,10,GYM3,80
9,HGF88QQD,10,10,326,72
9,SLF44QG,7,10,238,74
11,MKF44,6,10,106,75
10,SCF44,13,10,138,80
9,HGF88QWD,20,10,307,85
10,PPF44Q2B,18,10,GYM3,95
10,UAF44H3,8,10,235,92
10,EEF88,7,10,331,85
9,SCF44,13,10,138,89
9,MEF44QW,3,10,104,65
9,FJFC4,3,10,124,81
10,EEF88,7,10,331,85
9,MEF44HG,9,10,211,93
9,PHF44H3,9,10,B17,91
9,PPF44Q2B,18,10,GYM3,98
11,SPF44H,8,10,229,92
9,FMFC4H,4,10,116,99
10,PPF44Q2G,15,10,GYM2,85
10,PPF44Q3G,14,10,GYM2,95
9,FLFC4HH,2,10,115,98
9,MKF44,6,10,106,85
9,FMFC4,4,10,116,86
10,HUF44QG,6,10,315,76
9,SDF44H,3,10,226,99
10,BCF44T,28,10,204,100
10,PPF44Q3G,14,10,GYM2,95
11,EEF44UCC,3,10,347,77
10,PPF44Q2G,14,10,GYM2,83
10,UAF44H3,8,10,235,90
10,PPF44Q2G,14,10,GYM2,88
11,HUF44QG,6,10,315,66
9,AWF84H,5,10,222,97
9,EEFG4,9,10,349,80
10,MKFC4TC,6,10,322,93
9,PHF44Q3,9,10,B17,86
9,PPF44Q2G,14,10,GYM2,86
9,HGF88QQD,10,10,326,83
10,HUF44,4,10,314,65
11,EEF44UCC,3,10,347,81
10,PGF44Q2C,9,10,GYM1,93
11,SPF44H,8,10,229,90
10,FMFC8,5,10,215,74
10,PPF44Q2B,18,10,GYM3,98
10,UAF44Q3,8,10,235,76
10,EEF88,7,10,331,75
9,ULFC4TP,6,10,B39,90
11,SPF44H,8,10,229,96
10,BCF44T,38,10,204,100
10,PPF44Q2B,18,10,GYM3,98
10,EEFCCQQD,1,10,346,81
9,SLF44QF,2,10,231,65
9,MEF44H,7,10,207,99
11,HUF44QG,6,10,315,87
9,FMFC4H,4,10,116,99
12,EEF44UCC,3,10,347,75
9,HGF84QF,3,10,334A,85
9,HQF44HH,1,10,311,90
11,EEF44UCC,3,10,347,80
9,HGF88QWD,20,10,307,80
11,PPF44Q2G,15,10,GYM2,100
11,PPF44Q3G,15,10,GYM2,95
12,BCF44T,38,10,204,80
12,PPF44Q2B,19,10,GYM3,100
10,MKFC4TC,6,10,322,98
9,FLFC4HH,2,10,115,96
9,FJFC4H,3,10,124,92
9,FJFC4,3,10,124,76
10,HUF44UQX,6,10,213,88
10,EEF88H,8,10,146,98
10,BCF44T,38,10,204,100
10,PPF44Q2G,14,10,GYM2,93
9,MEF88QG,3,10,105,86
11,EEFGGHGC,4,10,250,91
11,HUF44QG,6,10,315,78
9,SLF44,11,10,228,80
10,EEF88,8,10,146,89
9,HGF88HQD,6,10,316,90
9,HGF88QQD,6,10,316,65
10,BCF44T,38,10,204,100
10,PPF44Q2G,15,10,GYM2,100
9,SLF44H,12,10,338,95
11,SCF44QG,5,10,141,65
10,EEF88HG,13,10,336,90
10,BCF44T,38,10,204,100
10,PPF44Q2G,15,10,GYM2,100
10,EEF88QT,13,10,336,78
9,MKF44H,6,10,106,95
9,MRF44H,26,10,208,92
11,ULFC4TP,6,10,B39,82
12,PGF44Q2C,9,10,GYM1,95
12,PGF44Q3C,9,10,GYM1,96
11,AUFC4TA,6,10,232,100
10,EEF88HG,13,10,336,91
9,SLF44QG,7,10,238,73
9,AWF84H,5,10,222,97
9,AWF84,5,10,222,89
9,HGF84QF,3,10,334A,81
9,SCF44HG,5,10,141,95
9,MEF44QG,10,10,203,88
9,SDF44H,3,10,226,98
10,SCF44,14,10,139,75
11,EEF44UCC,3,10,347,75
9,SLF44,11,10,228,70
10,HUF44UQX,6,10,213,91
9,EEFG4,9,10,349,73
10,EEFCCQQD,1,10,346,67
10,HQFC4TH,2,10,323,94
9,SLF44QF,2,10,231,73
9,FLFC4HH,2,10,115,91
10,BCF44T,28,10,204,100
10,PPF44Q3G,14,10,GYM2,98
10,PPF44Q2B,18,10,GYM3,95
10,UAF44H3,8,10,235,97
10,HUF44HQB,3,10,333,90
9,HGF88HGD,4,10,313,95
9,SDF44H,3,10,226,96
10,FMFC8,5,10,215,85
9,MKF44H,6,10,106,92
11,PPF44Q2B,19,10,GYM3,100
10,FMFC8,5,10,215,88
9,SLF44H,11,10,228,91
10,PHF44Q2,9,10,B17,65
10,PPF44Q3B,19,10,GYM3,65
10,HGF84HF,3,10,334A,97
9,FMFC8H,5,10,215,99
10,FSFC8H,13,10,122,92
10,HUF44QG,6,10,315,81
10,EEF88H,8,10,146,93
10,FMFC8,5,10,215,81
10,PPF44Q3B,19,10,GYM3,65
11,PPF44Q3B,18,10,GYM3,85
11,UAF88Q2,8,10,235,83
9,HGF88HGD,4,10,313,98
11,PPF44Q3G,14,10,GYM2,95
11,UAF88H2,8,10,235,95
9,SLF44QF,2,10,231,78
9,HGF84QF,3,10,334A,78
12,BCF44T,38,10,204,100
12,PGF44Q2C,9,10,GYM1,95
10,EEF88H,8,10,146,100
11,EEF44UCC,3,10,347,82
10,MKFC4TC,6,10,322,96
9,EEFG4H,9,10,349,98
10,MRF44H,26,10,208,92
9,EEFG4H,9,10,349,95
9,AWF84,5,10,222,78
10,HUF44UQX,6,10,213,88
11,PGF44Q2C,9,10,GYM1,96
11,PGF44Q3C,9,10,GYM1,96
9,FMFC4H,4,10,116,100
9,SLF44QF,2,10,231,83
10,MRF44QG,14,10,107,82
11,EEFGGHGC,4,10,250,93
11,EEFGGHGC,4,10,250,90
9,SLF44QF,2,10,231,72
10,MKFC4TC,6,10,322,80
9,MEF44HG,9,10,211,97
9,FMFC4H,4,10,116,100
9,FMFC4,4,10,116,74
9,FMFC8,5,10,215,65
11,EEF44UCC,3,10,347,85
10,HUF44HQB,3,10,333,90
10,EEF88,7,10,331,75
10,SCF44H,14,10,139,95
10,AUFC4TA,6,10,232,93
9,HQF44HH,1,10,311,90
10,HQFC4TH,2,10,323,95
12,EEFGGHGC,4,10,250,90
9,FJFC4H,3,10,124,91
10,EEFCCQQD,1,10,346,87
10,PPF44Q2G,15,10,GYM2,90
